#pragma once

#include <Arduino.h>

// Full-color RGB565 renderings, proportionally scaled to fit 128x128 without cropping.

// Source: cabin.jpg
constexpr uint16_t CABIN_PHOTO_RGB565[] PROGMEM = {
  0x0000, 0x0020, 0x0000, 0x0020, 0x0000, 0x0020, 0x0000, 0x0020, 0x0000, 0x0020, 0x0000, 0x0020,
  0x0000, 0x0020, 0x0000, 0x0020, 0x0000, 0x0020, 0x0000, 0x0020, 0x0000, 0x0020, 0x0000, 0x0020,
  0x0000, 0x0020, 0x0000, 0x0020, 0x0000, 0x0020, 0x0000, 0x0020, 0x0000, 0x0020, 0x0000, 0x0020,
  0x0000, 0x0020, 0x0000, 0x0020, 0x0000, 0x0020, 0x0000, 0x0020, 0x0000, 0x0020, 0x0000, 0x0020,
  0x0000, 0x0020, 0x0000, 0x0020, 0x0000, 0x0020, 0x0000, 0x0020, 0x0000, 0x0020, 0x0000, 0x0020,
  0x0000, 0x0020, 0x0000, 0x0020, 0x0000, 0x0020, 0x0000, 0x0020, 0x0000, 0x0020, 0x0000, 0x0020,
  0x0000, 0x0020, 0x0000, 0x0020, 0x0000, 0x0020, 0x0000, 0x0020, 0x0000, 0x0020, 0x0000, 0x0020,
  0x0000, 0x0020, 0x0000, 0x0020, 0x0000, 0x0020, 0x0000, 0x0020, 0x0000, 0x0020, 0x0000, 0x0020,
  0x0000, 0x0020, 0x0000, 0x0020, 0x0000, 0x0020, 0x0000, 0x0020, 0x0000, 0x0020, 0x0000, 0x0020,
  0x0000, 0x0020, 0x0000, 0x0020, 0x0000, 0x0020, 0x0000, 0x0020, 0x0000, 0x0020, 0x0000, 0x0020,
  0x0000, 0x0020, 0x0000, 0x0020, 0x0000, 0x0020, 0x0000, 0x0020, 0x0020, 0x0000, 0x0020, 0x0000,
  0x0020, 0x0000, 0x0020, 0x0000, 0x0020, 0x0000, 0x0020, 0x0000, 0x0020, 0x0000, 0x0020, 0x0000,
  0x0020, 0x0000, 0x0020, 0x0000, 0x0020, 0x0000, 0x0020, 0x0000, 0x0020, 0x0000, 0x0020, 0x0000,
  0x0020, 0x0000, 0x0020, 0x0000, 0x0020, 0x0000, 0x0020, 0x0000, 0x0020, 0x0000, 0x0020, 0x0000,
  0x0020, 0x0000, 0x0020, 0x0000, 0x0020, 0x0000, 0x0020, 0x0000, 0x0020, 0x0000, 0x0020, 0x0000,
  0x0020, 0x0000, 0x0020, 0x0000, 0x0020, 0x0000, 0x0020, 0x0000, 0x0020, 0x0000, 0x0020, 0x0000,
  0x0020, 0x0000, 0x0020, 0x0000, 0x0020, 0x0000, 0x0020, 0x0000, 0x0020, 0x0000, 0x0020, 0x0000,
  0x0020, 0x0000, 0x0020, 0x0000, 0x0020, 0x0000, 0x0020, 0x0000, 0x0020, 0x0000, 0x0020, 0x0000,
  0x0020, 0x0000, 0x0020, 0x0000, 0x0020, 0x0000, 0x0020, 0x0000, 0x0020, 0x0000, 0x0020, 0x0000,
  0x0020, 0x0000, 0x0020, 0x0000, 0x0020, 0x0000, 0x0020, 0x0000, 0x0020, 0x0000, 0x0020, 0x0000,
  0x0020, 0x0000, 0x0020, 0x0000, 0x0020, 0x0000, 0x0020, 0x0000, 0x0020, 0x0000, 0x0020, 0x0000,
  0x0020, 0x0000, 0x0020, 0x0000, 0x0000, 0x0020, 0x0000, 0x0020, 0x0000, 0x0020, 0x0000, 0x0020,
  0x0000, 0x0020, 0x0000, 0x0020, 0x0000, 0x0020, 0x0000, 0x0020, 0x0000, 0x0020, 0x0000, 0x0020,
  0x0000, 0x0020, 0x0000, 0x0020, 0x0000, 0x0020, 0x0000, 0x0020, 0x0000, 0x0020, 0x0000, 0x0020,
  0x0000, 0x0020, 0x0000, 0x0020, 0x0000, 0x0020, 0x0000, 0x0020, 0x0000, 0x0020, 0x0000, 0x0020,
  0x0000, 0x0020, 0x0000, 0x0020, 0x0000, 0x0020, 0x0000, 0x0020, 0x0000, 0x0020, 0x0000, 0x0020,
  0x0000, 0x0020, 0x0000, 0x0020, 0x0000, 0x0020, 0x0000, 0x0020, 0x0000, 0x0020, 0x0000, 0x0020,
  0x0000, 0x0020, 0x0000, 0x0020, 0x0000, 0x0020, 0x0000, 0x0020, 0x0000, 0x0020, 0x0000, 0x0020,
  0x0000, 0x0020, 0x0000, 0x0020, 0x0000, 0x0020, 0x0000, 0x0020, 0x0000, 0x0020, 0x0000, 0x0020,
  0x0000, 0x0020, 0x0000, 0x0020, 0x0000, 0x0020, 0x0000, 0x0020, 0x0000, 0x0020, 0x0000, 0x0020,
  0x0000, 0x0020, 0x0000, 0x0020, 0x0000, 0x0020, 0x0000, 0x0020, 0x0000, 0x0020, 0x0000, 0x0020,
  0x0000, 0x0020, 0x0000, 0x0020, 0x0000, 0x0020, 0x0000, 0x0020, 0x0000, 0x0020, 0x0000, 0x0020,
  0x0020, 0x0000, 0x0020, 0x0000, 0x0020, 0x0000, 0x0020, 0x0000, 0x0020, 0x0000, 0x0020, 0x0000,
  0x0020, 0x0000, 0x0020, 0x0000, 0x0020, 0x0000, 0x0020, 0x0000, 0x0020, 0x0000, 0x0020, 0x0000,
  0x0020, 0x0000, 0x0020, 0x0000, 0x0020, 0x0000, 0x0020, 0x0000, 0x0020, 0x0000, 0x0020, 0x0000,
  0x0020, 0x0000, 0x0020, 0x0000, 0x0020, 0x0000, 0x0020, 0x0000, 0x0020, 0x0000, 0x0020, 0x0000,
  0x0020, 0x0000, 0x0020, 0x0000, 0x0020, 0x0000, 0x0020, 0x0000, 0x0020, 0x0000, 0x0020, 0x0000,
  0x0020, 0x0000, 0x0020, 0x0000, 0x0020, 0x0000, 0x0020, 0x0000, 0x0020, 0x0000, 0x0020, 0x0000,
  0x0020, 0x0000, 0x0020, 0x0000, 0x0020, 0x0000, 0x0020, 0x0000, 0x0020, 0x0000, 0x0020, 0x0000,
  0x0020, 0x0000, 0x0020, 0x0000, 0x0020, 0x0000, 0x0020, 0x0000, 0x0020, 0x0000, 0x0020, 0x0000,
  0x0020, 0x0000, 0x0020, 0x0000, 0x0020, 0x0000, 0x0020, 0x0000, 0x0020, 0x0000, 0x0020, 0x0000,
  0x0020, 0x0000, 0x0020, 0x0000, 0x0020, 0x0000, 0x0020, 0x0000, 0x0020, 0x0000, 0x0020, 0x0000,
  0x0020, 0x0000, 0x0020, 0x0000, 0x0020, 0x0000, 0x0020, 0x0000, 0x0000, 0x0020, 0x0000, 0x0020,
  0x0000, 0x0020, 0x0000, 0x0020, 0x0000, 0x0020, 0x0000, 0x0020, 0x0000, 0x0020, 0x0000, 0x0020,
  0x0000, 0x0020, 0x0000, 0x0020, 0x0000, 0x0020, 0x0000, 0x0020, 0x0000, 0x0020, 0x0000, 0x0020,
  0x0000, 0x0020, 0x0000, 0x0020, 0x0000, 0x0020, 0x0000, 0x0020, 0x0000, 0x0020, 0x0000, 0x0020,
  0x0000, 0x0020, 0x0000, 0x0020, 0x0000, 0x0020, 0x0000, 0x0020, 0x0000, 0x0020, 0x0000, 0x0020,
  0x0000, 0x0020, 0x0000, 0x0020, 0x0000, 0x0020, 0x0000, 0x0020, 0x0000, 0x0020, 0x0000, 0x0020,
  0x0000, 0x0020, 0x0000, 0x0020, 0x0000, 0x0020, 0x0000, 0x0020, 0x0000, 0x0020, 0x0000, 0x0020,
  0x0000, 0x0020, 0x0000, 0x0020, 0x0000, 0x0020, 0x0000, 0x0020, 0x0000, 0x0020, 0x0000, 0x0020,
  0x0000, 0x0020, 0x0000, 0x0020, 0x0000, 0x0020, 0x0000, 0x0020, 0x0000, 0x0020, 0x0000, 0x0020,
  0x0000, 0x0020, 0x0000, 0x0020, 0x0000, 0x0020, 0x0000, 0x0020, 0x0000, 0x0020, 0x0000, 0x0020,
  0x0000, 0x0020, 0x0000, 0x0020, 0x0000, 0x0020, 0x0000, 0x0020, 0x0000, 0x0020, 0x0000, 0x0020,
  0x0000, 0x0020, 0x0000, 0x0020, 0x0020, 0x0000, 0x0020, 0x0000, 0x0020, 0x0000, 0x0020, 0x0000,
  0x0020, 0x0000, 0x0020, 0x0000, 0x0020, 0x0000, 0x0020, 0x0000, 0x0020, 0x0000, 0x0020, 0x0000,
  0x0020, 0x0000, 0x0020, 0x0000, 0x0020, 0x0000, 0x0020, 0x0000, 0x0020, 0x0000, 0x0020, 0x0000,
  0x0020, 0x0000, 0x0020, 0x0000, 0x0020, 0x0000, 0x0020, 0x0000, 0x0020, 0x0000, 0x0020, 0x0000,
  0x0020, 0x0000, 0x0020, 0x0000, 0x0020, 0x0000, 0x0020, 0x0000, 0x0020, 0x0000, 0x0020, 0x0000,
  0x0020, 0x0000, 0x0020, 0x0000, 0x0020, 0x0000, 0x0020, 0x0000, 0x0020, 0x0000, 0x0020, 0x0000,
  0x0020, 0x0000, 0x0020, 0x0000, 0x0020, 0x0000, 0x0020, 0x0000, 0x0020, 0x0000, 0x0020, 0x0000,
  0x0020, 0x0000, 0x0020, 0x0000, 0x0020, 0x0000, 0x0020, 0x0000, 0x0020, 0x0000, 0x0020, 0x0000,
  0x0020, 0x0000, 0x0020, 0x0000, 0x0020, 0x0000, 0x0020, 0x0000, 0x0020, 0x0000, 0x0020, 0x0000,
  0x0020, 0x0000, 0x0020, 0x0000, 0x0020, 0x0000, 0x0020, 0x0000, 0x0020, 0x0000, 0x0020, 0x0000,
  0x0020, 0x0000, 0x0020, 0x0000, 0x0020, 0x0000, 0x0020, 0x0000, 0x0020, 0x0000, 0x0020, 0x0000,
  0x0000, 0x0020, 0x0000, 0x0020, 0x0000, 0x0020, 0x0000, 0x0020, 0x0000, 0x0020, 0x0000, 0x0020,
  0x0000, 0x0020, 0x0000, 0x0020, 0x0000, 0x0020, 0x0000, 0x0020, 0x0000, 0x0020, 0x0000, 0x0020,
  0x0000, 0x0020, 0x0000, 0x0020, 0x0000, 0x0020, 0x0000, 0x0020, 0x0000, 0x0020, 0x0000, 0x0020,
  0x0000, 0x0020, 0x0000, 0x0020, 0x0000, 0x0020, 0x0000, 0x0020, 0x0000, 0x0020, 0x0000, 0x0020,
  0x0000, 0x0020, 0x0000, 0x0020, 0x0000, 0x0020, 0x0000, 0x0020, 0x0000, 0x0020, 0x0000, 0x0020,
  0x0000, 0x0020, 0x0000, 0x0020, 0x0000, 0x0020, 0x0000, 0x0020, 0x0000, 0x0020, 0x0000, 0x0020,
  0x0000, 0x0020, 0x0000, 0x0020, 0x0000, 0x0020, 0x0000, 0x0020, 0x0000, 0x0020, 0x0000, 0x0020,
  0x0000, 0x0020, 0x0000, 0x0020, 0x0000, 0x0020, 0x0000, 0x0020, 0x0000, 0x0020, 0x0000, 0x0020,
  0x0000, 0x0020, 0x0000, 0x0020, 0x0000, 0x0020, 0x0000, 0x0020, 0x0000, 0x0020, 0x0000, 0x0020,
  0x0000, 0x0020, 0x0000, 0x0020, 0x0000, 0x0020, 0x0000, 0x0020, 0x0000, 0x0020, 0x0000, 0x0020,
  0x0000, 0x0020, 0x0000, 0x0020, 0x0000, 0x0020, 0x0000, 0x0020, 0x0020, 0x0000, 0x0020, 0x0000,
  0x0020, 0x0000, 0x0020, 0x0000, 0x0020, 0x0000, 0x0020, 0x0000, 0x0020, 0x0000, 0x0020, 0x0000,
  0x0020, 0x0000, 0x0020, 0x0000, 0x0020, 0x0000, 0x0020, 0x0000, 0x0020, 0x0000, 0x0020, 0x0000,
  0x0020, 0x0000, 0x0020, 0x0000, 0x0020, 0x0000, 0x0020, 0x0000, 0x0020, 0x0000, 0x0020, 0x0000,
  0x0020, 0x0000, 0x0020, 0x0000, 0x0020, 0x0000, 0x0020, 0x0000, 0x0020, 0x0000, 0x0020, 0x0000,
  0x0020, 0x0000, 0x0020, 0x0000, 0x0020, 0x0000, 0x0020, 0x0000, 0x0020, 0x0000, 0x0020, 0x0000,
  0x0020, 0x0000, 0x0020, 0x0000, 0x0020, 0x0000, 0x0020, 0x0000, 0x0020, 0x0000, 0x0020, 0x0000,
  0x0020, 0x0000, 0x0020, 0x0000, 0x0020, 0x0000, 0x0020, 0x0000, 0x0020, 0x0000, 0x0020, 0x0000,
  0x0020, 0x0000, 0x0020, 0x0000, 0x0020, 0x0000, 0x0020, 0x0000, 0x0020, 0x0000, 0x0020, 0x0000,
  0x0020, 0x0000, 0x0020, 0x0000, 0x0020, 0x0000, 0x0020, 0x0000, 0x0020, 0x0000, 0x0020, 0x0000,
  0x0020, 0x0000, 0x0020, 0x0000, 0x0020, 0x0000, 0x0020, 0x0000, 0x0020, 0x0000, 0x0020, 0x0000,
  0x0020, 0x0000, 0x0020, 0x0000, 0x0000, 0x0020, 0x0000, 0x0020, 0x0000, 0x0020, 0x0000, 0x0020,
  0x0000, 0x0020, 0x0000, 0x0020, 0x0000, 0x0020, 0x0000, 0x0020, 0x0000, 0x0020, 0x0000, 0x0020,
  0x0000, 0x0020, 0x0000, 0x0020, 0x0000, 0x0020, 0x0000, 0x0020, 0x0000, 0x0020, 0x0000, 0x0020,
  0x0000, 0x0020, 0x0000, 0x0020, 0x0000, 0x0020, 0x0000, 0x0020, 0x0000, 0x0020, 0x0000, 0x0020,
  0x0000, 0x0020, 0x0000, 0x0020, 0x0000, 0x0020, 0x0000, 0x0020, 0x0000, 0x0020, 0x0000, 0x0020,
  0x0000, 0x0020, 0x0000, 0x0020, 0x0000, 0x0020, 0x0000, 0x0020, 0x0000, 0x0020, 0x0000, 0x0020,
  0x0000, 0x0020, 0x0000, 0x0020, 0x0000, 0x0020, 0x0000, 0x0020, 0x0000, 0x0020, 0x0000, 0x0020,
  0x0000, 0x0020, 0x0000, 0x0020, 0x0000, 0x0020, 0x0000, 0x0020, 0x0000, 0x0020, 0x0000, 0x0020,
  0x0000, 0x0020, 0x0000, 0x0020, 0x0000, 0x0020, 0x0000, 0x0020, 0x0000, 0x0020, 0x0000, 0x0020,
  0x0000, 0x0020, 0x0000, 0x0020, 0x0000, 0x0020, 0x0000, 0x0020, 0x0000, 0x0020, 0x0000, 0x0020,
  0x0000, 0x0020, 0x0000, 0x0020, 0x0000, 0x0020, 0x0000, 0x0020, 0x0000, 0x0020, 0x0000, 0x0020,
  0x0020, 0x0000, 0x0020, 0x0000, 0x0020, 0x0000, 0x0020, 0x0000, 0x0020, 0x0000, 0x0020, 0x0000,
  0x0020, 0x0000, 0x0020, 0x0000, 0x0020, 0x0000, 0x0020, 0x0000, 0x0020, 0x0000, 0x0020, 0x0000,
  0x0020, 0x0000, 0x0020, 0x0000, 0x0020, 0x0000, 0x0020, 0x0000, 0x0020, 0x0000, 0x0020, 0x0000,
  0x0020, 0x0000, 0x0020, 0x0000, 0x0020, 0x0000, 0x0020, 0x0000, 0x0020, 0x0000, 0x0020, 0x0000,
  0x0020, 0x0000, 0x0020, 0x0000, 0x0020, 0x0000, 0x0020, 0x0000, 0x0020, 0x0000, 0x0020, 0x0000,
  0x0020, 0x0000, 0x0020, 0x0000, 0x0020, 0x0000, 0x0020, 0x0000, 0x0020, 0x0000, 0x0020, 0x0000,
  0x0020, 0x0000, 0x0020, 0x0000, 0x0020, 0x0000, 0x0020, 0x0000, 0x0020, 0x0000, 0x0020, 0x0000,
  0x0020, 0x0000, 0x0020, 0x0000, 0x0020, 0x0000, 0x0020, 0x0000, 0x0020, 0x0000, 0x0020, 0x0000,
  0x0020, 0x0000, 0x0020, 0x0000, 0x0020, 0x0000, 0x0020, 0x0000, 0x0020, 0x0000, 0x0020, 0x0000,
  0x0020, 0x0000, 0x0020, 0x0000, 0x0020, 0x0000, 0x0020, 0x0000, 0x0020, 0x0000, 0x0020, 0x0000,
  0x0020, 0x0000, 0x0020, 0x0000, 0x0020, 0x0000, 0x0020, 0x0000, 0x0000, 0x0020, 0x0000, 0x0020,
  0x0000, 0x0020, 0x0000, 0x0020, 0x0000, 0x0020, 0x0000, 0x0020, 0x0000, 0x0020, 0x0000, 0x0020,
  0x0000, 0x0020, 0x0000, 0x0020, 0x0000, 0x0020, 0x0000, 0x0020, 0x0000, 0x0020, 0x0000, 0x0020,
  0x0000, 0x0020, 0x0000, 0x0020, 0x0000, 0x0020, 0x0000, 0x0020, 0x0000, 0x0020, 0x0000, 0x0020,
  0x0000, 0x0020, 0x0000, 0x0020, 0x0000, 0x0020, 0x0000, 0x0020, 0x0000, 0x0020, 0x0000, 0x0020,
  0x0000, 0x0020, 0x0000, 0x0020, 0x0000, 0x0020, 0x0000, 0x0020, 0x0000, 0x0020, 0x0000, 0x0020,
  0x0000, 0x0020, 0x0000, 0x0020, 0x0000, 0x0020, 0x0000, 0x0020, 0x0000, 0x0020, 0x0000, 0x0020,
  0x0000, 0x0020, 0x0000, 0x0020, 0x0000, 0x0020, 0x0000, 0x0020, 0x0000, 0x0020, 0x0000, 0x0020,
  0x0000, 0x0020, 0x0000, 0x0020, 0x0000, 0x0020, 0x0000, 0x0020, 0x0000, 0x0020, 0x0000, 0x0020,
  0x0000, 0x0020, 0x0000, 0x0020, 0x0000, 0x0020, 0x0000, 0x0020, 0x0000, 0x0020, 0x0000, 0x0020,
  0x0000, 0x0020, 0x0000, 0x0020, 0x0000, 0x0020, 0x0000, 0x0020, 0x0000, 0x0020, 0x0000, 0x0020,
  0x0000, 0x0020, 0x0000, 0x0020, 0x0020, 0x0000, 0x0020, 0x0000, 0x0020, 0x0000, 0x0020, 0x0000,
  0x0020, 0x0000, 0x0020, 0x0000, 0x0020, 0x0000, 0x0020, 0x0000, 0x0020, 0x0000, 0x0020, 0x0000,
  0x0020, 0x0000, 0x0020, 0x0000, 0x0020, 0x0000, 0x0020, 0x0000, 0x0020, 0x0000, 0x0020, 0x0000,
  0x0020, 0x0000, 0x0020, 0x0000, 0x0020, 0x0000, 0x0020, 0x0000, 0x0020, 0x0000, 0x0020, 0x0000,
  0x0020, 0x0000, 0x0020, 0x0000, 0x0020, 0x0000, 0x0020, 0x0000, 0x0020, 0x0000, 0x0020, 0x0000,
  0x0020, 0x0000, 0x0020, 0x0000, 0x0020, 0x0000, 0x0020, 0x0000, 0x0020, 0x0000, 0x0020, 0x0000,
  0x0020, 0x0000, 0x0020, 0x0000, 0x0020, 0x0000, 0x0020, 0x0000, 0x0020, 0x0000, 0x0020, 0x0000,
  0x0020, 0x0000, 0x0020, 0x0000, 0x0020, 0x0000, 0x0020, 0x0000, 0x0020, 0x0000, 0x0020, 0x0000,
  0x0020, 0x0000, 0x0020, 0x0000, 0x0020, 0x0000, 0x0020, 0x0000, 0x0020, 0x0000, 0x0020, 0x0000,
  0x0020, 0x0000, 0x0020, 0x0000, 0x0020, 0x0000, 0x0020, 0x0000, 0x0020, 0x0000, 0x0020, 0x0000,
  0x0020, 0x0000, 0x0020, 0x0000, 0x0020, 0x0000, 0x0020, 0x0000, 0x0020, 0x0000, 0x0020, 0x0000,
  0x0000, 0x0020, 0x0000, 0x0020, 0x0000, 0x0020, 0x0000, 0x0020, 0x0000, 0x0020, 0x0000, 0x0020,
  0x0000, 0x0020, 0x0000, 0x0020, 0x0000, 0x0020, 0x0000, 0x0020, 0x0000, 0x0020, 0x0000, 0x0020,
  0x0000, 0x0020, 0x0000, 0x0020, 0x0000, 0x0020, 0x0000, 0x0020, 0x0000, 0x0020, 0x0000, 0x0020,
  0x0000, 0x0020, 0x0000, 0x0020, 0x0000, 0x0020, 0x0000, 0x0020, 0x0000, 0x0020, 0x0000, 0x0020,
  0x0000, 0x0020, 0x0000, 0x0020, 0x0000, 0x0020, 0x0000, 0x0020, 0x0000, 0x0020, 0x0000, 0x0020,
  0x0000, 0x0020, 0x0000, 0x0020, 0x0000, 0x0020, 0x0000, 0x0020, 0x0000, 0x0020, 0x0000, 0x0020,
  0x0000, 0x0020, 0x0000, 0x0020, 0x0000, 0x0020, 0x0000, 0x0020, 0x0000, 0x0020, 0x0000, 0x0020,
  0x0000, 0x0020, 0x0000, 0x0020, 0x0000, 0x0020, 0x0000, 0x0020, 0x0000, 0x0020, 0x0000, 0x0020,
  0x0000, 0x0020, 0x0000, 0x0020, 0x0000, 0x0020, 0x0000, 0x0020, 0x0000, 0x0020, 0x0000, 0x0020,
  0x0000, 0x0020, 0x0000, 0x0020, 0x0000, 0x0020, 0x0000, 0x0020, 0x0000, 0x0020, 0x0000, 0x0020,
  0x0000, 0x0020, 0x0000, 0x0020, 0x0000, 0x0020, 0x0000, 0x0020, 0x0020, 0x0000, 0x0020, 0x0000,
  0x0020, 0x0000, 0x0020, 0x0000, 0x0020, 0x0000, 0x0020, 0x0000, 0x0020, 0x0000, 0x0020, 0x0000,
  0x0020, 0x0000, 0x0020, 0x0000, 0x0020, 0x0000, 0x0020, 0x0000, 0x0020, 0x0000, 0x0020, 0x0000,
  0x0020, 0x0000, 0x0020, 0x0000, 0x0020, 0x0000, 0x0020, 0x0000, 0x0020, 0x0000, 0x0020, 0x0000,
  0x0020, 0x0000, 0x0020, 0x0000, 0x0020, 0x0000, 0x0020, 0x0000, 0x0020, 0x0000, 0x0020, 0x0000,
  0x0020, 0x0000, 0x0020, 0x0000, 0x0020, 0x0000, 0x0020, 0x0000, 0x0020, 0x0000, 0x0020, 0x0000,
  0x0020, 0x0000, 0x0020, 0x0000, 0x0020, 0x0000, 0x0020, 0x0000, 0x0020, 0x0000, 0x0020, 0x0000,
  0x0020, 0x0000, 0x0020, 0x0000, 0x0020, 0x0000, 0x0020, 0x0000, 0x0020, 0x0000, 0x0020, 0x0000,
  0x0020, 0x0000, 0x0020, 0x0000, 0x0020, 0x0000, 0x0020, 0x0000, 0x0020, 0x0000, 0x0020, 0x0000,
  0x0020, 0x0000, 0x0020, 0x0000, 0x0020, 0x0000, 0x0020, 0x0000, 0x0020, 0x0000, 0x0020, 0x0000,
  0x0020, 0x0000, 0x0020, 0x0000, 0x0020, 0x0000, 0x0020, 0x0000, 0x0020, 0x0000, 0x0020, 0x0000,
  0x0020, 0x0000, 0x0020, 0x0000, 0x0000, 0x0020, 0x0000, 0x0020, 0x0000, 0x0020, 0x0000, 0x0020,
  0x0000, 0x0020, 0x0000, 0x0020, 0x0000, 0x0020, 0x0000, 0x0020, 0x0000, 0x0020, 0x0000, 0x0020,
  0x0000, 0x0020, 0x0000, 0x0020, 0x0000, 0x0020, 0x0000, 0x0020, 0x0000, 0x0020, 0x0000, 0x0020,
  0x0000, 0x0020, 0x0000, 0x0020, 0x0000, 0x0020, 0x0000, 0x0020, 0x0000, 0x0020, 0x0000, 0x0020,
  0x0000, 0x0020, 0x0000, 0x0020, 0x0000, 0x0020, 0x0000, 0x0020, 0x0000, 0x0020, 0x0000, 0x0020,
  0x0000, 0x0020, 0x0000, 0x0020, 0x0000, 0x0020, 0x0000, 0x0020, 0x0000, 0x0020, 0x0000, 0x0020,
  0x0000, 0x0020, 0x0000, 0x0020, 0x0000, 0x0020, 0x0000, 0x0020, 0x0000, 0x0020, 0x0000, 0x0020,
  0x0000, 0x0020, 0x0000, 0x0020, 0x0000, 0x0020, 0x0000, 0x0020, 0x0000, 0x0020, 0x0000, 0x0020,
  0x0000, 0x0020, 0x0000, 0x0020, 0x0000, 0x0020, 0x0000, 0x0020, 0x0000, 0x0020, 0x0000, 0x0020,
  0x0000, 0x0020, 0x0000, 0x0020, 0x0000, 0x0020, 0x0000, 0x0020, 0x0000, 0x0020, 0x0000, 0x0020,
  0x0000, 0x0020, 0x0000, 0x0020, 0x0000, 0x0020, 0x0000, 0x0020, 0x0000, 0x0020, 0x0000, 0x0020,
  0x0020, 0x0000, 0x0020, 0x0000, 0x0020, 0x0000, 0x0020, 0x0000, 0x0020, 0x0000, 0x0020, 0x0000,
  0x0020, 0x0000, 0x0020, 0x0000, 0x0020, 0x0000, 0x0020, 0x0000, 0x0020, 0x0000, 0x0020, 0x0000,
  0x0020, 0x0000, 0x0020, 0x0000, 0x0020, 0x0000, 0x0020, 0x0000, 0x0020, 0x0000, 0x0020, 0x0000,
  0x0020, 0x0000, 0x0020, 0x0000, 0x0020, 0x0000, 0x0020, 0x0000, 0x0020, 0x0000, 0x0020, 0x0000,
  0x0020, 0x0000, 0x0020, 0x0000, 0x0020, 0x0000, 0x0020, 0x0000, 0x0020, 0x0000, 0x0020, 0x0000,
  0x0020, 0x0000, 0x0020, 0x0000, 0x0020, 0x0000, 0x0020, 0x0000, 0x0020, 0x0000, 0x0020, 0x0000,
  0x0020, 0x0000, 0x0020, 0x0000, 0x0020, 0x0000, 0x0020, 0x0000, 0x0020, 0x0000, 0x0020, 0x0000,
  0x0020, 0x0000, 0x0020, 0x0000, 0x0020, 0x0000, 0x0020, 0x0000, 0x0020, 0x0000, 0x0020, 0x0000,
  0x0020, 0x0000, 0x0020, 0x0000, 0x0020, 0x0000, 0x0020, 0x0000, 0x0020, 0x0000, 0x0020, 0x0000,
  0x0020, 0x0000, 0x0020, 0x0000, 0x0020, 0x0000, 0x0020, 0x0000, 0x0020, 0x0000, 0x0020, 0x0000,
  0x0020, 0x0000, 0x0020, 0x0000, 0x0020, 0x0000, 0x0020, 0x0000, 0xCEBE, 0xCEFF, 0xCEFF, 0xCF1F,
  0xCEFF, 0xCF1F, 0xCEFF, 0xCF1F, 0xCF1F, 0xCF1F, 0xCF1F, 0xCF3F, 0xD71F, 0xCF3F, 0xD75F, 0xD77F,
  0xDF7F, 0xCF1F, 0xD71F, 0xCF1F, 0xDF5F, 0xDF5F, 0xDF5F, 0xD75F, 0xD73F, 0xCF3F, 0xB65D, 0x9DBB,
  0x84D8, 0x9DBB, 0xADFB, 0xC6DF, 0xCEFF, 0xCF1F, 0xBE7D, 0xAE3D, 0xCEFF, 0xB63C, 0x9D7A, 0x7476,
  0x7C75, 0x957A, 0x9D7A, 0x955A, 0x955A, 0x9D9B, 0x9D9B, 0x8D39, 0xA59A, 0xCEFF, 0xD6FF, 0xCEFF,
  0xCEDF, 0xC6DF, 0xC6DF, 0xBEBF, 0xC69E, 0xBEBF, 0xC6BE, 0xBEBF, 0xC69E, 0xBEBF, 0xC69E, 0xBEBF,
  0xC69E, 0xBE9E, 0xC69E, 0xBEBF, 0xC69E, 0xBE9E, 0xBE9E, 0xBE9E, 0xBE7E, 0xB67E, 0xBE7D, 0xBE9E,
  0xBE7E, 0xBE9E, 0xBE7E, 0xBE9E, 0xBE9E, 0xBEBF, 0xC6BE, 0xC6DF, 0xD71F, 0xBE9D, 0x9517, 0x6C13,
  0x84B5, 0x7C74, 0x84B5, 0x5BB1, 0x6BD2, 0x7454, 0x7433, 0x7C95, 0x7CB5, 0x6C54, 0x6C34, 0x6C75,
  0x7475, 0x959A, 0xC69D, 0xC6DE, 0xC6BE, 0xC6FF, 0xCEDE, 0xCEFF, 0xCEDF, 0xC6DF, 0xCEBF, 0xC6DF,
  0xC6BF, 0xC6DF, 0xC6BF, 0xC6DF, 0xC6BF, 0xC6DF, 0xC6BF, 0xC6DF, 0xC6BF, 0xBEDF, 0xC6BF, 0xC6DF,
  0xC6DE, 0x9D9A, 0x6C75, 0x6C75, 0xC6FF, 0xCEDF, 0xCEFF, 0xCEFF, 0xCEFF, 0xCEFF, 0xCEFF, 0xCEFF,
  0xC71F, 0xCEFF, 0xC71F, 0xCF1F, 0xCF3F, 0xD73F, 0xD75F, 0xD73F, 0xD77F, 0xCEFF, 0xC6FF, 0xCF1F,
  0xD75F, 0xDF3F, 0xD75F, 0xD73F, 0xCF3F, 0xCF1F, 0xCF5F, 0xC6DF, 0xBEBF, 0xCF1F, 0xCF3F, 0xCF1F,
  0xC71F, 0xCEFF, 0xC71F, 0xBEBF, 0xC6DF, 0xADFB, 0xA61D, 0x9539, 0x9DBB, 0xA5BB, 0x8D19, 0x84B7,
  0x84F9, 0x7C97, 0x8D3A, 0x9D9B, 0x957A, 0xD71F, 0xCEFF, 0xCEDF, 0xC6FF, 0xCEDF, 0xC6DF, 0xC6BF,
  0xBEBF, 0xC69F, 0xBEBF, 0xBEBF, 0xBEBF, 0xC69F, 0xBEBF, 0xC69F, 0xBEBF, 0xC69E, 0xBEBF, 0xC69F,
  0xBEBF, 0xC69E, 0xBE9F, 0xBE9E, 0xBE9F, 0xBE7E, 0xBE9F, 0xBE7E, 0xBE9F, 0xBE9E, 0xBE9F, 0xBE9E,
  0xBEBF, 0xC6BF, 0xC6FF, 0xD71F, 0xB65D, 0x84B6, 0x7CB6, 0x7C75, 0x7434, 0x8495, 0x7454, 0x5B70,
  0x63D2, 0x7434, 0x6C33, 0xADFA, 0xA63C, 0x63D2, 0x6435, 0x6C55, 0x6C35, 0x7C96, 0x8D17, 0x9D58,
  0xBEBE, 0xADDA, 0xBE9E, 0xC69E, 0xC6DF, 0xC6BF, 0xC6DF, 0xC6BF, 0xC6DF, 0xC6BF, 0xC6DF, 0xC6BF,
  0xBEDF, 0xC6BF, 0xBEDF, 0xC6BF, 0xBEDF, 0xC6DF, 0xC6FF, 0xC6DF, 0xBEBF, 0x8D18, 0x6C96, 0x6C75,
  0x9538, 0xBEBE, 0xCEFF, 0xCEFF, 0xCEFF, 0xCF1F, 0xCEFF, 0xCF1F, 0xCF1F, 0xCF1F, 0xCF1F, 0xCF3F,
  0xCF1F, 0xCF3F, 0xD73F, 0xD75F, 0xDF5F, 0xCF3F, 0xC6BE, 0xCF1F, 0xDF5F, 0xD75F, 0xDF5F, 0xD73F,
  0xD71F, 0xCF1F, 0xCEFF, 0xCF1F, 0xD71F, 0xCF1F, 0xD71F, 0xCF3F, 0xD71F, 0xCF1F, 0xDF3F, 0xD73F,
  0xC6BE, 0xA5DB, 0xCEBE, 0xCEFF, 0xBE7C, 0xC6DE, 0xB63C, 0x8D17, 0x8CF7, 0x8D38, 0xAE1C, 0x8D39,
  0x84B6, 0xCF5F, 0xCEFF, 0xCEFF, 0xCEFF, 0xC6FF, 0xCEDF, 0xC6DF, 0xC6DF, 0xC6DF, 0xC6DF, 0xC6DF,
  0xC6DF, 0xC6DF, 0xC6BF, 0xBEBF, 0xC6BE, 0xC6BF, 0xC6BF, 0xC6DF, 0xCEBF, 0xC6BF, 0xC6BE, 0xBEBF,
  0xC6BE, 0xBEBF, 0xC69E, 0xBEBF, 0xC6BE, 0xBEBF, 0xC6BE, 0xC6BF, 0xC6BE, 0xBE7E, 0xBE5C, 0xAE1B,
  0x8D17, 0x6C54, 0x7413, 0x7474, 0x8473, 0xA5D9, 0x9556, 0x5BB0, 0x5BB0, 0x63D1, 0x9517, 0x9D99,
  0x84B6, 0x5BD2, 0x6C14, 0x6414, 0x7CB6, 0x6C55, 0x7C95, 0xB67D, 0x8D38, 0x7CD7, 0x9559, 0x957A,
  0xCEDF, 0xC6FF, 0xCEDF, 0xC6DF, 0xC6DF, 0xC6FF, 0xC6DF, 0xC6DF, 0xC6BF, 0xC6DF, 0xC6BF, 0xC6DF,
  0xCEFF, 0xB65D, 0xAE3C, 0xB69E, 0x9579, 0x7D18, 0x7CD7, 0x6455, 0xADFC, 0xB63D, 0xC6FF, 0xCEDF,
  0xC6FF, 0xCEFF, 0xCF1F, 0xCEFF, 0xC71F, 0xCEFF, 0xC71F, 0xCEFF, 0xCF5F, 0xD75F, 0xCF3F, 0xCEFF,
  0xD77F, 0xD73F, 0xB67D, 0xCF1F, 0xD75F, 0xD73F, 0xD73F, 0xD71F, 0xCF1F, 0xCEFF, 0xCEFF, 0xCEFF,
  0xCF1F, 0xD71F, 0xCF3F, 0xD73F, 0xD73F, 0xD73F, 0xD73F, 0xDF5F, 0xCF1F, 0xA5BA, 0xB63C, 0xC69D,
  0xADFB, 0xBE5C, 0xE7BF, 0xDF5F, 0xA5FC, 0xB63C, 0xB69F, 0x84F8, 0xAE3D, 0xD75F, 0xCF1F, 0xCEFF,
  0xC6FF, 0xC6FF, 0xC6FF, 0xCEDF, 0xC6FF, 0xC6FF, 0xC6FF, 0xCEFF, 0xC6FF, 0xC6DF, 0xC6DF, 0xC6BF,
  0xC6BF, 0xC6BF, 0xC6DF, 0xCEDF, 0xC6FF, 0xCEDF, 0xC6DF, 0xC6DF, 0xC6DF, 0xC6BF, 0xC6DF, 0xC6BF,
  0xC6DF, 0xC6BF, 0xC6DF, 0xC6BF, 0xC6DF, 0xB63C, 0xA5FB, 0xA5BA, 0x7495, 0x6C13, 0x6C34, 0x6BF3,
  0x9558, 0x8474, 0x63D1, 0x63B0, 0x5391, 0x63D1, 0x7434, 0x7C54, 0x6414, 0x63D2, 0x5BD3, 0x6C35,
  0x7CD7, 0x84F7, 0x6C55, 0xA5DA, 0x8518, 0x9559, 0x8D7A, 0x8D18, 0xBEBF, 0xCEFF, 0xC6DF, 0xCEDF,
  0xC6DF, 0xC6DF, 0xC6DF, 0xC6BF, 0xC6DF, 0xC6BF, 0xBEDF, 0xC6DF, 0xC6FF, 0xBE9E, 0x8D59, 0x84F7,
  0x7CF7, 0x74B6, 0x6C96, 0x6C55, 0xCEDF, 0xCEDF, 0xCEDE, 0xC6FF, 0xCEDF, 0xCEFF, 0xCEFF, 0xCEFF,
  0xCEFF, 0xCF1F, 0xCF1F, 0xAE3D, 0xBEBE, 0xCF5F, 0xB65D, 0x9DBB, 0xCEFF, 0xD75F, 0xBE5C, 0xCF3F,
  0xD73F, 0xD73F, 0xD71F, 0xCF1F, 0xD71F, 0xCF3F, 0xD71F, 0xCF1F, 0xD73F, 0xD75F, 0xDF3F, 0xD75F,
  0xDF3F, 0xD73F, 0xDF5F, 0xD75F, 0xADFC, 0x7CB7, 0x7C55, 0xB65D, 0xA5BA, 0x6C55, 0x9D79, 0xC6FF,
  0xDF7F, 0xCF1F, 0xD75F, 0xCF3F, 0xDF5F, 0xCF3F, 0xCF1F, 0xCF1F, 0xCF1F, 0xC71F, 0xCF1F, 0xC71F,
  0xCF1F, 0xC71F, 0xCEFF, 0xCF1F, 0xCF1F, 0xCF1F, 0xCEFF, 0xC6FF, 0xCEDF, 0xC6FF, 0xC6DF, 0xC6FF,
  0xCEFF, 0xCF1F, 0xCF1F, 0xC71F, 0xCEFF, 0xCEFF, 0xCEFF, 0xCEFF, 0xCEFF, 0xCEFF, 0xCEDF, 0xCEFF,
  0xCEFF, 0xC6BE, 0xBE9D, 0x9DDA, 0x8CF6, 0x84D6, 0x7C74, 0x6C13, 0x6BF1, 0x5B90, 0x6390, 0x5BB0,
  0x6390, 0x7474, 0x6BF2, 0x7454, 0x7C74, 0x5BD2, 0x5BB2, 0x6C34, 0x84D6, 0x7CB6, 0x9579, 0x7CB7,
  0x7CB7, 0x9DDB, 0x9599, 0xA61C, 0xCEFF, 0xC71F, 0xCEDF, 0xC6FF, 0xC6DF, 0xC6FF, 0xC6DF, 0xC6DF,
  0xCEFF, 0xB65D, 0x959A, 0xAE9F, 0xC6BF, 0xBEDF, 0xB65C, 0xA5DB, 0x9558, 0x84F7, 0x7CD6, 0x6434,
  0xC6BF, 0xCEBF, 0xC6DF, 0xCEDF, 0xC6DF, 0xCEDF, 0xC6FF, 0xCEFF, 0xC6FF, 0xCEFF, 0xC6FF, 0xAE1C,
  0x7CB7, 0x8D39, 0x9DDB, 0x955A, 0xC6FF, 0xD73F, 0xBE7E, 0xCEFF, 0xCF3F, 0xCF1F, 0xC6FF, 0xCEFF,
  0xC6FF, 0xBE7E, 0x957A, 0x9D9A, 0xAE3D, 0xCEFF, 0xBEBE, 0xB63C, 0xD73F, 0xDF3F, 0xCEDF, 0xBE5C,
  0x84D8, 0x84D7, 0x6C34, 0xA5DB, 0xB65D, 0x7434, 0x63D4, 0x7C76, 0xAE3C, 0xDF7F, 0xCF3F, 0xD73F,
  0xCF3F, 0xCF1F, 0xCF3F, 0xCF1F, 0xCF3F, 0xCF1F, 0xC71F, 0xCF1F, 0xC71F, 0xCF1F, 0xCF1F, 0xCF1F,
  0xCF1F, 0xCF1F, 0xC71F, 0xCEFF, 0xC6FF, 0xC6DF, 0xC6DF, 0xC6DF, 0xC71F, 0xCEFF, 0xCF3F, 0xCF1F,
  0xCF1F, 0xD71F, 0xCF1F, 0xCF1F, 0xCF1F, 0xCEFF, 0xCEFF, 0xCEDF, 0xCF3F, 0xBE7D, 0x7CD6, 0x7454,
  0x8D17, 0x8CD6, 0x63F3, 0x7413, 0x5BB1, 0x63B0, 0x5BB1, 0x534F, 0x5BB1, 0x63B1, 0x5B91, 0x7413,
  0x8D58, 0x6BF3, 0x5393, 0x63F4, 0x6434, 0x63F3, 0x84F8, 0x84F8, 0x7CF8, 0x957A, 0x8539, 0x9D9A,
  0xBEBF, 0xC6FF, 0xC6DF, 0xC6DF, 0xC6DF, 0xC6DF, 0xBEDF, 0xC6BF, 0xBEDF, 0xC6BF, 0x853A, 0x7CF8,
  0x8D39, 0xA5DB, 0xA5DB, 0xA5DB, 0x959A, 0x7C75, 0x6455, 0x53B2, 0xCEDF, 0xCEFF, 0xCEDF, 0xC6FF,
  0xCEDF, 0xC6FF, 0xCEFF, 0xCEFF, 0xCEFF, 0xCF1F, 0xBE9F, 0x7CD8, 0x7498, 0x6C77, 0x84F8, 0x9DDC,
  0xBE5D, 0xD75F, 0xBE3D, 0xCEFF, 0xCEDF, 0xB63C, 0xCEBE, 0xCEFF, 0xB61C, 0x8D38, 0x7C76, 0x84F8,
  0x9D79, 0x9DBA, 0xA5BA, 0xAE1C, 0xD6DE, 0xBE7D, 0xA599, 0xAE1B, 0x84D6, 0x7455, 0x7C75, 0x6414,
  0xA5BA, 0x9559, 0x84D6, 0x9579, 0xB63B, 0xD75F, 0xD73F, 0xCF5F, 0xD73F, 0xCF5F, 0xD73F, 0xCF5F,
  0xD73F, 0xCF3F, 0xCF1F, 0xCF3F, 0xCF1F, 0xCF3F, 0xD71F, 0xCF3F, 0xCF1F, 0xCF3F, 0xCF1F, 0xC71F,
  0xCEFF, 0xC6FF, 0xC6DF, 0xC6FF, 0xCEFF, 0xC71F, 0xCF1F, 0xCF3F, 0xD71F, 0xCF5F, 0xD73F, 0xCF3F,
  0xCF1F, 0xCF1F, 0xCEFF, 0xCF1F, 0xD73F, 0xA5FB, 0x84D6, 0x7CF6, 0x9516, 0x84B5, 0x7433, 0x63D2,
  0x63B1, 0x63D1, 0x5B70, 0x5370, 0x63B1, 0x5391, 0x5B70, 0x5B91, 0x5B70, 0x63F2, 0x84B5, 0x84F6,
  0x9517, 0x84B6, 0x9538, 0xC71F, 0xC6BE, 0xB65D, 0x8D18, 0x959A, 0xC6DF, 0xC6FF, 0xC6DF, 0xC6FF,
  0xC6DF, 0xC6DF, 0xC6BF, 0xBEDF, 0xC6BF, 0xC6DF, 0xA5FB, 0x7CD7, 0x74B7, 0x6C97, 0x8D17, 0x8D58,
  0x9578, 0x7495, 0x63D1, 0x5391, 0xA5DC, 0x9539, 0xC6DF, 0xCEDF, 0xC6DF, 0xCEDF, 0xC6FF, 0xCEDF,
  0xCF1F, 0xC6BE, 0x95BC, 0x955A, 0x6457, 0x74D9, 0x74B8, 0x7497, 0x9D9A, 0xC6BF, 0xB65D, 0xBE5D,
  0xC6DF, 0xB63C, 0xCEFF, 0xD6FF, 0xC6DF, 0xB63D, 0x9D9B, 0x84D7, 0x8D39, 0x8CF8, 0x9D7A, 0xADDB,
  0xBE5D, 0xA579, 0x7CB6, 0x84B6, 0x7475, 0x7434, 0x6C55, 0x6BF4, 0x6C34, 0x84D7, 0xAE3D, 0xD75F,
  0xD77F, 0xD73F, 0xCF5F, 0xD75F, 0xCF5F, 0xD73F, 0xCF5F, 0xD73F, 0xCF5F, 0xD73F, 0xCF3F, 0xCF1F,
  0xCF3F, 0xCF1F, 0xCF3F, 0xCF1F, 0xCF3F, 0xCF1F, 0xCF3F, 0xCF1F, 0xC71F, 0xC6FF, 0xC6FF, 0xC6DF,
  0xC71F, 0xCEFF, 0xC71F, 0xCEFF, 0xC6FF, 0xCEFF, 0xCF3F, 0xCF1F, 0xC71F, 0xCF1F, 0xCF1F, 0xCEFF,
  0xC71F, 0x9538, 0x6C75, 0xAE1B, 0xAE3C, 0x7C74, 0x6413, 0x5BB1, 0x63F2, 0x63B1, 0x5370, 0x5350,
  0x5371, 0x4B0F, 0x5BB1, 0x7C95, 0x6C13, 0x7C54, 0xB65C, 0xB61B, 0xCF1F, 0xC6DE, 0xC71F, 0xCEFF,
  0xC6DF, 0xBE9E, 0xAE3D, 0xBEBF, 0xBEDF, 0xC6DF, 0xBEDF, 0xC6BF, 0xBEDF, 0xC6BF, 0xBEDF, 0xC6BF,
  0xBEBF, 0xC6BF, 0xB67E, 0x8518, 0x6CB7, 0x7CF8, 0x8D59, 0x9559, 0x7CB6, 0x63F2, 0x5BF2, 0x5BB2,
  0x9579, 0x6C55, 0xA5BA, 0xC6DF, 0xCEDF, 0xCEDF, 0xCEDF, 0xCEFF, 0xCEFF, 0xCEFF, 0xC69E, 0xADFC,
  0x955A, 0x7CB7, 0x6C56, 0x6C77, 0x8D39, 0x8519, 0x9559, 0x9DDB, 0x9D79, 0x8D18, 0xBE5D, 0xD73F,
  0xBE7D, 0x9D9A, 0x9538, 0x8D38, 0x9538, 0x8D38, 0x9559, 0x7CB6, 0xBE5C, 0xB65C, 0x7454, 0x6C34,
  0x7433, 0x6C33, 0x6C13, 0x63F3, 0x63F2, 0x7475, 0x9D79, 0xAE3C, 0xCEFE, 0xDF9F, 0xD75F, 0xC6FF,
  0xD75F, 0xD75F, 0xD75F, 0xD75F, 0xD75F, 0xD77F, 0xD75F, 0xCF5F, 0xD73F, 0xD75F, 0xD73F, 0xCF5F,
  0xD73F, 0xD75F, 0xD73F, 0xCF5F, 0xD73F, 0xCF1F, 0xCEFF, 0xC6FF, 0xCEFF, 0xC71F, 0xCEFF, 0xC6FF,
  0xC6DF, 0xC6FF, 0xCF1F, 0xCF3F, 0xCF1F, 0xCF1F, 0xCEFF, 0xCF1F, 0xADFB, 0x9DDA, 0x8D38, 0x9579,
  0xB63B, 0x8D37, 0x7C53, 0x7433, 0x6BD1, 0x5B91, 0x5B70, 0x5350, 0x6390, 0x84B5, 0x6391, 0x6C13,
  0x5B70, 0x84F6, 0x9D78, 0x8D17, 0xBE5C, 0xC6DE, 0xC6BF, 0xC6DF, 0xC6DF, 0xC6DF, 0xC6DF, 0xC6DF,
  0xC6DF, 0xC6DF, 0xC6BF, 0xBEDF, 0xC6BF, 0xBEDF, 0xC6BE, 0xBEBF, 0xC6BE, 0xBEBF, 0xC6DE, 0xB67D,
  0x7CB6, 0x8538, 0x8D16, 0x6C33, 0x63F1, 0x6432, 0x63D1, 0x6432, 0x7CD7, 0x7455, 0x7456, 0xBE5D,
  0xCF1F, 0xCEDF, 0xC6DF, 0xCEDF, 0xC6FF, 0xCEDF, 0xCF1F, 0xBE7E, 0x7CD8, 0xA5BC, 0x95BC, 0x6C77,
  0x6C77, 0x6C76, 0x6C35, 0x8D18, 0x7476, 0x7455, 0xA5BB, 0xDF3F, 0x84D7, 0x7455, 0x7CB6, 0x9538,
  0x84F7, 0x7C75, 0x7476, 0x7455, 0x9D7A, 0x84D6, 0x6C55, 0x7434, 0x7455, 0x63D2, 0x6413, 0x6C13,
  0x7475, 0x7C95, 0x84F8, 0x84D7, 0x8D18, 0xC6BE, 0xB67D, 0x9D99, 0xC6FF, 0xDF7F, 0xD77F, 0xD75F,
  0xD75F, 0xD75F, 0xCF5F, 0xD73F, 0xCF3F, 0xCF1F, 0xCF3F, 0xD73F, 0xCF5F, 0xD75F, 0xD77F, 0xD75F,
  0xCF5F, 0xD73F, 0xCF3F, 0xCF1F, 0xC6FF, 0xC6FF, 0xC6FF, 0xC6DF, 0xC6FF, 0xC6DF, 0xC71F, 0xCF1F,
  0xC71F, 0xCEFF, 0xC6FF, 0xCEFF, 0xC71F, 0xAE1C, 0x7CB6, 0x8D18, 0x84D6, 0x9538, 0x84F6, 0x8CD6,
  0x7474, 0x5B91, 0x5BB2, 0x4B0F, 0xA5DA, 0xADFA, 0x42EF, 0x5330, 0x6C13, 0x8CF7, 0x6C34, 0x84D6,
  0xA5DB, 0xC6BE, 0xBEBF, 0xC6BF, 0xBEDF, 0xC6BF, 0xBEBF, 0xC6BF, 0xBEBF, 0xC6BF, 0xBEBF, 0xC6BF,
  0xBEBF, 0xBEBF, 0xBEBF, 0xBE9E, 0xBEBF, 0xBE9E, 0xBEBF, 0xAE1C, 0x7CF8, 0x7CB6, 0x7474, 0x63D2,
  0x53B0, 0x63D1, 0x5BF2, 0x5370, 0x6C33, 0x6433, 0x7454, 0xA61B, 0xA5BA, 0xB65D, 0xCEDF, 0xCEDF,
  0xCEDF, 0xCEDF, 0xCEDF, 0xCEFF, 0xCEDF, 0x9559, 0x84D8, 0x84F8, 0x63F4, 0x6C56, 0x6C14, 0x7476,
  0x7455, 0x7496, 0x9558, 0xAE3C, 0xBE3C, 0xBE7D, 0xA59A, 0xADDB, 0xA579, 0x9518, 0xBE3C, 0x8CF7,
  0x8CD7, 0x7C55, 0x6BF3, 0x7475, 0x9517, 0x6BF2, 0x63D2, 0x63F2, 0x84B5, 0x9578, 0x9538, 0xA5DB,
  0x6C56, 0x6C97, 0x7CD6, 0x95DB, 0x957A, 0x95BB, 0xD75F, 0xCF7F, 0xD73F, 0xCF5F, 0xD73F, 0xCF3F,
  0xD73F, 0xCF3F, 0xD73F, 0xCF5F, 0xD73F, 0xD75F, 0xDF7F, 0xD77F, 0xDF7F, 0xD77F, 0xD75F, 0xD75F,
  0xD71F, 0xCF1F, 0xCF1F, 0xCF1F, 0xCF1F, 0xC71F, 0xCF1F, 0xCF3F, 0xCF1F, 0xC71F, 0xCEFF, 0xCF1F,
  0xCEFF, 0x7CD7, 0x9D99, 0x95BA, 0x6C13, 0x6C54, 0x63D2, 0x5BD2, 0x6BD2, 0x6C13, 0x6BF2, 0x4B2F,
  0x7433, 0x5B91, 0x6BF2, 0x5BB1, 0x8CF6, 0x6C34, 0x84B6, 0x9DDA, 0xCEFF, 0xC6DF, 0xC6BE, 0xBEDF,
  0xC6BE, 0xBEBF, 0xC6BE, 0xBEBF, 0xC6BF, 0xBEBF, 0xC6BE, 0xBEBF, 0xC69E, 0xBEBF, 0xC69E, 0xBEBF,
  0xBE9E, 0xBE9E, 0xBE9E, 0xBEBF, 0xB65B, 0x7CB5, 0x5BB0, 0x5390, 0x536F, 0x538F, 0x63AF, 0x430D,
  0x6413, 0x63F2, 0x6C55, 0x8CF7, 0x7C96, 0xADFC, 0xCEFF, 0xCEBF, 0xC6DF, 0xCEBF, 0xC6DF, 0xCEBF,
  0xCEFF, 0xADDB, 0x7CD9, 0x7456, 0x5BF5, 0x6415, 0x63F4, 0x63F4, 0x5BF4, 0x63F4, 0x63F4, 0x84B6,
  0xBE7E, 0xDF3F, 0xC6DF, 0xC67E, 0xBE9E, 0xCEBE, 0xC6DF, 0xD71F, 0xD73F, 0xCEBE, 0x6C13, 0x63B2,
  0x7455, 0x63B2, 0x5B92, 0x5B71, 0x84F7, 0x9558, 0x7CB7, 0xC6BE, 0x74D8, 0x6C56, 0x6C76, 0x8D79,
  0x95BB, 0x7CB7, 0x8518, 0x9D9A, 0x9DBA, 0xCF1F, 0xCF3F, 0xCF1F, 0xCF3F, 0xCF1F, 0xCF3F, 0xCF1F,
  0xCF3F, 0xD73F, 0xCF5F, 0xD75F, 0xCF5F, 0xD75F, 0xD75F, 0xD75F, 0xCF5F, 0xCF1F, 0xCF3F, 0xD73F,
  0xCF5F, 0xD73F, 0xCF5F, 0xCF1F, 0xCF3F, 0xCF1F, 0xCF1F, 0xCF1F, 0xBEBF, 0x8CF7, 0xAE5D, 0x84F7,
  0x7475, 0x7455, 0x7495, 0x5B91, 0x6C13, 0x8CF7, 0x7CB6, 0x532F, 0x4AEF, 0x532F, 0x6C13, 0x5330,
  0x8D18, 0x84B6, 0x7475, 0xBE7D, 0xBEBF, 0xC6BF, 0xBEBF, 0xBE9E, 0xBEBF, 0xBE9E, 0xBEBF, 0xBE9F,
  0xBEBF, 0xBE9F, 0xBEBF, 0xBE9E, 0xBE9F, 0xBE9E, 0xBE9F, 0xBE7E, 0xB67E, 0xBE7E, 0xB67E, 0xBE9E,
  0x9DDA, 0x6C33, 0x5BB1, 0x4B0E, 0x4B2E, 0x4B2E, 0x432D, 0x3AAB, 0x63D1, 0x5BD1, 0x63F2, 0x7CD5,
  0x8CD6, 0x9D9A, 0xCEBE, 0xC6DF, 0xCEBE, 0xC6DF, 0xCEBE, 0xCEDF, 0xCEDF, 0xCF1F, 0x9D79, 0x7476,
  0x5B91, 0x5391, 0x5371, 0x53B2, 0x63F2, 0x6413, 0x7454, 0x7475, 0x84B5, 0xC6FF, 0xD6FF, 0xCEFF,
  0xD6DF, 0xCEBF, 0xD6BE, 0xD6FF, 0xB61B, 0xCEDE, 0xB63A, 0x5B70, 0x5B90, 0x6C12, 0x6391, 0x63B1,
  0x9D99, 0x63F2, 0xB5FA, 0xCF1F, 0xA5DA, 0x7CB6, 0x7CB6, 0xAE5D, 0xD75F, 0xA61B, 0xA5DA, 0xBEDE,
  0xCEFF, 0xCF3F, 0xCF1F, 0xCF3F, 0xCF3F, 0xCF3F, 0xCF1F, 0xCF3F, 0xCF1F, 0xCF3F, 0xD73F, 0xCF3F,
  0xD73F, 0xCF3F, 0xD73F, 0xCF3F, 0xCF3F, 0xCF3F, 0xCF3F, 0xCF3F, 0xD73F, 0xCF3F, 0xD73F, 0xCF3F,
  0xD73F, 0xCF3F, 0xD71F, 0xCF1F, 0xCEDE, 0xBE9E, 0xB65C, 0x7CB5, 0x7C74, 0x84F6, 0x7413, 0x7454,
  0x7454, 0x6C34, 0x5350, 0x42EE, 0x42CE, 0x5370, 0x5B90, 0x8D37, 0x9D78, 0x84B6, 0x9D79, 0xC6FF,
  0xC6BE, 0xBEBF, 0xC6BE, 0xBEBF, 0xC69E, 0xBEBF, 0xBE9E, 0xBEBF, 0xBE9F, 0xBE9F, 0xBE9E, 0xBE9F,
  0xBE9E, 0xBE9E, 0xBE7E, 0xB67E, 0xBE7E, 0xBE9E, 0xC69D, 0xAE1B, 0x7453, 0x63F1, 0x63D0, 0x4B2E,
  0x4B0C, 0x4B0D, 0x4AEB, 0x430C, 0x5390, 0x5BB1, 0x53B1, 0x6C13, 0x7476, 0x8CF7, 0xC6DF, 0xC69E,
  0xC6BF, 0xC6BF, 0xC6BF, 0xCE9F, 0xC6DF, 0xA59A, 0x6C35, 0x5352, 0x5BB3, 0x63D3, 0x5392, 0x5BB2,
  0x5392, 0x63F3, 0x5392, 0x5B71, 0x5BB2, 0x7434, 0x7C75, 0xCEBE, 0xDF5F, 0xD6FF, 0xCEBF, 0xB5DB,
  0xC69E, 0x7413, 0x9537, 0x6370, 0x4B2F, 0x63B1, 0x5BB2, 0x6391, 0x5BD2, 0x7C95, 0x9559, 0xADBA,
  0x8D18, 0xA5DB, 0x8518, 0x84D7, 0xA5FB, 0xB65D, 0xC6FF, 0xDF7F, 0xD75F, 0xCF1F, 0xCF1F, 0xCF1F,
  0xCF3F, 0xCF1F, 0xCF3F, 0xCF1F, 0xCF3F, 0xCF1F, 0xCF1F, 0xCF1F, 0xCF3F, 0xCF1F, 0xCF1F, 0xCF1F,
  0xCF3F, 0xCF1F, 0xC71F, 0xCF1F, 0xCF3F, 0xCF1F, 0xCF3F, 0xCF1F, 0xC71F, 0xCF1F, 0xCF1F, 0xCEFF,
  0xCF1F, 0xD73F, 0xC6FF, 0x7C75, 0x7CD6, 0x8D17, 0x6C13, 0x8D17, 0x6C54, 0x4AEF, 0x4B30, 0x42CE,
  0x6C54, 0x5350, 0x5370, 0x7454, 0x7C96, 0x9D99, 0xAE5D, 0xC6BF, 0xBEBF, 0xBE9E, 0xBEBF, 0xBE9E,
  0xBE9F, 0xBE9E, 0xB69F, 0xBE9E, 0xB69F, 0xBE7F, 0xB69F, 0xBE7F, 0xB67E, 0xBE7E, 0xB67E, 0xBE7E,
  0xB67E, 0xAE1C, 0xADFC, 0x8CD7, 0x6C12, 0x5B6F, 0x4B4F, 0x4AED, 0x42EC, 0x42CB, 0x42EC, 0x42CB,
  0x532E, 0x534F, 0x5B6F, 0x63D1, 0x7C74, 0x8D38, 0xADDA, 0xC6DF, 0xCEBE, 0xC6BE, 0xC69E, 0xC6DF,
  0xA5BA, 0x9559, 0x6C13, 0x5391, 0x5B91, 0x5BB2, 0x4B0F, 0x5391, 0x532F, 0x63D2, 0x5B70, 0x5BB1,
  0x63B1, 0x5BB1, 0x6392, 0x7434, 0xB5DB, 0xD73F, 0xDF5F, 0x9D79, 0x9D57, 0x7C74, 0x5B4F, 0x532F,
  0x532E, 0x5B70, 0x63D1, 0x5B90, 0x84B5, 0xA5BA, 0xA5B9, 0x84B6, 0xBE5D, 0xC6BE, 0x8CF7, 0x9559,
  0x9538, 0xAE3C, 0xBE7D, 0xAE5C, 0xAE3C, 0xC73F, 0xD75F, 0xCF3F, 0xCF1F, 0xCF3F, 0xCF1F, 0xCF3F,
  0xCF1F, 0xCF3F, 0xCF1F, 0xCF1F, 0xCF1F, 0xCF1F, 0xCF1F, 0xCF1F, 0xCF1F, 0xC71F, 0xCEFF, 0xC71F,
  0xCF1F, 0xCF1F, 0xCF1F, 0xCF1F, 0xCEFF, 0xCF1F, 0xCEFF, 0xCEFF, 0xCF1F, 0xB67D, 0xBE7D, 0x8517,
  0x6C13, 0x9558, 0x8CD5, 0xCEFE, 0x9516, 0x6C12, 0x63D1, 0x42EE, 0x9516, 0x5350, 0x532F, 0x6C33,
  0x6C34, 0x7475, 0x9D99, 0xBEBE, 0xC6BE, 0xBEBF, 0xC6BE, 0xBEBF, 0xC69E, 0xBE9E, 0xBE9E, 0xBE9E,
  0xBE9E, 0xBE9E, 0xBE9E, 0xBE9E, 0xBE9E, 0xBE9E, 0xBE7E, 0xBE9E, 0xC6BE, 0x9DBA, 0x84B5, 0x7453,
  0x5B6F, 0x536F, 0x532C, 0x42EC, 0x42AA, 0x42CB, 0x42CB, 0x42CB, 0x42EE, 0x4AEE, 0x4B2F, 0x63D1,
  0x7495, 0x7C75, 0x8D39, 0xADFB, 0xB63D, 0xBE5D, 0xBE9E, 0xBE3D, 0x957A, 0x84D7, 0x6414, 0x5351,
  0x4B30, 0x63B2, 0x4B30, 0x3A8D, 0x5BD2, 0x5B91, 0x5391, 0x5B91, 0x6C34, 0x7434, 0x7455, 0x8496,
  0x8CF8, 0xC65D, 0xB65D, 0xAD9A, 0x63D2, 0x7C54, 0x6BF2, 0x532F, 0x532F, 0x5B70, 0x5BB1, 0x5B50,
  0x7CB6, 0x84B6, 0x6C13, 0x7C75, 0xCF1F, 0xCEBE, 0xBE9F, 0xCEDF, 0xA5FC, 0x9559, 0x9579, 0x8D38,
  0x6C75, 0x8D18, 0xAE5D, 0xC6DF, 0xCF3F, 0xCF1F, 0xCF1F, 0xCF1F, 0xCF1F, 0xCF1F, 0xCF1F, 0xCEFF,
  0xC71F, 0xCEFF, 0xC71F, 0xCEFF, 0xC71F, 0xCEFF, 0xC71F, 0xCEFF, 0xC71F, 0xCEFF, 0xC71F, 0xCEFF,
  0xCEFF, 0xCEFF, 0xCEFF, 0xCEFF, 0xCF3F, 0x9D9A, 0x7CD7, 0x7C96, 0xA5FB, 0x9538, 0x7C95, 0xBE5C,
  0xC6DE, 0xCEDE, 0x7454, 0x42CE, 0x6C13, 0x42CE, 0x430F, 0x7CB5, 0x8D79, 0x6C34, 0x6414, 0xA5DB,
  0xBEBF, 0xBE9E, 0xBEBF, 0xBE9E, 0xBE9F, 0xBE9E, 0xBE9F, 0xBE9E, 0xBE9F, 0xBE9E, 0xBE9F, 0xBE9E,
  0xBE9F, 0xBE7E, 0xBE9F, 0xBE9E, 0xAE3C, 0x9D79, 0x9558, 0x84B5, 0x5B90, 0x7453, 0x4B0D, 0x42AB,
  0x4B0C, 0x428A, 0x42EC, 0x4ACB, 0x42AC, 0x4B0E, 0x4B0E, 0x536F, 0x534F, 0x63F2, 0x84D6, 0x8517,
  0xA5BA, 0xB65D, 0xC69E, 0xA5FB, 0x84B6, 0x6C14, 0x6BD2, 0x42CE, 0x42AD, 0x5370, 0x5B4F, 0x3AAD,
  0x42CD, 0x3ACD, 0x4B0E, 0x4B4F, 0x8CD6, 0x84D6, 0x7C54, 0x7455, 0x8CF5, 0x84F5, 0x8CB3, 0x7C72,
  0x638F, 0x63AF, 0x638F, 0x532E, 0x4AAD, 0x5B4F, 0x6390, 0x5BB0, 0x7432, 0x7453, 0x63B1, 0x84F6,
  0x9D58, 0xD75F, 0xD6FF, 0xD71F, 0xBE7D, 0x84F7, 0x74B7, 0x8539, 0xAE1C, 0xAE1C, 0xBEBE, 0xCF1F,
  0xCF3F, 0xCF3F, 0xCF1F, 0xCF3F, 0xCF1F, 0xCF3F, 0xCF1F, 0xCF3F, 0xCF1F, 0xCF3F, 0xCEFF, 0xCF1F,
  0xCEFF, 0xCF1F, 0xCF1F, 0xCF3F, 0xCF1F, 0xCF3F, 0xCF1F, 0xCF1F, 0xCEFF, 0xCF1F, 0xCEFF, 0xCEFF,
  0xCF1F, 0x8D59, 0x9D79, 0xADFB, 0xDF5F, 0x9D99, 0x84B5, 0x8D37, 0xA578, 0xDF5F, 0x84B5, 0x5B70,
  0x63B1, 0x42CD, 0x4B2F, 0x5BD2, 0x6C14, 0x6C34, 0x7475, 0x8D79, 0xC6BE, 0xC6DF, 0xC69E, 0xBEBF,
  0xC6BE, 0xBEBF, 0xC6BE, 0xBEBF, 0xC69E, 0xBEBF, 0xC69E, 0xBEBF, 0xC6DE, 0xBEDF, 0xBE9D, 0xAE1B,
  0x8CF5, 0x7C94, 0x7431, 0x4B2D, 0x42CA, 0x42EB, 0x4AEA, 0x42EA, 0x4ACB, 0x3A6A, 0x3A69, 0x42CB,
  0x3AAD, 0x42CD, 0x42EE, 0x42CD, 0x5370, 0x6C33, 0x7CB7, 0x8CF7, 0xA5FC, 0xB61C, 0xAE3D, 0xB63C,
  0x8CF8, 0x7C55, 0x5371, 0x4AEF, 0x3A8D, 0x3A6C, 0x3AAD, 0x3A4C, 0x326C, 0x3A8C, 0x328D, 0x42CD,
  0x5B71, 0x5B71, 0x8D18, 0x94F7, 0x7453, 0x6BD1, 0x6C12, 0x5B6F, 0x4B2E, 0x5B4E, 0x4AEE, 0x636F,
  0x6C13, 0x4AEE, 0x63D1, 0x5B4F, 0x5BB1, 0x5B90, 0x6413, 0x6BF2, 0x84D7, 0xC6BE, 0xCEDF, 0xD71F,
  0xA5FC, 0x84D7, 0x6456, 0x7497, 0xB67D, 0xD75F, 0xCF3F, 0xCF1F, 0xCF3F, 0xCF1F, 0xCF3F, 0xCF1F,
  0xCF1F, 0xCF1F, 0xC71F, 0xC6DF, 0xCF5F, 0xB67D, 0xBEDF, 0xCF1F, 0xC71F, 0xCF1F, 0xCF3F, 0xCF1F,
  0xCF1F, 0xCF1F, 0xCF1F, 0xCEFF, 0xCEFF, 0xCEFF, 0xCEFF, 0xCEFF, 0xCF3F, 0xADFB, 0xB65C, 0xC6BE,
  0xD75F, 0xA599, 0x5B91, 0x6C13, 0x63B1, 0x9516, 0x6C13, 0x5B50, 0x5B90, 0x530E, 0x7495, 0x7454,
  0x5392, 0x63F3, 0x6C55, 0x84F7, 0xA5FB, 0xB63C, 0xC6FF, 0xC6BF, 0xBEDF, 0xC6BF, 0xBEBF, 0xC6BF,
  0xBEBF, 0xC69F, 0xBEBF, 0xC6BF, 0xAE5D, 0x9579, 0x8517, 0x8D17, 0x6C33, 0x532F, 0x42ED, 0x4ACC,
  0x326A, 0x3A8A, 0x4B4C, 0x3A69, 0x324A, 0x3A49, 0x3249, 0x4ACB, 0x3A6A, 0x42AC, 0x42CC, 0x42CD,
  0x4B0D, 0x536F, 0x6C12, 0x74B5, 0x84F7, 0x84F7, 0x8CF7, 0x8517, 0x9517, 0x6C13, 0x5B4F, 0x3A8C,
  0x3A6B, 0x3A6B, 0x3A4B, 0x324B, 0x530E, 0x4AEE, 0x4AED, 0x534F, 0x9516, 0x7453, 0x73F2, 0x7412,
  0x638F, 0x42EC, 0x52EC, 0x5BAF, 0x6BAF, 0x4AEC, 0x4ACB, 0x63AF, 0x8472, 0x63D0, 0x636F, 0x4AED,
  0x5B6F, 0x63F1, 0x63B1, 0x5BB1, 0x6BD2, 0x7CB6, 0x9D59, 0xC6FF, 0xCEDF, 0xCEFF, 0xB63C, 0xA5DB,
  0xD71F, 0xCF1F, 0xCEFF, 0xCF1F, 0xCEFF, 0xCF1F, 0xCF1F, 0xCF1F, 0xCEFF, 0xCF1F, 0xCF1F, 0xB65C,
  0xC69D, 0xB65C, 0xBE7C, 0xC6DE, 0xD73F, 0xCF1F, 0xD71F, 0xCF3F, 0xD71F, 0xCF1F, 0xCF1F, 0xCF1F,
  0xCEFF, 0xCF1F, 0xCEFF, 0xCF1F, 0xCF1F, 0xCF1F, 0x9538, 0x9DBA, 0xA5D9, 0x84D6, 0x5B90, 0x63F1,
  0x5B6F, 0x9577, 0x8474, 0x530E, 0x7432, 0x84D5, 0x6C12, 0x6C53, 0x63F3, 0x5BD3, 0x6C34, 0x7496,
  0x7454, 0x95BA, 0xBE7D, 0xC6FF, 0xC6BE, 0xC6BF, 0xC6BE, 0xC6BF, 0xC6BE, 0xC6DF, 0xC6DE, 0xBEDE,
  0x9537, 0x84D6, 0x7C71, 0x63CF, 0x5B4C, 0x4B0B, 0x532B, 0x42EA, 0x4289, 0x42CA, 0x42AA, 0x3248,
  0x4269, 0x3A69, 0x3A48, 0x3A89, 0x2A2A, 0x322A, 0x42CD, 0x42CD, 0x328C, 0x4B2E, 0x6413, 0x63D2,
  0x5BD3, 0x7455, 0x7475, 0x6C34, 0x4B0F, 0x42AE, 0x63B1, 0x3A2B, 0x2A0A, 0x322A, 0x322B, 0x428C,
  0x42CD, 0x42CD, 0x42EE, 0x5B70, 0x7454, 0x6391, 0x63D2, 0x7413, 0x536F, 0x4AED, 0x3A8B, 0x530C,
  0x63B0, 0x4ACC, 0x42CB, 0x532D, 0x534E, 0x532D, 0x5B4F, 0x530E, 0x4B2E, 0x63B0, 0x5B91, 0x5B91,
  0x7CB6, 0x84B6, 0x84B7, 0xBE7D, 0xBE7E, 0xCEBF, 0xCF1F, 0xCEFF, 0xCEFF, 0xCEFF, 0xC6FF, 0xCEFF,
  0xC6FF, 0xCEFF, 0xC6FF, 0xCEFF, 0xC71F, 0xCEFF, 0xCF3F, 0xA5BA, 0xB65C, 0xBE7C, 0xAE1B, 0xD73F,
  0xCF1F, 0xCF1F, 0xCF1F, 0xCF1F, 0xCF1F, 0xCEFF, 0xC71F, 0xCEFF, 0xCEFF, 0xCEFF, 0xCF1F, 0xCEFF,
  0xCF5F, 0xBE9E, 0x7CB6, 0x7475, 0x7454, 0x7C95, 0x5390, 0x5BB0, 0x7473, 0x84B4, 0x532F, 0x426C,
  0x42EE, 0x534F, 0x4B50, 0x6C33, 0x7CB6, 0x63F3, 0x6414, 0x84F7, 0x8518, 0x7475, 0x84F8, 0xC6DF,
  0xC6FF, 0xCEFF, 0xC6FF, 0xCEFF, 0xC6FF, 0xB63C, 0xAE3D, 0xADFB, 0x7CD6, 0x5B91, 0x4B2D, 0x534D,
  0x4B2C, 0x42CA, 0x42EB, 0x4B0B, 0x3AAA, 0x3248, 0x3A69, 0x3A48, 0x42AB, 0x3A49, 0x3228, 0x3227,
  0x3229, 0x324A, 0x3A6A, 0x3A8B, 0x3249, 0x326A, 0x42CB, 0x4B4D, 0x63F1, 0x7CD4, 0x6BF0, 0x4B2D,
  0x4ACB, 0x3A6A, 0x3209, 0x2A09, 0x29C8, 0x2A0A, 0x29C8, 0x322A, 0x3A49, 0x3AAB, 0x3A4A, 0x3A6A,
  0x530C, 0x4AEC, 0x6BD0, 0x9556, 0x638F, 0x428B, 0x4AEB, 0x42CB, 0x426A, 0x42AB, 0x4AEB, 0x4B0C,
  0x532C, 0x534C, 0x638E, 0x534D, 0x532E, 0x4B2E, 0x532F, 0x63F2, 0x8CF6, 0x63F2, 0x8D17, 0x8D18,
  0x9D7A, 0xB65E, 0xC69E, 0xC6FF, 0xCEDF, 0xC6FF, 0xCEDF, 0xC6FF, 0xCEDF, 0xC6FF, 0xC6DF, 0xC6DF,
  0xCEDF, 0xCF1F, 0xC6BE, 0x8D38, 0xBE9C, 0xB65C, 0xB61B, 0xD75F, 0xD71F, 0xCF1F, 0xD71F, 0xCF3F,
  0xD71F, 0xD73F, 0xD71F, 0xCF3F, 0xD71F, 0xCF3F, 0xD71F, 0xCF3F, 0xDF3F, 0xC6BE, 0xA5B9, 0x84F6,
  0x84B4, 0x5BB0, 0x534D, 0x4B2D, 0x63AF, 0x7451, 0x428B, 0x42CC, 0x534E, 0x4B0E, 0x532E, 0x63F1,
  0x9536, 0x7CB5, 0x7474, 0x6C33, 0x7CB6, 0x6C75, 0x84F7, 0x9599, 0xA5DA, 0x8D59, 0x9D99, 0xAE3B,
  0x8D37, 0x6C54, 0x7452, 0x6411, 0x5B8D, 0x536C, 0x530B, 0x4B4B, 0x4B0A, 0x42C9, 0x4AE9, 0x4B2A,
  0x4288, 0x3268, 0x3A68, 0x3227, 0x4AA9, 0x3248, 0x3205, 0x3247, 0x2A29, 0x3209, 0x2A2A, 0x324A,
  0x326B, 0x42AB, 0x3AAB, 0x4B0C, 0x6412, 0x7493, 0x5BB0, 0x324A, 0x3A8B, 0x3229, 0x324A, 0x2A09,
  0x21C9, 0x2188, 0x21A8, 0x31E9, 0x2A2A, 0x322A, 0x2A09, 0x3A6B, 0x42CC, 0x4ACC, 0x42CC, 0x426B,
  0x3A8B, 0x428B, 0x536E, 0x4ACB, 0x3249, 0x428A, 0x4B0C, 0x532C, 0x3AAA, 0x42AA, 0x532D, 0x638E,
  0x5370, 0x534F, 0x4B50, 0x63B1, 0x5391, 0x63D2, 0x7496, 0x7C96, 0xB67E, 0xC69F, 0xBE9F, 0xC6BF,
  0xBEBF, 0xC6BF, 0xBEDF, 0xC6BF, 0xBEBF, 0xC6BF, 0xBEBF, 0xC6BF, 0xBEDF, 0xC6DF, 0xBEDF, 0x8CF7,
  0xAE5C, 0xA5DA, 0xAE1C, 0xC6DE, 0xCF1F, 0xD71F, 0xCF3F, 0xD73F, 0xD73F, 0xD73F, 0xD73F, 0xD73F,
  0xCF3F, 0xD73F, 0xCF3F, 0xD73F, 0xD75F, 0xDF5F, 0xBEBD, 0xB63B, 0x9577, 0x536F, 0x4B4D, 0x4B2D,
  0x534E, 0x532D, 0x42AC, 0x9D77, 0x6C32, 0x4B0E, 0x430E, 0x4B0E, 0x5BD1, 0x7474, 0x6433, 0x5BB1,
  0x53B2, 0x63D2, 0x6434, 0x6C34, 0x6414, 0x6C14, 0x6C34, 0x6C33, 0x5BF2, 0x5391, 0x4B6F, 0x5B8F,
  0x5BCF, 0x536D, 0x42CA, 0x42CA, 0x42EA, 0x42A9, 0x430A, 0x4AE9, 0x42CA, 0x42A9, 0x3AA9, 0x42A9,
  0x3A89, 0x3A48, 0x3247, 0x4AA9, 0x3228, 0x3249, 0x3208, 0x2A29, 0x3208, 0x29E8, 0x29C7, 0x2A08,
  0x4289, 0x5B8D, 0x4ACB, 0x3A49, 0x3A29, 0x3229, 0x3228, 0x3229, 0x29E8, 0x21A7, 0x2187, 0x21A7,
  0x29A7, 0x29E8, 0x3229, 0x3A6A, 0x3A69, 0x3AAA, 0x4ACA, 0x42AA, 0x530C, 0x42EB, 0x42AA, 0x42CB,
  0x4289, 0x3A89, 0x4AAA, 0x4B0C, 0x428A, 0x3A6A, 0x426A, 0x7431, 0x6BD1, 0x5B70, 0x530E, 0x42EE,
  0x63B1, 0x7454, 0x7434, 0x8517, 0xC67E, 0xBE9F, 0xC67F, 0xBE9F, 0xC69F, 0xBE9F, 0xC69F, 0xBE9F,
  0xC6BE, 0xC6DF, 0xC6BF, 0xBEBF, 0xC69E, 0xC6DF, 0xBE9D, 0x7CB6, 0xAE1B, 0x8D58, 0x9D99, 0xCF1F,
  0xC69D, 0xBE9D, 0xD71F, 0xCF1F, 0xD71F, 0xD71F, 0xD71F, 0xD71F, 0xD71F, 0xCF3F, 0xD73F, 0xCF3F,
  0xCEDD, 0xB65C, 0x9536, 0x9DB8, 0x6BEF, 0x534D, 0x532C, 0x4B2C, 0x4ACB, 0x4B0C, 0x42AB, 0x7C72,
  0x5B6E, 0x63D0, 0x63B0, 0x4B2E, 0x534E, 0x536F, 0x5B6F, 0x5390, 0x5B90, 0x5BD1, 0x5BD1, 0x5BF2,
  0x63F2, 0x6433, 0x63D1, 0x5BD1, 0x5B6F, 0x4B2E, 0x4B0B, 0x536C, 0x534A, 0x42E9, 0x4288, 0x3AA9,
  0x4AE9, 0x3AA8, 0x3A87, 0x42C8, 0x4287, 0x3A87, 0x3A46, 0x3AA8, 0x4287, 0x42A8, 0x42C8, 0x3A87,
  0x29E8, 0x3229, 0x21E8, 0x29E8, 0x2A09, 0x3229, 0x2A29, 0x29E8, 0x3269, 0x42A9, 0x3A8A, 0x4269,
  0x3249, 0x3208, 0x21C7, 0x29C7, 0x29E8, 0x29C8, 0x2187, 0x2167, 0x21A8, 0x29A8, 0x2A29, 0x3A4A,
  0x326A, 0x3A6A, 0x42CB, 0x530C, 0x4B2D, 0x42CB, 0x5BAE, 0x3249, 0x3A8A, 0x3A89, 0x3249, 0x3229,
  0x3249, 0x3A49, 0x3A8B, 0x6BD0, 0x7C54, 0x52EE, 0x42EE, 0x7453, 0x5BD2, 0x63B1, 0x84D7, 0xBE7D,
  0xB67E, 0xBE7E, 0xB67F, 0xBE5E, 0xB67F, 0xBE5E, 0xBE7F, 0xBE7F, 0xBE9F, 0x9D9B, 0xADFC, 0xC6BF,
  0xBE9F, 0xC69F, 0xBEDF, 0x7C75, 0x959A, 0x8D17, 0x9DBA, 0xB63C, 0x9DBA, 0xC6BE, 0xCEFF, 0xCEFF,
  0xCEFF, 0xD6FF, 0xCEFF, 0xD6FF, 0xCF1F, 0xD71F, 0xD73F, 0xB63C, 0x9DB9, 0x7454, 0x5B90, 0x6BF1,
  0x6C31, 0x4B0C, 0x430C, 0x4AEB, 0x3A8A, 0x3A49, 0x3AAC, 0x3A6A, 0x3AAB, 0x42AB, 0x430E, 0x4B0D,
  0x430D, 0x4B0E, 0x4B4F, 0x534F, 0x5391, 0x5BB1, 0x53B1, 0x5BB1, 0x6413, 0x5391, 0x5390, 0x4B2F,
  0x42ED, 0x42CD, 0x4B2C, 0x4B0B, 0x4B4A, 0x42A8, 0x3AA9, 0x3A68, 0x3A88, 0x4288, 0x3AC9, 0x3A47,
  0x3247, 0x2A05, 0x2A47, 0x3A67, 0x3A88, 0x3A67, 0x3267, 0x2A05, 0x29C6, 0x3228, 0x3A28, 0x3228,
  0x29C6, 0x29E7, 0x3228, 0x3A69, 0x52EA, 0x4289, 0x4249, 0x428A, 0x3A49, 0x29C7, 0x2186, 0x1966,
  0x2986, 0x29C7, 0x2986, 0x21A7, 0x29A6, 0x21A7, 0x2186, 0x21C7, 0x29E7, 0x3228, 0x4289, 0x42CA,
  0x3A68, 0x3228, 0x5B8D, 0x3AA9, 0x3227, 0x3A89, 0x3A68, 0x3248, 0x3227, 0x3248, 0x4ACB, 0x532D,
  0x5B8E, 0x42CC, 0x532E, 0x63F1, 0x4B0E, 0x5BB1, 0x9D9A, 0xB67E, 0xBE5E, 0xB67F, 0xBE7E, 0xBE7F,
  0xBE9E, 0xBE9F, 0xBE9E, 0xC6DF, 0xB63C, 0x7475, 0x84D6, 0xBEBE, 0xCEDE, 0xBEBE, 0x9537, 0x7CB5,
  0x8D16, 0x9578, 0x9DB9, 0x7495, 0x9559, 0xBEDF, 0xCEDF, 0xCEFF, 0xCEFF, 0xCEFF, 0xD6FF, 0xCF1F,
  0xD73F, 0xC6FF, 0xD73F, 0xAE3C, 0xA5B8, 0x8D37, 0x5B8E, 0x84D4, 0x7C91, 0x42EB, 0x42A9, 0x3A89,
  0x3A8A, 0x3A6A, 0x3A49, 0x3A8A, 0x3A6A, 0x3A6A, 0x3A8A, 0x3AAB, 0x428B, 0x42ED, 0x4AED, 0x4B2E,
  0x532D, 0x5BD0, 0x5B8E, 0x63CF, 0x5B6E, 0x538F, 0x5B6D, 0x4B4D, 0x4B0A, 0x4B2B, 0x5B69, 0x534A,
  0x63CA, 0x63EA, 0x5B89, 0x3265, 0x3225, 0x42C8, 0x4AC8, 0x42A8, 0x4267, 0x3A67, 0x3A46, 0x2A05,
  0x31E5, 0x29E5, 0x3226, 0x3246, 0x29E8, 0x29C7, 0x3228, 0x3208, 0x21A6, 0x1965, 0x21A7, 0x29E7,
  0x3228, 0x3A69, 0x3A49, 0x3A49, 0x3A6A, 0x3A29, 0x21A7, 0x2166, 0x1946, 0x1946, 0x21A7, 0x2187,
  0x1986, 0x2186, 0x21C7, 0x21A7, 0x21A7, 0x29C7, 0x3A69, 0x42AA, 0x2A28, 0x3A69, 0x4B2C, 0x4289,
  0x3228, 0x3228, 0x2A28, 0x3228, 0x534C, 0x530B, 0x5B6E, 0x4ACC, 0x324A, 0x3229, 0x328C, 0x3A6B,
  0x42EE, 0x5B91, 0x7C97, 0x9D7A, 0x9D9B, 0xA5DC, 0xA5FD, 0xADFD, 0xA61D, 0xADFD, 0xAE3D, 0xADFC,
  0x8518, 0x84D7, 0x6C55, 0x8CF7, 0x8D38, 0xADFB, 0x9DD9, 0x7C94, 0x84F6, 0x84F6, 0x7CF6, 0x7495,
  0xA5FC, 0xB65D, 0xBE9F, 0xCEDF, 0xCF1F, 0xD71F, 0xBEBE, 0xB63C, 0xB67E, 0x8496, 0xA5FB, 0x9D79,
  0x84D6, 0x7412, 0x536F, 0x4B0D, 0x3AAA, 0x42CA, 0x3269, 0x3228, 0x3A8A, 0x2A08, 0x2A09, 0x3209,
  0x324A, 0x3A4A, 0x326B, 0x324A, 0x3A8C, 0x3A8B, 0x3ACD, 0x42ED, 0x4B4E, 0x5B6E, 0x5BAF, 0x5B8F,
  0x430D, 0x4B2D, 0x4B2C, 0x532C, 0x42EA, 0x42CA, 0x5BCC, 0x5B6A, 0x4B28, 0x5B89, 0x5BCB, 0x5349,
  0x3AA8, 0x3226, 0x3226, 0x29E5, 0x2A26, 0x3226, 0x21E5, 0x29E5, 0x21C5, 0x29C5, 0x29E6, 0x3206,
  0x3A27, 0x29E6, 0x29C6, 0x29E6, 0x29A5, 0x21C6, 0x29A6, 0x29C6, 0x3207, 0x3A69, 0x3A48, 0x3228,
  0x31C7, 0x29E7, 0x3207, 0x29E7, 0x29A6, 0x2186, 0x2165, 0x29C7, 0x2185, 0x21C7, 0x3227, 0x29E7,
  0x2185, 0x21C7, 0x3A48, 0x42CA, 0x4288, 0x3AA9, 0x5B6C, 0x3A88, 0x31E6, 0x21C6, 0x29C5, 0x3A88,
  0x5309, 0x4B29, 0x5B6B, 0x5B6B, 0x530C, 0x42CB, 0x534D, 0x534E, 0x4B0E, 0x5370, 0x7453, 0x7495,
  0x84F8, 0x8539, 0x8D38, 0x8D39, 0x8538, 0x8538, 0x8517, 0x6C75, 0x7454, 0x6C33, 0x6C33, 0x6C54,
  0x7CD5, 0x6C54, 0x7C73, 0x6C32, 0x6C31, 0x6C73, 0x6C33, 0x8517, 0x8518, 0x8D79, 0x957A, 0x95BB,
  0xAE3C, 0xA61C, 0x8D37, 0x8D58, 0x7474, 0x6413, 0x63CF, 0x63F0, 0x6BED, 0x5B8B, 0x532A, 0x536C,
  0x532B, 0x3AA9, 0x3227, 0x3AA9, 0x3207, 0x2A07, 0x29C6, 0x3269, 0x3A88, 0x3289, 0x3A69, 0x3269,
  0x3A6A, 0x326A, 0x42AA, 0x42EC, 0x42CA, 0x4B2C, 0x63CD, 0x5BCD, 0x5B4B, 0x42EA, 0x4AE8, 0x5BAB,
  0x63A9, 0x5389, 0x5B68, 0x5BA9, 0x5B68, 0x5389, 0x5307, 0x4B27, 0x5307, 0x4AE7, 0x3A46, 0x3246,
  0x3225, 0x3246, 0x3225, 0x2A05, 0x2164, 0x29E6, 0x31E5, 0x21C5, 0x2A07, 0x29C6, 0x21A6, 0x29C6,
  0x29E7, 0x29C6, 0x21C7, 0x29C6, 0x29E7, 0x31E7, 0x3229, 0x3A08, 0x3A49, 0x3A49, 0x3A49, 0x2165,
  0x21A7, 0x2186, 0x1125, 0x29A7, 0x2A08, 0x29C7, 0x21E7, 0x3228, 0x19A6, 0x2186, 0x29E7, 0x3A48,
  0x42CA, 0x4289, 0x42EA, 0x3A68, 0x29E7, 0x3228, 0x3248, 0x3A48, 0x3AA8, 0x42A7, 0x4B0A, 0x534B,
  0x534D, 0x5B6E, 0x5BD0, 0x6C11, 0x5370, 0x5B70, 0x53B2, 0x6C33, 0x7CF8, 0x7CB7, 0x7CD7, 0x7CB7,
  0x74D7, 0x7CF7, 0x7CD6, 0x5BD2, 0x63F2, 0x63B1, 0x6C34, 0x6C13, 0x7495, 0x84F6, 0x6433, 0x5BB1,
  0x5BF1, 0x63D0, 0x6C54, 0x7CD6, 0x74B7, 0x7CF7, 0x7CF8, 0x7497, 0x6C75, 0x6C14, 0x6C54, 0x7454,
  0x6434, 0x63D2, 0x5BAF, 0x6C11, 0x744F, 0x740E, 0x538D, 0x532B, 0x42EA, 0x42A9, 0x3269, 0x3A69,
  0x3A6A, 0x3228, 0x21C7, 0x5B6D, 0x5BAE, 0x5B8D, 0x326A, 0x3A49, 0x324A, 0x3A6A, 0x3ACB, 0x3A8A,
  0x3ACB, 0x4B0C, 0x538D, 0x5B8C, 0x5B8D, 0x534B, 0x4B4A, 0x5B6A, 0x63EB, 0x63EA, 0x5BCA, 0x4B27,
  0x4B28, 0x5327, 0x42E7, 0x3A64, 0x3AA6, 0x4B08, 0x3267, 0x3A87, 0x3A87, 0x3A46, 0x3A88, 0x3205,
  0x21A5, 0x29C6, 0x21C5, 0x29C5, 0x2985, 0x29E6, 0x3207, 0x2A07, 0x3206, 0x3248, 0x29C6, 0x29E6,
  0x3A28, 0x3208, 0x31C7, 0x3208, 0x3207, 0x3228, 0x3207, 0x21A6, 0x2185, 0x1986, 0x2165, 0x1986,
  0x29A6, 0x29C7, 0x3207, 0x3228, 0x3207, 0x29E7, 0x29A6, 0x29E7, 0x4288, 0x3A68, 0x31E6, 0x3227,
  0x3206, 0x3A68, 0x4288, 0x3A68, 0x4268, 0x3A68, 0x3A27, 0x42AA, 0x4AEB, 0x4AEB, 0x4AEB, 0x4B0C,
  0x534D, 0x538E, 0x63AE, 0x6C51, 0x7451, 0x7451, 0x6C10, 0x6C51, 0x7CB3, 0x7CD3, 0x7C52, 0x6C12,
  0x63B0, 0x5BB0, 0x63AF, 0x63D0, 0x6BF0, 0x84F5, 0x7C72, 0x5B8E, 0x63AF, 0x63F0, 0x7472, 0x7492,
  0x7473, 0x7494, 0x7453, 0x7473, 0x6C32, 0x6C33, 0x6C11, 0x6C11, 0x63CF, 0x5B8E, 0x6BCC, 0x6C2D,
  0x742C, 0x5BCB, 0x4AC8, 0x42E9, 0x42C7, 0x5349, 0x3A88, 0x3248, 0x42A9, 0x3A68, 0x29E6, 0x42CA,
  0x532B, 0x4B0A, 0x3227, 0x3A69, 0x4289, 0x4B0B, 0x532B, 0x5B6C, 0x4B2A, 0x430A, 0x4B08, 0x4B29,
  0x63E8, 0x6409, 0x6C0A, 0x63C9, 0x63E8, 0x5BA8, 0x5BA8, 0x4B47, 0x42A6, 0x42E7, 0x4286, 0x4B08,
  0x3A66, 0x3AA7, 0x42C7, 0x3266, 0x3A66, 0x3266, 0x3205, 0x29E5, 0x29C4, 0x21C5, 0x29C4, 0x29E5,
  0x21A5, 0x2164, 0x21A6, 0x2185, 0x21A6, 0x29C6, 0x21C6, 0x29C6, 0x3208, 0x29A6, 0x29C7, 0x29A6,
  0x2A08, 0x29E7, 0x29C7, 0x29A6, 0x2186, 0x1945, 0x1986, 0x1945, 0x1125, 0x1945, 0x21A7, 0x1965,
  0x1986, 0x2185, 0x21C7, 0x29A6, 0x2A27, 0x3227, 0x3227, 0x3227, 0x2A27, 0x3207, 0x3248, 0x3A27,
  0x2A07, 0x29E6, 0x42AA, 0x3228, 0x3249, 0x3A69, 0x326A, 0x3A6A, 0x4B2C, 0x42EB, 0x4B4D, 0x536D,
  0x63F0, 0x7451, 0x6410, 0x6C10, 0x7CD4, 0x6C31, 0x5B90, 0x5B90, 0x63F1, 0x5B4F, 0x536E, 0x532D,
  0x5B90, 0x63D0, 0x6C31, 0x5B6E, 0x4B4E, 0x536E, 0x538F, 0x63F0, 0x63F1, 0x63F1, 0x6C33, 0x6C12,
  0x5BD2, 0x5BB1, 0x5BD1, 0x5B8F, 0x538F, 0x5B6E, 0x536B, 0x6BED, 0x63EC, 0x4AE8, 0x3287, 0x532A,
  0x5B8B, 0x4AE8, 0x3269, 0x29E7, 0x2A07, 0x29E7, 0x21C6, 0x21A6, 0x3A89, 0x532B, 0x3228, 0x4AEB,
  0x5B8D, 0x63AD, 0x5BAD, 0x5B6C, 0x42EA, 0x532B, 0x5BAB, 0x5BAB, 0x6C6B, 0x63E9, 0x5368, 0x5347,
  0x4B26, 0x4B06, 0x4B48, 0x4B26, 0x4B08, 0x42C7, 0x3246, 0x3A45, 0x3286, 0x3245, 0x3AA7, 0x42A7,
  0x3246, 0x3205, 0x21E5, 0x2184, 0x21A5, 0x21A4, 0x21A4, 0x29E5, 0x29C5, 0x2185, 0x2164, 0x29C6,
  0x29A5, 0x29E6, 0x31E6, 0x3227, 0x29C6, 0x21C6, 0x3207, 0x29E7, 0x3207, 0x29E7, 0x2185, 0x2185,
  0x2165, 0x1985, 0x29A6, 0x21A6, 0x1904, 0x1124, 0x2165, 0x1965, 0x1104, 0x1965, 0x2165, 0x29C7,
  0x3207, 0x3227, 0x3A47, 0x3247, 0x31E6, 0x21C6, 0x29A5, 0x21A6, 0x29A6, 0x29C6, 0x5AEB, 0x3A28,
  0x3208, 0x428A, 0x4269, 0x3A6A, 0x4ACB, 0x4B2D, 0x532C, 0x4B0C, 0x5B6D, 0x63EF, 0x742F, 0x5BCE,
  0x6BEE, 0x5BAE, 0x532C, 0x5B6D, 0x5B4D, 0x4B0C, 0x530C, 0x532D, 0x4AEA, 0x5B8D, 0x6C0E, 0x536C,
  0x4B0B, 0x430C, 0x5B6E, 0x5BAF, 0x63AE, 0x5BCF, 0x744F, 0x6C2F, 0x5B6D, 0x5B8E, 0x638D, 0x532C,
  0x638B, 0x63CC, 0x5B68, 0x6C2B, 0x5B8A, 0x42E8, 0x4AC7, 0x5349, 0x4B08, 0x3266, 0x3207, 0x29E6,
  0x29E6, 0x29E6, 0x29A6, 0x21C6, 0x4286, 0x6C0C, 0x6C0A, 0x6C4C, 0x742B, 0x63EA, 0x6C0B, 0x63EA,
  0x5B69, 0x5369, 0x6C09, 0x63E8, 0x5B87, 0x5367, 0x63A8, 0x5BA8, 0x5306, 0x4B06, 0x5307, 0x4B06,
  0x4285, 0x3245, 0x3A44, 0x42C7, 0x4AC7, 0x3225, 0x3205, 0x3A67, 0x3A46, 0x21C4, 0x31E5, 0x29E5,
  0x29C4, 0x21C5, 0x29C4, 0x29E5, 0x2A07, 0x2184, 0x1965, 0x29A5, 0x21C6, 0x29A5, 0x29E6, 0x29A5,
  0x29C7, 0x29C6, 0x2A08, 0x3207, 0x29C7, 0x29A6, 0x1986, 0x1945, 0x1145, 0x1103, 0x0904, 0x1103,
  0x1104, 0x2986, 0x1986, 0x2165, 0x21A7, 0x2186, 0x1965, 0x29C6, 0x21C6, 0x29C6, 0x2A07, 0x29A5,
  0x21A6, 0x2185, 0x21A6, 0x2165, 0x1965, 0x2986, 0x530C, 0x31E7, 0x29C8, 0x3208, 0x42AB, 0x428A,
  0x3A8B, 0x4ACB, 0x536E, 0x5B4D, 0x42EB, 0x532C, 0x63EF, 0x536D, 0x538D, 0x5B8D, 0x532D, 0x5B4D,
  0x4B0C, 0x4ACB, 0x532D, 0x530C, 0x4B0B, 0x5B6D, 0x63EE, 0x4AEA, 0x42EC, 0x4B2C, 0x536F, 0x536E,
  0x5BAE, 0x7431, 0x63EF, 0x6BEE, 0x4B2D, 0x4AEC, 0x534D, 0x530C, 0x534B, 0x63AC, 0x746D, 0x6C0B,
  0x4B09, 0x3A87, 0x534A, 0x5309, 0x534A, 0x3246, 0x21C6, 0x2185, 0x29E7, 0x29E6, 0x21C7, 0x29A6,
  0x42C7, 0x63CB, 0x63EB, 0x63EA, 0x6C4C, 0x63CA, 0x640B, 0x742B, 0x63CB, 0x63AA, 0x6C2A, 0x5367,
  0x5367, 0x4B06, 0x4B27, 0x4B06, 0x42E7, 0x4285, 0x3AA5, 0x4AE6, 0x3266, 0x42A6, 0x4B08, 0x4B07,
  0x3266, 0x29E4, 0x21C4, 0x29E5, 0x3246, 0x3A46, 0x3A67, 0x21A4, 0x1984, 0x29C5, 0x2A06, 0x21A4,
  0x3206, 0x2A06, 0x2163, 0x1984, 0x29A4, 0x29E5, 0x29C5, 0x21A5, 0x1943, 0x21A5, 0x2185, 0x21A5,
  0x29A5, 0x1965, 0x2164, 0x1124, 0x1103, 0x1124, 0x1103, 0x08E3, 0x10E3, 0x1104, 0x1924, 0x1985,
  0x29C6, 0x21A6, 0x2165, 0x29C6, 0x29C5, 0x3207, 0x3206, 0x29E6, 0x31E6, 0x3A68, 0x4268, 0x3A48,
  0x29C6, 0x29E7, 0x6B6D, 0x4AAA, 0x3A28, 0x3A69, 0x4289, 0x4AEB, 0x4ACA, 0x3227, 0x4289, 0x5B6D,
  0x5B4D, 0x5B6D, 0x6BCC, 0x6C0E, 0x638C, 0x4B2B, 0x4ACA, 0x4AEB, 0x530B, 0x4ACA, 0x4ACA, 0x4AEB,
  0x530B, 0x530C, 0x532B, 0x534C, 0x5B6C, 0x5B8D, 0x4AEA, 0x4B0B, 0x5B4A, 0x536B, 0x4B09, 0x536B,
  0x4AAA, 0x42AA, 0x4AEA, 0x4B0B, 0x5308, 0x640C, 0x6BE9, 0x5BA8, 0x5328, 0x3A86, 0x5308, 0x42E8,
  0x42A7, 0x3267, 0x21A4, 0x21A4, 0x29A5, 0x21A5, 0x2984, 0x21A5, 0x42A6, 0x5349, 0x4AE6, 0x5368,
  0x5328, 0x5348, 0x5B88, 0x5B88, 0x63A7, 0x63E8, 0x5B87, 0x5346, 0x5327, 0x4B07, 0x42C5, 0x3A85,
  0x42A6, 0x3265, 0x3A45, 0x4B08, 0x42A5, 0x4B07, 0x52E6, 0x3A85, 0x4286, 0x3A66, 0x3205, 0x21C4,
  0x29E4, 0x3225, 0x31E5, 0x21A4, 0x2184, 0x2184, 0x2183, 0x29E5, 0x21C5, 0x29E5, 0x2A26, 0x29E5,
  0x2A26, 0x3206, 0x21C6, 0x3207, 0x3227, 0x29C6, 0x1985, 0x29C6, 0x1985, 0x1103, 0x0904, 0x10E3,
  0x0904, 0x1924, 0x1124, 0x1103, 0x1124, 0x1944, 0x0904, 0x1924, 0x1965, 0x2165, 0x1965, 0x2185,
  0x2185, 0x2185, 0x21A6, 0x2185, 0x21C6, 0x29C5, 0x21A5, 0x29C6, 0x29C6, 0x3207, 0x73EF, 0x4269,
  0x3A49, 0x3A08, 0x3A49, 0x52EB, 0x5B8D, 0x5B4C, 0x4ACB, 0x4289, 0x4AEB, 0x5B6D, 0x5BAD, 0x5B4B,
  0x5B8D, 0x530A, 0x4AEB, 0x52EB, 0x4AEB, 0x4AAA, 0x3A8A, 0x42AA, 0x42AA, 0x4AAA, 0x42CA, 0x4289,
  0x3289, 0x4AEA, 0x4B0B, 0x5B6D, 0x63CD, 0x4B09, 0x42C9, 0x4AE9, 0x3A69, 0x4269, 0x3A8A, 0x4ACA,
  0x42E8, 0x5B8B, 0x63EA, 0x5B88, 0x5B8A, 0x5308, 0x42C7, 0x42C7, 0x3287, 0x29E5, 0x21A5, 0x29C5,
  0x3A48, 0x29A5, 0x3248, 0x3207, 0x42E7, 0x4AE7, 0x5BCA, 0x4AE6, 0x3A86, 0x4B07, 0x4306, 0x42C5,
  0x5367, 0x5B66, 0x4B47, 0x4AE5, 0x5348, 0x42A5, 0x3AA6, 0x42C6, 0x3A86, 0x3A65, 0x2A04, 0x3A65,
  0x3224, 0x3A64, 0x3A65, 0x4285, 0x42E8, 0x3A66, 0x3226, 0x21A4, 0x21C4, 0x21A4, 0x21A5, 0x29A4,
  0x21A5, 0x29C5, 0x21C4, 0x3205, 0x1923, 0x1944, 0x29A5, 0x2A06, 0x3246, 0x2A26, 0x21A4, 0x21A5,
  0x31E6, 0x3207, 0x2165, 0x2185, 0x2985, 0x29E7, 0x2185, 0x1144, 0x2185, 0x29C6, 0x2985, 0x1944,
  0x10E3, 0x1104, 0x10E3, 0x1144, 0x2165, 0x1965, 0x2164, 0x21A6, 0x29A5, 0x21A5, 0x2184, 0x29E6,
  0x31E6, 0x2185, 0x1924, 0x2185, 0x2165, 0x29C6, 0x5B2B, 0x3A48, 0x3227, 0x3248, 0x4ACA, 0x4ACA,
  0x52E9, 0x5B6B, 0x63AB, 0x63AC, 0x4AC9, 0x4AC9, 0x634C, 0x5B2C, 0x52C9, 0x530A, 0x530B, 0x4AEA,
  0x4269, 0x3A48, 0x4289, 0x4ACA, 0x4A89, 0x42AA, 0x4289, 0x42CA, 0x3A48, 0x3AA9, 0x5329, 0x5BAB,
  0x5B8A, 0x42E8, 0x42A9, 0x4AEA, 0x4269, 0x3249, 0x3208, 0x3A49, 0x3A26, 0x3247, 0x5B68, 0x5B89,
  0x5B67, 0x4B47, 0x4B06, 0x42E6, 0x3A46, 0x29E4, 0x29C4, 0x21C4, 0x31C5, 0x3206, 0x4AA8, 0x4288,
  0x3A85, 0x3AA6, 0x4AC7, 0x3265, 0x3A65, 0x3A86, 0x3A65, 0x4B07, 0x5B87, 0x5387, 0x5347, 0x5367,
  0x5328, 0x3A85, 0x3A44, 0x3245, 0x3A44, 0x3A65, 0x42A6, 0x29E4, 0x31E3, 0x4286, 0x4AC7, 0x3245,
  0x31E4, 0x29C4, 0x29A3, 0x29E4, 0x29C4, 0x29E4, 0x29A4, 0x29C5, 0x29E4, 0x21C4, 0x29E4, 0x3225,
  0x1124, 0x1924, 0x1985, 0x2164, 0x1984, 0x29C5, 0x1985, 0x2164, 0x21A5, 0x21A5, 0x2186, 0x1944,
  0x21C6, 0x29A6, 0x1144, 0x1944, 0x0903, 0x10E3, 0x08E3, 0x08C2, 0x08C3, 0x08C3, 0x0904, 0x1924,
  0x21A6, 0x29A6, 0x2186, 0x2985, 0x21A6, 0x29C6, 0x29E6, 0x21A5, 0x1985, 0x1924, 0x1944, 0x2165,
  0x2165, 0x2986, 0x636D, 0x3A28, 0x2A07, 0x3A28, 0x4ACA, 0x4ACA, 0x3247, 0x4288, 0x42C9, 0x636B,
  0x532C, 0x3A27, 0x4ACA, 0x52CA, 0x42AA, 0x4AA9, 0x4B0B, 0x4AA9, 0x3248, 0x3A48, 0x3A89, 0x4269,
  0x428A, 0x4269, 0x42EB, 0x4289, 0x2A28, 0x3A48, 0x3AA8, 0x4AE8, 0x42E8, 0x42C8, 0x42EA, 0x4288,
  0x3208, 0x31E7, 0x29E8, 0x3208, 0x3A88, 0x4AE9, 0x5369, 0x5B48, 0x4307, 0x5347, 0x5369, 0x5348,
  0x3AA7, 0x3225, 0x2A06, 0x29C4, 0x3227, 0x3A27, 0x3A67, 0x3A26, 0x3245, 0x3224, 0x3245, 0x3A45,
  0x3A86, 0x42A6, 0x3265, 0x42A6, 0x3AC5, 0x42E5, 0x42E6, 0x42C5, 0x3265, 0x2A04, 0x2A24, 0x3224,
  0x2A04, 0x3A65, 0x3246, 0x29E4, 0x29E4, 0x3A45, 0x3245, 0x31E4, 0x1963, 0x29A4, 0x21C4, 0x29A3,
  0x29C4, 0x29C4, 0x29E6, 0x31C5, 0x3226, 0x21A4, 0x2A05, 0x29E4, 0x2182, 0x2183, 0x29A5, 0x1123,
  0x1122, 0x1964, 0x1943, 0x1964, 0x2985, 0x1965, 0x1924, 0x2185, 0x2164, 0x1944, 0x1903, 0x1103,
  0x08A1, 0x08C2, 0x08A2, 0x08C2, 0x10E2, 0x08E3, 0x1103, 0x1944, 0x2164, 0x29C6, 0x29A5, 0x1944,
  0x1923, 0x2185, 0x29C5, 0x3227, 0x29A5, 0x1985, 0x2164, 0x1964, 0x2124, 0x29A6, 0x73AE, 0x4A89,
  0x3206, 0x3207, 0x3A27, 0x3228, 0x3207, 0x3A68, 0x4288, 0x4AEA, 0x4268, 0x3227, 0x4268, 0x3A68,
  0x4AA9, 0x4289, 0x4289, 0x4289, 0x4248, 0x3A48, 0x4268, 0x3A48, 0x4288, 0x4ACA, 0x52E9, 0x3A67,
  0x3207, 0x3227, 0x3A67, 0x42E9, 0x3A65, 0x2A04, 0x42A5, 0x42E7, 0x3A45, 0x3A86, 0x4287, 0x3247,
  0x5308, 0x4308, 0x5327, 0x5348, 0x42E6, 0x3A85, 0x5307, 0x42E6, 0x42A6, 0x3266, 0x29C4, 0x29E5,
  0x3206, 0x3A68, 0x3A46, 0x3A66, 0x5306, 0x4B07, 0x42C5, 0x42C5, 0x5327, 0x42E7, 0x42A6, 0x3A86,
  0x5347, 0x4B06, 0x3A65, 0x3224, 0x31E4, 0x2A04, 0x31E4, 0x29E5, 0x31E4, 0x29E4, 0x29C4, 0x29E5,
  0x4285, 0x3AA6, 0x3225, 0x3225, 0x29C3, 0x3246, 0x3A45, 0x3A65, 0x3A25, 0x2A04, 0x31C5, 0x31E5,
  0x3A25, 0x29E5, 0x2183, 0x1963, 0x4AE9, 0x4287, 0x1964, 0x1103, 0x1123, 0x1943, 0x1964, 0x1943,
  0x1144, 0x1103, 0x1104, 0x2165, 0x1124, 0x2144, 0x1965, 0x10C2, 0x1103, 0x10E3, 0x08C3, 0x10E3,
  0x1985, 0x2165, 0x1965, 0x2165, 0x1965, 0x29C6, 0x3207, 0x4268, 0x3207, 0x2185, 0x1123, 0x1943,
  0x1985, 0x2164, 0x1965, 0x2185, 0x29A6, 0x31C6, 0x634D, 0x31A6, 0x29C6, 0x3A27, 0x29E7, 0x3207,
  0x3248, 0x29E6, 0x3227, 0x4AA9, 0x42A9, 0x3A28, 0x3248, 0x3A48, 0x3248, 0x4288, 0x3A89, 0x4269,
  0x3A49, 0x3A28, 0x3A49, 0x4248, 0x3A89, 0x4ACA, 0x4B0A, 0x3226, 0x3227, 0x3227, 0x21E5, 0x3A67,
  0x42C7, 0x42C7, 0x5BAA, 0x638A, 0x5B8B, 0x5329, 0x534B, 0x42C9, 0x3266, 0x4B08, 0x5368, 0x5347,
  0x3AA6, 0x3A85, 0x42E7, 0x3A85, 0x3A87, 0x3A45, 0x21C5, 0x21A4, 0x29C5, 0x3A67, 0x3A67, 0x4267,
  0x42E7, 0x4285, 0x42E6, 0x3A64, 0x42E7, 0x3A44, 0x3265, 0x4286, 0x42E6, 0x3A84, 0x3245, 0x3A65,
  0x3226, 0x3225, 0x21A4, 0x2162, 0x29E5, 0x42A7, 0x29E5, 0x31E5, 0x42E7, 0x4285, 0x29E5, 0x1942,
  0x21C4, 0x29C4, 0x2A04, 0x4265, 0x3A66, 0x31E4, 0x3A47, 0x3A26, 0x2A05, 0x29A4, 0x21A4, 0x2163,
  0x29C3, 0x3A86, 0x29A5, 0x1123, 0x10E2, 0x1924, 0x2163, 0x2184, 0x2143, 0x1102, 0x1903, 0x1123,
  0x2144, 0x2165, 0x2144, 0x1944, 0x2164, 0x1124, 0x1103, 0x1103, 0x1943, 0x1985, 0x1923, 0x21A5,
  0x3228, 0x3228, 0x6309, 0x7BCD, 0x7B28, 0x7308, 0x5287, 0x31A4, 0x2164, 0x1944, 0x2123, 0x1964,
  0x2144, 0x3207, 0x7BEF, 0x4269, 0x3A27, 0x3A28, 0x3206, 0x29C6, 0x29A5, 0x21A5, 0x29A5, 0x3207,
  0x3A47, 0x3227, 0x3A07, 0x3A28, 0x4267, 0x42C9, 0x3A27, 0x3227, 0x3A27, 0x3A48, 0x4248, 0x4269,
  0x4A88, 0x4AC9, 0x4288, 0x3A67, 0x3A67, 0x3226, 0x4266, 0x3A66, 0x3A67, 0x3AA8, 0x5329, 0x536A,
  0x5349, 0x3AA7, 0x4267, 0x3A67, 0x42C6, 0x4B28, 0x5308, 0x3245, 0x3225, 0x3A87, 0x4B07, 0x3A85,
  0x4286, 0x3266, 0x29C4, 0x1984, 0x29A4, 0x2A06, 0x31E4, 0x3246, 0x3224, 0x3245, 0x4AE6, 0x3AA5,
  0x3244, 0x3245, 0x42C6, 0x3AA6, 0x4265, 0x3224, 0x31E4, 0x29E4, 0x3A04, 0x4287, 0x29C4, 0x2183,
  0x2183, 0x29E5, 0x3204, 0x3A66, 0x29E3, 0x3245, 0x29E3, 0x29E4, 0x4265, 0x3224, 0x3203, 0x3224,
  0x3A04, 0x4245, 0x4247, 0x3A27, 0x31C5, 0x1943, 0x2163, 0x1964, 0x21E4, 0x3205, 0x1924, 0x08C2,
  0x08E3, 0x10E2, 0x1143, 0x2184, 0x21A5, 0x2184, 0x1124, 0x10E3, 0x1103, 0x1924, 0x2185, 0x2985,
  0x1965, 0x10E3, 0x1124, 0x1923, 0x1965, 0x1964, 0x1985, 0x21A6, 0x21C7, 0x3208, 0x52A8, 0x5AA8,
  0x62C7, 0x72E7, 0x632A, 0x5267, 0x21C6, 0x2164, 0x1965, 0x1924, 0x1124, 0x29A6, 0x634D, 0x31A6,
  0x2185, 0x2144, 0x1144, 0x2185, 0x1985, 0x29A5, 0x21C6, 0x21A5, 0x29E7, 0x3207, 0x3207, 0x3A07,
  0x3A68, 0x4288, 0x3A69, 0x3A48, 0x3A28, 0x3A07, 0x3A48, 0x3A27, 0x3A68, 0x4288, 0x3247, 0x3A27,
  0x3267, 0x3A47, 0x4AE9, 0x740D, 0x6C2E, 0x63CD, 0x5BCC, 0x63CC, 0x5BAB, 0x3225, 0x21E5, 0x29E5,
  0x42E7, 0x4AE8, 0x3266, 0x21A3, 0x21C4, 0x3225, 0x42C7, 0x3A65, 0x3A87, 0x3A45, 0x21C5, 0x21A4,
  0x21C5, 0x21A4, 0x29E5, 0x29C4, 0x21E4, 0x3A45, 0x3244, 0x3244, 0x3265, 0x3A45, 0x3A85, 0x3244,
  0x21C3, 0x3224, 0x3246, 0x3A25, 0x3225, 0x31E4, 0x21A4, 0x3205, 0x2184, 0x3205, 0x42C7, 0x3225,
  0x21C4, 0x29C4, 0x21A3, 0x29E4, 0x3265, 0x3204, 0x3245, 0x31E4, 0x4266, 0x31E3, 0x3A27, 0x4227,
  0x2185, 0x10E1, 0x1123, 0x1923, 0x42A7, 0x29E4, 0x31E5, 0x08E2, 0x10E2, 0x1103, 0x2963, 0x3A47,
  0x4A47, 0x4247, 0x2144, 0x1123, 0x1923, 0x2165, 0x2965, 0x1924, 0x1903, 0x1944, 0x10E2, 0x08E2,
  0x10E2, 0x1103, 0x1903, 0x1944, 0x1923, 0x1964, 0x18E2, 0x2964, 0x31A4, 0x1902, 0x3184, 0x31A5,
  0x2123, 0x2164, 0x2984, 0x2185, 0x2124, 0x29A6, 0x738D, 0x29A6, 0x2144, 0x2164, 0x2184, 0x21A5,
  0x31E6, 0x2A06, 0x29A5, 0x29C6, 0x31C6, 0x3A27, 0x31C6, 0x3227, 0x3A27, 0x4289, 0x3A48, 0x3227,
  0x3A28, 0x3A48, 0x3A07, 0x29E6, 0x3A47, 0x3A68, 0x3A26, 0x31E5, 0x41A3, 0x5A86, 0x6A87, 0x7B4B,
  0xA4D3, 0xC5F8, 0xB61B, 0xA5DA, 0xA5BB, 0x84F8, 0x5B91, 0x21EA, 0x29E7, 0x2A07, 0x31E6, 0x21C6,
  0x21A2, 0x42E8, 0x5328, 0x3A85, 0x29C4, 0x29E4, 0x29E4, 0x21C3, 0x29A5, 0x21A5, 0x29A4, 0x2A05,
  0x3204, 0x3245, 0x29E3, 0x3245, 0x42A6, 0x21E3, 0x3204, 0x2A04, 0x31E4, 0x3225, 0x3204, 0x3225,
  0x29A3, 0x21C3, 0x29E3, 0x3225, 0x2182, 0x21A3, 0x3224, 0x2A04, 0x29E3, 0x29E4, 0x29E3, 0x21A3,
  0x3A24, 0x3245, 0x31E4, 0x21A3, 0x4225, 0x3A46, 0x2965, 0x3A28, 0x1942, 0x1122, 0x29E4, 0x21C4,
  0x2A26, 0x0901, 0x21A5, 0x1923, 0x10E3, 0x10C2, 0x1102, 0x2964, 0x2984, 0x31A4, 0x21A6, 0x10E3,
  0x1104, 0x2144, 0x1924, 0x10E3, 0x2165, 0x2144, 0x1124, 0x10E3, 0x08E2, 0x10E2, 0x1124, 0x2144,
  0x2186, 0x2144, 0x2144, 0x3184, 0x2164, 0x18E2, 0x2164, 0x2943, 0x1103, 0x2165, 0x2165, 0x2144,
  0x2145, 0x2965, 0x634D, 0x31A6, 0x21A6, 0x2985, 0x1985, 0x2165, 0x21C6, 0x2184, 0x1944, 0x2144,
  0x21A6, 0x3A07, 0x29C6, 0x29A6, 0x3A48, 0x4268, 0x2A07, 0x3A28, 0x3A69, 0x4248, 0x3A28, 0x31E7,
  0x3227, 0x3A27, 0x3206, 0x3A27, 0x5AA7, 0x7329, 0x72E9, 0x72C8, 0x5AAB, 0x734D, 0x84B6, 0xA599,
  0x9DBC, 0x9D9B, 0x9DDA, 0x9558, 0x6C30, 0x3248, 0x29E7, 0x21A5, 0x21E4, 0x5329, 0x5369, 0x3A65,
  0x2A25, 0x29E4, 0x3267, 0x29E4, 0x29E7, 0x3A07, 0x1984, 0x29C5, 0x2A25, 0x3225, 0x3245, 0x3224,
  0x2A45, 0x3225, 0x2A04, 0x3225, 0x3226, 0x29C4, 0x21C4, 0x29C4, 0x21E4, 0x3205, 0x3246, 0x3225,
  0x2A25, 0x29C4, 0x2A05, 0x29C3, 0x21C4, 0x29C4, 0x2A04, 0x3A45, 0x29E4, 0x29A3, 0x29E4, 0x2983,
  0x2183, 0x2983, 0x29A6, 0x39E7, 0x21C5, 0x2184, 0x21E4, 0x29E4, 0x5346, 0x42E5, 0x3A63, 0x3AA4,
  0x4285, 0x3244, 0x29A2, 0x3A85, 0x3A45, 0x2182, 0x31E3, 0x1961, 0x2162, 0x1942, 0x1922, 0x1943,
  0x2144, 0x1103, 0x1903, 0x1923, 0x1903, 0x1903, 0x18C2, 0x1924, 0x2144, 0x1924, 0x18E3, 0x2965,
  0x2103, 0x18E3, 0x2922, 0x2143, 0x20E2, 0x2964, 0x2143, 0x2144, 0x2144, 0x29A6, 0x6B6C, 0x2985,
  0x2985, 0x29A5, 0x2164, 0x2165, 0x2144, 0x2165, 0x2164, 0x2185, 0x31A6, 0x29C6, 0x29A5, 0x3A48,
  0x4A46, 0x4226, 0x41C4, 0x4206, 0x5205, 0x5246, 0x5A25, 0x5A45, 0x6265, 0x6286, 0x6A85, 0x72E7,
  0x9B68, 0x9BC9, 0x7B2C, 0x5A69, 0x8309, 0x93AC, 0x8307, 0x8348, 0x9471, 0xAD75, 0xA557, 0x9D57,
  0xA535, 0x8CB3, 0x52EA, 0x29E6, 0x42A6, 0x5369, 0x4AE7, 0x3245, 0x3205, 0x2A05, 0x3204, 0x29E4,
  0x39E6, 0x4ACA, 0x29A4, 0x21A4, 0x31E4, 0x3246, 0x3A66, 0x29E4, 0x29C3, 0x29E4, 0x29A2, 0x3225,
  0x29A4, 0x2183, 0x2163, 0x29E5, 0x3205, 0x2A05, 0x29C4, 0x21A3, 0x2183, 0x1983, 0x2182, 0x21C3,
  0x31E4, 0x29C4, 0x2162, 0x29E4, 0x29C3, 0x21C3, 0x29A3, 0x29C4, 0x2144, 0x10E3, 0x31A5, 0x3A08,
  0x29A3, 0x29C4, 0x3225, 0x2A05, 0x4B26, 0x5B67, 0x63EA, 0x5B88, 0x5B89, 0x6369, 0x5B69, 0x5B48,
  0x5329, 0x5308, 0x5308, 0x4AC7, 0x3A67, 0x3A25, 0x3206, 0x31E6, 0x2185, 0x10C2, 0x1124, 0x2164,
  0x2985, 0x2965, 0x2165, 0x2944, 0x1904, 0x18E3, 0x18E3, 0x2945, 0x10E3, 0x2103, 0x31C5, 0x31A5,
  0x29A5, 0x31A5, 0x1924, 0x2123, 0x2145, 0x31A6, 0x636D, 0x31A6, 0x2185, 0x2144, 0x1944, 0x1923,
  0x1103, 0x1923, 0x1965, 0x2165, 0x21A6, 0x2985, 0x2185, 0x31C6, 0x52C9, 0x5AE9, 0x5AC9, 0x62C9,
  0x62C9, 0x6AE9, 0x6B09, 0x72E8, 0x7B49, 0x7B28, 0x7B49, 0x8B8A, 0x9BCA, 0x9B88, 0x732C, 0x28C2,
  0x6A87, 0x9BED, 0x93CB, 0x8B49, 0x5ACC, 0x6B0C, 0x532E, 0x4A8C, 0x424A, 0x4209, 0x3227, 0x3A27,
  0x3265, 0x4B07, 0x3AA7, 0x3A65, 0x21E5, 0x21A4, 0x1963, 0x2183, 0x3207, 0x52CA, 0x1964, 0x1923,
  0x1963, 0x21A3, 0x29E5, 0x21A3, 0x29C4, 0x29A4, 0x3225, 0x4266, 0x3226, 0x29C5, 0x1984, 0x2163,
  0x1963, 0x1962, 0x21A4, 0x2183, 0x1984, 0x1942, 0x21A3, 0x29E4, 0x2A05, 0x2183, 0x1983, 0x31E4,
  0x29C4, 0x29C3, 0x21C4, 0x29A4, 0x2186, 0x2144, 0x3A28, 0x39E7, 0x21A3, 0x31E5, 0x2A05, 0x21A3,
  0x5326, 0x4B06, 0x5B46, 0x5326, 0x5326, 0x5326, 0x5325, 0x5346, 0x5B66, 0x5B87, 0x5B46, 0x5B87,
  0x6387, 0x63C8, 0x63A7, 0x5BA7, 0x5B66, 0x5346, 0x4A87, 0x31C4, 0x4265, 0x4265, 0x4224, 0x3A24,
  0x39E4, 0x31C4, 0x39C4, 0x3A05, 0x5246, 0x5AE8, 0x5A66, 0x41C4, 0x49C4, 0x49E5, 0x2103, 0x2144,
  0x2945, 0x31C7, 0x6B4C, 0x2165, 0x1923, 0x1924, 0x1903, 0x1103, 0x1903, 0x1924, 0x2124, 0x1924,
  0x2144, 0x2165, 0x2964, 0x3A07, 0x6223, 0x8389, 0x9B46, 0x9B67, 0x9B67, 0x9BA8, 0x9B67, 0x9367,
  0x9BC9, 0x8B67, 0x8B48, 0x8B89, 0x8B48, 0x7B28, 0x7AE8, 0x6AA7, 0x7AE8, 0x7308, 0x72A5, 0x8B89,
  0x93A9, 0x6244, 0x5269, 0x630C, 0x5B4F, 0x5B70, 0x63B2, 0x63D3, 0x4B0C, 0x3AAA, 0x4286, 0x29E4,
  0x2183, 0x1963, 0x1902, 0x1923, 0x1923, 0x3A48, 0x2163, 0x2164, 0x2143, 0x1964, 0x2983, 0x29E5,
  0x3205, 0x29C4, 0x3A66, 0x3A66, 0x3A05, 0x29C5, 0x29A4, 0x2184, 0x2163, 0x29C4, 0x29A3, 0x2183,
  0x31C4, 0x29E5, 0x3A25, 0x29E4, 0x2142, 0x1943, 0x1101, 0x1963, 0x29C4, 0x29E4, 0x2183, 0x1942,
  0x10E2, 0x1103, 0x39E6, 0x3A07, 0x2983, 0x1942, 0x1942, 0x2183, 0x4B26, 0x5326, 0x42E5, 0x4AE5,
  0x5326, 0x5306, 0x4B26, 0x5346, 0x5346, 0x63A7, 0x5347, 0x5326, 0x5B87, 0x5B66, 0x5B87, 0x5B66,
  0x5B88, 0x6387, 0x5B4B, 0x3A05, 0x636A, 0x6B8A, 0x6349, 0x5B07, 0x52C8, 0x4A87, 0x4A67, 0x4226,
  0x52A8, 0x736B, 0x8C2E, 0x83AC, 0x5A88, 0x41A4, 0x1924, 0x2124, 0x2145, 0x31A6, 0x52CB, 0x2124,
  0x1103, 0x1924, 0x1944, 0x1924, 0x1924, 0x1924, 0x1924, 0x10E3, 0x1944, 0x2165, 0x31E7, 0x4A69,
  0x6AA6, 0x9BEA, 0xA3C9, 0xABE9, 0x9BA9, 0xA388, 0x9BA9, 0x9B67, 0x8327, 0x9368, 0x93CA, 0x9389,
  0x8BAA, 0x8B69, 0x834A, 0x8309, 0x836A, 0x834A, 0x72C7, 0x8B49, 0x8B8A, 0x8328, 0x6B4D, 0x7BCE,
  0x84B5, 0x94F6, 0x8D38, 0x84F7, 0x84F4, 0x63AF, 0x3A87, 0x29C4, 0x3A67, 0x29A4, 0x1943, 0x1923,
  0x1944, 0x31E6, 0x1964, 0x10E2, 0x1123, 0x2143, 0x1963, 0x29A4, 0x2A05, 0x3A26, 0x2A05, 0x2183,
  0x21A4, 0x29A4, 0x1984, 0x2184, 0x2184, 0x2183, 0x1963, 0x2183, 0x1943, 0x2163, 0x1983, 0x1922,
  0x1943, 0x1922, 0x1102, 0x2163, 0x29C4, 0x2162, 0x1963, 0x1942, 0x1124, 0x10E3, 0x3A08, 0x3A07,
  0x21C5, 0x1102, 0x1122, 0x2183, 0x42A4, 0x4B06, 0x6387, 0x5B67, 0x5325, 0x5B87, 0x5B46, 0x5326,
  0x63C8, 0x63E9, 0x6387, 0x5367, 0x6BC7, 0x6C09, 0x5325, 0x5346, 0x5306, 0x4B06, 0x52E7, 0x3A45,
  0x5B46, 0x63C9, 0x63C7, 0x63E8, 0x6BE8, 0x63E9, 0x6BA8, 0x63C8, 0x5B67, 0x5326, 0x5B27, 0x6BA9,
  0x6348, 0x4285, 0x3A04, 0x31E4, 0x3184, 0x31C5, 0x5B0A, 0x2143, 0x2142, 0x21A4, 0x2163, 0x29C5,
  0x2163, 0x21A4, 0x2163, 0x2184, 0x31A5, 0x3A07, 0x52A7, 0x52C8, 0x72A5, 0x8BA9, 0x9BC8, 0xA42A,
  0xA42B, 0x8389, 0x7B07, 0x7307, 0x72E6, 0x7B48, 0x7B8B, 0x736B, 0x7B6A, 0x7BAB, 0x83AB, 0x7BAB,
  0x7B8B, 0x62C9, 0x6244, 0x7B28, 0x8B48, 0x9C2B, 0x93CB, 0x7B4A, 0x7B4B, 0x7B6B, 0x73D0, 0x8472,
  0x7C51, 0x534D, 0x42A7, 0x3245, 0x3204, 0x3245, 0x3A45, 0x3225, 0x31C4, 0x4288, 0x31E4, 0x2183,
  0x2163, 0x1122, 0x2183, 0x29C5, 0x29A3, 0x3205, 0x31C5, 0x21A5, 0x2985, 0x2185, 0x29C4, 0x29C4,
  0x29A4, 0x2184, 0x2183, 0x21A4, 0x2163, 0x1923, 0x1922, 0x29A4, 0x31C4, 0x1943, 0x1101, 0x29E5,
  0x2984, 0x1102, 0x1902, 0x1122, 0x1922, 0x1963, 0x3A06, 0x31A6, 0x2142, 0x1963, 0x1922, 0x1943,
  0x42E6, 0x5B47, 0x5B88, 0x5B67, 0x63C8, 0x742A, 0x5347, 0x5326, 0x5367, 0x5B67, 0x5368, 0x5B47,
  0x5B67, 0x5B66, 0x5346, 0x4B05, 0x42C5, 0x4AE5, 0x42A7, 0x4266, 0x42E5, 0x5326, 0x5367, 0x5B66,
  0x5388, 0x5B67, 0x5B88, 0x6388, 0x63A9, 0x6BC9, 0x63AA, 0x6389, 0x638A, 0x6BAA, 0x638B, 0x6349,
  0x5B4B, 0x4A68, 0x530A, 0x4A68, 0x3A47, 0x4267, 0x3227, 0x31E5, 0x2184, 0x3206, 0x29E6, 0x29A4,
  0x3A07, 0x2964, 0x31E5, 0x6309, 0x7B27, 0x93A9, 0xA42A, 0xA42A, 0x93EB, 0x93AA, 0x6AC7, 0x72C7,
  0x6AC7, 0x6244, 0x2922, 0x28C0, 0x2901, 0x3142, 0x3983, 0x5A46, 0x2943, 0x2902, 0x5225, 0x7B08,
  0x8369, 0x6A44, 0x5205, 0x5A25, 0x5A68, 0x5A47, 0x3A4A, 0x39E9, 0x2187, 0x2166, 0x2A05, 0x3A45,
  0x3A86, 0x2A04, 0x3246, 0x29E4, 0x3226, 0x4267, 0x3226, 0x31E5, 0x1943, 0x1922, 0x2184, 0x2984,
  0x21A4, 0x2183, 0x2184, 0x29A4, 0x1924, 0x2164, 0x29C5, 0x2163, 0x2184, 0x1922, 0x1963, 0x2143,
  0x1964, 0x10E2, 0x1123, 0x2184, 0x2184, 0x1902, 0x2184, 0x2184, 0x1122, 0x1102, 0x1102, 0x1102,
  0x1122, 0x2163, 0x3A28, 0x31A5, 0x1963, 0x2163, 0x1984, 0x2184, 0x4243, 0x4AC5, 0x52C3, 0x5B25,
  0x5B24, 0x7407, 0x4AC3, 0x63A7, 0x6386, 0x6BE7, 0x6BA7, 0x6BE8, 0x6B87, 0x6387, 0x6B88, 0x5326,
  0x52C6, 0x52E7, 0x52E6, 0x5327, 0x52E6, 0x52E6, 0x5306, 0x4B06, 0x5326, 0x5347, 0x5B66, 0x5B87,
  0x6387, 0x5B67, 0x6387, 0x63A8, 0x6BC8, 0x63C9, 0x6BE8, 0x6C09, 0x740B, 0x5307, 0x52E8, 0x6BEC,
  0x63C7, 0x5BC8, 0x63A8, 0x5BA7, 0x5B46, 0x5347, 0x7389, 0x73A9, 0x73A9, 0x5306, 0x5B06, 0x740A,
  0x7BC8, 0x8C6A, 0x842A, 0x7BE9, 0x7B88, 0x83EA, 0x7307, 0x6AE7, 0x5247, 0x41C5, 0x18C2, 0x2103,
  0x20E3, 0x18E3, 0x18C1, 0x39C6, 0x20E1, 0x39A4, 0x6A85, 0x72E7, 0x8B69, 0x4182, 0x1082, 0x10A3,
  0x1082, 0x0882, 0x4A68, 0x2985, 0x2123, 0x2164, 0x31E5, 0x4288, 0x3A66, 0x3225, 0x29E4, 0x1983,
  0x31E5, 0x3206, 0x2163, 0x2184, 0x1922, 0x1923, 0x2163, 0x2184, 0x2143, 0x1984, 0x2164, 0x2184,
  0x2164, 0x1964, 0x2984, 0x21A4, 0x2963, 0x2164, 0x2984, 0x21A4, 0x2123, 0x2984, 0x31A4, 0x2164,
  0x2965, 0x1903, 0x10E2, 0x2185, 0x2143, 0x1923, 0x1902, 0x1102, 0x1902, 0x1923, 0x4227, 0x31C6,
  0x2163, 0x21A4, 0x2163, 0x21A4, 0x3A64, 0x4AA4, 0x5B25, 0x5B25, 0x6C08, 0x7C48, 0x5BA7, 0x6BE8,
  0x7409, 0x7C29, 0x7C4A, 0x846A, 0x7C4A, 0x844A, 0x848C, 0x5B06, 0x5B48, 0x73EB, 0x6389, 0x73C9,
  0x6BEA, 0x6BA9, 0x63A9, 0x6388, 0x5BA9, 0x63A8, 0x5BA8, 0x63A8, 0x5BA8, 0x6388, 0x63C9, 0x6BC8,
  0x63E9, 0x7409, 0x63E9, 0x63C8, 0x6BEB, 0x52E7, 0x4AC8, 0x6BCC, 0x6409, 0x63E8, 0x63C9, 0x63A8,
  0x5B68, 0x6388, 0x73CA, 0x8C4C, 0x84AD, 0x7C2B, 0x742B, 0x6BC9, 0x7387, 0x7BA8, 0x6367, 0x5AE5,
  0x62E6, 0x7B88, 0x7B6A, 0x6245, 0x3184, 0x5247, 0x2965, 0x2944, 0x2145, 0x2124, 0x2144, 0x4A27,
  0x39A5, 0x4A06, 0x6285, 0x72C6, 0x836A, 0x6225, 0x1925, 0x18C3, 0x10E4, 0x10C3, 0x4AAA, 0x41E7,
  0x2165, 0x2123, 0x1943, 0x29C5, 0x21A4, 0x2163, 0x21C5, 0x1963, 0x29C5, 0x3206, 0x1123, 0x10E1,
  0x1964, 0x2143, 0x1123, 0x1923, 0x1985, 0x2185, 0x1965, 0x2144, 0x1123, 0x1923, 0x2184, 0x2163,
  0x1943, 0x2123, 0x1943, 0x1943, 0x1923, 0x2964, 0x29C6, 0x31A5, 0x2185, 0x10C2, 0x08A2, 0x1903,
  0x1103, 0x1902, 0x1102, 0x1902, 0x1103, 0x1923, 0x4269, 0x31A6, 0x1122, 0x2163, 0x1122, 0x1102,
  0x5285, 0x4A86, 0x62E5, 0x6B87, 0x8C48, 0x73E6, 0x7BE8, 0x7408, 0x83E6, 0x8427, 0x73C7, 0x7408,
  0x73C6, 0x7408, 0x8C49, 0x5B24, 0x6326, 0x6347, 0x6BA7, 0x846A, 0x848A, 0x848B, 0x7C49, 0x7C8A,
  0x84AA, 0x7C8A, 0x7C6A, 0x7449, 0x7408, 0x7449, 0x7429, 0x6C09, 0x73EA, 0x6BCA, 0x73E9, 0x6BE9,
  0x73C9, 0x6BC9, 0x6348, 0x6BCA, 0x7409, 0x6C09, 0x7408, 0x744A, 0x73E9, 0x742A, 0x948C, 0x7C0A,
  0x5B07, 0x4AA6, 0x52C6, 0x4AC6, 0x4A65, 0x4AC6, 0x52A6, 0x4244, 0x6B47, 0x7C2B, 0x6B48, 0x4A85,
  0x4A45, 0x4A45, 0x39C4, 0x39E4, 0x3183, 0x3184, 0x3983, 0x4A67, 0x4A05, 0x5287, 0x62C8, 0x5AE8,
  0x6B29, 0x52A7, 0x31A6, 0x2965, 0x10A3, 0x10C4, 0x528A, 0x3A08, 0x39E7, 0x2986, 0x2965, 0x29A6,
  0x2144, 0x2184, 0x31C6, 0x1965, 0x3186, 0x3A08, 0x29C7, 0x3A49, 0x428A, 0x1125, 0x2164, 0x1144,
  0x1943, 0x1123, 0x1923, 0x1123, 0x1902, 0x1923, 0x2143, 0x2143, 0x2943, 0x2984, 0x2123, 0x2143,
  0x2143, 0x1903, 0x2123, 0x2985, 0x2964, 0x10C2, 0x10C2, 0x1923, 0x1923, 0x1944, 0x1923, 0x1103,
  0x18E2, 0x1103, 0x4227, 0x29A6, 0x1923, 0x1943, 0x1902, 0x1923, 0x52E7, 0x4A45, 0x4243, 0x6326,
  0x6BA6, 0x6344, 0x6366, 0x6366, 0x6B85, 0x7385, 0x6BE8, 0x6365, 0x63A6, 0x5B24, 0x7BE8, 0x5AE4,
  0x6B88, 0x52C5, 0x6BC8, 0x844A, 0x744A, 0x7C29, 0x7449, 0x7429, 0x7449, 0x7C49, 0x7C8B, 0x7C8A,
  0x7CAB, 0x848A, 0x7C8B, 0x848B, 0x7C6C, 0x73EA, 0x7C4B, 0x7C2A, 0x742B, 0x844B, 0x740C, 0x7C0B,
  0x744B, 0x7C4A, 0x7CAC, 0x848B, 0x848B, 0x8CAC, 0x8C8C, 0x8C4B, 0x5B48, 0x4244, 0x4265, 0x4224,
  0x31E3, 0x4224, 0x4245, 0x4224, 0x52C5, 0x6B68, 0x7BEC, 0x738A, 0x634A, 0x6308, 0x5AE9, 0x5AE8,
  0x4A88, 0x39C5, 0x4226, 0x5A88, 0x4226, 0x5246, 0x4A46, 0x41E4, 0x39E4, 0x41E4, 0x31C7, 0x41E7,
  0x2987, 0x2986, 0x4AAB, 0x3187, 0x2986, 0x2945, 0x29A6, 0x2985, 0x2165, 0x2144, 0x2185, 0x5B0B,
  0x426A, 0x4249, 0x63AF, 0x530C, 0x532D, 0x5B2D, 0x3228, 0x3207, 0x1144, 0x1944, 0x1103, 0x1924,
  0x1944, 0x1903, 0x10E2, 0x2123, 0x2164, 0x2143, 0x2144, 0x2123, 0x1903, 0x18E3, 0x2165, 0x2965,
  0x1924, 0x10A2, 0x1903, 0x2144, 0x1944, 0x1923, 0x1103, 0x1903, 0x10E3, 0x10E3, 0x3A28, 0x3186,
  0x08C2, 0x2144, 0x1103, 0x1102, 0x5A86, 0x52A7, 0x5266, 0x4225, 0x5AA5, 0x6B27, 0x6B26, 0x6B67,
  0x5AA5, 0x6327, 0x73A8, 0x6347, 0x6B26, 0x5AC5, 0x62C5, 0x62E6, 0x6347, 0x52E5, 0x7BC7, 0x8449,
  0x7C28, 0x7429, 0x7408, 0x7449, 0x7408, 0x6C28, 0x7448, 0x7468, 0x7C88, 0x7CA9, 0x8489, 0x84AA,
  0x84A9, 0x84EA, 0x8CCA, 0x84CA, 0x8D0B, 0x8D0B, 0x8CCA, 0x84CA, 0x84AA, 0x84CB, 0x848A, 0x7469,
  0x73E8, 0x7409, 0x7429, 0x63E8, 0x4AA6, 0x29E3, 0x31C4, 0x3A25, 0x3184, 0x2984, 0x3A05, 0x31E5,
  0x4A85, 0x8CAE, 0xB571, 0xB571, 0xB530, 0xAD10, 0xAD0F, 0xA510, 0xACEF, 0x9CAE, 0x9C6D, 0x946D,
  0x83EB, 0x7BCB, 0x736A, 0x738B, 0x62C8, 0x5AC8, 0x62C8, 0x738C, 0x734A, 0x5AA8, 0x4A26, 0x2964,
  0x2102, 0x2143, 0x2943, 0x2964, 0x3184, 0x31E5, 0x39C6, 0x4A89, 0x4A28, 0x52AA, 0x73AE, 0x73AF,
  0x73AF, 0x8CB3, 0x8CB2, 0xA596, 0x636C, 0x1985, 0x2183, 0x21A4, 0x2143, 0x2184, 0x2123, 0x2984,
  0x31A4, 0x2984, 0x2144, 0x2164, 0x2123, 0x2144, 0x2965, 0x2165, 0x2103, 0x10E3, 0x2123, 0x1944,
  0x1923, 0x1923, 0x1903, 0x1944, 0x1903, 0x1924, 0x4207, 0x2985, 0x10C2, 0x2185, 0x10E1, 0x1102,
  0x4A46, 0x39A3, 0x4205, 0x4205, 0x5285, 0x6B27, 0x5AC5, 0x5AA4, 0x4A84, 0x5284, 0x52E5, 0x5AE5,
  0x5AC6, 0x5244, 0x4223, 0x5264, 0x4AA5, 0x5B06, 0x7C29, 0x7C08, 0x7C29, 0x7C29, 0x6C29, 0x7429,
  0x746A, 0x7449, 0x7469, 0x7448, 0x7468, 0x7C68, 0x7469, 0x7C48, 0x7CAA, 0x84A9, 0x7CAA, 0x84AA,
  0x7CAA, 0x7C8A, 0x84EB, 0x8D0B, 0x8CEC, 0x8CEB, 0x8D0C, 0x950C, 0x950D, 0x8CAB, 0x7C6B, 0x6BE9,
  0x5349, 0x4286, 0x3205, 0x31C4, 0x2164, 0x2963, 0x2183, 0x2142, 0x4286, 0x73AB, 0x94AE, 0xB571,
  0xB572, 0xBD72, 0xB592, 0xBD91, 0xB592, 0xBD92, 0xB592, 0xBD92, 0xB592, 0xB572, 0xB593, 0xB552,
  0xA532, 0xAD32, 0x9CD1, 0x944F, 0x9490, 0x8C0E, 0x73AD, 0x6B4B, 0x632B, 0x5AEA, 0x4A88, 0x39E6,
  0x31E5, 0x3A06, 0x3A07, 0x3185, 0x39E8, 0x39E7, 0x1925, 0x2986, 0x29C8, 0x2986, 0x1125, 0x4AAB,
  0x4AEB, 0x21A5, 0x29E6, 0x29C5, 0x2185, 0x2984, 0x2164, 0x2964, 0x2185, 0x2123, 0x1903, 0x1903,
  0x1904, 0x2144, 0x2165, 0x2965, 0x1924, 0x2103, 0x1924, 0x1903, 0x1103, 0x10E2, 0x08E3, 0x1903,
  0x1103, 0x1923, 0x3A28, 0x2144, 0x1124, 0x2165, 0x1123, 0x1943, 0x4A25, 0x39E4, 0x39C4, 0x4226,
  0x4A45, 0x4245, 0x4A04, 0x4A46, 0x5AC7, 0x4A66, 0x4A45, 0x4A66, 0x4224, 0x4265, 0x4223, 0x3A23,
  0x4243, 0x5306, 0x73A6, 0x7C29, 0x8407, 0x73E7, 0x7C29, 0x6BE8, 0x7408, 0x7449, 0x7C48, 0x7C89,
  0x7C68, 0x7489, 0x7C88, 0x7489, 0x7CA9, 0x7CC9, 0x84A9, 0x84EA, 0x84C9, 0x7CEA, 0x84EA, 0x84EA,
  0x84C9, 0x8D0A, 0x84E9, 0x84EA, 0x8D2B, 0x8D4C, 0x956B, 0x958D, 0x9D8C, 0x956C, 0x9D4C, 0x84EB,
  0x84AA, 0x7C6A, 0x6BA8, 0x6387, 0x7C09, 0x848B, 0x94AC, 0x8CAC, 0x8C6B, 0x94CD, 0x9CCD, 0x9CEE,
  0xA4CF, 0xA510, 0xAD11, 0xAD32, 0xB554, 0xB575, 0xB575, 0xB575, 0xBD75, 0xB576, 0xBD75, 0xB596,
  0xBD75, 0xB595, 0xBD94, 0xB595, 0xBD74, 0xB574, 0xAD33, 0xA513, 0xA4F1, 0x94B0, 0x944E, 0x842E,
  0x7BEC, 0x6BAB, 0x6B4A, 0x52A8, 0x5268, 0x4A68, 0x41E6, 0x39E6, 0x4206, 0x31C5, 0x31C5, 0x29A4,
  0x39E5, 0x52A8, 0x5287, 0x4A87, 0x4A47, 0x4226, 0x39C5, 0x29A4, 0x2963, 0x2984, 0x3184, 0x29A5,
  0x2123, 0x18E3, 0x2103, 0x2144, 0x10C2, 0x1924, 0x10C2, 0x1924, 0x1923, 0x1924, 0x4207, 0x2165,
  0x1923, 0x2164, 0x2143, 0x1944, 0x31C4, 0x2963, 0x31C5, 0x4205, 0x3A05, 0x39C4, 0x4205, 0x41E4,
  0x52A8, 0x4A25, 0x4246, 0x4205, 0x31C3, 0x4A45, 0x5B07, 0x52C5, 0x4284, 0x4A84, 0x6346, 0x6B66,
  0x6365, 0x7BE7, 0x6C09, 0x6387, 0x6C29, 0x6BE8, 0x6C28, 0x7428, 0x7489, 0x7C8A, 0x7489, 0x7468,
  0x7489, 0x7C88, 0x7469, 0x7C68, 0x7CEA, 0x7CA9, 0x7CCA, 0x84CA, 0x84EA, 0x84CA, 0x7CEA, 0x84C9,
  0x7CCA, 0x7CA9, 0x7CCA, 0x84CA, 0x84EB, 0x8D2B, 0x8D2C, 0x8CEB, 0x8D0D, 0x9D4D, 0x952E, 0x9D4E,
  0x94ED, 0x9D0D, 0x94CD, 0x9CEE, 0x9D0E, 0x9CEE, 0x94CD, 0x9CAD, 0x9CCF, 0xA4EF, 0xA532, 0xAD52,
  0xAD34, 0xAD34, 0xAD35, 0xAD34, 0xAD55, 0xAD35, 0xAD35, 0xAD34, 0xAD34, 0xAD14, 0xAD54, 0xAD33,
  0xAD34, 0xB533, 0xAD74, 0xB554, 0xB594, 0xBD94, 0xAD53, 0x9CD0, 0x8C8F, 0x7BEC, 0x7C0E, 0xA4F1,
  0xAD74, 0xAD33, 0x9CD2, 0x9491, 0x8C70, 0x73AD, 0x6BCD, 0x6B6C, 0x632B, 0x634B, 0x5B2A, 0x6309,
  0x5AEA, 0x5AC9, 0x5AEA, 0x5AC9, 0x4A88, 0x4A68, 0x4268, 0x4227, 0x3A07, 0x31A6, 0x2985, 0x2944,
  0x1124, 0x10E3, 0x08E3, 0x1903, 0x10E3, 0x1903, 0x3A08, 0x2945, 0x2185, 0x1923, 0x08E3, 0x10E3,
  0x31E3, 0x29C3, 0x31A4, 0x3A05, 0x4225, 0x4246, 0x3A04, 0x31C4, 0x4AA6, 0x4265, 0x4286, 0x3A65,
  0x3A03, 0x4286, 0x4A85, 0x4265, 0x4AA4, 0x5B47, 0x73C9, 0x6367, 0x6304, 0x8C6A, 0x7BA5, 0x8427,
  0x73E7, 0x73E7, 0x7C07, 0x7427, 0x7C27, 0x7C48, 0x7C48, 0x7C48, 0x7C69, 0x7CAA, 0x7C89, 0x7469,
  0x7428, 0x6C28, 0x6C28, 0x7489, 0x7C89, 0x7C8A, 0x7C89, 0x7C8A, 0x84CA, 0x84EB, 0x84CA, 0x7C89,
  0x84C9, 0x84CA, 0x84A9, 0x7CC9, 0x8D0A, 0x84EA, 0x84AA, 0x7CAA, 0x7C09, 0x7C4A, 0x948C, 0x94AD,
  0x948C, 0x9D0F, 0xA50E, 0xB5B1, 0xBDB4, 0xBDB4, 0xBD95, 0xB596, 0xB555, 0xB555, 0xB534, 0xA513,
  0xA4D2, 0x9CF3, 0x9CD2, 0x9CF3, 0xA512, 0xA512, 0xA4D0, 0x9CD1, 0x9CCF, 0x94CF, 0x9CCF, 0x94EF,
  0x948D, 0x8CCE, 0x73AA, 0x4AA6, 0x4264, 0x3A44, 0x3203, 0x4AE7, 0x9CCF, 0x9D30, 0xA50F, 0x9D30,
  0x9CEF, 0x9CF0, 0x9CEF, 0xA551, 0xA530, 0x94F0, 0x9CCF, 0x9CF0, 0x9CAF, 0x8C8E, 0x8C4D, 0x7BEC,
  0x6B49, 0x73CC, 0x73AC, 0x3A06, 0x39E5, 0x52C9, 0x5267, 0x5288, 0x5267, 0x4227, 0x4A47, 0x4247,
  0x39E6, 0x31C5, 0x39E7, 0x31A6, 0x39C5, 0x2964, 0x2122, 0x1922, 0x3205, 0x4225, 0x31C5, 0x39C4,
  0x3A25, 0x4225, 0x4A87, 0x4A67, 0x52E8, 0x4245, 0x2A04, 0x3204, 0x3A25, 0x5B08, 0x3A24, 0x3A03,
  0x52E6, 0x5B06, 0x5306, 0x6327, 0x6B66, 0x7386, 0x7384, 0x8C06, 0x73E7, 0x7C28, 0x7407, 0x8448,
  0x7428, 0x7C27, 0x6C08, 0x7407, 0x63E8, 0x63A7, 0x6C28, 0x7448, 0x6C69, 0x7449, 0x6C49, 0x7449,
  0x7469, 0x7449, 0x6C29, 0x7C49, 0x748A, 0x7C69, 0x7469, 0x7C89, 0x84EA, 0x8CEA, 0x84EA, 0x84A9,
  0x84EB, 0x84CA, 0x746A, 0x7C69, 0x848B, 0x7C29, 0x8C8D, 0x9CEE, 0xA52F, 0xA4EE, 0x94AD, 0xA4EE,
  0xA533, 0xB573, 0xB576, 0xB576, 0xAD55, 0xB555, 0xB555, 0xAD14, 0xA534, 0xAD34, 0xA535, 0xA514,
  0xA533, 0x9CD1, 0x7C0E, 0xA4F1, 0x9D10, 0x8C8E, 0x8CAF, 0x8C6D, 0x848E, 0x844D, 0x848E, 0x846D,
  0x6C0B, 0x6389, 0x5349, 0x5B49, 0x73EC, 0x7BEB, 0x73EB, 0x7BCB, 0x73CB, 0x7BEC, 0x7C0C, 0x842C,
  0x7C0D, 0x7BCB, 0x7C0C, 0x7BEC, 0x842D, 0x842D, 0x8C4E, 0x738B, 0x7BEC, 0x842D, 0x6BAD, 0x4227,
  0x4268, 0x842F, 0x842E, 0x83ED, 0x7BEE, 0x6B4B, 0x6B8C, 0x630A, 0x634C, 0x52A9, 0x31C7, 0x4228,
  0x4248, 0x4A68, 0x4A88, 0x4A68, 0x4A85, 0x3A44, 0x3A04, 0x29E4, 0x31C4, 0x3A46, 0x4A66, 0x5308,
  0x4245, 0x3224, 0x31C4, 0x21A3, 0x3A04, 0x31E4, 0x3204, 0x3225, 0x31A1, 0x52C5, 0x7346, 0x62E5,
  0x8BE9, 0x6B46, 0x6303, 0x6B65, 0x5B24, 0x6BC7, 0x73A4, 0x7BE6, 0x8C06, 0x8427, 0x9428, 0x7365,
  0x6B87, 0x6BA8, 0x73E6, 0x7407, 0x73E7, 0x7C28, 0x7408, 0x7428, 0x7C69, 0x7469, 0x6BE7, 0x84AB,
  0x848A, 0x7469, 0x7C49, 0x848A, 0x8CAA, 0x8CEC, 0x8CEB, 0x8D0C, 0x8CEB, 0x84CA, 0x8C8A, 0x84AB,
  0x846A, 0x848B, 0x844B, 0x94CD, 0x9CEE, 0xA52F, 0xA50F, 0xA550, 0xAD0F, 0x9CEE, 0xAD10, 0xB571,
  0xB552, 0xB573, 0xBD74, 0xB574, 0xB554, 0xB574, 0xB554, 0xAD13, 0xA512, 0xA512, 0xA4F1, 0x9CF1,
  0x9CCF, 0x9CF0, 0x9CEE, 0x9D0F, 0x9CED, 0x94EE, 0x94EC, 0x8CCC, 0x94CC, 0x950D, 0x94EC, 0x8CED,
  0x8CAB, 0x7C8B, 0x848A, 0x7C8B, 0x846A, 0x848B, 0x844A, 0x7C4A, 0x7C29, 0x742A, 0x7C29, 0x7409,
  0x73E8, 0x7409, 0x73E8, 0x6BE9, 0x6B88, 0x6388, 0x6347, 0x6368, 0x4AC5, 0x5B68, 0x73E9, 0x846C,
  0x842C, 0x844C, 0x8C6D, 0x848D, 0x948E, 0x5B29, 0x39E5, 0x634A, 0x7BCC, 0x6B8B, 0x6B6A, 0x634A,
  0x4286, 0x4A65, 0x3246, 0x29A3, 0x29C4, 0x29A3, 0x3A46, 0x4AA7, 0x3204, 0x29A3, 0x21A4, 0x29C4,
  0x3205, 0x31C3, 0x29E4, 0x3204, 0x4244, 0x5AE6, 0x5AE6, 0x7347, 0x73A8, 0x6B26, 0x6345, 0x7386,
  0x5B25, 0x6B86, 0x73C5, 0x73A5, 0x6B44, 0x7364, 0x7345, 0x6AE4, 0x5B26, 0x6BA7, 0x7428, 0x73E6,
  0x6BE7, 0x73E7, 0x6C08, 0x6386, 0x6408, 0x6BE8, 0x63C8, 0x7449, 0x6C29, 0x7C69, 0x7429, 0x7C49,
  0x7C4A, 0x846A, 0x7449, 0x7449, 0x7CAA, 0x84AA, 0x7C6A, 0x7408, 0x7C4A, 0x848B, 0x844C, 0x842B,
  0x844C, 0x8C6C, 0x9CEF, 0xAD50, 0x9CEF, 0xA4CE, 0x9CCF, 0xA4CF, 0x9CF1, 0xA4F1, 0xAD54, 0xB533,
  0xAD34, 0xB533, 0xAD34, 0xAD13, 0xA533, 0xAD33, 0xA553, 0xAD32, 0xAD52, 0xAD52, 0xA530, 0xA50F,
  0x94EE, 0x94CD, 0x950D, 0x94ED, 0x8CED, 0x94CC, 0x8CED, 0x8CCC, 0x84EC, 0x8CCC, 0x84CC, 0x84AB,
  0x84AC, 0x8CAC, 0x8CCC, 0x8CAC, 0x84AC, 0x7C4A, 0x7C6B, 0x846B, 0x7C6B, 0x7C4A, 0x7C4A, 0x7C0A,
  0x742A, 0x7C0A, 0x73EA, 0x6BC9, 0x63CA, 0x6368, 0x5B68, 0x6368, 0x6369, 0x5B08, 0x5B28, 0x6328,
  0x5B2A, 0x5AE8, 0x52C9, 0x6B6B, 0x6B8B, 0x73AC, 0x7BED, 0x83ED, 0x31E2, 0x42A6, 0x31E3, 0x21A2,
  0x21A2, 0x1982, 0x4285, 0x4285, 0x3A04, 0x2A04, 0x2162, 0x29C4, 0x21A2, 0x2A04, 0x2A03, 0x2A24,
  0x4A42, 0x4AA3, 0x62C1, 0x62E2, 0x6302, 0x73A5, 0x7322, 0x62E2, 0x62E2, 0x7385, 0x7BA4, 0x6323,
  0x6B24, 0x6B85, 0x7366, 0x7366, 0x7324, 0x7BA6, 0x93C4, 0x83C4, 0x8BC6, 0x7325, 0x83A5, 0x83E6,
  0x8407, 0x73C6, 0x6BC7, 0x746A, 0x7C29, 0x7429, 0x73E8, 0x7C49, 0x7C09, 0x740A, 0x7BE8, 0x73E9,
  0x6BC7, 0x7409, 0x7C29, 0x6BC8, 0x6BC7, 0x7429, 0x7C49, 0x7C6A, 0x846A, 0x848B, 0x844B, 0x848C,
  0x8C6C, 0x94AD, 0xA4EE, 0xA52F, 0xA50F, 0x9CEF, 0xA4F1, 0xA532, 0xAD32, 0xA553, 0xA512, 0xA533,
  0xA4F3, 0xA514, 0xA513, 0xA534, 0xAD34, 0xAD55, 0xB553, 0xB594, 0xB593, 0xA552, 0xA4F0, 0x9CD0,
  0x9CCF, 0x9CF0, 0x9CCE, 0x94CF, 0x94CD, 0x8CAD, 0x8CAC, 0x8CAC, 0x8CAB, 0x8CAC, 0x8CAB, 0x8CCC,
  0x94EC, 0x8CED, 0x8CAB, 0x84AB, 0x84AB, 0x7C8B, 0x848B, 0x7C6B, 0x844A, 0x7C4A, 0x7C29, 0x742A,
  0x7C29, 0x7C4A, 0x7C29, 0x7409, 0x7409, 0x73E9, 0x73C8, 0x6BC8, 0x6B87, 0x6BC8, 0x6BA8, 0x63A8,
  0x6367, 0x5B47, 0x5B46, 0x5347, 0x3224, 0x3A24, 0x21A3, 0x3224, 0x21E4, 0x3245, 0x4AE7, 0x3A24,
  0x3A66, 0x4286, 0x21A4, 0x3A25, 0x21C4, 0x29C3, 0x2A25, 0x2A04, 0x3201, 0x6325, 0x83E6, 0x5260,
  0x5AE3, 0x7385, 0x7364, 0x7323, 0x5AE3, 0x6B23, 0x6B84, 0x6B23, 0x73A6, 0x6B44, 0x62E5, 0x62C4,
  0x5A82, 0x7B65, 0x83C5, 0x8363, 0x7325, 0x6AE4, 0x8C07, 0x7B85, 0x73C7, 0x7BC6, 0x63E8, 0x6BE8,
  0x7429, 0x7C49, 0x63A7, 0x73C8, 0x6BC9, 0x73C8, 0x73E9, 0x73C8, 0x6387, 0x7C29, 0x848B, 0x73E8,
  0x6C08, 0x7C6A, 0x744A, 0x7C6A, 0x7C6B, 0x848B, 0x848C, 0x846B, 0x8C8D, 0x8C6C, 0x94AD, 0x94AD,
  0x94CF, 0x8C4C, 0x8C90, 0x9490, 0x94D1, 0x9CD1, 0x9CF2, 0xAD33, 0xA534, 0xA514, 0xA514, 0xA4F3,
  0xA514, 0xA4F3, 0x94B1, 0x944F, 0x94B0, 0xA4F1, 0xA531, 0xA531, 0x9D11, 0x9CF0, 0x94EF, 0x94AE,
  0x84AD, 0x94CD, 0x84AD, 0x94CD, 0x8CED, 0x8CCC, 0x84AC, 0x8CAB, 0x84AC, 0x846B, 0x7C8B, 0x7C6B,
  0x7C8B, 0x848B, 0x7CAC, 0x848B, 0x7C6B, 0x848B, 0x7C6B, 0x846B, 0x7C6B, 0x844A, 0x848B, 0x846B,
  0x848C, 0x846B, 0x7C4B, 0x7C2A, 0x7409, 0x7C2A, 0x742A, 0x73E9, 0x740A, 0x73E9, 0x6BE9, 0x6BC8,
  0x21A1, 0x3224, 0x3A65, 0x3A85, 0x3A24, 0x4B08, 0x4AC6, 0x3A64, 0x6387, 0x4283, 0x3A44, 0x3223,
  0x4222, 0x4A84, 0x3202, 0x4B06, 0x6AC0, 0x8BC3, 0x93A2, 0x8361, 0x7B01, 0x7301, 0x62C2, 0x6303,
  0x52E4, 0x3A42, 0x4AA3, 0x5305, 0x6B65, 0x5B04, 0x4A84, 0x4A85, 0x62E4, 0x6305, 0x7325, 0x5AC4,
  0x6305, 0x6B87, 0x83E6, 0x6B85, 0x93E5, 0x8BC5, 0x8BE6, 0x8C07, 0x8405, 0x8C47, 0x7BC5, 0x8426,
  0x73A5, 0x7C26, 0x8449, 0x6BE7, 0x6386, 0x7429, 0x7C28, 0x63A6, 0x7408, 0x7C6A, 0x7C49, 0x7449,
  0x7C69, 0x7C8A, 0x7C6A, 0x7C8B, 0x8CAB, 0x84AC, 0x7C0A, 0x6BE9, 0x73AA, 0x6BCA, 0x6B89, 0x6369,
  0x7BC9, 0x94CD, 0xA50E, 0x94CD, 0x9CCE, 0x9D0F, 0xA511, 0xA552, 0xAD53, 0xA532, 0xA512, 0x9D12,
  0x9CB1, 0x9491, 0x8C4F, 0x8C90, 0x9CD1, 0x9D12, 0x9CB2, 0x9CF3, 0xA4D1, 0x9CF2, 0x9CB0, 0x9CF1,
  0xA4F0, 0x9CF0, 0x948E, 0x948E, 0x948D, 0x8C6C, 0x8C6B, 0x848C, 0x8C6B, 0x8CAC, 0x846A, 0x7C6B,
  0x844A, 0x7C6B, 0x7C6A, 0x7C6B, 0x7C4A, 0x746A, 0x7C6A, 0x7C8B, 0x848B, 0x7C8B, 0x846A, 0x848B,
  0x846A, 0x7C6B, 0x844A, 0x7C6A, 0x844A, 0x7C4A, 0x7C2A, 0x7C2A, 0x21C3, 0x3203, 0x3A86, 0x3244,
  0x29E4, 0x52E8, 0x4B07, 0x42A5, 0x4284, 0x52E5, 0x42E7, 0x3223, 0x4A84, 0x4222, 0x21C1, 0x3A63,
  0x6B01, 0x8362, 0x7301, 0x7B00, 0x83A4, 0x7301, 0x6B65, 0x62E2, 0x42A4, 0x52E5, 0x3A83, 0x52E5,
  0x5304, 0x52C3, 0x4285, 0x4223, 0x4A63, 0x6B46, 0x62E5, 0x62C4, 0x52C5, 0x5AE5, 0x5281, 0x6303,
  0x9447, 0x8BA5, 0x7385, 0x9407, 0x9488, 0x83E5, 0x8447, 0x8C47, 0x8447, 0x8447, 0x7408, 0x6B86,
  0x6BC8, 0x6BC7, 0x7429, 0x73C7, 0x63E8, 0x7449, 0x7C8A, 0x7C69, 0x6C29, 0x7C6A, 0x6C29, 0x7409,
  0x7C4B, 0x7C4A, 0x7C6C, 0x7C2A, 0x73EB, 0x7C0B, 0x6BAB, 0x73AA, 0x7C2B, 0x9CEE, 0x8C8C, 0x8C4B,
  0x8CAE, 0x948E, 0x94B0, 0x9CD0, 0x9CF2, 0xA512, 0xA554, 0xAD33, 0xA533, 0xA4F2, 0x9D13, 0x9CD1,
  0x94B1, 0x9CB1, 0x94B2, 0x9CB2, 0x9CD2, 0x9CB1, 0x9CD1, 0x9CB1, 0x9CD0, 0xA4D0, 0x94CF, 0x948E,
  0x94CE, 0x8C6C, 0x846C, 0x8C8C, 0x848C, 0x844B, 0x848B, 0x8CAB, 0x7C6B, 0x846B, 0x7CAC, 0x7C4A,
  0x7C6B, 0x7C4A, 0x744A, 0x7409, 0x6C29, 0x6BE8, 0x6BC8, 0x7C2A, 0x7C6B, 0x7C4A, 0x7C6B, 0x846B,
  0x7C6B, 0x7C2A, 0x7C2A, 0x7C2A, 0x29E3, 0x2A24, 0x42A5, 0x42C6, 0x3A03, 0x5307, 0x6389, 0x4AE6,
  0x42E4, 0x4B26, 0x5AE3, 0x4AA2, 0x6280, 0x6B02, 0x62E2, 0x52A1, 0x6B23, 0x62E2, 0x6AC0, 0x83A3,
  0x8B20, 0x8300, 0x62E3, 0x52C2, 0x4222, 0x4AA4, 0x4242, 0x52E4, 0x4AA3, 0x4AC4, 0x52C5, 0x3A23,
  0x5285, 0x52E7, 0x4A85, 0x6348, 0x52C5, 0x4AC6, 0x4A63, 0x4AA4, 0x62E2, 0x7BE6, 0x8BE6, 0x6B03,
  0x7364, 0x7365, 0x8426, 0x73E5, 0x9446, 0x8C46, 0x7C07, 0x6365, 0x6BA6, 0x7428, 0x8469, 0x6BE7,
  0x7427, 0x7469, 0x7C69, 0x7C89, 0x7428, 0x7C8A, 0x7C69, 0x6C28, 0x7469, 0x7CAA, 0x7C6A, 0x7C6A,
  0x7C2A, 0x7C6B, 0x73E9, 0x63A8, 0x844B, 0x7C2B, 0x7BEB, 0x848E, 0x94CD, 0x8CAD, 0x94AC, 0x848B,
  0x8C4B, 0x8C8C, 0x9CAE, 0x9D10, 0xA511, 0xAD53, 0xAD12, 0xA533, 0xAD33, 0x9CF2, 0x9CD2, 0x9CD2,
  0x9491, 0x94B2, 0x9C91, 0x9491, 0x9471, 0x9491, 0x944F, 0x8C50, 0x9C90, 0x9491, 0x9C70, 0x94B1,
  0x9C90, 0x8C6F, 0x8C4E, 0x8C4E, 0x8C0C, 0x8C4D, 0x944C, 0x9CCE, 0x948C, 0x948D, 0x8C6B, 0x844B,
  0x844A, 0x7C4A, 0x7C09, 0x742A, 0x7C29, 0x7C4A, 0x7C29, 0x7409, 0x7C2A, 0x742A, 0x7C29, 0x7C4A,
  0x29E4, 0x3A45, 0x4B48, 0x29E3, 0x3A45, 0x6328, 0x42A6, 0x42A5, 0x4B26, 0x3AA4, 0x52C4, 0x6325,
  0x62C2, 0x7323, 0x7BC6, 0x7B85, 0x5AC2, 0x6B23, 0x83A3, 0x7301, 0x8B41, 0xA403, 0x6345, 0x4A40,
  0x4284, 0x4A84, 0x4AC4, 0x4242, 0x42A3, 0x4AC3, 0x4264, 0x39E2, 0x4AA6, 0x4A45, 0x3A24, 0x4245,
  0x4285, 0x4AA5, 0x5B06, 0x4A83, 0x5AE3, 0x7365, 0x7364, 0x7323, 0x6304, 0x7B86, 0x5B43, 0x73A4,
  0x83E5, 0x8BE4, 0x7408, 0x6B86, 0x63A7, 0x6BC7, 0x7429, 0x6BA6, 0x63E7, 0x7449, 0x7469, 0x848A,
  0x7C8A, 0x7C69, 0x6C28, 0x6C08, 0x6C6A, 0x7CAA, 0x7C8B, 0x7C6A, 0x740A, 0x7C4B, 0x7C6C, 0x7C2A,
  0x6BCA, 0x5B27, 0x5B29, 0x73AA, 0x6BCA, 0x6BA9, 0x846B, 0x8C6B, 0x8C8D, 0x8C8C, 0x844D, 0x8C4D,
  0x8C90, 0x9CF1, 0x9D12, 0x9CD1, 0x94D2, 0xA4F2, 0x9CF3, 0x9CD2, 0x9CD3, 0x9CB2, 0x94B2, 0x9C92,
  0x9491, 0x9450, 0x8C71, 0x9470, 0x8C50, 0x9450, 0x9471, 0x9450, 0x8C70, 0x9490, 0x94B0, 0x946E,
  0x948E, 0x946E, 0x8C6D, 0x9C8D, 0x8C6D, 0x8C2B, 0x844B, 0x844B, 0x848B, 0x8C8B, 0x848B, 0x844A,
  0x7C4A, 0x7C4A, 0x742A, 0x73E9, 0x742A, 0x7409, 0x6BE9, 0x73E9, 0x29E3, 0x3265, 0x3243, 0x2202,
  0x4264, 0x5B48, 0x3A44, 0x29E3, 0x4264, 0x42A4, 0x4262, 0x5325, 0x6B23, 0x7384, 0x62C2, 0x5AC2,
  0x5281, 0x5AE3, 0x7322, 0x62C1, 0x5261, 0x52A2, 0x52C4, 0x4AC5, 0x4A62, 0x52A3, 0x73A4, 0x5B23,
  0x4AE4, 0x42E4, 0x5305, 0x42C4, 0x4AC4, 0x42C5, 0x42A4, 0x42C4, 0x4A84, 0x42A4, 0x52E4, 0x4AC4,
  0x5AE5, 0x6BA7, 0x73A6, 0x6345, 0x6345, 0x6386, 0x6B64, 0x6344, 0x73A6, 0x6365, 0x73A4, 0x6B84,
  0x6B44, 0x73C6, 0x73A7, 0x6366, 0x7BA9, 0x73CA, 0x7BE9, 0x844B, 0x7BE9, 0x73C9, 0x83CA, 0x73A9,
  0x7389, 0x7389, 0x7408, 0x7C6A, 0x844A, 0x7C4A, 0x7C49, 0x744A, 0x7C4A, 0x742A, 0x73E9, 0x6388,
  0x5B67, 0x5BA9, 0x5347, 0x5B88, 0x7C2B, 0x740A, 0x7C0A, 0x844B, 0x6BA8, 0x6BC9, 0x94AD, 0xA550,
  0x9CCF, 0x94CF, 0x9CAF, 0x9CF0, 0xA511, 0x9CF1, 0x9CD1, 0x9D12, 0x9CB1, 0x94B1, 0x9491, 0x8C50,
  0x8C30, 0x8C50, 0x8C0F, 0x8C50, 0x9471, 0x8C50, 0x8C50, 0x8C51, 0x8C50, 0x94B2, 0x9471, 0x8C71,
  0x9CB1, 0x8C70, 0x83EC, 0x7BEC, 0x83EB, 0x842D, 0x8C2C, 0x8C2C, 0x8C2B, 0x844B, 0x8C4B, 0x7C2A,
  0x7BE9, 0x7C2A, 0x7C29, 0x7409, 0x21E3, 0x29E3, 0x2A23, 0x2A03, 0x42A6, 0x52C7, 0x2A24, 0x29E3,
  0x42A5, 0x3A64, 0x4283, 0x5B25, 0x5AE2, 0x6B02, 0x5AA2, 0x39A0, 0x4A82, 0x5AE3, 0x5260, 0x7B63,
  0x52A2, 0x5261, 0x4AA5, 0x4243, 0x4262, 0x5283, 0x6364, 0x4A60, 0x5366, 0x42C4, 0x3AA4, 0x5326,
  0x4AE6, 0x5306, 0x5326, 0x5305, 0x4AC5, 0x5306, 0x42A4, 0x4A83, 0x4AC4, 0x52E5, 0x6BA7, 0x5B04,
  0x4AE4, 0x5B45, 0x6344, 0x7BC6, 0x5B25, 0x6345, 0x7BE6, 0x7384, 0x6BA5, 0x8C48, 0x7C4A, 0x6346,
  0x94AD, 0x946C, 0x7C0A, 0x7C0A, 0x844B, 0x8C8C, 0x8C6D, 0x946C, 0x94AE, 0xA4CE, 0x7C6A, 0x7409,
  0x7C4B, 0x846B, 0x746A, 0x7409, 0x744B, 0x6BC8, 0x63A9, 0x6BEA, 0x63C9, 0x63A9, 0x5348, 0x5B48,
  0x5B48, 0x5B06, 0x6348, 0x6B88, 0x6388, 0x5B26, 0x5B07, 0x6B48, 0x7BEB, 0x94AE, 0x8C6F, 0x948F,
  0x94B0, 0x94B0, 0x94D1, 0xA512, 0x9CF3, 0x9470, 0x94B2, 0x9451, 0x8C91, 0x9471, 0x8C51, 0x8C30,
  0x8451, 0x8C50, 0x8451, 0x8C51, 0x8430, 0x8410, 0x8430, 0x8C30, 0x8C70, 0x9490, 0x8C4E, 0x8C2E,
  0x8C8E, 0x948E, 0x8C6E, 0x8C0C, 0x844B, 0x7BC9, 0x73CA, 0x7BEA, 0x7C2A, 0x7C0A, 0x7C4B, 0x844A,
  0x3A24, 0x3224, 0x3A03, 0x3A44, 0x3A44, 0x3A64, 0x2A02, 0x4306, 0x4AC4, 0x42C4, 0x4B06, 0x4B47,
  0x3A23, 0x42A5, 0x7B84, 0x6323, 0x5AC3, 0x6304, 0x4222, 0x4263, 0x4AC5, 0x4B06, 0x4284, 0x3244,
  0x42A4, 0x42C4, 0x42C3, 0x3AA3, 0x4AE4, 0x42E4, 0x42C4, 0x4B26, 0x42A3, 0x3A83, 0x4AC4, 0x4B05,
  0x52E4, 0x4AA3, 0x6303, 0x4A82, 0x52C4, 0x4AC4, 0x4AC3, 0x5B66, 0x52E4, 0x5305, 0x6325, 0x6366,
  0x5AE4, 0x6BA7, 0x9448, 0x7BE7, 0x7BA4, 0x7C06, 0x7388, 0x7BEA, 0x9C6E, 0x942E, 0x942D, 0x9CAF,
  0x944D, 0x83EC, 0x836B, 0x8BCD, 0xAC4F, 0xAC70, 0xBC91, 0xA40F, 0xAC90, 0xBD32, 0x9BEC, 0x9C0D,
  0x842A, 0x7C0A, 0x7408, 0x63E8, 0x5B66, 0x5B87, 0x63C8, 0x6C2A, 0x5BA7, 0x5BC8, 0x63E8, 0x5BC8,
  0x6BA8, 0x63A8, 0x6BA7, 0x6BC8, 0x6346, 0x5B67, 0x840A, 0x94ED, 0x844A, 0x7409, 0x842B, 0x7C0B,
  0x8C4D, 0x94AF, 0x9CAF, 0x9CF1, 0x9CD1, 0x94D1, 0x9490, 0x8C90, 0x8C50, 0x8C50, 0x9450, 0x9491,
  0x8C50, 0x8430, 0x8C50, 0x8450, 0x842E, 0x7C2F, 0x840E, 0x844F, 0x840D, 0x8C90, 0x9C90, 0x94B1,
  0xA4D1, 0x9CB1, 0x8C4E, 0x8C4F, 0x9C6F, 0x8C2E, 0x8C0D, 0x8C4E, 0x3AA7, 0x3204, 0x3A44, 0x31E2,
  0x3224, 0x4285, 0x3A84, 0x42C5, 0x3243, 0x29E1, 0x21E3, 0x4B07, 0x3A65, 0x3203, 0x52A2, 0x62C2,
  0x52A3, 0x39A0, 0x3A43, 0x3A02, 0x3223, 0x3223, 0x2A03, 0x4AA5, 0x3243, 0x42A4, 0x4B25, 0x4B04,
  0x3AC4, 0x3AA3, 0x4B26, 0x5346, 0x4AE5, 0x4AE4, 0x4AE5, 0x4AC4, 0x5B26, 0x6B87, 0x6345, 0x6B65,
  0x4AC5, 0x4AA4, 0x4B04, 0x5B05, 0x4283, 0x4AA4, 0x52E5, 0x4A83, 0x52C4, 0x52C4, 0x5AA3, 0x62C3,
  0x6323, 0x6B43, 0x7388, 0x7BC9, 0x83ED, 0x8BEC, 0x7BAB, 0x7B4A, 0x738B, 0x83AB, 0x8BEE, 0x8B8C,
  0x834C, 0x93CD, 0xAC50, 0xAC30, 0x8BAD, 0x93CD, 0xA46F, 0xB4B0, 0x94CD, 0x7388, 0x744A, 0x7C6A,
  0x744B, 0x7409, 0x6C2A, 0x63C8, 0x5BE9, 0x63C8, 0x5BC9, 0x63C8, 0x6BE9, 0x7409, 0x742A, 0x7C2A,
  0x742A, 0x6387, 0x6347, 0x842A, 0x6BA8, 0x5B26, 0x6389, 0x6348, 0x6B6A, 0x842D, 0x842E, 0x842E,
  0x8C70, 0x9490, 0x94D2, 0x9CD2, 0x94B2, 0x9C92, 0x9492, 0x8C30, 0x8451, 0x8C50, 0x8C71, 0x9492,
  0x7C0F, 0x840E, 0x8CB0, 0x9490, 0x844F, 0x8C4F, 0x8C70, 0x9470, 0x8C2F, 0x8C2F, 0x840E, 0x8C0E,
  0x8C4F, 0x944F, 0x9CB0, 0x946F, 0x4AA6, 0x3A65, 0x3180, 0x31C0, 0x4A42, 0x3A01, 0x3A63, 0x3263,
  0x3243, 0x21E2, 0x41C0, 0x4A41, 0x6303, 0x4220, 0x4A62, 0x4AA4, 0x52A3, 0x4A83, 0x4263, 0x4AA4,
  0x4284, 0x3A64, 0x3242, 0x42C4, 0x3A63, 0x3AA4, 0x4304, 0x3B04, 0x4B24, 0x3AE4, 0x5346, 0x4B26,
  0x3AA2, 0x4B45, 0x3AA3, 0x3AC4, 0x42C3, 0x4B46, 0x3A63, 0x5367, 0x6346, 0x4AE5, 0x5325, 0x4B05,
  0x4A83, 0x6346, 0x52E5, 0x5306, 0x4A81, 0x6BA6, 0x6B24, 0x6B45, 0x5AC4, 0x7BE9, 0x6B67, 0x6B88,
  0x6387, 0x6C09, 0x73C9, 0x740A, 0x6389, 0x5327, 0x5B68, 0x5389, 0x5B48, 0x5348, 0x7BAB, 0x7BCC,
  0x6B08, 0x736A, 0x8B8B, 0x7B4A, 0x942C, 0x7BCA, 0x6BC7, 0x7429, 0x7C48, 0x7448, 0x7408, 0x6C28,
  0x7449, 0x7469, 0x7428, 0x63E7, 0x63A7, 0x63E8, 0x7C09, 0x7409, 0x7408, 0x7429, 0x73C8, 0x5B66,
  0x6366, 0x6387, 0x6347, 0x6BA8, 0x6BA8, 0x63A8, 0x73E9, 0x7C4B, 0x9CAE, 0x8C6D, 0x83EC, 0x8C4E,
  0x94CF, 0x848E, 0x9CD0, 0x94D0, 0x8C2F, 0x8C90, 0x9470, 0x8C70, 0x8C2F, 0x8C90, 0x8C4E, 0x8C6F,
  0x948F, 0x94D1, 0x9490, 0x8C90, 0x9490, 0x844F, 0x8C50, 0x8C71, 0x840F, 0x7BEE, 0x83EE, 0x840F,
  0x29E4, 0x3224, 0x6367, 0x6B47, 0x6B67, 0x4A42, 0x2A22, 0x3263, 0x3A85, 0x2A02, 0x4220, 0x7B86,
  0x6B86, 0x4A40, 0x31E1, 0x4A63, 0x4263, 0x52A3, 0x4AC5, 0x4263, 0x3243, 0x3A63, 0x4306, 0x5326,
  0x4306, 0x5326, 0x4346, 0x3AC4, 0x3AC4, 0x3AC3, 0x3AA4, 0x3AA4, 0x4324, 0x5365, 0x3284, 0x4B05,
  0x4305, 0x4B05, 0x4B26, 0x5B67, 0x5B47, 0x6347, 0x42A4, 0x3A63, 0x5B46, 0x52C4, 0x3A43, 0x4A84,
  0x42A3, 0x73C7, 0x62E4, 0x5241, 0x6306, 0x7387, 0x6B88, 0x6B88, 0x63E9, 0x52E5, 0x5307, 0x4A84,
  0x3224, 0x3A44, 0x4307, 0x42A5, 0x3A85, 0x3A64, 0x6B4A, 0x736A, 0x5266, 0x7B6A, 0x730A, 0x836B,
  0x842C, 0x946D, 0x7C8B, 0x7408, 0x6C08, 0x6C07, 0x63E8, 0x6BC7, 0x63C7, 0x63C7, 0x6408, 0x6BE8,
  0x63E8, 0x6BE8, 0x6BC8, 0x6BC8, 0x63C8, 0x6387, 0x7409, 0x73E8, 0x6388, 0x6367, 0x5B47, 0x6327,
  0x5B47, 0x5306, 0x5306, 0x6B88, 0x8C8E, 0xBDB2, 0x94D0, 0x73AB, 0x636A, 0x73AB, 0x7C0D, 0x842E,
  0x8C90, 0x9CB1, 0x8C91, 0x8C2F, 0x94B1, 0x9491, 0x846F, 0x7BED, 0x7C0E, 0x8C4F, 0x8C70, 0x83EE,
  0x842F, 0x840E, 0x8430, 0x8C30, 0x8450, 0x8C30, 0x7C0F, 0x840F, 0x3203, 0x29E3, 0x6305, 0x5AE5,
  0x4A83, 0x52C5, 0x3A22, 0x3A43, 0x4222, 0x31E2, 0x3180, 0x4A84, 0x4263, 0x4263, 0x4263, 0x3A23,
  0x2160, 0x29A0, 0x2A22, 0x3284, 0x4262, 0x4AC4, 0x3AA3, 0x4305, 0x5326, 0x3AC5, 0x42C5, 0x42E6,
  0x3AA3, 0x3AA4, 0x3AA4, 0x3283, 0x3242, 0x3AC4, 0x3AA3, 0x3AC4, 0x42E4, 0x4325, 0x6B42, 0x5280,
  0x52E4, 0x5B25, 0x4AA4, 0x4AE5, 0x5B46, 0x4AE5, 0x52C3, 0x4A83, 0x5260, 0x5AE2, 0x6B65, 0x5B04,
  0x8363, 0x83A5, 0x7B01, 0x8BC4, 0x8300, 0x8341, 0x8342, 0x8383, 0x5283, 0x3A02, 0x4A64, 0x4243,
  0x31A3, 0x31C4, 0x73AB, 0x6BAB, 0x4A25, 0x73AB, 0x934B, 0x8B2B, 0x934C, 0x9BAD, 0x7C0A, 0x73EA,
  0x6C07, 0x6C48, 0x6C07, 0x6C28, 0x6C07, 0x63E7, 0x5B85, 0x5BA6, 0x63C7, 0x5BA7, 0x63C8, 0x6C09,
  0x7408, 0x6BE8, 0x6BE8, 0x6C09, 0x73C8, 0x7409, 0x73C8, 0x6B88, 0x5B26, 0x5326, 0x5B67, 0x5B67,
  0x5B07, 0x73EB, 0x946E, 0x840D, 0x7BCA, 0x7BEB, 0x73AA, 0x6B89, 0x840D, 0x8C4E, 0x7BEC, 0x7C0D,
  0x94AF, 0x94F0, 0x948F, 0x7C2E, 0x842E, 0x8C90, 0x8C70, 0x7C2F, 0x8C50, 0x8C71, 0x83EF, 0x7BEF,
  0x840E, 0x842F, 0x8C2F, 0x844F, 0x3A65, 0x3A65, 0x39C1, 0x5284, 0x5306, 0x4222, 0x4284, 0x4AC5,
  0x3202, 0x31C1, 0x4243, 0x31C1, 0x4284, 0x52C5, 0x3A23, 0x4243, 0x52E5, 0x4222, 0x2222, 0x3263,
  0x5305, 0x5B05, 0x3284, 0x3242, 0x3AC5, 0x3A84, 0x2223, 0x2A23, 0x3283, 0x3AA4, 0x3284, 0x3AA4,
  0x2201, 0x21C0, 0x3AC4, 0x42E5, 0x32C4, 0x3AC3, 0x7BE6, 0x83C5, 0x5326, 0x4A83, 0x5347, 0x5B27,
  0x4AE5, 0x4263, 0x3A01, 0x52A3, 0x6BA5, 0x4A60, 0x4AA3, 0x52A2, 0x6AE2, 0x9406, 0x9426, 0x8342,
  0x7B00, 0x93A3, 0x8BA4, 0x7B02, 0x7BEA, 0x7BE9, 0x6348, 0x5285, 0x634A, 0x52A7, 0x4266, 0x31C3,
  0x31A4, 0x4205, 0x6207, 0x8B2B, 0x8B2C, 0x7AA9, 0x5B47, 0x73A8, 0x6408, 0x6C07, 0x63E8, 0x6C08,
  0x6408, 0x6C08, 0x6408, 0x63C7, 0x5BC7, 0x5B86, 0x5367, 0x5346, 0x4B05, 0x5305, 0x5B67, 0x5326,
  0x5B67, 0x6BA8, 0x6BA8, 0x73C8, 0x6BC9, 0x6347, 0x5327, 0x5B47, 0x6BAA, 0x6328, 0x62E9, 0x6B2A,
  0x6BAA, 0x6328, 0x638A, 0x842C, 0x8C6F, 0x946E, 0x842E, 0x73AB, 0x73CC, 0x7BCC, 0x73ED, 0x840D,
  0x7C0E, 0x94B0, 0x8CB1, 0x840F, 0x8C91, 0x9CB2, 0x8C91, 0x8C10, 0x842F, 0x840F, 0x8430, 0x840F,
  0x29A2, 0x3204, 0x3A23, 0x3A23, 0x31E3, 0x2181, 0x3A02, 0x5B27, 0x4A63, 0x4243, 0x4221, 0x29A0,
  0x31A1, 0x29A1, 0x2181, 0x3244, 0x4AC4, 0x42C4, 0x42A4, 0x3283, 0x3A62, 0x3263, 0x3263, 0x3264,
  0x2A02, 0x21E2, 0x3202, 0x29E2, 0x3242, 0x3283, 0x2A01, 0x21E1, 0x3224, 0x21C3, 0x3242, 0x3263,
  0x42A4, 0x3242, 0x4AA2, 0x6BA6, 0x5B45, 0x5304, 0x5325, 0x3A62, 0x39C1, 0x5B06, 0x7B63, 0x6B23,
  0x8384, 0x9447, 0x8C07, 0x52A2, 0x5262, 0x6325, 0x93E7, 0x7B85, 0x9382, 0xB486, 0x7AE2, 0x5A20,
  0x51C0, 0x6AE2, 0x6A82, 0x6AC3, 0x7BAB, 0x5AE8, 0x3A45, 0x21A3, 0x2181, 0x3A86, 0x5AA7, 0x7BCC,
  0x8BCB, 0x732A, 0x7BE8, 0x73E9, 0x6BA7, 0x6BC8, 0x7407, 0x63C7, 0x63C6, 0x6407, 0x6C28, 0x6408,
  0x6BE7, 0x63E8, 0x5BA7, 0x5366, 0x5325, 0x4B26, 0x4B05, 0x4B06, 0x5B66, 0x5367, 0x5B66, 0x5B87,
  0x6367, 0x6BC8, 0x6BA8, 0x5B67, 0x5306, 0x5B67, 0x5326, 0x5BA8, 0x5B47, 0x6389, 0x73AB, 0x846E,
  0x9CB0, 0x9CD1, 0xA4F0, 0x9CF0, 0x946D, 0x8C6D, 0x7BEA, 0x6368, 0x6B88, 0x6BEA, 0x8C6D, 0x8C8E,
  0x94AF, 0x8C8F, 0x94AF, 0x8C8F, 0x946F, 0x9490, 0x9470, 0x8C70, 0x21C3, 0x29C3, 0x29C2, 0x29A1,
  0x2182, 0x31C2, 0x2981, 0x2960, 0x3A23, 0x39E2, 0x3A01, 0x6B66, 0x3203, 0x2981, 0x21E3, 0x21A2,
  0x2A02, 0x3201, 0x3AA4, 0x3243, 0x3263, 0x3A63, 0x2202, 0x3243, 0x3A85, 0x3A44, 0x3244, 0x3A64,
  0x4B47, 0x21E1, 0x3264, 0x3263, 0x1982, 0x1941, 0x3263, 0x3243, 0x3AA4, 0x3242, 0x4282, 0x52E3,
  0x5304, 0x6365, 0x5346, 0x4AE4, 0x4243, 0x4A63, 0x6B23, 0x62A1, 0x62C1, 0x7B43, 0x6304, 0x62E3,
  0x6325, 0x62E4, 0x5AA2, 0x62A2, 0x8B62, 0xAC25, 0x8365, 0x8323, 0x83A6, 0x6AA2, 0x6AC4, 0x51E0,
  0x4225, 0x2942, 0x29E4, 0x2162, 0x19A3, 0x3A65, 0x39A4, 0x4A05, 0x5A46, 0x7B4A, 0x7409, 0x6B87,
  0x4AE5, 0x5B25, 0x6C08, 0x6BC7, 0x6408, 0x63C6, 0x6408, 0x6C07, 0x746A, 0x6C08, 0x5BC8, 0x5346,
  0x4B47, 0x4B06, 0x42C5, 0x5326, 0x5BA8, 0x5B47, 0x5347, 0x5B46, 0x5B47, 0x6347, 0x5B68, 0x6BA9,
  0x5367, 0x5326, 0x5347, 0x5326, 0x4AE7, 0x4AC6, 0x634A, 0x6329, 0x630A, 0x736C, 0x8C6F, 0x9CAF,
  0x94AF, 0xA4EF, 0x94CE, 0x6328, 0x5307, 0x6348, 0x6349, 0x73AA, 0x73CD, 0x7BED, 0x842E, 0x7BED,
  0x73CD, 0x94B1, 0x94D2, 0x842F, 0x3A24, 0x3A65, 0x3A86, 0x3266, 0x5284, 0x4223, 0x4263, 0x3222,
  0x31E2, 0x3202, 0x39C0, 0x6B46, 0x5284, 0x2140, 0x29E3, 0x21E3, 0x3202, 0x3264, 0x42A4, 0x2A22,
  0x21C1, 0x21E2, 0x3264, 0x3264, 0x21A1, 0x3A64, 0x3222, 0x3A64, 0x4B46, 0x19C0, 0x2A01, 0x2A43,
  0x21C2, 0x1140, 0x29C2, 0x3265, 0x3A22, 0x3A43, 0x5302, 0x6BE6, 0x4AE1, 0x5302, 0x5BA5, 0x4B23,
  0x4A01, 0x5283, 0x6AE2, 0x5AA1, 0x5260, 0x39E0, 0x6303, 0x5AC3, 0x6220, 0x6260, 0x4A40, 0x52A1,
  0x7303, 0x49E0, 0x5A20, 0x5200, 0x72A1, 0x8364, 0x93E5, 0x7B43, 0x39A1, 0x4A24, 0x39C3, 0x10E0,
  0x4204, 0x3A04, 0x3182, 0x4A86, 0x6B48, 0x7389, 0x7347, 0x7368, 0x7347, 0x5AE6, 0x4AC4, 0x63A8,
  0x63A8, 0x5B87, 0x5B45, 0x63A7, 0x6BE8, 0x6C08, 0x6BE7, 0x63E8, 0x6BE7, 0x63E8, 0x6BC8, 0x63E8,
  0x5BA7, 0x53A7, 0x5B86, 0x53A6, 0x5B66, 0x5366, 0x6BA7, 0x5B87, 0x6367, 0x6BE9, 0x7B89, 0x6B48,
  0x6B27, 0x5AE7, 0x5306, 0x4AE6, 0x5B07, 0x5307, 0x5B06, 0x6348, 0x5B07, 0x4AA6, 0x52C6, 0x5308,
  0x52E6, 0x6BA9, 0x7BCA, 0x7BEB, 0x7388, 0x6B88, 0x6367, 0x5B67, 0x7BEA, 0x844D, 0x8C6D, 0x73CB,
  0x21C3, 0x31E3, 0x3A87, 0x5349, 0x6347, 0x4A43, 0x3A63, 0x4263, 0x3A23, 0x4AA5, 0x3A01, 0x39A0,
  0x31E2, 0x31A0, 0x2A24, 0x3224, 0x2A03, 0x3A84, 0x4306, 0x3A84, 0x2A24, 0x3A85, 0x3AA6, 0x19A1,
  0x21C2, 0x21C2, 0x21C1, 0x29E2, 0x32C4, 0x21E1, 0x19C1, 0x1160, 0x2203, 0x21A2, 0x21C2, 0x3203,
  0x4AC5, 0x3A23, 0x5344, 0x7406, 0x5B64, 0x5302, 0x4B64, 0x2A00, 0x52A4, 0x6305, 0x39A0, 0x7323,
  0x8428, 0x5281, 0x5AE4, 0x5262, 0x8364, 0x9BE6, 0x52A2, 0x4A40, 0x7B66, 0x5A41, 0x7304, 0x62A2,
  0x6281, 0x5A00, 0x5A60, 0x7B43, 0x4A44, 0x62E7, 0x4246, 0x3183, 0x3A05, 0x5AE8, 0x5B09, 0x4225,
  0x6308, 0x7BCA, 0x6B07, 0x6AE6, 0x840B, 0x7BA9, 0x4AE5, 0x42A4, 0x42C5, 0x5306, 0x5366, 0x6387,
  0x5346, 0x63A7, 0x6C29, 0x6BE8, 0x63E8, 0x63C7, 0x63C8, 0x63A7, 0x53A7, 0x5366, 0x4325, 0x4B25,
  0x4B46, 0x4B05, 0x5347, 0x6387, 0x5B87, 0x6367, 0x7BAA, 0x8C0B, 0x7BCB, 0x6B48, 0x5B89, 0x5B48,
  0x638A, 0x5B07, 0x4A85, 0x52C6, 0x52C7, 0x4A85, 0x4AC7, 0x4A86, 0x4AA6, 0x52E6, 0x73CB, 0x83EB,
  0x6B89, 0x6B68, 0x6388, 0x6BC9, 0x73CB, 0x73AA, 0x6B8A, 0x6B6A, 0x29C3, 0x21C3, 0x3224, 0x2A04,
  0x3A23, 0x31E3, 0x2180, 0x3223, 0x4222, 0x4263, 0x31C3, 0x3A44, 0x31E2, 0x29E3, 0x4264, 0x3203,
  0x1960, 0x2A03, 0x3A64, 0x2203, 0x2A02, 0x3244, 0x29E3, 0x21C2, 0x21A2, 0x2A03, 0x29E2, 0x1961,
  0x42A5, 0x2A23, 0x21C2, 0x1181, 0x21C1, 0x3AA5, 0x39A0, 0x4222, 0x5260, 0x52A1, 0x5301, 0x5362,
  0x5B41, 0x63C4, 0x6323, 0x4220, 0x39C0, 0x52A3, 0x39A0, 0x6B24, 0x7322, 0x62E2, 0x4AA3, 0x3200,
  0x5AE3, 0x6324, 0x5AA4, 0x4A63, 0x6AE2, 0x6B03, 0xA380, 0xABC0, 0xA380, 0x9360, 0x72A0, 0x6240,
  0x7B01, 0x8363, 0x8343, 0x5220, 0x72E7, 0x62A6, 0x41C2, 0x4203, 0x5285, 0x5AE6, 0x6B68, 0x94AD,
  0x8BEB, 0x7BCB, 0x6B68, 0x52C5, 0x4AA4, 0x4AA5, 0x52E5, 0x5306, 0x6B87, 0x5B26, 0x6367, 0x6BC8,
  0x6BE8, 0x5366, 0x6367, 0x5B88, 0x6AC6, 0x6B08, 0x6AA7, 0x5A66, 0x4A24, 0x4A66, 0x3A44, 0x42E6,
  0x5305, 0x5347, 0x7B49, 0x7329, 0xA3AD, 0x934C, 0x62E7, 0x6308, 0x6347, 0x6367, 0x5B26, 0x4B05,
  0x5B46, 0x5347, 0x5306, 0x4AE5, 0x52C5, 0x4284, 0x5AC7, 0x6328, 0x5AA7, 0x4A25, 0x5B06, 0x5B48,
  0x73A9, 0x6BA9, 0x73AA, 0x73CA, 0x29E4, 0x29C3, 0x19A3, 0x2182, 0x2181, 0x31E3, 0x2A03, 0x3223,
  0x4244, 0x4243, 0x3A45, 0x4265, 0x3A65, 0x3204, 0x1981, 0x29C2, 0x21A2, 0x1961, 0x3265, 0x1981,
  0x21E2, 0x2A03, 0x2A04, 0x29C2, 0x1161, 0x21A2, 0x2A24, 0x1120, 0x2203, 0x21C2, 0x19A2, 0x3264,
  0x2A43, 0x29E2, 0x6B87, 0x7BA8, 0x7BE6, 0x4A40, 0x5B83, 0x5342, 0x5363, 0x63A3, 0x5AE3, 0x62E3,
  0x39E0, 0x6305, 0x4A21, 0x41C0, 0x5260, 0x6AE2, 0x4AA4, 0x52C4, 0x6345, 0x52A2, 0x4222, 0x4A43,
  0x5240, 0x6AE2, 0xB401, 0xB3C0, 0x9360, 0xBC44, 0x8BA4, 0x93A3, 0x6AA0, 0x8362, 0x8385, 0x5A20,
  0x5245, 0x5A25, 0x4203, 0x39A2, 0x4244, 0x5285, 0x52C6, 0x5AC6, 0x52A7, 0x7369, 0x5B47, 0x73A9,
  0x5327, 0x52E6, 0x5306, 0x4AA5, 0x5B67, 0x6347, 0x5B47, 0x5305, 0x5366, 0x63A7, 0x5347, 0x5B47,
  0x7BAA, 0x944C, 0x83AC, 0x7B6A, 0x6B8A, 0x736A, 0x3A85, 0x3A65, 0x4AE5, 0x4AE5, 0x62E8, 0x7308,
  0x7268, 0x8AEA, 0x736A, 0x6B08, 0x5B27, 0x5B06, 0x5367, 0x3A63, 0x4B26, 0x5B47, 0x4B06, 0x5306,
  0x5307, 0x4AA5, 0x4265, 0x4A65, 0x5287, 0x5A87, 0x4AE6, 0x4264, 0x4AC6, 0x5AE6, 0x6BAA, 0x6B89,
  0x29A2, 0x21C3, 0x29C2, 0x21A2, 0x29A2, 0x21C3, 0x2181, 0x29E3, 0x3A43, 0x4B06, 0x4264, 0x3A64,
  0x29A2, 0x29E3, 0x29A2, 0x1961, 0x1940, 0x1941, 0x3202, 0x3223, 0x29E1, 0x3243, 0x3203, 0x3244,
  0x2161, 0x1941, 0x1941, 0x0901, 0x29A0, 0x2180, 0x1920, 0x3202, 0x3244, 0x3AA6, 0x31E0, 0x4AC3,
  0x94E5, 0x4AC0, 0x5344, 0x4303, 0x5B43, 0x5B64, 0x6AC3, 0x5A82, 0x29A0, 0x5B24, 0x4263, 0x3202,
  0x3A22, 0x4AE5, 0x5280, 0x6363, 0x4223, 0x29A1, 0x6B03, 0x62E3, 0x7AE1, 0x5220, 0x8321, 0x9BE4,
  0x9BC4, 0x5A00, 0x7240, 0xA3E4, 0x9340, 0x61E0, 0x6AC3, 0x7325, 0x6AC3, 0x3960, 0x6B26, 0x7BE9,
  0x4242, 0x4284, 0x52C6, 0x3A24, 0x39E4, 0x4246, 0x5AE7, 0x5B08, 0x5AE6, 0x5B27, 0x52E5, 0x5B27,
  0x52A5, 0x52E6, 0x5AE6, 0x5B07, 0x6366, 0x5326, 0x6B28, 0x6329, 0x8ACA, 0x934C, 0x9B8C, 0x8B2B,
  0x8B2B, 0xAC70, 0x6B28, 0x5AC7, 0x62A6, 0x62E8, 0x836A, 0x7B4A, 0x6B26, 0x7389, 0x834A, 0x8BED,
  0xAC0E, 0x82EA, 0x72A8, 0x834B, 0x8B2A, 0x7AE9, 0x6286, 0x5A86, 0x5B06, 0x5B27, 0x5B06, 0x5B27,
  0x93AC, 0x9C0E, 0x9BED, 0x6A87, 0x4A84, 0x5306, 0x4AA5, 0x5307, 0x29C3, 0x2161, 0x3224, 0x3A45,
  0x3A66, 0x21A2, 0x21A2, 0x29C3, 0x3A64, 0x4284, 0x3A44, 0x29A1, 0x2A03, 0x31E3, 0x1962, 0x1921,
  0x3224, 0x3A44, 0x3A64, 0x29C2, 0x2A23, 0x3A64, 0x21E3, 0x21A2, 0x2182, 0x29A2, 0x19A3, 0x29C4,
  0x3203, 0x4243, 0x3223, 0x29A0, 0x2A24, 0x2A04, 0x2180, 0x31C0, 0x7C64, 0x5300, 0x42E3, 0x3AA2,
  0x42A1, 0x3200, 0x6B25, 0x41A0, 0x4261, 0x4A81, 0x3223, 0x4284, 0x3223, 0x3A23, 0x4AA0, 0x5280,
  0x3203, 0x2981, 0x41E0, 0x83A7, 0x7B22, 0x6AA0, 0x5A20, 0x6220, 0x7B02, 0x7260, 0x5180, 0x9B62,
  0xBC86, 0x7A60, 0x3960, 0x5A41, 0x6AE4, 0x6AE4, 0x2980, 0x41E1, 0x4264, 0x52E5, 0x4245, 0x4244,
  0x4246, 0x31A3, 0x31C3, 0x4A65, 0x4265, 0x5AE6, 0x5B47, 0x5B27, 0x5B27, 0x4A85, 0x4285, 0x52C6,
  0x4B05, 0x5305, 0x5B08, 0x5AA7, 0x61E7, 0x7228, 0x82CA, 0x82CA, 0x8B6C, 0x9BAD, 0x842D, 0x7BCB,
  0x83EC, 0x83EC, 0x9C6E, 0xACAF, 0x840B, 0x7BC9, 0x730A, 0x6AA8, 0x7AEA, 0xA3AD, 0x834B, 0x72C9,
  0x93AD, 0xAC4F, 0x944E, 0x838A, 0x4AC5, 0x4A84, 0x4AA5, 0x5AE6, 0x7B0A, 0x59E5, 0x6AA9, 0x8B8B,
  0x4285, 0x4244, 0x4285, 0x4A85, 0x4286, 0x2A04, 0x2162, 0x1982, 0x3224, 0x3245, 0x31E3, 0x29C3,
  0x4285, 0x3A65, 0x3223, 0x42A5, 0x4285, 0x2A23, 0x31E2, 0x4285, 0x42A5, 0x3223, 0x3223, 0x3A84,
  0x3A63, 0x2A23, 0x2181, 0x1160, 0x2180, 0x2A02, 0x41C0, 0x5260, 0x5220, 0x5AA1, 0x5A62, 0x41C0,
  0x1941, 0x1962, 0x3A24, 0x29C3, 0x63C4, 0x4B42, 0x52C0, 0x5B22, 0x6260, 0x6AE0, 0x7320, 0x5260,
  0x4A40, 0x52A0, 0x4A60, 0x4A81, 0x5280, 0x52E1, 0x6B24, 0x39C0, 0x2182, 0x29E3, 0x49E0, 0x6B42,
  0x93A4, 0x93E5, 0x49C0, 0x62E4, 0x8B63, 0x7B02, 0x6AA1, 0x7B44, 0xAC87, 0x8342, 0x6B05, 0x39C0,
  0x6220, 0x49C0, 0x2982, 0x29A3, 0x4264, 0x4AC7, 0x6307, 0x5B07, 0x5AE6, 0x52A6, 0x4203, 0x4A45,
  0x5AC6, 0x6328, 0x6B68, 0x5B07, 0x73A9, 0x73CA, 0x734A, 0x6309, 0x5AA7, 0x4245, 0x4A45, 0x5AE8,
  0x5245, 0x52A7, 0x7369, 0x6B49, 0x8B2B, 0xA42F, 0x940D, 0x8BED, 0xA3CE, 0xA40F, 0xAB8E, 0x9B2D,
  0x7B4A, 0x6AE8, 0x7B49, 0x734A, 0x836A, 0x6287, 0x72C9, 0x7B2B, 0x7AA9, 0x7289, 0x8B6B, 0x9C0E,
  0x840B, 0x5AE7, 0x5326, 0x4AE5, 0x4AA4, 0x4AE5, 0x4A64, 0x5B07, 0x6347, 0x52E6, 0x5B06, 0x4AA5,
  0x2A04, 0x29E3, 0x21C4, 0x4266, 0x3245, 0x21A3, 0x29E4, 0x29A3, 0x21C3, 0x21A2, 0x3AA6, 0x4AE6,
  0x2A03, 0x29C2, 0x29E3, 0x3203, 0x29E3, 0x21A1, 0x21C1, 0x3243, 0x3244, 0x3203, 0x3244, 0x3223,
  0x2A03, 0x3202, 0x7365, 0x83A5, 0x5AC2, 0x41C0, 0x4A22, 0x3980, 0x1142, 0x1941, 0x1961, 0x08C0,
  0x3AE1, 0x5342, 0x4280, 0x7C05, 0x8361, 0x9C44, 0x6B20, 0x83A2, 0x52A0, 0x6B42, 0x5B23, 0x62E3,
  0x52E1, 0x6B83, 0x5AC3, 0x3160, 0x1982, 0x3A45, 0x6302, 0x83A4, 0x51E0, 0x4980, 0x4A22, 0x5A42,
  0x6AA1, 0x6220, 0x4180, 0x5A40, 0x72E1, 0x4960, 0x5284, 0x5243, 0x8BA5, 0x9C27, 0x2182, 0x2982,
  0x3204, 0x31C3, 0x4A85, 0x5AC6, 0x5B28, 0x5AE7, 0x5B08, 0x6328, 0x6328, 0x62E7, 0x5B07, 0x5AE7,
  0x5B28, 0x6B89, 0x8C4E, 0x8C2D, 0x842D, 0x83EC, 0x6349, 0x5AC7, 0x52C7, 0x5AA7, 0x5AE8, 0x5A86,
  0x7B0B, 0x8B4C, 0x6AC9, 0x730A, 0x8B6D, 0x8B0B, 0xABF0, 0xA34D, 0x8BED, 0x836B, 0x7B8B, 0x838B,
  0x8BED, 0x6AC8, 0x6268, 0x7B2B, 0x7AEB, 0x6207, 0x49C5, 0x6247, 0x6348, 0x5AC6, 0x5347, 0x52E6,
  0x4AE6, 0x52E6, 0x52C6, 0x6327, 0x52C6, 0x6327, 0x73EB, 0x6368, 0x3A65, 0x3286, 0x21C3, 0x2A25,
  0x3244, 0x2A03, 0x2181, 0x21A2, 0x29C2, 0x2A03, 0x3A64, 0x21E3, 0x3A44, 0x3224, 0x3A23, 0x21A1,
  0x29C2, 0x21A2, 0x29C2, 0x2A03, 0x2161, 0x21A2, 0x3203, 0x21C2, 0x29C1, 0x29E2, 0x4A83, 0x4262,
  0x3A63, 0x42A4, 0x8300, 0x8BA3, 0x59E0, 0x4140, 0x6AA1, 0x49E0, 0x3A82, 0x5366, 0x31E0, 0x3A61,
  0x6322, 0x5B22, 0x73A5, 0x52C2, 0x5280, 0x5AE1, 0x8C04, 0x6B42, 0x5B02, 0x5323, 0x5A43, 0x2900,
  0x2180, 0x3AA3, 0x5B03, 0x5303, 0x62E5, 0x31A0, 0x4980, 0x5A40, 0x51E0, 0x7B24, 0x5AC4, 0x31A0,
  0x2961, 0x31C2, 0x2920, 0x2940, 0x3960, 0x5284, 0x39A3, 0x31A3, 0x4225, 0x4266, 0x4224, 0x4244,
  0x4A65, 0x4A86, 0x5AC6, 0x6328, 0x7349, 0x6B69, 0x5AC6, 0x5B07, 0x5AE6, 0x6328, 0x83EB, 0x8C6D,
  0x8C0C, 0x8C2D, 0x8C0D, 0x840D, 0x6B69, 0x52C6, 0x52C6, 0x6369, 0x8B8B, 0x8BCD, 0x738A, 0x6B4A,
  0x7329, 0x6B09, 0x5A66, 0x5246, 0x5AC7, 0x840D, 0x738A, 0x5B08, 0x6B68, 0x6348, 0x7B8A, 0x5AC7,
  0x41E4, 0x52A8, 0x4A64, 0x5B28, 0x5B06, 0x4AC5, 0x4AE5, 0x4B06, 0x5B26, 0x4AE5, 0x5325, 0x5326,
  0x6B07, 0x7BCA, 0x934B, 0x936C, 0x3266, 0x3225, 0x2A25, 0x3245, 0x3245, 0x3A45, 0x3A65, 0x29E3,
  0x21C3, 0x29E3, 0x2A24, 0x2A03, 0x3224, 0x29E3, 0x21A2, 0x21A2, 0x3224, 0x2181, 0x21C3, 0x1120,
  0x08E0, 0x1921, 0x1140, 0x1961, 0x29E2, 0x29E2, 0x29C0, 0x2980, 0x21E1, 0x3202, 0x72E0, 0x72C0,
  0x72E2, 0x72C1, 0xACCA, 0x7302, 0x19C0, 0x42E4, 0x3221, 0x3A41, 0x4280, 0x4260, 0x2980, 0x39C0,
  0x4240, 0x3180, 0x39C0, 0x5240, 0x4AE2, 0x29C0, 0x49E2, 0x7B47, 0x2A01, 0x4AE5, 0x5303, 0x3A20,
  0x39E1, 0x5263, 0x8BA5, 0x72A1, 0x6AE3, 0x4180, 0x52A5, 0x39C0, 0x31E3, 0x4A45, 0x4A44, 0x5244,
  0x3981, 0x3120, 0x2983, 0x3163, 0x31C4, 0x4225, 0x3A24, 0x39E3, 0x4245, 0x4224, 0x4245, 0x62E7,
  0x738A, 0x83EC, 0x73AA, 0x6308, 0x5B07, 0x6307, 0x6329, 0x83EB, 0x8C2E, 0x8C0D, 0x944E, 0x83CC,
  0x6B8A, 0x5AE7, 0x4A86, 0x6308, 0x6AA9, 0x6A88, 0x4A66, 0x4A46, 0x62C9, 0x734A, 0x4A26, 0x5A46,
  0x4246, 0x4A46, 0x5B09, 0x6308, 0x6369, 0x7389, 0x9CAF, 0x8C0C, 0x6309, 0x6B2A, 0x73CB, 0x5B07,
  0x3A43, 0x4A84, 0x42E5, 0x4284, 0x4AC5, 0x52E5, 0x5326, 0x5306, 0x6B28, 0x7369, 0x8B0B, 0x82A9,
  0x29E3, 0x3A86, 0x29C3, 0x3A66, 0x3203, 0x21E3, 0x3203, 0x1161, 0x2181, 0x2A03, 0x3244, 0x2A23,
  0x4AA5, 0x29E3, 0x29A2, 0x21A2, 0x2160, 0x29C2, 0x29C2, 0x19A2, 0x21A1, 0x1140, 0x1940, 0x1981,
  0x2181, 0x2A03, 0x3A01, 0x31E1, 0x41E0, 0x31A0, 0x31C0, 0x31C1, 0x6AC2, 0x6AE3, 0x4A42, 0x31C0,
  0x2180, 0x3223, 0x3242, 0x3263, 0x4A40, 0x4220, 0x49C0, 0x5243, 0x21E1, 0x21E2, 0x29E1, 0x3242,
  0x3A01, 0x21A0, 0x2100, 0x31C0, 0x3A41, 0x4AC3, 0x52E5, 0x29E1, 0x39E1, 0x3201, 0x62C2, 0x7B65,
  0x7AC1, 0x6240, 0x39A0, 0x31A1, 0x41E2, 0x52A5, 0x4A23, 0x3181, 0x5285, 0x4A85, 0x4224, 0x31C3,
  0x4A44, 0x5286, 0x5AA6, 0x4A65, 0x52A6, 0x52C7, 0x52A7, 0x6329, 0x6309, 0x6B4A, 0x83CB, 0x948F,
  0x940D, 0x8C0D, 0x6B08, 0x5AC8, 0x6B29, 0x842D, 0x8C0D, 0x8C2D, 0x7BAB, 0x4A86, 0x4AA6, 0x3245,
  0x3A44, 0x4B07, 0x4A86, 0x4265, 0x4A86, 0x52E8, 0x42A5, 0x3244, 0x5307, 0x42C6, 0x4204, 0x3A04,
  0x5AC6, 0x52C6, 0x738A, 0x5B08, 0x5AC6, 0x52C7, 0x5A86, 0x6B28, 0x4A25, 0x41E4, 0x62C7, 0x62C7,
  0x4A84, 0x4284, 0x52E5, 0x5346, 0x6AC7, 0x62A7, 0x6A87, 0x5A06, 0x2A25, 0x21A3, 0x1141, 0x1942,
  0x1982, 0x21C3, 0x21C3, 0x29E3, 0x21A2, 0x2182, 0x2A24, 0x21A1, 0x21C2, 0x29E3, 0x2182, 0x29A2,
  0x3224, 0x29E2, 0x21C2, 0x21A2, 0x21C3, 0x2182, 0x29E3, 0x29A2, 0x1982, 0x29A2, 0x3A01, 0x4242,
  0x6325, 0x5282, 0x29A1, 0x2980, 0x49E0, 0x4160, 0x29A0, 0x31A0, 0x2A03, 0x31E3, 0x3AA4, 0x2A22,
  0x3A00, 0x5B03, 0x6B26, 0x4180, 0x21E2, 0x19A0, 0x21C1, 0x21C0, 0x21A0, 0x3201, 0x4262, 0x4A62,
  0x42A3, 0x3A41, 0x3203, 0x3202, 0x3A22, 0x2980, 0x3140, 0x49E0, 0x72E2, 0x6A60, 0x5285, 0x41C2,
  0x31C1, 0x41E2, 0x4224, 0x4203, 0x31C2, 0x4203, 0x3A25, 0x31C3, 0x4245, 0x4A45, 0x4A86, 0x4A45,
  0x4265, 0x52A6, 0x5B09, 0x5AC7, 0x5AC8, 0x62E8, 0x5267, 0x7B8B, 0x944F, 0x944E, 0x8C6F, 0x738B,
  0x73CC, 0x7BAB, 0x5287, 0x7B6B, 0x6329, 0x52A7, 0x42A7, 0x31E4, 0x2A03, 0x4285, 0x4266, 0x31C3,
  0x31E4, 0x3A24, 0x3A85, 0x3244, 0x3AA6, 0x2A03, 0x3A25, 0x52A6, 0x5B08, 0x4A45, 0x4266, 0x4225,
  0x5B29, 0x738A, 0x5286, 0x6308, 0x7BEC, 0x736A, 0x62E8, 0x83AB, 0x5B28, 0x4223, 0x5326, 0x52E5,
  0x6B08, 0x836A, 0x7B0A, 0x7B0A, 0x3A65, 0x19A2, 0x1120, 0x1982, 0x1981, 0x21C3, 0x3A64, 0x3265,
  0x3203, 0x21E3, 0x29C2, 0x29C3, 0x29C2, 0x29C2, 0x31C2, 0x29C2, 0x3A43, 0x3244, 0x31E2, 0x1940,
  0x2160, 0x1940, 0x31E1, 0x2A02, 0x29C2, 0x21C2, 0x3160, 0x73A6, 0x83A6, 0x5282, 0x31A0, 0x52E5,
  0x4AA5, 0x21A1, 0x3224, 0x2A04, 0x2121, 0x2162, 0x3A42, 0x42A4, 0x4201, 0x4222, 0x59E0, 0x3920,
  0x3960, 0x3140, 0x3180, 0x3180, 0x3A40, 0x4AC1, 0x8446, 0x4AC0, 0x4A84, 0x3223, 0x2960, 0x2181,
  0x2980, 0x3A02, 0x31A1, 0x29A2, 0x5A62, 0x7366, 0x6AE3, 0x5220, 0x3980, 0x39E1, 0x39E4, 0x3A46,
  0x4A43, 0x5AC5, 0x5244, 0x4A23, 0x4A46, 0x52C8, 0x5266, 0x4A46, 0x4225, 0x4A66, 0x4204, 0x4245,
  0x52A7, 0x4A86, 0x6B29, 0x6B6A, 0x8BEC, 0x8C4E, 0x842C, 0x738A, 0x6B69, 0x5B08, 0x5286, 0x4A65,
  0x4285, 0x4AC6, 0x42A6, 0x29E3, 0x3A04, 0x3A65, 0x3A44, 0x29C3, 0x4225, 0x31C4, 0x3A24, 0x3A25,
  0x3A65, 0x21C3, 0x5A06, 0x838C, 0x8B4A, 0x6AA8, 0x2A03, 0x3265, 0x4286, 0x3245, 0x4A65, 0x52E7,
  0x4A85, 0x4AA6, 0x52A5, 0x4284, 0x5AA6, 0x5AC7, 0x6306, 0x4A85, 0x6B08, 0x6B29, 0x5A25, 0x6287,
  0x2A25, 0x1982, 0x1162, 0x1962, 0x1982, 0x2182, 0x19C3, 0x29E3, 0x2A04, 0x21A2, 0x1982, 0x2182,
  0x21A2, 0x2182, 0x2162, 0x2161, 0x1960, 0x29C2, 0x1961, 0x21A1, 0x2182, 0x31C2, 0x3263, 0x29E1,
  0x1141, 0x1140, 0x31A0, 0x4A20, 0x4200, 0x3160, 0x29A1, 0x31A1, 0x2181, 0x2160, 0x2A04, 0x1961,
  0x18E0, 0x18E0, 0x2A02, 0x4264, 0x4A43, 0x4A22, 0x51E0, 0x72A2, 0x7345, 0x7344, 0x4A63, 0x4A42,
  0x21C0, 0x29A0, 0x52E1, 0x5B01, 0x3223, 0x3A22, 0x2181, 0x31C2, 0x2981, 0x31A1, 0x3A24, 0x2941,
  0x3160, 0x3980, 0x3960, 0x6282, 0x6307, 0x41E2, 0x29C4, 0x3A05, 0x3181, 0x6B47, 0x6B28, 0x6AE6,
  0x6B6B, 0x6B6B, 0x73AC, 0x738B, 0x6B6B, 0x6B6A, 0x5B09, 0x5286, 0x4A87, 0x4225, 0x4225, 0x5AC8,
  0x62E9, 0x7BAB, 0x73CB, 0x5AE7, 0x6349, 0x5B08, 0x52C7, 0x4A86, 0x3A85, 0x3A44, 0x3266, 0x29C3,
  0x29C3, 0x29C3, 0x2A04, 0x29C3, 0x31E4, 0x4A66, 0x4286, 0x39E4, 0x3245, 0x3224, 0x3123, 0x3943,
  0x6247, 0x7AC9, 0x2A45, 0x3265, 0x21E4, 0x29E3, 0x4286, 0x52C7, 0x3204, 0x4244, 0x52E6, 0x4A85,
  0x4A46, 0x5AA7, 0x5B07, 0x4A64, 0x5266, 0x62C7, 0x62A8, 0x6267, 0x2A04, 0x21E4, 0x1120, 0x1161,
  0x1961, 0x1961, 0x2182, 0x19A2, 0x2181, 0x21A2, 0x31E2, 0x29C2, 0x29A1, 0x29A2, 0x4224, 0x31E3,
  0x31C1, 0x3A44, 0x4A22, 0x6327, 0x4A65, 0x2141, 0x4264, 0x29E2, 0x2980, 0x2140, 0x29C2, 0x3A65,
  0x29C2, 0x19A2, 0x2182, 0x21A2, 0x29A2, 0x3204, 0x2161, 0x29C3, 0x1920, 0x1941, 0x31E2, 0x3A44,
  0x4204, 0x29A3, 0x8BA5, 0x9C28, 0x62A3, 0x39C0, 0x5AE4, 0x31E0, 0x2180, 0x1140, 0x4263, 0x3A43,
  0x2141, 0x2182, 0x2161, 0x3A24, 0x2960, 0x31E2, 0x7346, 0x39C0, 0x2182, 0x1962, 0x3980, 0x4A63,
  0x62C4, 0x5263, 0x4204, 0x4225, 0x49C0, 0x41C0, 0x5A44, 0x6B07, 0x7BAC, 0x6B4A, 0x7BAC, 0x83ED,
  0x83CD, 0x83EE, 0x8BED, 0x83ED, 0x736A, 0x6309, 0x52A6, 0x4245, 0x4A65, 0x4AA6, 0x5B07, 0x52E7,
  0x5AC6, 0x6369, 0x4AA6, 0x42A6, 0x4244, 0x4286, 0x4AA6, 0x1942, 0x4A66, 0x3205, 0x3A45, 0x3224,
  0x3163, 0x52C8, 0x5B08, 0x3A04, 0x29E3, 0x19A2, 0x1140, 0x29E4, 0x3A65, 0x2A04, 0x29E3, 0x3A86,
  0x2182, 0x1141, 0x2181, 0x29E3, 0x3A43, 0x42C5, 0x4AC5, 0x3243, 0x4A45, 0x52C7, 0x52A5, 0x4264,
  0x5B46, 0x4B06, 0x4263, 0x5B26, 0x2A46, 0x29E4, 0x21E4, 0x21C3, 0x1982, 0x1961, 0x21E3, 0x29E4,
  0x1961, 0x2161, 0x3203, 0x29A2, 0x2182, 0x2982, 0x29C3, 0x29A2, 0x3203, 0x4244, 0x6307, 0x3180,
  0x31C3, 0x31A2, 0x21A1, 0x3202, 0x29C2, 0x2981, 0x21C2, 0x3203, 0x19A3, 0x1982, 0x1962, 0x1920,
  0x1962, 0x29A3, 0x1962, 0x1941, 0x2182, 0x2982, 0x29C2, 0x3A03, 0x2162, 0x1900, 0x3120, 0x4160,
  0x3180, 0x20E0, 0x2160, 0x2140, 0x19A1, 0x2180, 0x3A43, 0x2980, 0x1941, 0x1900, 0x2162, 0x2162,
  0x1920, 0x3181, 0x5AA4, 0x4A01, 0x21A3, 0x1962, 0x2120, 0x4202, 0x39C1, 0x41E1, 0x3A05, 0x39A3,
  0x62C4, 0x7B46, 0x5AA6, 0x7307, 0x7BEE, 0x7B8C, 0x738C, 0x7BAC, 0x7BAD, 0x7B6C, 0x7BAD, 0x7B8C,
  0x7BCC, 0x736B, 0x634A, 0x4A66, 0x4245, 0x4245, 0x4A86, 0x4A65, 0x4265, 0x5AE7, 0x5329, 0x4286,
  0x3204, 0x3A04, 0x636A, 0x4A87, 0x1101, 0x39E5, 0x3A66, 0x31E3, 0x2123, 0x2942, 0x29A3, 0x3183,
  0x21C3, 0x21A3, 0x21C3, 0x29E4, 0x3245, 0x29E3, 0x2A04, 0x29E3, 0x1962, 0x31E4, 0x3A86, 0x2182,
  0x2A03, 0x4AE6, 0x3264, 0x21A1, 0x4266, 0x4A65, 0x4AA6, 0x5AE7, 0x4AE5, 0x42A4, 0x42A4, 0x4AA4,
  0x21C3, 0x1162, 0x21E3, 0x2204, 0x3204, 0x1141, 0x1100, 0x1982, 0x2161, 0x29C2, 0x31A2, 0x29A2,
  0x2140, 0x2981, 0x3A23, 0x29C2, 0x31E2, 0x29E2, 0x31A1, 0x29A2, 0x4204, 0x31C3, 0x29C1, 0x3244,
  0x3181, 0x31E2, 0x2981, 0x2161, 0x2981, 0x2161, 0x2161, 0x2181, 0x1941, 0x2182, 0x2141, 0x2182,
  0x31C2, 0x3203, 0x31A2, 0x3204, 0x2141, 0x1921, 0x1942, 0x1942, 0x29C3, 0x1983, 0x1900, 0x29A0,
  0x8300, 0x8340, 0x4A43, 0x1900, 0x2141, 0x2162, 0x3182, 0x29A3, 0x2141, 0x2982, 0x2983, 0x10E1,
  0x1921, 0x1941, 0x2141, 0x31C3, 0x4A44, 0x31A1, 0x4A02, 0x5284, 0x7B45, 0x7B45, 0x6AE5, 0x7BA8,
  0x6309, 0x738C, 0x736A, 0x6309, 0x736A, 0x73AB, 0x7BCB, 0x738B, 0x7B8B, 0x738B, 0x5AA7, 0x4A46,
  0x4225, 0x4266, 0x41C4, 0x39A4, 0x4224, 0x4AC6, 0x31E3, 0x29E4, 0x3183, 0x5AE9, 0x7BAC, 0x6B6B,
  0x42C7, 0x21E4, 0x2983, 0x21A3, 0x29E3, 0x2A24, 0x3203, 0x1140, 0x1101, 0x2183, 0x1920, 0x2A04,
  0x3203, 0x21C2, 0x29C3, 0x19A3, 0x29E4, 0x2A05, 0x3224, 0x21A2, 0x3A85, 0x3244, 0x3203, 0x2A04,
  0x3223, 0x3A85, 0x3A44, 0x3244, 0x4264, 0x4265, 0x5B26, 0x52E5, 0x1183, 0x3246, 0x3AC7, 0x3AA7,
  0x2205, 0x21C3, 0x21A3, 0x1101, 0x08E0, 0x3A24, 0x31E3, 0x3182, 0x3A24, 0x3A03, 0x3A44, 0x3A03,
  0x29E2, 0x3A23, 0x2982, 0x39C3, 0x31A3, 0x2942, 0x29E2, 0x21A1, 0x1920, 0x1900, 0x2182, 0x1920,
  0x1100, 0x1920, 0x2182, 0x2982, 0x1121, 0x1101, 0x08C0, 0x1921, 0x29C3, 0x1920, 0x29A3, 0x31C3,
  0x2983, 0x2962, 0x1963, 0x29C4, 0x1162, 0x0901, 0x1920, 0x5AE5, 0x93C1, 0x8B60, 0x4223, 0x3180,
  0x3A25, 0x31A3, 0x31E4, 0x2962, 0x1921, 0x1921, 0x1942, 0x1901, 0x2162, 0x2121, 0x2162, 0x2141,
  0x4A65, 0x41E3, 0x4223, 0x4A23, 0x5221, 0x49A0, 0x5243, 0x5222, 0x2963, 0x4A26, 0x738B, 0x6B2A,
  0x5B09, 0x6B49, 0x6B4A, 0x738B, 0x738B, 0x7B8B, 0x5B09, 0x5267, 0x4266, 0x4245, 0x5288, 0x6B0A,
  0x4286, 0x4245, 0x2A05, 0x2182, 0x29A4, 0x31A4, 0x18E1, 0x3184, 0x538B, 0x29E4, 0x21A4, 0x3205,
  0x21C3, 0x3224, 0x3A86, 0x29E3, 0x1963, 0x1921, 0x1141, 0x3204, 0x2A24, 0x1982, 0x21C4, 0x2183,
  0x1122, 0x1142, 0x1962, 0x29C3, 0x2A24, 0x29C2, 0x21C3, 0x21C2, 0x2A03, 0x3A64, 0x21E3, 0x29E3,
  0x3A45, 0x29A2, 0x4284, 0x5B06, 0x1141, 0x3AA7, 0x3225, 0x1982, 0x1941, 0x3A66, 0x2981, 0x29A2,
  0x62C5, 0x5244, 0x1900, 0x2983, 0x4A65, 0x31E3, 0x4265, 0x29C2, 0x3203, 0x3A45, 0x2141, 0x1120,
  0x2141, 0x29C3, 0x29A2, 0x29A2, 0x2141, 0x1921, 0x1901, 0x1922, 0x6200, 0x93E6, 0x7325, 0x2900,
  0x10C1, 0x1122, 0x1920, 0x1941, 0x2120, 0x2141, 0x3A44, 0x3A44, 0x39E4, 0x2962, 0x2121, 0x2142,
  0x18E0, 0x1920, 0x2120, 0x31E2, 0x8344, 0x9C28, 0x4203, 0x4223, 0x31C3, 0x1941, 0x39E3, 0x1921,
  0x29A2, 0x1941, 0x18E0, 0x10E0, 0x2120, 0x1921, 0x3980, 0x2900, 0x4A23, 0x4A65, 0x39E3, 0x3A04,
  0x4225, 0x3A25, 0x4205, 0x39E4, 0x4205, 0x2122, 0x31A3, 0x52A8, 0x738A, 0x6B6A, 0x5AC7, 0x52A7,
  0x62E8, 0x4A66, 0x52A7, 0x4A87, 0x4225, 0x4266, 0x5AE8, 0x4225, 0x4224, 0x31E3, 0x31C2, 0x29A2,
  0x1922, 0x1101, 0x2162, 0x1942, 0x3225, 0x536A, 0x1942, 0x0901, 0x1100, 0x21A3, 0x29A3, 0x29E4,
  0x2163, 0x1963, 0x2181, 0x21E3, 0x3A45, 0x21C3, 0x1962, 0x1983, 0x21A3, 0x0901, 0x1121, 0x21C3,
  0x1961, 0x1961, 0x21A2, 0x29E3, 0x29E3, 0x19A2, 0x21A2, 0x21C3, 0x3223, 0x3264, 0x3A43, 0x3AA4,
  0x0942, 0x1983, 0x08E1, 0x08C0, 0x21A3, 0x2182, 0x10E0, 0x31C3, 0x7389, 0x41E2, 0x1101, 0x2983,
  0x1900, 0x2982, 0x31E3, 0x1920, 0x21C3, 0x1941, 0x1121, 0x1941, 0x1942, 0x1900, 0x1100, 0x2982,
  0x1942, 0x18E0, 0x08C0, 0x1922, 0x4980, 0x6A40, 0x62E4, 0x20C0, 0x1102, 0x1922, 0x2182, 0x1900,
  0x10E0, 0x2121, 0x3244, 0x3203, 0x3A05, 0x1901, 0x1921, 0x18C0, 0x3A25, 0x2982, 0x2160, 0x18E0,
  0x28A0, 0x3900, 0x2981, 0x39E2, 0x1921, 0x1900, 0x29A3, 0x1900, 0x1941, 0x2141, 0x2163, 0x10E0,
  0x10E0, 0x1900, 0x62E5, 0x5A84, 0x2961, 0x3982, 0x2982, 0x31A2, 0x29C4, 0x39C4, 0x3A26, 0x4205,
  0x4247, 0x4226, 0x31C4, 0x4205, 0x5B09, 0x5AA7, 0x52C8, 0x5AC8, 0x52C8, 0x4A66, 0x4A87, 0x5287,
  0x4267, 0x4226, 0x31A3, 0x31A3, 0x3204, 0x3A04, 0x3224, 0x2982, 0x1943, 0x10E1, 0x08E1, 0x1922,
  0x0921, 0x42C8, 0x3A67, 0x1101, 0x08E1, 0x1922, 0x1101, 0x10E0, 0x08C1, 0x10E1, 0x19A3, 0x21C3,
  0x21E4, 0x2182, 0x1983, 0x3225, 0x3226, 0x1101, 0x0901, 0x1962, 0x19A3, 0x21A2, 0x19A3, 0x1982,
  0x1161, 0x1982, 0x21C3, 0x21A2, 0x3244, 0x3223, 0x3263, 0x3A63, 0x0000, 0x0020, 0x0000, 0x0020,
  0x0000, 0x0020, 0x0000, 0x0020, 0x0000, 0x0020, 0x0000, 0x0020, 0x0000, 0x0020, 0x0000, 0x0020,
  0x0000, 0x0020, 0x0000, 0x0020, 0x0000, 0x0020, 0x0000, 0x0020, 0x0000, 0x0020, 0x0000, 0x0020,
  0x0000, 0x0020, 0x0000, 0x0020, 0x0000, 0x0020, 0x0000, 0x0020, 0x0000, 0x0020, 0x0000, 0x0020,
  0x0000, 0x0020, 0x0000, 0x0020, 0x0000, 0x0020, 0x0000, 0x0020, 0x0000, 0x0020, 0x0000, 0x0020,
  0x0000, 0x0020, 0x0000, 0x0020, 0x0000, 0x0020, 0x0000, 0x0020, 0x0000, 0x0020, 0x0000, 0x0020,
  0x0000, 0x0020, 0x0000, 0x0020, 0x0000, 0x0020, 0x0000, 0x0020, 0x0000, 0x0020, 0x0000, 0x0020,
  0x0000, 0x0020, 0x0000, 0x0020, 0x0000, 0x0020, 0x0000, 0x0020, 0x0000, 0x0020, 0x0000, 0x0020,
  0x0000, 0x0020, 0x0000, 0x0020, 0x0000, 0x0020, 0x0000, 0x0020, 0x0000, 0x0020, 0x0000, 0x0020,
  0x0000, 0x0020, 0x0000, 0x0020, 0x0000, 0x0020, 0x0000, 0x0020, 0x0000, 0x0020, 0x0000, 0x0020,
  0x0000, 0x0020, 0x0000, 0x0020, 0x0000, 0x0020, 0x0000, 0x0020, 0x0000, 0x0020, 0x0000, 0x0020,
  0x0000, 0x0020, 0x0000, 0x0020, 0x0020, 0x0000, 0x0020, 0x0000, 0x0020, 0x0000, 0x0020, 0x0000,
  0x0020, 0x0000, 0x0020, 0x0000, 0x0020, 0x0000, 0x0020, 0x0000, 0x0020, 0x0000, 0x0020, 0x0000,
  0x0020, 0x0000, 0x0020, 0x0000, 0x0020, 0x0000, 0x0020, 0x0000, 0x0020, 0x0000, 0x0020, 0x0000,
  0x0020, 0x0000, 0x0020, 0x0000, 0x0020, 0x0000, 0x0020, 0x0000, 0x0020, 0x0000, 0x0020, 0x0000,
  0x0020, 0x0000, 0x0020, 0x0000, 0x0020, 0x0000, 0x0020, 0x0000, 0x0020, 0x0000, 0x0020, 0x0000,
  0x0020, 0x0000, 0x0020, 0x0000, 0x0020, 0x0000, 0x0020, 0x0000, 0x0020, 0x0000, 0x0020, 0x0000,
  0x0020, 0x0000, 0x0020, 0x0000, 0x0020, 0x0000, 0x0020, 0x0000, 0x0020, 0x0000, 0x0020, 0x0000,
  0x0020, 0x0000, 0x0020, 0x0000, 0x0020, 0x0000, 0x0020, 0x0000, 0x0020, 0x0000, 0x0020, 0x0000,
  0x0020, 0x0000, 0x0020, 0x0000, 0x0020, 0x0000, 0x0020, 0x0000, 0x0020, 0x0000, 0x0020, 0x0000,
  0x0020, 0x0000, 0x0020, 0x0000, 0x0020, 0x0000, 0x0020, 0x0000, 0x0020, 0x0000, 0x0020, 0x0000,
  0x0020, 0x0000, 0x0020, 0x0000, 0x0020, 0x0000, 0x0020, 0x0000, 0x0020, 0x0000, 0x0020, 0x0000,
  0x0000, 0x0020, 0x0000, 0x0020, 0x0000, 0x0020, 0x0000, 0x0020, 0x0000, 0x0020, 0x0000, 0x0020,
  0x0000, 0x0020, 0x0000, 0x0020, 0x0000, 0x0020, 0x0000, 0x0020, 0x0000, 0x0020, 0x0000, 0x0020,
  0x0000, 0x0020, 0x0000, 0x0020, 0x0000, 0x0020, 0x0000, 0x0020, 0x0000, 0x0020, 0x0000, 0x0020,
  0x0000, 0x0020, 0x0000, 0x0020, 0x0000, 0x0020, 0x0000, 0x0020, 0x0000, 0x0020, 0x0000, 0x0020,
  0x0000, 0x0020, 0x0000, 0x0020, 0x0000, 0x0020, 0x0000, 0x0020, 0x0000, 0x0020, 0x0000, 0x0020,
  0x0000, 0x0020, 0x0000, 0x0020, 0x0000, 0x0020, 0x0000, 0x0020, 0x0000, 0x0020, 0x0000, 0x0020,
  0x0000, 0x0020, 0x0000, 0x0020, 0x0000, 0x0020, 0x0000, 0x0020, 0x0000, 0x0020, 0x0000, 0x0020,
  0x0000, 0x0020, 0x0000, 0x0020, 0x0000, 0x0020, 0x0000, 0x0020, 0x0000, 0x0020, 0x0000, 0x0020,
  0x0000, 0x0020, 0x0000, 0x0020, 0x0000, 0x0020, 0x0000, 0x0020, 0x0000, 0x0020, 0x0000, 0x0020,
  0x0000, 0x0020, 0x0000, 0x0020, 0x0000, 0x0020, 0x0000, 0x0020, 0x0000, 0x0020, 0x0000, 0x0020,
  0x0000, 0x0020, 0x0000, 0x0020, 0x0000, 0x0020, 0x0000, 0x0020, 0x0020, 0x0000, 0x0020, 0x0000,
  0x0020, 0x0000, 0x0020, 0x0000, 0x0020, 0x0000, 0x0020, 0x0000, 0x0020, 0x0000, 0x0020, 0x0000,
  0x0020, 0x0000, 0x0020, 0x0000, 0x0020, 0x0000, 0x0020, 0x0000, 0x0020, 0x0000, 0x0020, 0x0000,
  0x0020, 0x0000, 0x0020, 0x0000, 0x0020, 0x0000, 0x0020, 0x0000, 0x0020, 0x0000, 0x0020, 0x0000,
  0x0020, 0x0000, 0x0020, 0x0000, 0x0020, 0x0000, 0x0020, 0x0000, 0x0020, 0x0000, 0x0020, 0x0000,
  0x0020, 0x0000, 0x0020, 0x0000, 0x0020, 0x0000, 0x0020, 0x0000, 0x0020, 0x0000, 0x0020, 0x0000,
  0x0020, 0x0000, 0x0020, 0x0000, 0x0020, 0x0000, 0x0020, 0x0000, 0x0020, 0x0000, 0x0020, 0x0000,
  0x0020, 0x0000, 0x0020, 0x0000, 0x0020, 0x0000, 0x0020, 0x0000, 0x0020, 0x0000, 0x0020, 0x0000,
  0x0020, 0x0000, 0x0020, 0x0000, 0x0020, 0x0000, 0x0020, 0x0000, 0x0020, 0x0000, 0x0020, 0x0000,
  0x0020, 0x0000, 0x0020, 0x0000, 0x0020, 0x0000, 0x0020, 0x0000, 0x0020, 0x0000, 0x0020, 0x0000,
  0x0020, 0x0000, 0x0020, 0x0000, 0x0020, 0x0000, 0x0020, 0x0000, 0x0020, 0x0000, 0x0020, 0x0000,
  0x0020, 0x0000, 0x0020, 0x0000, 0x0000, 0x0020, 0x0000, 0x0020, 0x0000, 0x0020, 0x0000, 0x0020,
  0x0000, 0x0020, 0x0000, 0x0020, 0x0000, 0x0020, 0x0000, 0x0020, 0x0000, 0x0020, 0x0000, 0x0020,
  0x0000, 0x0020, 0x0000, 0x0020, 0x0000, 0x0020, 0x0000, 0x0020, 0x0000, 0x0020, 0x0000, 0x0020,
  0x0000, 0x0020, 0x0000, 0x0020, 0x0000, 0x0020, 0x0000, 0x0020, 0x0000, 0x0020, 0x0000, 0x0020,
  0x0000, 0x0020, 0x0000, 0x0020, 0x0000, 0x0020, 0x0000, 0x0020, 0x0000, 0x0020, 0x0000, 0x0020,
  0x0000, 0x0020, 0x0000, 0x0020, 0x0000, 0x0020, 0x0000, 0x0020, 0x0000, 0x0020, 0x0000, 0x0020,
  0x0000, 0x0020, 0x0000, 0x0020, 0x0000, 0x0020, 0x0000, 0x0020, 0x0000, 0x0020, 0x0000, 0x0020,
  0x0000, 0x0020, 0x0000, 0x0020, 0x0000, 0x0020, 0x0000, 0x0020, 0x0000, 0x0020, 0x0000, 0x0020,
  0x0000, 0x0020, 0x0000, 0x0020, 0x0000, 0x0020, 0x0000, 0x0020, 0x0000, 0x0020, 0x0000, 0x0020,
  0x0000, 0x0020, 0x0000, 0x0020, 0x0000, 0x0020, 0x0000, 0x0020, 0x0000, 0x0020, 0x0000, 0x0020,
  0x0000, 0x0020, 0x0000, 0x0020, 0x0000, 0x0020, 0x0000, 0x0020, 0x0000, 0x0020, 0x0000, 0x0020,
  0x0020, 0x0000, 0x0020, 0x0000, 0x0020, 0x0000, 0x0020, 0x0000, 0x0020, 0x0000, 0x0020, 0x0000,
  0x0020, 0x0000, 0x0020, 0x0000, 0x0020, 0x0000, 0x0020, 0x0000, 0x0020, 0x0000, 0x0020, 0x0000,
  0x0020, 0x0000, 0x0020, 0x0000, 0x0020, 0x0000, 0x0020, 0x0000, 0x0020, 0x0000, 0x0020, 0x0000,
  0x0020, 0x0000, 0x0020, 0x0000, 0x0020, 0x0000, 0x0020, 0x0000, 0x0020, 0x0000, 0x0020, 0x0000,
  0x0020, 0x0000, 0x0020, 0x0000, 0x0020, 0x0000, 0x0020, 0x0000, 0x0020, 0x0000, 0x0020, 0x0000,
  0x0020, 0x0000, 0x0020, 0x0000, 0x0020, 0x0000, 0x0020, 0x0000, 0x0020, 0x0000, 0x0020, 0x0000,
  0x0020, 0x0000, 0x0020, 0x0000, 0x0020, 0x0000, 0x0020, 0x0000, 0x0020, 0x0000, 0x0020, 0x0000,
  0x0020, 0x0000, 0x0020, 0x0000, 0x0020, 0x0000, 0x0020, 0x0000, 0x0020, 0x0000, 0x0020, 0x0000,
  0x0020, 0x0000, 0x0020, 0x0000, 0x0020, 0x0000, 0x0020, 0x0000, 0x0020, 0x0000, 0x0020, 0x0000,
  0x0020, 0x0000, 0x0020, 0x0000, 0x0020, 0x0000, 0x0020, 0x0000, 0x0020, 0x0000, 0x0020, 0x0000,
  0x0020, 0x0000, 0x0020, 0x0000, 0x0020, 0x0000, 0x0020, 0x0000, 0x0000, 0x0020, 0x0000, 0x0020,
  0x0000, 0x0020, 0x0000, 0x0020, 0x0000, 0x0020, 0x0000, 0x0020, 0x0000, 0x0020, 0x0000, 0x0020,
  0x0000, 0x0020, 0x0000, 0x0020, 0x0000, 0x0020, 0x0000, 0x0020, 0x0000, 0x0020, 0x0000, 0x0020,
  0x0000, 0x0020, 0x0000, 0x0020, 0x0000, 0x0020, 0x0000, 0x0020, 0x0000, 0x0020, 0x0000, 0x0020,
  0x0000, 0x0020, 0x0000, 0x0020, 0x0000, 0x0020, 0x0000, 0x0020, 0x0000, 0x0020, 0x0000, 0x0020,
  0x0000, 0x0020, 0x0000, 0x0020, 0x0000, 0x0020, 0x0000, 0x0020, 0x0000, 0x0020, 0x0000, 0x0020,
  0x0000, 0x0020, 0x0000, 0x0020, 0x0000, 0x0020, 0x0000, 0x0020, 0x0000, 0x0020, 0x0000, 0x0020,
  0x0000, 0x0020, 0x0000, 0x0020, 0x0000, 0x0020, 0x0000, 0x0020, 0x0000, 0x0020, 0x0000, 0x0020,
  0x0000, 0x0020, 0x0000, 0x0020, 0x0000, 0x0020, 0x0000, 0x0020, 0x0000, 0x0020, 0x0000, 0x0020,
  0x0000, 0x0020, 0x0000, 0x0020, 0x0000, 0x0020, 0x0000, 0x0020, 0x0000, 0x0020, 0x0000, 0x0020,
  0x0000, 0x0020, 0x0000, 0x0020, 0x0000, 0x0020, 0x0000, 0x0020, 0x0000, 0x0020, 0x0000, 0x0020,
  0x0000, 0x0020, 0x0000, 0x0020, 0x0020, 0x0000, 0x0020, 0x0000, 0x0020, 0x0000, 0x0020, 0x0000,
  0x0020, 0x0000, 0x0020, 0x0000, 0x0020, 0x0000, 0x0020, 0x0000, 0x0020, 0x0000, 0x0020, 0x0000,
  0x0020, 0x0000, 0x0020, 0x0000, 0x0020, 0x0000, 0x0020, 0x0000, 0x0020, 0x0000, 0x0020, 0x0000,
  0x0020, 0x0000, 0x0020, 0x0000, 0x0020, 0x0000, 0x0020, 0x0000, 0x0020, 0x0000, 0x0020, 0x0000,
  0x0020, 0x0000, 0x0020, 0x0000, 0x0020, 0x0000, 0x0020, 0x0000, 0x0020, 0x0000, 0x0020, 0x0000,
  0x0020, 0x0000, 0x0020, 0x0000, 0x0020, 0x0000, 0x0020, 0x0000, 0x0020, 0x0000, 0x0020, 0x0000,
  0x0020, 0x0000, 0x0020, 0x0000, 0x0020, 0x0000, 0x0020, 0x0000, 0x0020, 0x0000, 0x0020, 0x0000,
  0x0020, 0x0000, 0x0020, 0x0000, 0x0020, 0x0000, 0x0020, 0x0000, 0x0020, 0x0000, 0x0020, 0x0000,
  0x0020, 0x0000, 0x0020, 0x0000, 0x0020, 0x0000, 0x0020, 0x0000, 0x0020, 0x0000, 0x0020, 0x0000,
  0x0020, 0x0000, 0x0020, 0x0000, 0x0020, 0x0000, 0x0020, 0x0000, 0x0020, 0x0000, 0x0020, 0x0000,
  0x0020, 0x0000, 0x0020, 0x0000, 0x0020, 0x0000, 0x0020, 0x0000, 0x0020, 0x0000, 0x0020, 0x0000,
  0x0000, 0x0020, 0x0000, 0x0020, 0x0000, 0x0020, 0x0000, 0x0020, 0x0000, 0x0020, 0x0000, 0x0020,
  0x0000, 0x0020, 0x0000, 0x0020, 0x0000, 0x0020, 0x0000, 0x0020, 0x0000, 0x0020, 0x0000, 0x0020,
  0x0000, 0x0020, 0x0000, 0x0020, 0x0000, 0x0020, 0x0000, 0x0020, 0x0000, 0x0020, 0x0000, 0x0020,
  0x0000, 0x0020, 0x0000, 0x0020, 0x0000, 0x0020, 0x0000, 0x0020, 0x0000, 0x0020, 0x0000, 0x0020,
  0x0000, 0x0020, 0x0000, 0x0020, 0x0000, 0x0020, 0x0000, 0x0020, 0x0000, 0x0020, 0x0000, 0x0020,
  0x0000, 0x0020, 0x0000, 0x0020, 0x0000, 0x0020, 0x0000, 0x0020, 0x0000, 0x0020, 0x0000, 0x0020,
  0x0000, 0x0020, 0x0000, 0x0020, 0x0000, 0x0020, 0x0000, 0x0020, 0x0000, 0x0020, 0x0000, 0x0020,
  0x0000, 0x0020, 0x0000, 0x0020, 0x0000, 0x0020, 0x0000, 0x0020, 0x0000, 0x0020, 0x0000, 0x0020,
  0x0000, 0x0020, 0x0000, 0x0020, 0x0000, 0x0020, 0x0000, 0x0020, 0x0000, 0x0020, 0x0000, 0x0020,
  0x0000, 0x0020, 0x0000, 0x0020, 0x0000, 0x0020, 0x0000, 0x0020, 0x0000, 0x0020, 0x0000, 0x0020,
  0x0000, 0x0020, 0x0000, 0x0020, 0x0000, 0x0020, 0x0000, 0x0020, 0x0020, 0x0000, 0x0020, 0x0000,
  0x0020, 0x0000, 0x0020, 0x0000, 0x0020, 0x0000, 0x0020, 0x0000, 0x0020, 0x0000, 0x0020, 0x0000,
  0x0020, 0x0000, 0x0020, 0x0000, 0x0020, 0x0000, 0x0020, 0x0000, 0x0020, 0x0000, 0x0020, 0x0000,
  0x0020, 0x0000, 0x0020, 0x0000, 0x0020, 0x0000, 0x0020, 0x0000, 0x0020, 0x0000, 0x0020, 0x0000,
  0x0020, 0x0000, 0x0020, 0x0000, 0x0020, 0x0000, 0x0020, 0x0000, 0x0020, 0x0000, 0x0020, 0x0000,
  0x0020, 0x0000, 0x0020, 0x0000, 0x0020, 0x0000, 0x0020, 0x0000, 0x0020, 0x0000, 0x0020, 0x0000,
  0x0020, 0x0000, 0x0020, 0x0000, 0x0020, 0x0000, 0x0020, 0x0000, 0x0020, 0x0000, 0x0020, 0x0000,
  0x0020, 0x0000, 0x0020, 0x0000, 0x0020, 0x0000, 0x0020, 0x0000, 0x0020, 0x0000, 0x0020, 0x0000,
  0x0020, 0x0000, 0x0020, 0x0000, 0x0020, 0x0000, 0x0020, 0x0000, 0x0020, 0x0000, 0x0020, 0x0000,
  0x0020, 0x0000, 0x0020, 0x0000, 0x0020, 0x0000, 0x0020, 0x0000, 0x0020, 0x0000, 0x0020, 0x0000,
  0x0020, 0x0000, 0x0020, 0x0000, 0x0020, 0x0000, 0x0020, 0x0000, 0x0020, 0x0000, 0x0020, 0x0000,
  0x0020, 0x0000, 0x0020, 0x0000, 0x0000, 0x0020, 0x0000, 0x0020, 0x0000, 0x0020, 0x0000, 0x0020,
  0x0000, 0x0020, 0x0000, 0x0020, 0x0000, 0x0020, 0x0000, 0x0020, 0x0000, 0x0020, 0x0000, 0x0020,
  0x0000, 0x0020, 0x0000, 0x0020, 0x0000, 0x0020, 0x0000, 0x0020, 0x0000, 0x0020, 0x0000, 0x0020,
  0x0000, 0x0020, 0x0000, 0x0020, 0x0000, 0x0020, 0x0000, 0x0020, 0x0000, 0x0020, 0x0000, 0x0020,
  0x0000, 0x0020, 0x0000, 0x0020, 0x0000, 0x0020, 0x0000, 0x0020, 0x0000, 0x0020, 0x0000, 0x0020,
  0x0000, 0x0020, 0x0000, 0x0020, 0x0000, 0x0020, 0x0000, 0x0020, 0x0000, 0x0020, 0x0000, 0x0020,
  0x0000, 0x0020, 0x0000, 0x0020, 0x0000, 0x0020, 0x0000, 0x0020, 0x0000, 0x0020, 0x0000, 0x0020,
  0x0000, 0x0020, 0x0000, 0x0020, 0x0000, 0x0020, 0x0000, 0x0020, 0x0000, 0x0020, 0x0000, 0x0020,
  0x0000, 0x0020, 0x0000, 0x0020, 0x0000, 0x0020, 0x0000, 0x0020, 0x0000, 0x0020, 0x0000, 0x0020,
  0x0000, 0x0020, 0x0000, 0x0020, 0x0000, 0x0020, 0x0000, 0x0020, 0x0000, 0x0020, 0x0000, 0x0020,
  0x0000, 0x0020, 0x0000, 0x0020, 0x0000, 0x0020, 0x0000, 0x0020, 0x0000, 0x0020, 0x0000, 0x0020,
  0x0020, 0x0000, 0x0020, 0x0000, 0x0020, 0x0000, 0x0020, 0x0000, 0x0020, 0x0000, 0x0020, 0x0000,
  0x0020, 0x0000, 0x0020, 0x0000, 0x0020, 0x0000, 0x0020, 0x0000, 0x0020, 0x0000, 0x0020, 0x0000,
  0x0020, 0x0000, 0x0020, 0x0000, 0x0020, 0x0000, 0x0020, 0x0000, 0x0020, 0x0000, 0x0020, 0x0000,
  0x0020, 0x0000, 0x0020, 0x0000, 0x0020, 0x0000, 0x0020, 0x0000, 0x0020, 0x0000, 0x0020, 0x0000,
  0x0020, 0x0000, 0x0020, 0x0000, 0x0020, 0x0000, 0x0020, 0x0000, 0x0020, 0x0000, 0x0020, 0x0000,
  0x0020, 0x0000, 0x0020, 0x0000, 0x0020, 0x0000, 0x0020, 0x0000, 0x0020, 0x0000, 0x0020, 0x0000,
  0x0020, 0x0000, 0x0020, 0x0000, 0x0020, 0x0000, 0x0020, 0x0000, 0x0020, 0x0000, 0x0020, 0x0000,
  0x0020, 0x0000, 0x0020, 0x0000, 0x0020, 0x0000, 0x0020, 0x0000, 0x0020, 0x0000, 0x0020, 0x0000,
  0x0020, 0x0000, 0x0020, 0x0000, 0x0020, 0x0000, 0x0020, 0x0000, 0x0020, 0x0000, 0x0020, 0x0000,
  0x0020, 0x0000, 0x0020, 0x0000, 0x0020, 0x0000, 0x0020, 0x0000, 0x0020, 0x0000, 0x0020, 0x0000,
  0x0020, 0x0000, 0x0020, 0x0000, 0x0020, 0x0000, 0x0020, 0x0000, 0x0000, 0x0020, 0x0000, 0x0020,
  0x0000, 0x0020, 0x0000, 0x0020, 0x0000, 0x0020, 0x0000, 0x0020, 0x0000, 0x0020, 0x0000, 0x0020,
  0x0000, 0x0020, 0x0000, 0x0020, 0x0000, 0x0020, 0x0000, 0x0020, 0x0000, 0x0020, 0x0000, 0x0020,
  0x0000, 0x0020, 0x0000, 0x0020, 0x0000, 0x0020, 0x0000, 0x0020, 0x0000, 0x0020, 0x0000, 0x0020,
  0x0000, 0x0020, 0x0000, 0x0020, 0x0000, 0x0020, 0x0000, 0x0020, 0x0000, 0x0020, 0x0000, 0x0020,
  0x0000, 0x0020, 0x0000, 0x0020, 0x0000, 0x0020, 0x0000, 0x0020, 0x0000, 0x0020, 0x0000, 0x0020,
  0x0000, 0x0020, 0x0000, 0x0020, 0x0000, 0x0020, 0x0000, 0x0020, 0x0000, 0x0020, 0x0000, 0x0020,
  0x0000, 0x0020, 0x0000, 0x0020, 0x0000, 0x0020, 0x0000, 0x0020, 0x0000, 0x0020, 0x0000, 0x0020,
  0x0000, 0x0020, 0x0000, 0x0020, 0x0000, 0x0020, 0x0000, 0x0020, 0x0000, 0x0020, 0x0000, 0x0020,
  0x0000, 0x0020, 0x0000, 0x0020, 0x0000, 0x0020, 0x0000, 0x0020, 0x0000, 0x0020, 0x0000, 0x0020,
  0x0000, 0x0020, 0x0000, 0x0020, 0x0000, 0x0020, 0x0000, 0x0020, 0x0000, 0x0020, 0x0000, 0x0020,
  0x0000, 0x0020, 0x0000, 0x0020, 0x0020, 0x0000, 0x0020, 0x0000, 0x0020, 0x0000, 0x0020, 0x0000,
  0x0020, 0x0000, 0x0020, 0x0000, 0x0020, 0x0000, 0x0020, 0x0000, 0x0020, 0x0000, 0x0020, 0x0000,
  0x0020, 0x0000, 0x0020, 0x0000, 0x0020, 0x0000, 0x0020, 0x0000, 0x0020, 0x0000, 0x0020, 0x0000,
  0x0020, 0x0000, 0x0020, 0x0000, 0x0020, 0x0000, 0x0020, 0x0000, 0x0020, 0x0000, 0x0020, 0x0000,
  0x0020, 0x0000, 0x0020, 0x0000, 0x0020, 0x0000, 0x0020, 0x0000, 0x0020, 0x0000, 0x0020, 0x0000,
  0x0020, 0x0000, 0x0020, 0x0000, 0x0020, 0x0000, 0x0020, 0x0000, 0x0020, 0x0000, 0x0020, 0x0000,
  0x0020, 0x0000, 0x0020, 0x0000, 0x0020, 0x0000, 0x0020, 0x0000, 0x0020, 0x0000, 0x0020, 0x0000,
  0x0020, 0x0000, 0x0020, 0x0000, 0x0020, 0x0000, 0x0020, 0x0000, 0x0020, 0x0000, 0x0020, 0x0000,
  0x0020, 0x0000, 0x0020, 0x0000, 0x0020, 0x0000, 0x0020, 0x0000, 0x0020, 0x0000, 0x0020, 0x0000,
  0x0020, 0x0000, 0x0020, 0x0000, 0x0020, 0x0000, 0x0020, 0x0000, 0x0020, 0x0000, 0x0020, 0x0000,
  0x0020, 0x0000, 0x0020, 0x0000, 0x0020, 0x0000, 0x0020, 0x0000, 0x0020, 0x0000, 0x0020, 0x0000,
  0x0000, 0x0020, 0x0000, 0x0020, 0x0000, 0x0020, 0x0000, 0x0020, 0x0000, 0x0020, 0x0000, 0x0020,
  0x0000, 0x0020, 0x0000, 0x0020, 0x0000, 0x0020, 0x0000, 0x0020, 0x0000, 0x0020, 0x0000, 0x0020,
  0x0000, 0x0020, 0x0000, 0x0020, 0x0000, 0x0020, 0x0000, 0x0020, 0x0000, 0x0020, 0x0000, 0x0020,
  0x0000, 0x0020, 0x0000, 0x0020, 0x0000, 0x0020, 0x0000, 0x0020, 0x0000, 0x0020, 0x0000, 0x0020,
  0x0000, 0x0020, 0x0000, 0x0020, 0x0000, 0x0020, 0x0000, 0x0020, 0x0000, 0x0020, 0x0000, 0x0020,
  0x0000, 0x0020, 0x0000, 0x0020, 0x0000, 0x0020, 0x0000, 0x0020, 0x0000, 0x0020, 0x0000, 0x0020,
  0x0000, 0x0020, 0x0000, 0x0020, 0x0000, 0x0020, 0x0000, 0x0020, 0x0000, 0x0020, 0x0000, 0x0020,
  0x0000, 0x0020, 0x0000, 0x0020, 0x0000, 0x0020, 0x0000, 0x0020, 0x0000, 0x0020, 0x0000, 0x0020,
  0x0000, 0x0020, 0x0000, 0x0020, 0x0000, 0x0020, 0x0000, 0x0020, 0x0000, 0x0020, 0x0000, 0x0020,
  0x0000, 0x0020, 0x0000, 0x0020, 0x0000, 0x0020, 0x0000, 0x0020, 0x0000, 0x0020, 0x0000, 0x0020,
  0x0000, 0x0020, 0x0000, 0x0020, 0x0000, 0x0020, 0x0000, 0x0020, 0x0020, 0x0000, 0x0020, 0x0000,
  0x0020, 0x0000, 0x0020, 0x0000, 0x0020, 0x0000, 0x0020, 0x0000, 0x0020, 0x0000, 0x0020, 0x0000,
  0x0020, 0x0000, 0x0020, 0x0000, 0x0020, 0x0000, 0x0020, 0x0000, 0x0020, 0x0000, 0x0020, 0x0000,
  0x0020, 0x0000, 0x0020, 0x0000, 0x0020, 0x0000, 0x0020, 0x0000, 0x0020, 0x0000, 0x0020, 0x0000,
  0x0020, 0x0000, 0x0020, 0x0000, 0x0020, 0x0000, 0x0020, 0x0000, 0x0020, 0x0000, 0x0020, 0x0000,
  0x0020, 0x0000, 0x0020, 0x0000, 0x0020, 0x0000, 0x0020, 0x0000, 0x0020, 0x0000, 0x0020, 0x0000,
  0x0020, 0x0000, 0x0020, 0x0000, 0x0020, 0x0000, 0x0020, 0x0000, 0x0020, 0x0000, 0x0020, 0x0000,
  0x0020, 0x0000, 0x0020, 0x0000, 0x0020, 0x0000, 0x0020, 0x0000, 0x0020, 0x0000, 0x0020, 0x0000,
  0x0020, 0x0000, 0x0020, 0x0000, 0x0020, 0x0000, 0x0020, 0x0000, 0x0020, 0x0000, 0x0020, 0x0000,
  0x0020, 0x0000, 0x0020, 0x0000, 0x0020, 0x0000, 0x0020, 0x0000, 0x0020, 0x0000, 0x0020, 0x0000,
  0x0020, 0x0000, 0x0020, 0x0000, 0x0020, 0x0000, 0x0020, 0x0000, 0x0020, 0x0000, 0x0020, 0x0000,
  0x0020, 0x0000, 0x0020, 0x0000,
};

// Source: momandbro.jpg
constexpr uint16_t MOM_AND_BRO_PHOTO_RGB565[] PROGMEM = {
  0x0000, 0x0020, 0x0000, 0x0020, 0x0000, 0x0020, 0x0000, 0x0020, 0x0000, 0x0020, 0x0000, 0x0020,
  0x0000, 0x0020, 0x0000, 0x0020, 0x8CB4, 0xCF1E, 0xD6FD, 0xCEFE, 0xD6FD, 0xCF1E, 0xD73E, 0xDF7F,
  0xE77E, 0xE79F, 0xE77E, 0xE79F, 0xE77F, 0xE79F, 0xE77F, 0xE79F, 0xE79F, 0xE79F, 0xE79F, 0xE79F,
  0xDF5F, 0xDF7F, 0xDF5F, 0xDF7F, 0xE77F, 0xDF7F, 0xE77E, 0xE79F, 0xE77F, 0xE79F, 0xE79F, 0xE79F,
  0xE77F, 0xDF9F, 0xE79F, 0xE7BF, 0xE79F, 0xDF7F, 0xDF7F, 0xDF7F, 0xDF5F, 0xDF7F, 0xDF5F, 0xDF7F,
  0xDF5F, 0xDF7F, 0xDF7F, 0xDF7F, 0xDF5F, 0xDF7F, 0xDF5F, 0xDF7F, 0xDF5F, 0xD75F, 0xDF5F, 0xD75F,
  0xD75F, 0xD75F, 0xD75F, 0xD75F, 0xD75F, 0xD75F, 0xDF5F, 0xD75F, 0xE75F, 0xDF7F, 0xE77F, 0xE79F,
  0xE77F, 0xE79F, 0xEF9F, 0xEFBF, 0xF7DF, 0xF7FF, 0xF7FF, 0xEFDF, 0xD77F, 0xC73F, 0xC71F, 0xBF1F,
  0xBEFF, 0xB6FF, 0xC6DE, 0xC71F, 0xCEFE, 0xC6FE, 0xCF1E, 0xC6DD, 0xB63B, 0xC6FE, 0x9D37, 0x9D99,
  0xADB8, 0x8CF5, 0x8CB4, 0xBE7C, 0x0000, 0x0020, 0x0000, 0x0020, 0x0000, 0x0020, 0x0000, 0x0020,
  0x0000, 0x0020, 0x0000, 0x0020, 0x0000, 0x0020, 0x0000, 0x0020, 0x0020, 0x0000, 0x0020, 0x0000,
  0x0020, 0x0000, 0x0020, 0x0000, 0x0020, 0x0000, 0x0020, 0x0000, 0x0020, 0x0000, 0x0020, 0x0000,
  0x4AEE, 0x7C53, 0xCEFE, 0xCEDE, 0xCEFE, 0xCEFE, 0xD73F, 0xDF7F, 0xE79F, 0xE77F, 0xE79F, 0xE79F,
  0xE7BF, 0xEF9F, 0xE7BF, 0xE79F, 0xE79F, 0xE79F, 0xE79F, 0xE79F, 0xDF9F, 0xDF5F, 0xDF7F, 0xDF7F,
  0xDF7F, 0xE79F, 0xE7BF, 0xEFBF, 0xE7DF, 0xEFBF, 0xE7DF, 0xEFBF, 0xDF9F, 0xE77F, 0xE7BF, 0xEFBF,
  0xE7BF, 0xE79F, 0xDF9F, 0xDF7F, 0xDF7F, 0xDF5F, 0xD77F, 0xDF5F, 0xD77F, 0xDF5F, 0xD77F, 0xDF5F,
  0xD77F, 0xDF5F, 0xD75F, 0xDF5F, 0xD75F, 0xDF5F, 0xD75F, 0xDF5F, 0xD77F, 0xDF5F, 0xD77F, 0xDF5F,
  0xD77F, 0xDF5F, 0xD75F, 0xDF5F, 0xDF7F, 0xE77F, 0xE79F, 0xE77F, 0xE79F, 0xEF9F, 0xEFBF, 0xF7DF,
  0xF7FF, 0xFFFF, 0xE7DF, 0xE77F, 0xBF1F, 0xAE7D, 0xAEBF, 0xAE7F, 0xA67F, 0xB6BF, 0xBEDF, 0xD75F,
  0xD77F, 0xD71F, 0xAE1B, 0x84D5, 0x9D9A, 0xD75F, 0xC6DE, 0xB5FB, 0x5B90, 0x63B0, 0xB65B, 0xCEBD,
  0x0020, 0x0000, 0x0020, 0x0000, 0x0020, 0x0000, 0x0020, 0x0000, 0x0020, 0x0000, 0x0020, 0x0000,
  0x0020, 0x0000, 0x0020, 0x0000, 0x0000, 0x0020, 0x0000, 0x0020, 0x0000, 0x0020, 0x0000, 0x0020,
  0x0000, 0x0020, 0x0000, 0x0020, 0x0000, 0x0020, 0x0000, 0x0020, 0x5B4F, 0x4AEE, 0x9D37, 0xD73F,
  0xCEDD, 0xCEFE, 0xD71E, 0xDF7F, 0xE77F, 0xE79F, 0xEF9F, 0xE7BF, 0xEFBF, 0xE7BF, 0xEFBF, 0xE7BF,
  0xEFBF, 0xE79F, 0xEF9F, 0xE7BF, 0xEFBF, 0xE79F, 0xE77E, 0xE79F, 0xEF9F, 0xEFDF, 0xF7DF, 0xF7FF,
  0xFFFF, 0xF7FF, 0xFFFF, 0xF7FF, 0xEFBF, 0xE79F, 0xEFBF, 0xEFDF, 0xEFDF, 0xEFDF, 0xEFBF, 0xE7BF,
  0xEFBF, 0xE79F, 0xE77F, 0xDF9F, 0xE77F, 0xDF7F, 0xDF7F, 0xDF7F, 0xDF5F, 0xDF7F, 0xDF5F, 0xD75F,
  0xDF5F, 0xDF7F, 0xDF7F, 0xDF7F, 0xDF7F, 0xDF7F, 0xDF7F, 0xDF7F, 0xDF7F, 0xDF9F, 0xE77F, 0xDF9F,
  0xE79F, 0xDF9F, 0xE79F, 0xE7BF, 0xEF9F, 0xE7BF, 0xEFDF, 0xEFFF, 0xF7FF, 0xF7FF, 0xDFBF, 0xC73F,
  0xA69F, 0x9E9F, 0xA67F, 0xA67F, 0xAE7E, 0xB6FF, 0xCF1F, 0xCF5F, 0xD75F, 0xD77F, 0xB61B, 0x84D6,
  0x8CF6, 0xAE1B, 0xCEBD, 0x9D98, 0x636E, 0x7411, 0x94F5, 0xADF9, 0x0000, 0x0020, 0x0000, 0x0020,
  0x0000, 0x0020, 0x0000, 0x0020, 0x0000, 0x0020, 0x0000, 0x0020, 0x0000, 0x0020, 0x0000, 0x0020,
  0x0020, 0x0000, 0x0020, 0x0000, 0x0020, 0x0000, 0x0020, 0x0000, 0x0020, 0x0000, 0x0020, 0x0000,
  0x0020, 0x0000, 0x0020, 0x0000, 0x4AEE, 0x52EE, 0x63D1, 0xCEBD, 0xC6FE, 0xCEDD, 0xCEFE, 0xDF3F,
  0xDF7F, 0xE77F, 0xE7BF, 0xE79F, 0xE79F, 0xEFBF, 0xE7BF, 0xE77F, 0xE7BF, 0xEFBF, 0xE7BF, 0xEFBF,
  0xE7BF, 0xE77F, 0xE79F, 0xEF9F, 0xEFDF, 0xEFBF, 0xF7FF, 0xFFFF, 0xFFFF, 0xFFFF, 0xFFFF, 0xFFFF,
  0xE7DF, 0xE7BF, 0xEFDF, 0xEFDF, 0xEFFF, 0xEFDF, 0xEFDF, 0xEFBF, 0xE7DF, 0xEFBF, 0xDF9F, 0xE79F,
  0xE7BF, 0xE79F, 0xDF7F, 0xDF7F, 0xDF9F, 0xDF7F, 0xDF7F, 0xDF5F, 0xD77F, 0xDF5F, 0xD77F, 0xDF7F,
  0xDF7F, 0xDF7F, 0xDF7F, 0xDF7F, 0xDF9F, 0xE79F, 0xDF9F, 0xE79F, 0xDF7F, 0xDF7F, 0xDF9F, 0xE79F,
  0xE79F, 0xEFBF, 0xEFDF, 0xEF9F, 0xEFDF, 0xF7BF, 0xC75F, 0xB67E, 0x9E9F, 0xA67F, 0xA69F, 0xAEBF,
  0xB6FF, 0xC71F, 0xC71F, 0xCF1F, 0xC6FF, 0xCF1F, 0x9D9A, 0xB63B, 0xA5DB, 0x9517, 0x9578, 0x6BB1,
  0x7432, 0x6BD0, 0x532E, 0x7C53, 0x0020, 0x0000, 0x0020, 0x0000, 0x0020, 0x0000, 0x0020, 0x0000,
  0x0020, 0x0000, 0x0020, 0x0000, 0x0020, 0x0000, 0x0020, 0x0000, 0x0000, 0x0020, 0x0000, 0x0020,
  0x0000, 0x0020, 0x0000, 0x0020, 0x0000, 0x0020, 0x0000, 0x0020, 0x0000, 0x0020, 0x0000, 0x0020,
  0x4ACD, 0x4B0E, 0x530E, 0xA598, 0xD71E, 0xC6DD, 0xCEFD, 0xD73F, 0xE77E, 0xE7BF, 0xEFBF, 0xE7BF,
  0xEF9F, 0xEFDF, 0xEF9F, 0xE79F, 0xEF9F, 0xEFDF, 0xF7DF, 0xEFDF, 0xEFBF, 0xE7BF, 0xEF9F, 0xE7BF,
  0xEFBF, 0xE7DF, 0xEFBF, 0xF7FF, 0xFFFF, 0xFFFF, 0xFFFF, 0xFFFF, 0xEFDF, 0xE79F, 0xEFDF, 0xF7FF,
  0xF7FF, 0xEFFF, 0xF7DF, 0xEFDF, 0xEFBF, 0xEFDF, 0xEF9F, 0xE7BF, 0xEFBF, 0xE7BF, 0xE79F, 0xE79F,
  0xE79F, 0xE79F, 0xE79F, 0xDF7F, 0xDF7F, 0xDF7F, 0xDF7F, 0xDF9F, 0xE79F, 0xE7BF, 0xE7BF, 0xDFBF,
  0xE79F, 0xE7BF, 0xE79F, 0xDF9F, 0xDF9F, 0xDF9F, 0xDF9F, 0xD79F, 0xD79F, 0xCF9F, 0xDF9F, 0xD79F,
  0xD7BF, 0xC75F, 0xA69F, 0x9E9F, 0xA67F, 0xA69F, 0xBEDE, 0xBF1F, 0xDF7F, 0xCF3F, 0xC71F, 0xC71F,
  0xBEBF, 0x9E1D, 0xA5DA, 0xB69E, 0xBE3B, 0x8CF5, 0x6BD0, 0x84B4, 0x8CD4, 0x7C72, 0x52EC, 0x638F,
  0x0000, 0x0020, 0x0000, 0x0020, 0x0000, 0x0020, 0x0000, 0x0020, 0x0000, 0x0020, 0x0000, 0x0020,
  0x0000, 0x0020, 0x0000, 0x0020, 0x0020, 0x0000, 0x0020, 0x0000, 0x0020, 0x0000, 0x0020, 0x0000,
  0x0020, 0x0000, 0x0020, 0x0000, 0x0020, 0x0000, 0x0020, 0x0000, 0x4B0E, 0x4ACD, 0x4ACE, 0x7C53,
  0xCF1F, 0xCEBD, 0xCEFE, 0xD71E, 0xDF7F, 0xE79F, 0xE7BF, 0xEFBF, 0xE7BF, 0xEFBF, 0xE7BF, 0xEF9F,
  0xE7BF, 0xEFBF, 0xEFFF, 0xF7DF, 0xEFDF, 0xEFBF, 0xE7BF, 0xE77F, 0xDF7F, 0xE77F, 0xDF9F, 0xE79F,
  0xFFFF, 0xFFFF, 0xFFFF, 0xFFFF, 0xEFFF, 0xE7BF, 0xE79F, 0xEFDF, 0xEFDF, 0xEFBF, 0xEFDF, 0xEFBF,
  0xE7BF, 0xEF9F, 0xE7BF, 0xEF9F, 0xE7BF, 0xEFBF, 0xE7DF, 0xEFBF, 0xE7BF, 0xE79F, 0xE7BF, 0xE79F,
  0xDF9F, 0xDF7F, 0xDF9F, 0xDF9F, 0xE7BF, 0xE79F, 0xDF9F, 0xDF7F, 0xDF9F, 0xE79F, 0xDF9F, 0xDF7F,
  0xD79F, 0xD73F, 0xCF3F, 0xCF3F, 0xB6DF, 0xBEBE, 0xCF5F, 0xCF1F, 0xB6DF, 0xAE7E, 0x9E9F, 0x9E7F,
  0x9E9F, 0xAEBF, 0xBEFF, 0xC73F, 0xD75F, 0xD71F, 0xB6DF, 0xC71F, 0xB6DF, 0x9DDC, 0xAE5D, 0xAE3C,
  0x9537, 0x8474, 0x84D5, 0x6390, 0x7C73, 0x73F1, 0x63B0, 0x9D15, 0x0020, 0x0000, 0x0020, 0x0000,
  0x0020, 0x0000, 0x0020, 0x0000, 0x0020, 0x0000, 0x0020, 0x0000, 0x0020, 0x0000, 0x0020, 0x0000,
  0x0000, 0x0020, 0x0000, 0x0020, 0x0000, 0x0020, 0x0000, 0x0020, 0x0000, 0x0020, 0x0000, 0x0020,
  0x0000, 0x0020, 0x0000, 0x0020, 0x5B2E, 0x4B0E, 0x52EE, 0x5B4F, 0xBE5B, 0xCEFE, 0xCEDD, 0xCF1E,
  0xDF3E, 0xDF9F, 0xEF9F, 0xEFBF, 0xF7BF, 0xF7DF, 0xF7FF, 0xF7FF, 0xFFFF, 0xF7FF, 0xF7FF, 0xF7FF,
  0xF7DF, 0xEFBF, 0xE79F, 0xDF7F, 0xDF5F, 0xD77F, 0xDF5F, 0xDF9F, 0xEFBF, 0xE7DF, 0xEFDF, 0xE7BF,
  0xE79F, 0xDF7F, 0xDF7F, 0xDF9F, 0xE77F, 0xDF9F, 0xE79F, 0xE7BF, 0xE7BF, 0xE7BF, 0xE7BF, 0xE7BF,
  0xEFBF, 0xE7DF, 0xEFDF, 0xEFDF, 0xEFDF, 0xE7DF, 0xEFBF, 0xE7DF, 0xEFBF, 0xE79F, 0xE79F, 0xDF9F,
  0xD79F, 0xC75F, 0xBF1F, 0xAEFF, 0xC73F, 0xC75F, 0xC73F, 0xB71F, 0xBEFF, 0xB71F, 0xB6DF, 0xA6DF,
  0xA69F, 0xAF1F, 0xAEFF, 0x9E9F, 0x9E9F, 0x9E9F, 0xA67F, 0x9E9F, 0xAEBF, 0xAEFF, 0xC71F, 0xC75F,
  0xB67C, 0xAE5C, 0x9DFC, 0xB6DF, 0xA65E, 0x9E3E, 0xAE1B, 0x6C34, 0x7C32, 0x8494, 0x6BAF, 0x4AED,
  0x7411, 0x63AF, 0x6BEF, 0x6C10, 0x0000, 0x0020, 0x0000, 0x0020, 0x0000, 0x0020, 0x0000, 0x0020,
  0x0000, 0x0020, 0x0000, 0x0020, 0x0000, 0x0020, 0x0000, 0x0020, 0x0020, 0x0000, 0x0020, 0x0000,
  0x0020, 0x0000, 0x0020, 0x0000, 0x0020, 0x0000, 0x0020, 0x0000, 0x0020, 0x0000, 0x0020, 0x0000,
  0x42CD, 0x52EE, 0x4B0F, 0x4ACD, 0x7433, 0xD6FE, 0xCEFE, 0xD71E, 0xD73F, 0xDF5F, 0xE77F, 0xEF9F,
  0xEFBF, 0xEFBF, 0xEFFF, 0xF7FF, 0xF7FF, 0xFFFF, 0xF7FF, 0xF7DF, 0xEFFF, 0xEFBF, 0xDF9F, 0xDF5F,
  0xD77F, 0xD75F, 0xD75F, 0xDF5F, 0xDF7F, 0xDF7F, 0xDF9F, 0xE77F, 0xD75F, 0xDF5F, 0xD77F, 0xDF5F,
  0xD77F, 0xDF5F, 0xDF7F, 0xDF7F, 0xDF9F, 0xE79F, 0xDF9F, 0xE79F, 0xE7BF, 0xE79F, 0xE7BF, 0xEFBF,
  0xE7DF, 0xEFBF, 0xE7BF, 0xE79F, 0xE7BF, 0xE79F, 0xDFBF, 0xE79F, 0xC75F, 0xBEDE, 0xAEDF, 0xAEDF,
  0xAEDF, 0xB6DF, 0xB6DF, 0xB6DF, 0xAEDF, 0xB6BF, 0xA6BF, 0xA69F, 0x9EBF, 0xA69F, 0x9E9F, 0x9E7F,
  0x9E9F, 0xA6BF, 0xA6BF, 0xA6BF, 0xA69F, 0xAEBF, 0xBF1F, 0xCF3F, 0xCF5F, 0xB67D, 0x95DC, 0xA61D,
  0xA65F, 0xAE7F, 0xAE3C, 0xA5DA, 0xA5DA, 0xADB9, 0x7C73, 0x52ED, 0x5B8F, 0x7431, 0x3A8A, 0x3208,
  0x0020, 0x0000, 0x0020, 0x0000, 0x0020, 0x0000, 0x0020, 0x0000, 0x0020, 0x0000, 0x0020, 0x0000,
  0x0020, 0x0000, 0x0020, 0x0000, 0x0000, 0x0020, 0x0000, 0x0020, 0x0000, 0x0020, 0x0000, 0x0020,
  0x0000, 0x0020, 0x0000, 0x0020, 0x0000, 0x0020, 0x0000, 0x0020, 0x4AAC, 0x5B4F, 0x52ED, 0x4B0E,
  0x4ACD, 0xADD9, 0xDF3E, 0xD73E, 0xDF5F, 0xDF7F, 0xE77F, 0xE7BF, 0xEFBF, 0xE7DF, 0xF7DF, 0xF7FF,
  0xFFFF, 0xF7FF, 0xF7FF, 0xF7FF, 0xFFFF, 0xF7FF, 0xE79F, 0xDF7F, 0xDF5F, 0xD77F, 0xDF5F, 0xD75F,
  0xDF5F, 0xD77F, 0xDF5F, 0xD77F, 0xDF5F, 0xD77F, 0xDF5F, 0xD77F, 0xDF5F, 0xD77F, 0xDF5F, 0xDF7F,
  0xDF7F, 0xD77F, 0xCF1F, 0xCF5F, 0xD77F, 0xD77F, 0xCF5F, 0xC75F, 0xE79F, 0xE7DF, 0xEFBF, 0xEFDF,
  0xEFBF, 0xE7DF, 0xE7BF, 0xDF9F, 0xD77F, 0xC71F, 0xBEFF, 0xBEFF, 0xBEDF, 0xB6DF, 0xBEDF, 0xBF1F,
  0xBEFF, 0xB6BF, 0xB6BF, 0xAEBF, 0xBEDE, 0xC73F, 0xC6FF, 0xBEFF, 0xBEDF, 0xBF1F, 0xBEFF, 0xBEFF,
  0xB6DF, 0xB6DF, 0xBEBF, 0xAE9F, 0xB65C, 0xBEDF, 0xC69D, 0xA5FB, 0xA61B, 0x9DFB, 0x9DBA, 0xAE5D,
  0xB67D, 0xA61C, 0xADD8, 0x534F, 0x638E, 0x7451, 0x530A, 0x3247, 0x0000, 0x0020, 0x0000, 0x0020,
  0x0000, 0x0020, 0x0000, 0x0020, 0x0000, 0x0020, 0x0000, 0x0020, 0x0000, 0x0020, 0x0000, 0x0020,
  0x0020, 0x0000, 0x0020, 0x0000, 0x0020, 0x0000, 0x0020, 0x0000, 0x0020, 0x0000, 0x0020, 0x0000,
  0x0020, 0x0000, 0x0020, 0x0000, 0x3A6C, 0x52CD, 0x532F, 0x4ACD, 0x42CE, 0x7433, 0xCF1E, 0xD71E,
  0xD73F, 0xDF5F, 0xDF7F, 0xE77F, 0xE7BF, 0xE79F, 0xEFDF, 0xF7DF, 0xEFFF, 0xF7BF, 0xEFDF, 0xF7FF,
  0xF7FF, 0xFFFF, 0xE7BF, 0xDF5F, 0xD77F, 0xD75F, 0xD75F, 0xD75F, 0xD75F, 0xD75F, 0xD75F, 0xD75F,
  0xD75F, 0xD75F, 0xD75F, 0xD75F, 0xD75F, 0xD75F, 0xD75F, 0xDF5F, 0xD77F, 0xDF5F, 0xC73F, 0xD75F,
  0xD79F, 0xD75F, 0xBF3F, 0xC71F, 0xE7BF, 0xEFFF, 0xEFFF, 0xEFDF, 0xE7DF, 0xE7BF, 0xDF9F, 0xDF5F,
  0xD77F, 0xD75F, 0xC75F, 0xCF5F, 0xC75F, 0xC73F, 0xC73F, 0xCF5F, 0xCF7F, 0xCF5F, 0xC77F, 0xC75F,
  0xCF9F, 0xD79F, 0xCF9F, 0xCF7F, 0xC75F, 0xCF5F, 0xC75F, 0xC73F, 0xBF3F, 0xBEFF, 0xBEFF, 0xB6BF,
  0xB6BE, 0xCF1F, 0xC71F, 0xD73F, 0x9DFC, 0x959A, 0xA63D, 0x7CD7, 0x959A, 0x8D18, 0x63F1, 0x530E,
  0x4B0D, 0x530D, 0x42C9, 0x4AC9, 0x0020, 0x0000, 0x0020, 0x0000, 0x0020, 0x0000, 0x0020, 0x0000,
  0x0020, 0x0000, 0x0020, 0x0000, 0x0020, 0x0000, 0x0020, 0x0000, 0x0000, 0x0020, 0x0000, 0x0020,
  0x0000, 0x0020, 0x0000, 0x0020, 0x0000, 0x0020, 0x0000, 0x0020, 0x0000, 0x0020, 0x0000, 0x0020,
  0x426B, 0x4AAD, 0x52ED, 0x532E, 0x5B4F, 0x5B6F, 0xB5FA, 0xD75F, 0xD71E, 0xCF3E, 0xDF5F, 0xDF9F,
  0xDF9F, 0xDF9F, 0xE79F, 0xE7BF, 0xE7BF, 0xEFFF, 0xEF9F, 0xE79F, 0xEFBF, 0xEFFF, 0xF7FF, 0xE79F,
  0xDF5F, 0xD75F, 0xDF5F, 0xD75F, 0xD75F, 0xD75F, 0xD75F, 0xD75F, 0xD75F, 0xD75F, 0xD75F, 0xD75F,
  0xD75F, 0xD75F, 0xD75F, 0xD75F, 0xDF5F, 0xD77F, 0xDF7F, 0xDF9F, 0xE79F, 0xDFBF, 0xDF7F, 0xE7DF,
  0xF7FF, 0xEFFF, 0xEFFF, 0xE7DF, 0xE7BF, 0xDF9F, 0xD75F, 0xD77F, 0xD75F, 0xD75F, 0xDF5F, 0xD77F,
  0xDF5F, 0xD75F, 0xDF5F, 0xDF7F, 0xDF7F, 0xD77F, 0xDF7F, 0xDF7F, 0xDF3F, 0xD75F, 0xDF5F, 0xD75F,
  0xDF5F, 0xD75F, 0xD75F, 0xCF3F, 0xCF1E, 0xCF3F, 0xD73E, 0xD75F, 0xD73F, 0xC71F, 0xCF3F, 0xC73F,
  0xBEFF, 0xA63D, 0x8539, 0x95DC, 0xA5DA, 0x8517, 0x534F, 0x7474, 0x6C12, 0x3ACD, 0x4ACB, 0x3A6A,
  0x0000, 0x0020, 0x0000, 0x0020, 0x0000, 0x0020, 0x0000, 0x0020, 0x0000, 0x0020, 0x0000, 0x0020,
  0x0000, 0x0020, 0x0000, 0x0020, 0x0020, 0x0000, 0x0020, 0x0000, 0x0020, 0x0000, 0x0020, 0x0000,
  0x0020, 0x0000, 0x0020, 0x0000, 0x0020, 0x0000, 0x0020, 0x0000, 0x320A, 0x3A2B, 0x42AD, 0x52ED,
  0x532F, 0x530E, 0x84B5, 0xDF3F, 0xCF1E, 0xCF1E, 0xD75F, 0xDF7F, 0xDF9F, 0xDF7F, 0xDF7F, 0xDF7F,
  0xDF7F, 0xE77F, 0xE7BF, 0xE77F, 0xDF7F, 0xDF7E, 0xEFDF, 0xEFBF, 0xD77F, 0xD75F, 0xD75F, 0xD73F,
  0xD75F, 0xD73F, 0xD75F, 0xD73F, 0xD75F, 0xD73F, 0xD75F, 0xD73F, 0xD75F, 0xD73F, 0xD75F, 0xD73F,
  0xD75F, 0xD75F, 0xD77F, 0xDF5F, 0xD77F, 0xDF7F, 0xDF9F, 0xE7BF, 0xE7BF, 0xEFBF, 0xE7DF, 0xE79F,
  0xDF7F, 0xDF7F, 0xD77F, 0xD75F, 0xD75F, 0xD73F, 0xD75F, 0xD73F, 0xCF1F, 0xD71E, 0xCF1F, 0xD71E,
  0xCF1F, 0xD73E, 0xD75F, 0xD71E, 0xCF1F, 0xD71E, 0xD75F, 0xDF5F, 0xD75F, 0xDF3F, 0xD75F, 0xD73F,
  0xCF5F, 0xD73F, 0xD73F, 0xDF5F, 0xA61B, 0xADFB, 0xAE5D, 0x9DBA, 0x9E1D, 0x8D59, 0x7D19, 0x74B7,
  0x7CB6, 0x63D2, 0x5391, 0xADFA, 0x95B9, 0x4B0E, 0x6C11, 0x7C52, 0x0020, 0x0000, 0x0020, 0x0000,
  0x0020, 0x0000, 0x0020, 0x0000, 0x0020, 0x0000, 0x0020, 0x0000, 0x0020, 0x0000, 0x0020, 0x0000,
  0x0000, 0x0020, 0x0000, 0x0020, 0x0000, 0x0020, 0x0000, 0x0020, 0x0000, 0x0020, 0x0000, 0x0020,
  0x0000, 0x0020, 0x0000, 0x0020, 0x426B, 0x3A4A, 0x426B, 0x42AC, 0x4AAD, 0x4ACD, 0x7411, 0xCEFE,
  0xD6FE, 0xCF1E, 0xD73E, 0xD75F, 0xDF7F, 0xDF7F, 0xDF5F, 0xD75F, 0xDF7F, 0xDF7F, 0xE77F, 0xDF7F,
  0xDF5F, 0xD75F, 0xE77F, 0xEFFF, 0xE79F, 0xDF7F, 0xDF5F, 0xD75F, 0xD75F, 0xD73F, 0xD73E, 0xD75F,
  0xD73E, 0xD75F, 0xD73F, 0xD75F, 0xD73F, 0xD75F, 0xD75F, 0xD75F, 0xDF5F, 0xD75F, 0xDF5F, 0xD77F,
  0xDF5F, 0xD77F, 0xDF7F, 0xD77F, 0xDF7F, 0xDF7F, 0xDF7F, 0xD77F, 0xDF5F, 0xDF7F, 0xDF5F, 0xD75F,
  0xD73E, 0xD73F, 0xD73E, 0xCF3F, 0xCEFE, 0xCF1E, 0xCEFD, 0xCEFE, 0xCEFD, 0xCF1E, 0xCEFE, 0xCF1E,
  0xCEFD, 0xCF1E, 0xD71E, 0xD73F, 0xD73E, 0xD75F, 0xDF5F, 0xD75F, 0xD73F, 0xD75F, 0xCF5F, 0xBF3F,
  0xAE7F, 0x9E3E, 0x8517, 0x5BF3, 0x8518, 0x7CF8, 0x959B, 0x859B, 0x6BF2, 0x4B0F, 0x7CF8, 0x74D8,
  0x9D99, 0x4B71, 0x3A69, 0x3A8A, 0x0000, 0x0020, 0x0000, 0x0020, 0x0000, 0x0020, 0x0000, 0x0020,
  0x0000, 0x0020, 0x0000, 0x0020, 0x0000, 0x0020, 0x0000, 0x0020, 0x0020, 0x0000, 0x0020, 0x0000,
  0x0020, 0x0000, 0x0020, 0x0000, 0x0020, 0x0000, 0x0020, 0x0000, 0x0020, 0x0000, 0x0020, 0x0000,
  0x428B, 0x4AAC, 0x3A6C, 0x42AC, 0x4AEE, 0x4ACD, 0x5B90, 0xCEFD, 0xCF1E, 0xD6FE, 0xCF3F, 0xD73F,
  0xDF7F, 0xDF5F, 0xCF1F, 0xD71E, 0xD73F, 0xDF5F, 0xDF7F, 0xDF5F, 0xD75F, 0xD75F, 0xD75F, 0xE79F,
  0xE7DF, 0xE77F, 0xD77F, 0xDF5F, 0xD75F, 0xD73F, 0xCF3F, 0xD73F, 0xD75F, 0xD73F, 0xD75F, 0xD73F,
  0xD75F, 0xD73F, 0xD75F, 0xD75F, 0xD75F, 0xD75F, 0xD75F, 0xD75F, 0xD75F, 0xD75F, 0xD75F, 0xD75F,
  0xD75F, 0xD75F, 0xD75F, 0xD75F, 0xD75F, 0xD75F, 0xD75F, 0xD71E, 0xCF1F, 0xCEFE, 0xCF1E, 0xCEFE,
  0xC6FE, 0xCEDD, 0xC6FE, 0xCEDD, 0xC6DE, 0xC6DD, 0xC6FE, 0xCEDD, 0xC6FE, 0xCEFE, 0xC6FE, 0xCF1E,
  0xCF3F, 0xD73F, 0xD75F, 0xD73F, 0xD75F, 0xCEFE, 0xB6FF, 0xB6DF, 0xA6BF, 0xA67F, 0x8D9A, 0x6C54,
  0x74D8, 0x959B, 0x8DBC, 0x8D9B, 0x84D6, 0x7433, 0x8DBB, 0x6C76, 0x7CF7, 0x6413, 0x29E8, 0x29C7,
  0x0020, 0x0000, 0x0020, 0x0000, 0x0020, 0x0000, 0x0020, 0x0000, 0x0020, 0x0000, 0x0020, 0x0000,
  0x0020, 0x0000, 0x0020, 0x0000, 0x0000, 0x0020, 0x0000, 0x0020, 0x0000, 0x0020, 0x0000, 0x0020,
  0x0000, 0x0020, 0x0000, 0x0020, 0x0000, 0x0020, 0x0000, 0x0020, 0x3A09, 0x4ACC, 0x52CD, 0x428C,
  0x4AAD, 0x4AEE, 0x6BD0, 0xCEDD, 0xCF1D, 0xCF1E, 0xD71E, 0xD75F, 0xDF7F, 0xD75F, 0xD71E, 0xCF1E,
  0xCF1E, 0xCF3E, 0xD75F, 0xDF9F, 0xDF7F, 0xDF7F, 0xE79F, 0xE7DF, 0xE7BF, 0xDF9F, 0xDF7F, 0xDF7F,
  0xDF5F, 0xD75F, 0xD73E, 0xD75F, 0xD75F, 0xD77F, 0xDF5F, 0xD77F, 0xDF5F, 0xD77F, 0xDF5F, 0xD75F,
  0xDF5F, 0xD75F, 0xDF5F, 0xD75F, 0xD75F, 0xD75F, 0xD75F, 0xD75F, 0xD75F, 0xD75F, 0xD75F, 0xD75F,
  0xD73E, 0xD75F, 0xD75F, 0xCF3F, 0xCEFE, 0xCF1E, 0xCEFD, 0xC6FE, 0xCEFD, 0xC6FE, 0xCEDD, 0xC6FD,
  0xCEDD, 0xC6DD, 0xCEDD, 0xC6FD, 0xCEDD, 0xC6FD, 0xCEDD, 0xCF1E, 0xCEFE, 0xCF1E, 0xD71E, 0xCF3F,
  0xCF1F, 0xC71F, 0xBEDF, 0xB6FF, 0xB6BF, 0x9E3D, 0xC6FF, 0x8559, 0x6456, 0x8DDC, 0xA63E, 0x7519,
  0x957A, 0x8539, 0x6CB7, 0x859A, 0x74B6, 0x4BB3, 0x5B2D, 0x3229, 0x0000, 0x0020, 0x0000, 0x0020,
  0x0000, 0x0020, 0x0000, 0x0020, 0x0000, 0x0020, 0x0000, 0x0020, 0x0000, 0x0020, 0x0000, 0x0020,
  0x0020, 0x0000, 0x0020, 0x0000, 0x0020, 0x0000, 0x0020, 0x0000, 0x0020, 0x0000, 0x0020, 0x0000,
  0x0020, 0x0000, 0x0020, 0x0000, 0x3A2A, 0x52AC, 0x52EE, 0x426B, 0x42AD, 0x428C, 0x5B70, 0xCEBC,
  0xCF1E, 0xCEFD, 0xCEFE, 0xD6FE, 0xCF3E, 0xD71E, 0xC6FE, 0xCEFE, 0xC6FE, 0xCEFE, 0xC6FE, 0xD71E,
  0xCF3F, 0xD73E, 0xDF7F, 0xE79F, 0xDF9F, 0xE77F, 0xDF7F, 0xDF5F, 0xD77F, 0xD75F, 0xD75F, 0xD75F,
  0xD75F, 0xD75F, 0xD75F, 0xD75F, 0xD75F, 0xDF5F, 0xD77F, 0xD75F, 0xD77F, 0xDF5F, 0xD75F, 0xD75F,
  0xD75F, 0xD73F, 0xD75F, 0xD73F, 0xD75F, 0xD73F, 0xCF3F, 0xD73E, 0xCF3F, 0xD71E, 0xCF3F, 0xD71E,
  0xC6FE, 0xCEFE, 0xC6FE, 0xC6DD, 0xC6DE, 0xC6DD, 0xC6DE, 0xC6DD, 0xC6DE, 0xC6DD, 0xC6DE, 0xC6BD,
  0xC6DD, 0xC6BD, 0xC6DE, 0xC6DD, 0xC6FE, 0xCEDD, 0xC6FE, 0xCEFE, 0xC71F, 0xCF1F, 0xBF3F, 0xBEFF,
  0xB6DF, 0xAE5E, 0xA63D, 0x9DBB, 0x8DBC, 0x95FC, 0x8DDD, 0x857B, 0x853A, 0x8539, 0x6476, 0xA67E,
  0xB6DF, 0x9E1D, 0x6BF1, 0x3229, 0x0020, 0x0000, 0x0020, 0x0000, 0x0020, 0x0000, 0x0020, 0x0000,
  0x0020, 0x0000, 0x0020, 0x0000, 0x0020, 0x0000, 0x0020, 0x0000, 0x0000, 0x0020, 0x0000, 0x0020,
  0x0000, 0x0020, 0x0000, 0x0020, 0x0000, 0x0020, 0x0000, 0x0020, 0x0000, 0x0020, 0x0000, 0x0020,
  0x3A09, 0x4AAB, 0x424A, 0x3A4A, 0x426B, 0x530E, 0x9516, 0xCF1E, 0xCEDD, 0xCEFD, 0xCEDD, 0xCEFE,
  0xCEFD, 0xCEFE, 0xCEFD, 0xCEFE, 0xCEFD, 0xCEFE, 0xCEFD, 0xCF1E, 0xD71E, 0xCF3E, 0xD75F, 0xDF9F,
  0xE77F, 0xDF7F, 0xE77F, 0xDF7F, 0xDF5F, 0xD75F, 0xD75F, 0xD75F, 0xDF5F, 0xD77F, 0xDF5F, 0xD77F,
  0xDF7F, 0xDF7F, 0xDF7F, 0xDF7F, 0xDF7F, 0xDF7F, 0xDF5F, 0xD77F, 0xDF5F, 0xD75F, 0xDF5F, 0xD75F,
  0xD75F, 0xD75F, 0xD73E, 0xD73F, 0xD73E, 0xCF3F, 0xD71E, 0xCF1E, 0xCEFD, 0xC6FE, 0xCEFD, 0xC6FE,
  0xCEDD, 0xC6DD, 0xC6DD, 0xC6DD, 0xC6DD, 0xC6DD, 0xC6BD, 0xC6DD, 0xC6BC, 0xC6DD, 0xC6BD, 0xC6DD,
  0xC6DD, 0xC6DD, 0xCEDD, 0xCEFE, 0xCEFD, 0xCF1E, 0xCEFE, 0xCF1F, 0xCEFF, 0xAE1B, 0x9538, 0xA61B,
  0x8D59, 0x8539, 0x7496, 0x8D9B, 0x7475, 0x95BA, 0x7CF8, 0xAEDF, 0xA6BF, 0xAF1F, 0x9577, 0x326B,
  0x0000, 0x0020, 0x0000, 0x0020, 0x0000, 0x0020, 0x0000, 0x0020, 0x0000, 0x0020, 0x0000, 0x0020,
  0x0000, 0x0020, 0x0000, 0x0020, 0x0020, 0x0000, 0x0020, 0x0000, 0x0020, 0x0000, 0x0020, 0x0000,
  0x0020, 0x0000, 0x0020, 0x0000, 0x0020, 0x0000, 0x0020, 0x0000, 0x29C8, 0x31E9, 0x3A4B, 0x426B,
  0x3A6C, 0x7412, 0xD75F, 0xD6FE, 0xC6DE, 0xCEDD, 0xC6DD, 0xCEDD, 0xC6FE, 0xC6DD, 0xC6FE, 0xCEDD,
  0xC6FE, 0xCEDD, 0xC6FE, 0xCEFE, 0xCF1E, 0xCF1E, 0xCF3F, 0xD73F, 0xD75F, 0xDF5F, 0xD75F, 0xDF7F,
  0xD75F, 0xD73E, 0xCF3F, 0xD73E, 0xD75F, 0xD75F, 0xD75F, 0xD75F, 0xD77F, 0xDF5F, 0xD77F, 0xDF7F,
  0xD77F, 0xDF7F, 0xD77F, 0xD75F, 0xD77F, 0xDF5F, 0xD75F, 0xD75F, 0xD75F, 0xD73F, 0xD75F, 0xD73F,
  0xD75F, 0xD75F, 0xCF1F, 0xCEFE, 0xC6FE, 0xCEDD, 0xC6FE, 0xCEFE, 0xC6FE, 0xC6DD, 0xBEDD, 0xC6BD,
  0xBEBD, 0xC6BD, 0xBEBD, 0xC6BD, 0xBEBD, 0xC69C, 0xBEBD, 0xC6BD, 0xC6DD, 0xC6DD, 0xC6DE, 0xCEDD,
  0xC6FE, 0xCEDD, 0xC6DE, 0xC6BD, 0xB67D, 0x8D38, 0x9579, 0xAE1C, 0x95DC, 0x84F8, 0x6CD8, 0x8559,
  0x5BD3, 0x5BB2, 0x7D5A, 0xA67E, 0xA6FF, 0xB73F, 0x9DB9, 0x324B, 0x0020, 0x0000, 0x0020, 0x0000,
  0x0020, 0x0000, 0x0020, 0x0000, 0x0020, 0x0000, 0x0020, 0x0000, 0x0020, 0x0000, 0x0020, 0x0000,
  0x0000, 0x0020, 0x0000, 0x0020, 0x0000, 0x0020, 0x0000, 0x0020, 0x0000, 0x0020, 0x0000, 0x0020,
  0x0000, 0x0020, 0x0000, 0x0020, 0x39E8, 0x426A, 0x424A, 0x3A6B, 0x4ACC, 0x532E, 0x6BD0, 0xB65B,
  0xD6FE, 0xC6DD, 0xC6BC, 0xC6DD, 0xC6DD, 0xC6DD, 0xCEDD, 0xC6FD, 0xCEDD, 0xC6FD, 0xCEDD, 0xCEFE,
  0xCEFD, 0xCF1E, 0xCF1E, 0xCF1E, 0xD71E, 0xD75F, 0xDF5F, 0xD75F, 0xDF5F, 0xCF3F, 0xD71E, 0xCF3F,
  0xD75F, 0xD75F, 0xD75F, 0xD73F, 0xD75F, 0xD75F, 0xDF7F, 0xD77F, 0xDF5F, 0xD77F, 0xDF5F, 0xD75F,
  0xD75F, 0xD77F, 0xDF7F, 0xD77F, 0xDF5F, 0xD75F, 0xDF5F, 0xD77F, 0xDF5F, 0xD77F, 0xD73E, 0xCF1E,
  0xCEFD, 0xCF1E, 0xCEFD, 0xCF1E, 0xCEFD, 0xC6FD, 0xC6DD, 0xBEDD, 0xC6DD, 0xBEDD, 0xC6BD, 0xBEBD,
  0xBEBC, 0xBEBD, 0xBEBC, 0xBEDD, 0xC6BC, 0xC6DD, 0xCEFD, 0xC6FE, 0xCEDD, 0xC6FE, 0xC6DD, 0xC6DD,
  0xC6BD, 0xA5F9, 0x9536, 0xA5B9, 0xAE5D, 0xB6DF, 0xA63D, 0x95FC, 0x74D7, 0x95FC, 0x95DC, 0x859B,
  0x95DA, 0x53F3, 0x5B8E, 0x42CB, 0x0000, 0x0020, 0x0000, 0x0020, 0x0000, 0x0020, 0x0000, 0x0020,
  0x0000, 0x0020, 0x0000, 0x0020, 0x0000, 0x0020, 0x0000, 0x0020, 0x0020, 0x0000, 0x0020, 0x0000,
  0x0020, 0x0000, 0x0020, 0x0000, 0x0020, 0x0000, 0x0020, 0x0000, 0x0020, 0x0000, 0x0020, 0x0000,
  0x4ACC, 0x3A29, 0x322A, 0x3A4A, 0x42AC, 0x4ACC, 0x42CD, 0x5B4F, 0xAE1A, 0xCEDD, 0xBEBD, 0xC6BC,
  0xBEBD, 0xC6BD, 0xC6DD, 0xC6DD, 0xC6DD, 0xC6DD, 0xC6DD, 0xC6DD, 0xC6FE, 0xCEFD, 0xC6FE, 0xCEFE,
  0xC6FE, 0xD73E, 0xD75F, 0xD71E, 0xCF3F, 0xD71E, 0xCF3F, 0xD71E, 0xCF3F, 0xD73E, 0xCF3F, 0xD71E,
  0xCF3F, 0xD73F, 0xD75F, 0xD75F, 0xCF3F, 0xD73F, 0xD75F, 0xD71E, 0xCF3F, 0xD73E, 0xD75F, 0xD75F,
  0xD77F, 0xDF5F, 0xD75F, 0xD75F, 0xD77F, 0xD75F, 0xD75F, 0xD71E, 0xCF1E, 0xCEFE, 0xCF1E, 0xCEFE,
  0xC71E, 0xCEDD, 0xBEDE, 0xC6DD, 0xBEDE, 0xC6BD, 0xBEDD, 0xBEBD, 0xBEBD, 0xBE9D, 0xBEBD, 0xBE9D,
  0xBEBD, 0xC6BD, 0xC6FE, 0xCEDD, 0xC6FE, 0xCEDD, 0xC6FE, 0xC69D, 0xAE3B, 0x7433, 0x84B5, 0x9D78,
  0xA65D, 0xB67E, 0xAEBF, 0xBF1F, 0xB71F, 0xBEFF, 0xAEFF, 0xB71F, 0x95FB, 0x74D6, 0x6411, 0x29E8,
  0x0020, 0x0000, 0x0020, 0x0000, 0x0020, 0x0000, 0x0020, 0x0000, 0x0020, 0x0000, 0x0020, 0x0000,
  0x0020, 0x0000, 0x0020, 0x0000, 0x0000, 0x0020, 0x0000, 0x0020, 0x0000, 0x0020, 0x0000, 0x0020,
  0x0000, 0x0020, 0x0000, 0x0020, 0x0000, 0x0020, 0x0000, 0x0020, 0x52AB, 0x3208, 0x3A09, 0x3A4A,
  0x428B, 0x428B, 0x4ACC, 0x4AED, 0x638F, 0xBE9C, 0xC6BC, 0xBEBD, 0xC6BC, 0xC6DD, 0xC6BC, 0xC6DD,
  0xC6BC, 0xC6DD, 0xCEDD, 0xC6DD, 0xCEDD, 0xC6FD, 0xCEFD, 0xC6FE, 0xCEFD, 0xCF3F, 0xD73E, 0xCF3F,
  0xD71E, 0xCF3E, 0xD71E, 0xCF3E, 0xD71E, 0xCF1E, 0xD71E, 0xCF3E, 0xD71E, 0xCF3E, 0xD73E, 0xD75F,
  0xD73E, 0xCF3E, 0xD73E, 0xCF3F, 0xD71E, 0xCF1E, 0xD71E, 0xCF3F, 0xD75F, 0xD75F, 0xDF5F, 0xD75F,
  0xDF5F, 0xD75F, 0xDF5F, 0xD75F, 0xD73E, 0xCF1E, 0xD71E, 0xCF3E, 0xD71E, 0xCF1E, 0xCEDD, 0xC6FD,
  0xC6DD, 0xBEDD, 0xC6BD, 0xBEDD, 0xC6BD, 0xBEDD, 0xC6BC, 0xBEBD, 0xC6BC, 0xBEDD, 0xCEDD, 0xC6FE,
  0xCEDD, 0xC6FE, 0xCEFD, 0xC6FD, 0xC6DD, 0xB65B, 0xBE5B, 0xD73F, 0xC6BD, 0xC6FE, 0xC6FE, 0xC6FE,
  0xC6DE, 0xC6FF, 0xBEDF, 0xAE9E, 0xCF1D, 0x8D57, 0x3226, 0x3247, 0x0000, 0x0020, 0x0000, 0x0020,
  0x0000, 0x0020, 0x0000, 0x0020, 0x0000, 0x0020, 0x0000, 0x0020, 0x0000, 0x0020, 0x0000, 0x0020,
  0x0020, 0x0000, 0x0020, 0x0000, 0x0020, 0x0000, 0x0020, 0x0000, 0x0020, 0x0000, 0x0020, 0x0000,
  0x0020, 0x0000, 0x0020, 0x0000, 0x3A29, 0x31C8, 0x3209, 0x3A09, 0x3A6B, 0x426B, 0x428C, 0x52CD,
  0x4B0E, 0xADB9, 0xC6DD, 0xBE7C, 0xBEBD, 0xC6BD, 0xBEBD, 0xC6BD, 0xBEBD, 0xC6BD, 0xC6DD, 0xC6BD,
  0xC6DD, 0xC6DD, 0xC6DE, 0xC6DD, 0xC6FE, 0xCF1E, 0xCF3F, 0xD71E, 0xCF3F, 0xCF1E, 0xCF1E, 0xCEFE,
  0xCF1E, 0xCEFE, 0xC6FE, 0xCF1E, 0xCF1E, 0xCEFE, 0xCF1E, 0xD71E, 0xCF3F, 0xCF1E, 0xCF3F, 0xD71E,
  0xCF1F, 0xCEFE, 0xCF1E, 0xCF1E, 0xCF3F, 0xD71E, 0xD75F, 0xDF5F, 0xDF7F, 0xDF7F, 0xDF9F, 0xDF5F,
  0xD75F, 0xD73F, 0xD75F, 0xD73E, 0xCF3F, 0xCEFE, 0xC6FE, 0xC6DD, 0xBEDE, 0xC6BD, 0xBEBD, 0xBEBD,
  0xBEDE, 0xC6DD, 0xBEDD, 0xBEBD, 0xBEBD, 0xC6BD, 0xC6DE, 0xC6BD, 0xC6DE, 0xC6DD, 0xC6FE, 0xCF1E,
  0xCF3F, 0xD73F, 0xD75F, 0xDF7F, 0xE7DF, 0xE7BF, 0xDFDF, 0xE7DF, 0xD79F, 0xCF1F, 0xBF1F, 0xD79F,
  0xBEFE, 0x326B, 0x2A06, 0x29E5, 0x0020, 0x0000, 0x0020, 0x0000, 0x0020, 0x0000, 0x0020, 0x0000,
  0x0020, 0x0000, 0x0020, 0x0000, 0x0020, 0x0000, 0x0020, 0x0000, 0x0000, 0x0020, 0x0000, 0x0020,
  0x0000, 0x0020, 0x0000, 0x0020, 0x0000, 0x0020, 0x0000, 0x0020, 0x0000, 0x0020, 0x0000, 0x0020,
  0x3A08, 0x31E8, 0x3A08, 0x31E8, 0x3A29, 0x3A2A, 0x3A4A, 0x42AC, 0x4ACD, 0x9D77, 0xC6DD, 0xBE9C,
  0xC69C, 0xBEBD, 0xC6BC, 0xC6BD, 0xC6BC, 0xC6BD, 0xC6BC, 0xC6DD, 0xC6DD, 0xC6DD, 0xCEDD, 0xC6FD,
  0xCEFD, 0xCF1E, 0xD71E, 0xCF3E, 0xD71E, 0xCF1E, 0xCF1E, 0xCF1E, 0xD71E, 0xCF1E, 0xCEFD, 0xCF1E,
  0xCEFE, 0xCEFE, 0xCEFD, 0xCF1E, 0xCEFD, 0xCF1E, 0xD71E, 0xCF1E, 0xCEFE, 0xCF1E, 0xCF1E, 0xCF1E,
  0xD71E, 0xCF3E, 0xD73E, 0xDF9F, 0xEF9F, 0xE79F, 0xEF9F, 0xE7BF, 0xE79F, 0xDF7F, 0xEF9F, 0xE79F,
  0xE77F, 0xD73E, 0xCEFD, 0xC6FD, 0xC6DD, 0xC6DD, 0xC6BD, 0xBEDD, 0xC6DD, 0xC6FD, 0xC6DD, 0xC6DD,
  0xC6BC, 0xC6DD, 0xD71D, 0xCF3E, 0xD73E, 0xD73E, 0xDF5E, 0xD75F, 0xD6FD, 0xBE9C, 0xC67A, 0xCEDC,
  0xAD96, 0xD6FC, 0xE71C, 0xDEFC, 0xC65A, 0xD73D, 0xE75E, 0xF7FF, 0x7C30, 0x29A6, 0x3A07, 0x3208,
  0x0000, 0x0020, 0x0000, 0x0020, 0x0000, 0x0020, 0x0000, 0x0020, 0x0000, 0x0020, 0x0000, 0x0020,
  0x0000, 0x0020, 0x0000, 0x0020, 0x0020, 0x0000, 0x0020, 0x0000, 0x0020, 0x0000, 0x0020, 0x0000,
  0x0020, 0x0000, 0x0020, 0x0000, 0x0020, 0x0000, 0x0020, 0x0000, 0x31E8, 0x29A7, 0x3209, 0x39E8,
  0x320A, 0x3A09, 0x322B, 0x426B, 0x42AC, 0x9516, 0xC6DD, 0xBE7B, 0xBE9C, 0xBE7C, 0xBEBD, 0xC69C,
  0xBEBD, 0xC69C, 0xBEBD, 0xC6BC, 0xC6DD, 0xC6BD, 0xC6DD, 0xC6DD, 0xC6DE, 0xCEFD, 0xCF1E, 0xCF1E,
  0xCF1E, 0xCEFE, 0xCF1E, 0xCEFE, 0xCF1F, 0xCF1E, 0xCF1E, 0xCEFE, 0xC6FE, 0xCEFE, 0xC6FE, 0xCEDD,
  0xC6FE, 0xCEFE, 0xC6FE, 0xCEFE, 0xC6FE, 0xCEFE, 0xC6FE, 0xCEFE, 0xCF1F, 0xD71E, 0xD75F, 0xE79F,
  0xE7BF, 0xEFDF, 0xEFDF, 0xF7FF, 0xEFFF, 0xF7FF, 0xEFFF, 0xF7FF, 0xE7DF, 0xDF3E, 0xCF3F, 0xCEFE,
  0xC6FE, 0xC6DD, 0xBEDE, 0xC6DD, 0xC6DE, 0xCEDD, 0xC6FE, 0xC6BD, 0xBEDD, 0xCEFE, 0xA5D9, 0x8CD5,
  0x84D5, 0xA598, 0xAE1A, 0x7C32, 0x5B70, 0x5B2E, 0x530E, 0x5B4E, 0x636E, 0x73D0, 0x634E, 0x632D,
  0x4AED, 0x7C32, 0xE7BF, 0xB5D8, 0x3208, 0x31E8, 0x31E8, 0x31E7, 0x0020, 0x0000, 0x0020, 0x0000,
  0x0020, 0x0000, 0x0020, 0x0000, 0x0020, 0x0000, 0x0020, 0x0000, 0x0020, 0x0000, 0x0020, 0x0000,
  0x0000, 0x0020, 0x0000, 0x0020, 0x0000, 0x0020, 0x0000, 0x0020, 0x0000, 0x0020, 0x0000, 0x0020,
  0x0000, 0x0020, 0x0000, 0x0020, 0x3A08, 0x29A7, 0x29A7, 0x31C8, 0x31C8, 0x31E9, 0x3A29, 0x322A,
  0x426B, 0x8CF6, 0xC6BC, 0xB67B, 0xBE7B, 0xBE9C, 0xBE7B, 0xBE9C, 0xC69C, 0xBEBC, 0xC69C, 0xBEBC,
  0xC6BC, 0xC6DD, 0xCEDD, 0xC6FD, 0xCEDD, 0xC6FE, 0xCEFD, 0xCF1E, 0xCEFD, 0xCF1E, 0xCEFD, 0xCF1E,
  0xD71E, 0xCF1E, 0xCEFD, 0xCF1E, 0xCEFD, 0xC6FE, 0xCEFD, 0xC6FE, 0xCEDD, 0xC6FE, 0xCEDD, 0xC6FE,
  0xCEFD, 0xC6FE, 0xCEFD, 0xCF1E, 0xD71E, 0xCF1E, 0xDF5F, 0xDF9F, 0xE79F, 0xEFFF, 0xFFFF, 0xFFFF,
  0xFFFF, 0xF7FF, 0xF7FF, 0xEFDF, 0xE79F, 0xD75F, 0xD73E, 0xD75F, 0xD71E, 0xCEFE, 0xCEFD, 0xC6FD,
  0xCEDD, 0xC6FD, 0xCEDD, 0xCF1E, 0xD71E, 0x9D57, 0x6BB0, 0x4AED, 0x3A4B, 0x42CD, 0x5B2D, 0x530D,
  0x5AEC, 0x5B2D, 0x6B6E, 0x638F, 0x6BAF, 0x5B2D, 0x5B0D, 0x4AAC, 0x3A29, 0x4AAB, 0x8471, 0x530C,
  0x3225, 0x3A67, 0x3226, 0x3247, 0x0000, 0x0020, 0x0000, 0x0020, 0x0000, 0x0020, 0x0000, 0x0020,
  0x0000, 0x0020, 0x0000, 0x0020, 0x0000, 0x0020, 0x0000, 0x0020, 0x0020, 0x0000, 0x0020, 0x0000,
  0x0020, 0x0000, 0x0020, 0x0000, 0x0020, 0x0000, 0x0020, 0x0000, 0x0020, 0x0000, 0x0020, 0x0000,
  0x426A, 0x31C7, 0x31E9, 0x39E8, 0x29E9, 0x31C8, 0x322A, 0x3A4A, 0x324B, 0x8494, 0xBEBD, 0xB63B,
  0xB65C, 0xBE5B, 0xB67C, 0xBE7B, 0xBE9C, 0xBE7C, 0xBE9C, 0xBE7C, 0xBEBD, 0xC6BD, 0xC6DD, 0xC6DD,
  0xC6DD, 0xC6DD, 0xC6DE, 0xCEDD, 0xC6FE, 0xCEFE, 0xC6FE, 0xCEFE, 0xCF1E, 0xCEFE, 0xC6FE, 0xCEFD,
  0xC6FE, 0xCEFE, 0xC6FE, 0xC6DD, 0xC6DE, 0xC6DD, 0xC6DE, 0xCEDD, 0xC6FE, 0xCEFE, 0xC6FE, 0xCEFE,
  0xC6FE, 0xCEFE, 0xCF1F, 0xD71E, 0xD73E, 0xE79F, 0xEFBF, 0xF7FF, 0xF7FF, 0xF7FF, 0xE7BF, 0xE77F,
  0xDF7F, 0xDF3F, 0xD75F, 0xDF5F, 0xD75F, 0xD6FE, 0xC6FE, 0xC6DD, 0xC6FE, 0xCF1E, 0xCF3F, 0xB61A,
  0x7C94, 0x5B6F, 0x4AEE, 0x3A4B, 0x3A6C, 0x42AC, 0x52ED, 0x5B2D, 0x636F, 0x5B2E, 0x4AAC, 0x52EC,
  0x5B2D, 0x5B0D, 0x4AAC, 0x424A, 0x322A, 0x426A, 0x3A49, 0x5B4C, 0x532A, 0x3226, 0x2A06, 0x3226,
  0x0020, 0x0000, 0x0020, 0x0000, 0x0020, 0x0000, 0x0020, 0x0000, 0x0020, 0x0000, 0x0020, 0x0000,
  0x0020, 0x0000, 0x0020, 0x0000, 0x0000, 0x0020, 0x0000, 0x0020, 0x0000, 0x0020, 0x0000, 0x0020,
  0x0000, 0x0020, 0x0000, 0x0020, 0x0000, 0x0020, 0x0000, 0x0020, 0x4A69, 0x5B0C, 0x630C, 0x4269,
  0x4249, 0x428A, 0x424A, 0x3A2A, 0x31E9, 0x8CD5, 0xC69C, 0xB65B, 0xBE5B, 0xB65B, 0xBE5B, 0xB67B,
  0xBE5B, 0xBE7C, 0xBE7B, 0xBE9C, 0xC69C, 0xC6BD, 0xC6BC, 0xC6DD, 0xC6BC, 0xC6DD, 0xCEDD, 0xC6DD,
  0xCEFD, 0xCF1E, 0xCEFD, 0xCF1E, 0xCEFD, 0xCF1E, 0xCEFD, 0xC6FE, 0xCEDD, 0xC6FE, 0xCEDD, 0xC6DD,
  0xCEFD, 0xC6FE, 0xCEFD, 0xC6FE, 0xCEFD, 0xCF1E, 0xCEFD, 0xCF1E, 0xCEFD, 0xCF1E, 0xCEFE, 0xCF1E,
  0xD71E, 0xD73F, 0xDF5E, 0xDFBF, 0xF7DF, 0xF7FF, 0xEFBF, 0xEFBF, 0xE79F, 0xDF7F, 0xE77F, 0xE79F,
  0xDF5F, 0xD73E, 0xCF1E, 0xCF1E, 0xCEDC, 0xAE1A, 0x94D4, 0x638F, 0x5B0D, 0x532E, 0x428C, 0x3A6C,
  0x428B, 0x42CC, 0x5B2D, 0x5B6E, 0x52CC, 0x428B, 0x424A, 0x3A4A, 0x4A8A, 0x52EC, 0x4249, 0x3A29,
  0x4228, 0x4AAA, 0x4AC7, 0x3A46, 0x3A45, 0x3245, 0x3A06, 0x3207, 0x0000, 0x0020, 0x0000, 0x0020,
  0x0000, 0x0020, 0x0000, 0x0020, 0x0000, 0x0020, 0x0000, 0x0020, 0x0000, 0x0020, 0x0000, 0x0020,
  0x0020, 0x0000, 0x0020, 0x0000, 0x0020, 0x0000, 0x0020, 0x0000, 0x0020, 0x0000, 0x0020, 0x0000,
  0x0020, 0x0000, 0x0020, 0x0000, 0x4249, 0x52AB, 0x5B0C, 0x5B0C, 0x4AAC, 0x4A8B, 0x4ACC, 0x4AAB,
  0x3A8C, 0x8CD5, 0xBEBD, 0xB63A, 0xB65B, 0xB63B, 0xB65B, 0xB63B, 0xB65B, 0xB65B, 0xB67C, 0xBE7C,
  0xBE9C, 0xBE9C, 0xBE9D, 0xBE9C, 0xBEBD, 0xC69C, 0xC6DD, 0xC6DD, 0xC6DE, 0xCEDD, 0xC6FE, 0xCEDD,
  0xC6FE, 0xCEFD, 0xC6FE, 0xCEDD, 0xC6DE, 0xC6DD, 0xC6DD, 0xC6BD, 0xC6FE, 0xCEDD, 0xC6FE, 0xCEDD,
  0xC6FE, 0xCEFE, 0xCF1E, 0xCEFE, 0xC6FE, 0xCEFE, 0xC6FE, 0xCEFE, 0xCF1E, 0xCF1E, 0xCF1E, 0xD73E,
  0xE79F, 0xF7FF, 0xEFFF, 0xEFBF, 0xEFFF, 0xEFDF, 0xEFBF, 0xEF9F, 0xDF7F, 0xD71E, 0xCF3F, 0xADFA,
  0x6BF2, 0x6370, 0x5B6F, 0x5B4E, 0x5B4E, 0x52CC, 0x3A8C, 0x42AC, 0x42CC, 0x4ACC, 0x5B4E, 0x4AAB,
  0x428B, 0x424A, 0x3A2A, 0x31E9, 0x426A, 0x426A, 0x4ACC, 0x4A8B, 0x3A28, 0x4248, 0x3A87, 0x3A26,
  0x2A25, 0x2183, 0x3A69, 0x4A89, 0x0020, 0x0000, 0x0020, 0x0000, 0x0020, 0x0000, 0x0020, 0x0000,
  0x0020, 0x0000, 0x0020, 0x0000, 0x0020, 0x0000, 0x0020, 0x0000, 0x0000, 0x0020, 0x0000, 0x0020,
  0x0000, 0x0020, 0x0000, 0x0020, 0x0000, 0x0020, 0x0000, 0x0020, 0x0000, 0x0020, 0x0000, 0x0020,
  0x4A49, 0x4AAB, 0x52AA, 0x4AAB, 0x52CB, 0x4ACB, 0x4A8B, 0x52EC, 0x52ED, 0x52ED, 0xADD8, 0xBE7B,
  0xB63A, 0xB65B, 0xB63A, 0xB65B, 0xB65B, 0xB65B, 0xB65B, 0xB67B, 0xBE7B, 0xBE9C, 0xBE7B, 0xB69C,
  0xBE9C, 0xBEBD, 0xC6BC, 0xC6DD, 0xCEDD, 0xC6FD, 0xCEDD, 0xC6FD, 0xCEDD, 0xC6FD, 0xCEDD, 0xC6DD,
  0xC6DD, 0xC6DD, 0xC6BC, 0xC6DD, 0xC6DD, 0xC6FD, 0xCEFD, 0xC6FE, 0xD6FD, 0xCEFE, 0xD6FD, 0xCEFE,
  0xCEFD, 0xCEFD, 0xCEFD, 0xC6FE, 0xCEFD, 0xCF1E, 0xD71E, 0xCF3F, 0xE77F, 0xE7DF, 0xF7FF, 0xF7FF,
  0xFFFF, 0xFFFF, 0xFFFF, 0xEFBF, 0xDF7F, 0xCF1E, 0xDF5F, 0x84B5, 0x530D, 0x6390, 0x636E, 0x5B4E,
  0x530D, 0x3A8B, 0x426A, 0x42AC, 0x426A, 0x532D, 0x5B0C, 0x4AAB, 0x52CB, 0x428A, 0x3A28, 0x3A49,
  0x4A6A, 0x428A, 0x4249, 0x3A49, 0x4A69, 0x3207, 0x3A27, 0x3A68, 0x4268, 0x3A68, 0x5AEB, 0x3A08,
  0x0000, 0x0020, 0x0000, 0x0020, 0x0000, 0x0020, 0x0000, 0x0020, 0x0000, 0x0020, 0x0000, 0x0020,
  0x0000, 0x0020, 0x0000, 0x0020, 0x0020, 0x0000, 0x0020, 0x0000, 0x0020, 0x0000, 0x0020, 0x0000,
  0x0020, 0x0000, 0x0020, 0x0000, 0x0020, 0x0000, 0x0020, 0x0000, 0x4A8B, 0x4229, 0x52EC, 0x73AF,
  0x5B2D, 0x52EC, 0x530D, 0x52AC, 0x4ACC, 0x424A, 0x63F1, 0xBE7B, 0xAE3B, 0xB63B, 0xAE3B, 0xB63B,
  0xAE5B, 0xB63B, 0xAE5B, 0xB65B, 0xB65C, 0xB65B, 0xB67C, 0xB67B, 0xB69C, 0xBE9C, 0xBEBD, 0xC6BD,
  0xC6DD, 0xC6DD, 0xC6DE, 0xC6DD, 0xC6DE, 0xC6BD, 0xBEBD, 0xC6BD, 0xBEBD, 0xBE9D, 0xBEBD, 0xC6BD,
  0xC6DD, 0xC6BD, 0xC6FE, 0xCEDD, 0xCEFE, 0xCEFE, 0xCEFE, 0xCEDE, 0xCEFE, 0xCEDD, 0xC6FE, 0xCEDD,
  0xC6FE, 0xCEFE, 0xCF1E, 0xCF1E, 0xD73F, 0xDF5F, 0xE7BF, 0xFFFF, 0xFFFF, 0xFFFF, 0xEFBF, 0xE77E,
  0xD73F, 0xCEFE, 0xCEFE, 0x7C33, 0x4AEE, 0x5B2E, 0x532E, 0x4AAC, 0x42CC, 0x428B, 0x42AC, 0x426B,
  0x530D, 0x530D, 0x4ACC, 0x4A8B, 0x4AAB, 0x3A08, 0x3209, 0x4A8A, 0x4AAB, 0x39E8, 0x29A7, 0x31A7,
  0x31E7, 0x3A28, 0x3227, 0x5B0B, 0x636D, 0x4AAA, 0x31E7, 0x5ACB, 0x0020, 0x0000, 0x0020, 0x0000,
  0x0020, 0x0000, 0x0020, 0x0000, 0x0020, 0x0000, 0x0020, 0x0000, 0x0020, 0x0000, 0x0020, 0x0000,
  0x0000, 0x0020, 0x0000, 0x0020, 0x0000, 0x0020, 0x0000, 0x0020, 0x0000, 0x0020, 0x0000, 0x0020,
  0x0000, 0x0020, 0x0000, 0x0020, 0x6B6D, 0x5B0C, 0x528A, 0x5B0C, 0x6B8E, 0x530C, 0x52AB, 0x52CC,
  0x52AB, 0x4ACC, 0x4A8B, 0x9535, 0xBE5B, 0xAE3B, 0xB63A, 0xB63B, 0xB63B, 0xB65B, 0xB65B, 0xAE5B,
  0xB65B, 0xB67B, 0xB67B, 0xB67C, 0xBE7C, 0xBE9C, 0xC6BC, 0xC6DD, 0xC6DD, 0xC6DD, 0xCEDD, 0xC6FD,
  0xCEDD, 0xC6DD, 0xBEBC, 0xBEBD, 0xBE9C, 0xBEBD, 0xBEBC, 0xBEBD, 0xC6BC, 0xC6DD, 0xCEDD, 0xC6FD,
  0xCEDD, 0xCEFE, 0xD6FE, 0xCEFE, 0xD6FD, 0xCEFE, 0xD6FD, 0xCEFE, 0xCEFD, 0xC6FE, 0xCEFD, 0xCEFE,
  0xCEFD, 0xCF3F, 0xDF5E, 0xE7BF, 0xF7DF, 0xEFBF, 0xEFBF, 0xDF7F, 0xD6FD, 0xD75F, 0xCEBC, 0x5B90,
  0x5B4E, 0x5B4E, 0x4AEC, 0x428B, 0x426A, 0x322A, 0x426A, 0x532D, 0x5AEC, 0x4AAB, 0x4249, 0x3A29,
  0x39E8, 0x31E8, 0x4249, 0x4ACB, 0x3A08, 0x29C7, 0x29A6, 0x3208, 0x4208, 0x5AEC, 0x5AEB, 0x5B0B,
  0x3A45, 0x3246, 0x4227, 0x3A06, 0x0000, 0x0020, 0x0000, 0x0020, 0x0000, 0x0020, 0x0000, 0x0020,
  0x0000, 0x0020, 0x0000, 0x0020, 0x0000, 0x0020, 0x0000, 0x0020, 0x0020, 0x0000, 0x0020, 0x0000,
  0x0020, 0x0000, 0x0020, 0x0000, 0x0020, 0x0000, 0x0020, 0x0000, 0x0020, 0x0000, 0x0020, 0x0000,
  0x636E, 0x6B4D, 0x6B8E, 0x4A6A, 0x4AAB, 0x52CB, 0x4ACC, 0x52AB, 0x4AAC, 0x52ED, 0x42AC, 0x5B4E,
  0xAE3B, 0xB63B, 0xAE3B, 0xB63B, 0xB65B, 0xB63B, 0xAE5B, 0xB63B, 0xAE5B, 0xB65B, 0xAE5C, 0xB65C,
  0xB67C, 0xBE9C, 0xBEBD, 0xC6BD, 0xBEBD, 0xC6BD, 0xC6DD, 0xC6DD, 0xC6FE, 0xC6DD, 0xBEBD, 0xBE7C,
  0xB69C, 0xBE7C, 0xBEBD, 0xBE9C, 0xBE9C, 0xC69C, 0xC6DD, 0xC6BD, 0xC6DD, 0xCEDD, 0xCEFE, 0xD6FE,
  0xCEFE, 0xCEDD, 0xCEFE, 0xCEDD, 0xC6FE, 0xCEFE, 0xC6FE, 0xCEDD, 0xC6FE, 0xD71E, 0xDF5F, 0xE77F,
  0xEFBF, 0xEF9F, 0xE79F, 0xDF5E, 0xCF1F, 0xD71E, 0xE7BF, 0x9D37, 0x532E, 0x530D, 0x42AC, 0x42AC,
  0x3A8B, 0x3A4A, 0x42AB, 0x4A8B, 0x426B, 0x4229, 0x3209, 0x31C8, 0x2187, 0x4229, 0x3A6A, 0x4249,
  0x31E8, 0x29A7, 0x2166, 0x4A8A, 0x636E, 0x52AB, 0x3A08, 0x31C7, 0x29E4, 0x3225, 0x3A47, 0x3A06,
  0x0020, 0x0000, 0x0020, 0x0000, 0x0020, 0x0000, 0x0020, 0x0000, 0x0020, 0x0000, 0x0020, 0x0000,
  0x0020, 0x0000, 0x0020, 0x0000, 0x0000, 0x0020, 0x0000, 0x0020, 0x0000, 0x0020, 0x0000, 0x0020,
  0x0000, 0x0020, 0x0000, 0x0020, 0x0000, 0x0020, 0x0000, 0x0020, 0x2965, 0x29A6, 0x4228, 0x4249,
  0x39E8, 0x3A29, 0x4249, 0x4AAB, 0x4249, 0x426A, 0x4A8B, 0x4ACC, 0x9515, 0xBE9C, 0xB63A, 0xB65B,
  0xB65B, 0xB65B, 0xB65B, 0xAE5B, 0xB65B, 0xAE5B, 0xB65B, 0xB67C, 0xBE7B, 0xBEBC, 0xC6BC, 0xBEBD,
  0xC6BC, 0xC6BD, 0xC6BC, 0xC6DD, 0xC6DD, 0xC6FD, 0xC6BC, 0xB67C, 0xBE7B, 0xB69C, 0xBE9C, 0xB69C,
  0xBE7C, 0xBE9C, 0xC6BC, 0xC6DD, 0xCEBD, 0xC6DD, 0xD6DD, 0xCEFE, 0xCEBD, 0xCEDD, 0xCEDD, 0xC6DD,
  0xCEDD, 0xCF1E, 0xCEDD, 0xC6DD, 0xC6DD, 0xCF1E, 0xDF3E, 0xDF9F, 0xEFDF, 0xE7BF, 0xE79F, 0xDF7F,
  0xDF5E, 0xDF7F, 0xE77F, 0x7C94, 0x5B0D, 0x5B4E, 0x4ACC, 0x3A6B, 0x4AAA, 0x4ACB, 0x52AB, 0x3A4A,
  0x424A, 0x3209, 0x3A08, 0x29A7, 0x29A6, 0x29C7, 0x4228, 0x3208, 0x31C6, 0x29A6, 0x4A49, 0x634D,
  0x52C8, 0x3A46, 0x4227, 0x52EA, 0x4A48, 0x4A89, 0x5B09, 0x29E4, 0x0000, 0x0020, 0x0000, 0x0020,
  0x0000, 0x0020, 0x0000, 0x0020, 0x0000, 0x0020, 0x0000, 0x0020, 0x0000, 0x0020, 0x0000, 0x0020,
  0x0020, 0x0000, 0x0020, 0x0000, 0x0020, 0x0000, 0x0020, 0x0000, 0x0020, 0x0000, 0x0020, 0x0000,
  0x0020, 0x0000, 0x0020, 0x0000, 0x4A6A, 0x3186, 0x2145, 0x2104, 0x2166, 0x2966, 0x29C8, 0x31A7,
  0x29C8, 0x426A, 0x4ACC, 0x52CC, 0x7433, 0xBE7C, 0xAE3B, 0xB63B, 0xB65B, 0xB63B, 0xAE5B, 0xB63B,
  0xAE5C, 0xB65B, 0xAE5C, 0xB65C, 0xB67C, 0xBE9C, 0xBEBD, 0xC69C, 0xBEBD, 0xC69C, 0xBEBD, 0xC6BC,
  0xBEBD, 0xC6BD, 0xC6DD, 0xBE9C, 0xB67C, 0xB67C, 0xB67C, 0xB67C, 0xB67C, 0xB67C, 0xB67C, 0xBE9C,
  0xC6BD, 0xC6BD, 0xC6BD, 0xCEBD, 0xC6BD, 0xCEBD, 0xC6BD, 0xC69C, 0xC6DD, 0xCEDD, 0xC6FE, 0xC6BD,
  0xBEBD, 0xC6DD, 0xC6FE, 0xD73F, 0xE7DF, 0xE79F, 0xD75E, 0xDF7E, 0xDF7F, 0xDF7F, 0xBE9C, 0x530E,
  0x532E, 0x530D, 0x530E, 0x4AAC, 0x4ACB, 0x52CB, 0x3A2A, 0x424A, 0x3209, 0x2987, 0x29C8, 0x2966,
  0x31E8, 0x2986, 0x3A29, 0x3A28, 0x2186, 0x3A08, 0x5B0C, 0x5ACB, 0x4247, 0x4266, 0x4A89, 0x5B0B,
  0x4269, 0x31A5, 0x3205, 0x1942, 0x0020, 0x0000, 0x0020, 0x0000, 0x0020, 0x0000, 0x0020, 0x0000,
  0x0020, 0x0000, 0x0020, 0x0000, 0x0020, 0x0000, 0x0020, 0x0000, 0x0000, 0x0020, 0x0000, 0x0020,
  0x0000, 0x0020, 0x0000, 0x0020, 0x0000, 0x0020, 0x0000, 0x0020, 0x0000, 0x0020, 0x0000, 0x0020,
  0x6B4C, 0x4269, 0x4A69, 0x4249, 0x31A7, 0x2166, 0x2165, 0x29C7, 0x4249, 0x4ACB, 0x4A6A, 0x4AAB,
  0x7C52, 0xBE9C, 0xB65B, 0xB65B, 0xBE5B, 0xB65B, 0xB65B, 0xB65B, 0xB65B, 0xB65B, 0xB65B, 0xB67C,
  0xBE7B, 0xBE9C, 0xC69C, 0xBEBC, 0xBE9C, 0xBEBC, 0xC69C, 0xBEBC, 0xC69C, 0xBEBD, 0xC6BC, 0xC6DD,
  0xBE9C, 0xB67C, 0xB65B, 0xB67C, 0xB67B, 0xB67C, 0xBE7B, 0xBE9C, 0xBE9C, 0xBEBD, 0xC69C, 0xC6BD,
  0xC69C, 0xBE9C, 0xC69C, 0xBE9C, 0xC6BC, 0xC6DD, 0xCEDD, 0xC6DD, 0xC69C, 0xBEBD, 0xC6DD, 0xD75F,
  0xDF5F, 0xD75F, 0xCEFD, 0xD75F, 0xE77F, 0xDF7F, 0xCEDD, 0x5B6F, 0x530D, 0x4AEC, 0x52EC, 0x42AB,
  0x52EC, 0x428A, 0x31E8, 0x3229, 0x31A7, 0x29C7, 0x2966, 0x3A29, 0x31E7, 0x31E7, 0x31C7, 0x31E7,
  0x31A7, 0x3A28, 0x52C9, 0x4268, 0x4265, 0x4265, 0x4227, 0x3A07, 0x2982, 0x3204, 0x31A4, 0x31C5,
  0x0000, 0x0020, 0x0000, 0x0020, 0x0000, 0x0020, 0x0000, 0x0020, 0x0000, 0x0020, 0x0000, 0x0020,
  0x0000, 0x0020, 0x0000, 0x0020, 0x0020, 0x0000, 0x0020, 0x0000, 0x0020, 0x0000, 0x0020, 0x0000,
  0x0020, 0x0000, 0x0020, 0x0000, 0x0020, 0x0000, 0x0020, 0x0000, 0x634D, 0x5AEB, 0x4AAB, 0x4A49,
  0x428A, 0x52CB, 0x426A, 0x424A, 0x4AAB, 0x4A8B, 0x3A4A, 0x4A6A, 0x63D1, 0xBE5B, 0xB65B, 0xB65B,
  0xB65B, 0xB65B, 0xB65B, 0xB65B, 0xAE5C, 0xB65B, 0xB67C, 0xB65B, 0xB67C, 0xBE7C, 0xB69C, 0xBE7C,
  0xB69C, 0xBE7C, 0xB69C, 0xBE7C, 0xB69C, 0xBE9C, 0xBEBD, 0xBE9C, 0xBEBD, 0xB67C, 0xB67C, 0xB65B,
  0xB67C, 0xB67C, 0xB67C, 0xBE7C, 0xBEBD, 0xBE7C, 0xBE9C, 0xBE7C, 0xBE7C, 0xBE7C, 0xBE7C, 0xBE7C,
  0xBE9D, 0xC69C, 0xBEBD, 0xC69C, 0xBEBD, 0xBE9D, 0xC6DD, 0xCF1E, 0xCF1E, 0xD6FE, 0xD75F, 0xD71E,
  0xD73F, 0xE79F, 0xB65B, 0x428C, 0x42AC, 0x426B, 0x324A, 0x3A29, 0x3229, 0x31E8, 0x3229, 0x29A7,
  0x2167, 0x2987, 0x31E8, 0x31C7, 0x31E8, 0x31C7, 0x29A7, 0x29A6, 0x3A29, 0x39C7, 0x31E6, 0x3A06,
  0x4AC7, 0x31E3, 0x31C7, 0x2985, 0x3205, 0x4225, 0x31E6, 0x31A5, 0x0020, 0x0000, 0x0020, 0x0000,
  0x0020, 0x0000, 0x0020, 0x0000, 0x0020, 0x0000, 0x0020, 0x0000, 0x0020, 0x0000, 0x0020, 0x0000,
  0x0000, 0x0020, 0x0000, 0x0020, 0x0000, 0x0020, 0x0000, 0x0020, 0x0000, 0x0020, 0x0000, 0x0020,
  0x0000, 0x0020, 0x0000, 0x0020, 0x7BCE, 0x73CF, 0x7BEF, 0x5B0C, 0x52AA, 0x636D, 0x634D, 0x530C,
  0x52AB, 0x428A, 0x4229, 0x3209, 0x6390, 0xBE9C, 0xB63A, 0xB65B, 0xBE5B, 0xB65B, 0xBE5B, 0xB65B,
  0xB65B, 0xB67B, 0xB65B, 0xB67B, 0xB65B, 0xB67C, 0xBE7B, 0xBE9C, 0xBE9C, 0xB69C, 0xBE7C, 0xB69C,
  0xBE7C, 0xB69C, 0xBE9C, 0xB69C, 0xBE9C, 0xB69C, 0xB67B, 0xAE5B, 0xB65B, 0xB67C, 0xBE7B, 0xBEBD,
  0xC6BC, 0xBE9C, 0xBE7C, 0xB67C, 0xBE5B, 0xB67C, 0xBE7B, 0xB67C, 0xBE7B, 0xBE9C, 0xC69C, 0xBE9C,
  0xC69C, 0xBEBD, 0xBEBC, 0xC6DD, 0xCEFD, 0xCF1E, 0xD73E, 0xCF1E, 0xCEFD, 0xDF9F, 0xA577, 0x21E9,
  0x426A, 0x42CC, 0x4ACB, 0x3A4A, 0x3A08, 0x3A49, 0x4269, 0x3208, 0x2986, 0x31E8, 0x2986, 0x1945,
  0x2124, 0x29A6, 0x31A6, 0x29A6, 0x4228, 0x3A08, 0x4247, 0x5B2B, 0x52C9, 0x4247, 0x31C5, 0x29A5,
  0x3A24, 0x4AA7, 0x52C9, 0x3A26, 0x0000, 0x0020, 0x0000, 0x0020, 0x0000, 0x0020, 0x0000, 0x0020,
  0x0000, 0x0020, 0x0000, 0x0020, 0x0000, 0x0020, 0x0000, 0x0020, 0x0020, 0x0000, 0x0020, 0x0000,
  0x0020, 0x0000, 0x0020, 0x0000, 0x0020, 0x0000, 0x0020, 0x0000, 0x0020, 0x0000, 0x0020, 0x0000,
  0x52CB, 0x6B6D, 0x5B2C, 0x5ACB, 0x4A8A, 0x4A69, 0x428A, 0x4AAA, 0x4AAB, 0x3A29, 0x3A2A, 0x39E9,
  0x9557, 0xBE7B, 0xAE3B, 0xB63B, 0xB65B, 0xB63B, 0xB65B, 0xB65B, 0xB65C, 0xB65B, 0xAE5B, 0xB65B,
  0xB67C, 0xB65B, 0xB67C, 0xBE5B, 0xB67C, 0xB67B, 0xB67C, 0xB65C, 0xB67C, 0xB65C, 0xB67C, 0xB67C,
  0xB67C, 0xB65C, 0xB67C, 0xB63B, 0xAE3B, 0xB63B, 0xB67C, 0xC69C, 0xBE9C, 0xBE7C, 0xB67C, 0xB65B,
  0xAE5C, 0xB63B, 0xB65B, 0xB63B, 0xB65B, 0xBE5B, 0xB67C, 0xBE7C, 0xB69D, 0xBE7C, 0xB69D, 0xC6BD,
  0xC6FE, 0xD71E, 0xCF1E, 0xCEFE, 0xCEFE, 0xD71E, 0xBE9C, 0x42AD, 0x532E, 0x4AEC, 0x42CC, 0x428B,
  0x42AB, 0x4A8A, 0x426A, 0x424A, 0x3208, 0x31C7, 0x3208, 0x4AAA, 0x29E8, 0x1924, 0x1925, 0x39E7,
  0x636D, 0x4A49, 0x29A6, 0x5ACA, 0x530A, 0x31A5, 0x31C6, 0x4247, 0x3204, 0x4266, 0x31E6, 0x31A5,
  0x0020, 0x0000, 0x0020, 0x0000, 0x0020, 0x0000, 0x0020, 0x0000, 0x0020, 0x0000, 0x0020, 0x0000,
  0x0020, 0x0000, 0x0020, 0x0000, 0x0000, 0x0020, 0x0000, 0x0020, 0x0000, 0x0020, 0x0000, 0x0020,
  0x0000, 0x0020, 0x0000, 0x0020, 0x0000, 0x0020, 0x0000, 0x0020, 0x2945, 0x2945, 0x18C3, 0x3A08,
  0x4228, 0x52CB, 0x3A28, 0x428A, 0x4A8A, 0x31C7, 0x3A09, 0x9515, 0xBE7B, 0xB63B, 0xB63A, 0xB65B,
  0xB63A, 0xB65B, 0xB63A, 0xB65B, 0xB65B, 0xB65B, 0xB65B, 0xB67B, 0xB67B, 0xB67C, 0xB65B, 0xB67C,
  0xB65B, 0xB65B, 0xB65B, 0xB65B, 0xB65B, 0xAE5B, 0xB65B, 0xB65B, 0xB65B, 0xB65B, 0xB65B, 0xB65B,
  0xB63A, 0xB67C, 0xBE7C, 0xBEBC, 0xBE9C, 0xBE9C, 0xBE7B, 0xAE5B, 0xB65B, 0xAE5B, 0xB65B, 0xAE5B,
  0xB63B, 0xAE5B, 0xB65B, 0xB67C, 0xBE7C, 0xB67C, 0xBE7C, 0xBEBD, 0xC6BD, 0xCF1E, 0xD71E, 0xCF1E,
  0xCEFD, 0xCF1E, 0xDF3F, 0x532E, 0x4AAB, 0x42AB, 0x4ACB, 0x4AEC, 0x5AEB, 0x4AAA, 0x4A8A, 0x3A49,
  0x31E7, 0x29C7, 0x5289, 0x52CB, 0x4228, 0x2986, 0x1903, 0x52CA, 0x73AD, 0x4AAA, 0x41E7, 0x4249,
  0x39A6, 0x31A6, 0x2984, 0x29A5, 0x2142, 0x29E4, 0x4226, 0x31E5, 0x0000, 0x0020, 0x0000, 0x0020,
  0x0000, 0x0020, 0x0000, 0x0020, 0x0000, 0x0020, 0x0000, 0x0020, 0x0000, 0x0020, 0x0000, 0x0020,
  0x0020, 0x0000, 0x0020, 0x0000, 0x0020, 0x0000, 0x0020, 0x0000, 0x0020, 0x0000, 0x0020, 0x0000,
  0x0020, 0x0000, 0x0020, 0x0000, 0x4249, 0x2104, 0x31A7, 0x2986, 0x2986, 0x39E7, 0x3A29, 0x52CB,
  0x52EC, 0x426A, 0x4AED, 0xADB8, 0xAE3B, 0xB61A, 0xAE3B, 0xB63A, 0xAE3B, 0xB63B, 0xAE3B, 0xB63B,
  0xAE5B, 0xB63B, 0xAE5B, 0xB65B, 0xAE5B, 0xB65B, 0xAE5C, 0xB65B, 0xAE5C, 0xB63B, 0xAE5C, 0xAE3B,
  0xAE5B, 0xAE3B, 0xAE3B, 0xAE3B, 0xAE5B, 0xB63B, 0xAE5C, 0xB65C, 0xB67C, 0xB65B, 0xB67C, 0xBE5B,
  0xB67C, 0xB65B, 0xAE3B, 0xB63B, 0xAE5B, 0xAE3B, 0xAE3B, 0xAE3B, 0xAE3B, 0xAE3B, 0xAE5C, 0xB65C,
  0xB67C, 0xB65C, 0xB67C, 0xB67C, 0xB69C, 0xC69C, 0xC6FE, 0xCEFE, 0xC6FE, 0xCEFE, 0xD75F, 0x7412,
  0x322A, 0x4ACC, 0x428A, 0x428A, 0x4ACB, 0x4AAA, 0x3A29, 0x3A28, 0x3A49, 0x4AAA, 0x52CB, 0x39E7,
  0x31C7, 0x2945, 0x4248, 0x5AEB, 0x4289, 0x39E7, 0x39E8, 0x4A49, 0x4249, 0x4207, 0x29C5, 0x2984,
  0x3246, 0x2183, 0x2184, 0x1902, 0x0020, 0x0000, 0x0020, 0x0000, 0x0020, 0x0000, 0x0020, 0x0000,
  0x0020, 0x0000, 0x0020, 0x0000, 0x0020, 0x0000, 0x0020, 0x0000, 0x0000, 0x0020, 0x0000, 0x0020,
  0x0000, 0x0020, 0x0000, 0x0020, 0x0000, 0x0020, 0x0000, 0x0020, 0x0000, 0x0020, 0x0000, 0x0020,
  0x736D, 0x4A89, 0x6B2C, 0x634D, 0x5B0B, 0x4269, 0x4A69, 0x52EB, 0x4269, 0x3A49, 0x3A09, 0x9515,
  0xBE5B, 0xAE1A, 0xB61A, 0xAE3B, 0xB63A, 0xAE3B, 0xB63A, 0xAE3B, 0xB63A, 0xAE5B, 0xB65A, 0xAE5B,
  0xB63A, 0xAE5B, 0xB63B, 0xAE5B, 0xB63B, 0xAE5B, 0xB63B, 0xAE3B, 0xAE3A, 0xAE3B, 0xAE3A, 0xAE3B,
  0xAE3A, 0xAE3B, 0xB63B, 0xAE5B, 0xB61A, 0xAE3B, 0xB63B, 0xB65B, 0xB65B, 0xAE5B, 0xB63A, 0xAE5B,
  0xAE3A, 0xAE5B, 0xAE3A, 0xAE5B, 0xAE3A, 0xAE3B, 0xB63B, 0xB65B, 0xB65B, 0xB67C, 0xB65B, 0xB67C,
  0xBE7B, 0xB69C, 0xC6BC, 0xC6DD, 0xCEDD, 0xC6FE, 0xCEFD, 0xC6DD, 0x52EC, 0x3A8B, 0x4AAA, 0x4AAB,
  0x52CA, 0x4269, 0x3A07, 0x3A28, 0x4248, 0x428A, 0x4A69, 0x31C7, 0x3185, 0x2986, 0x5AEA, 0x52EB,
  0x31A6, 0x4249, 0x4207, 0x3A07, 0x4207, 0x4A69, 0x5AE9, 0x3A26, 0x3A24, 0x29A2, 0x18E1, 0x1922,
  0x0000, 0x0020, 0x0000, 0x0020, 0x0000, 0x0020, 0x0000, 0x0020, 0x0000, 0x0020, 0x0000, 0x0020,
  0x0000, 0x0020, 0x0000, 0x0020, 0x0020, 0x0000, 0x0020, 0x0000, 0x0020, 0x0000, 0x0020, 0x0000,
  0x0020, 0x0000, 0x0020, 0x0000, 0x0020, 0x0000, 0x0020, 0x0000, 0x5B0C, 0x632C, 0x6B6E, 0x73AE,
  0x7C31, 0x7BF0, 0x638E, 0x634D, 0x3A49, 0x39E8, 0x4ACC, 0xA576, 0xAE3B, 0xB61A, 0xAE1B, 0xAE1A,
  0xAE1A, 0xAE1A, 0xAE3B, 0xAE1A, 0xAE3B, 0xAE3A, 0xAE3B, 0xB63B, 0xAE3B, 0xAE3B, 0xAE3B, 0xAE3B,
  0xAE3B, 0xAE3B, 0xAE3B, 0xAE1A, 0xAE3B, 0xAE1A, 0xA61B, 0xAE1A, 0xA61B, 0xAE1A, 0xAE3B, 0xAE1A,
  0xA5FA, 0xADFA, 0xAE1B, 0xAE1A, 0xAE3B, 0xAE1A, 0xAE3B, 0xB63B, 0xAE5B, 0xAE3A, 0xAE5B, 0xAE3B,
  0xAE3B, 0xAE3B, 0xAE3B, 0xB63B, 0xAE5C, 0xB65B, 0xAE5C, 0xB65B, 0xB67C, 0xB67C, 0xB69C, 0xC69C,
  0xC6FE, 0xCEDD, 0xC6DD, 0xD73F, 0x84B4, 0x29C8, 0x42AB, 0x4A8A, 0x4AAB, 0x4AAA, 0x4269, 0x4249,
  0x428A, 0x52AA, 0x29A7, 0x52AA, 0x634D, 0x5B0B, 0x52EB, 0x31A6, 0x2166, 0x4249, 0x3A07, 0x2985,
  0x2165, 0x31A6, 0x3A26, 0x31A4, 0x21A2, 0x31E3, 0x29A4, 0x2143, 0x0020, 0x0000, 0x0020, 0x0000,
  0x0020, 0x0000, 0x0020, 0x0000, 0x0020, 0x0000, 0x0020, 0x0000, 0x0020, 0x0000, 0x0020, 0x0000,
  0x0000, 0x0020, 0x0000, 0x0020, 0x0000, 0x0020, 0x0000, 0x0020, 0x0000, 0x0020, 0x0000, 0x0020,
  0x0000, 0x0020, 0x0000, 0x0020, 0x6B4C, 0x5B0B, 0x632C, 0x634C, 0x738D, 0x632C, 0x6B6D, 0x634D,
  0x31C7, 0x3A49, 0x4249, 0x5B4D, 0x8431, 0x9D56, 0xB5F8, 0xB65A, 0xAE1A, 0xAE1A, 0xAE1A, 0xA61A,
  0xAE1A, 0xAE1A, 0xAE1A, 0xAE3A, 0xAE1A, 0xAE3B, 0xAE3A, 0xAE3B, 0xAE1A, 0xAE3B, 0xAE1A, 0xA61A,
  0xAE1A, 0xA61A, 0xAE1A, 0xA61A, 0xADFA, 0xA61A, 0xAE1A, 0xA61A, 0xADFA, 0xA61A, 0xAE1A, 0xAE1A,
  0xAE1A, 0xAE3A, 0xAE1A, 0xAE5B, 0xB65B, 0xAE5B, 0xB65B, 0xB67C, 0xB65B, 0xAE5B, 0xB63B, 0xAE5B,
  0xB63A, 0xAE7B, 0xB65B, 0xAE5B, 0xB65B, 0xB67C, 0xBE7B, 0xBEBD, 0xC6BC, 0xBEBD, 0xBE9C, 0xCF1E,
  0x6BD1, 0x21A9, 0x4249, 0x426A, 0x4248, 0x4ACB, 0x52A9, 0x52CB, 0x52AA, 0x4A8A, 0x3185, 0x4249,
  0x52AA, 0x632C, 0x4A48, 0x3A07, 0x4A69, 0x4228, 0x18E3, 0x2144, 0x31A5, 0x3A07, 0x3184, 0x31C5,
  0x39E5, 0x31E5, 0x4246, 0x3205, 0x0000, 0x0020, 0x0000, 0x0020, 0x0000, 0x0020, 0x0000, 0x0020,
  0x0000, 0x0020, 0x0000, 0x0020, 0x0000, 0x0020, 0x0000, 0x0020, 0x0020, 0x0000, 0x0020, 0x0000,
  0x0020, 0x0000, 0x0020, 0x0000, 0x0020, 0x0000, 0x0020, 0x0000, 0x0020, 0x0000, 0x0020, 0x0000,
  0x73AE, 0x6B6C, 0x52CB, 0x528A, 0x5AEB, 0x630B, 0x52EC, 0x52CB, 0x3A29, 0x4269, 0x3A49, 0x31C7,
  0x3A4A, 0x52CC, 0x5B8F, 0x8CF4, 0xAE3B, 0xB63B, 0xA61A, 0xA5D9, 0xA5FA, 0xA5FA, 0xA61A, 0xADFA,
  0xA61B, 0xADFA, 0xA61B, 0xADFA, 0xA5FA, 0xA5FA, 0xA5FA, 0xA5FA, 0x9DFA, 0xA5D9, 0xA5FA, 0xA5D9,
  0x9DDA, 0xA5D9, 0x9DDA, 0xA5FA, 0xA61B, 0xAE1A, 0xA61B, 0xAE1A, 0xAE3B, 0xAE3A, 0xAE3B, 0xAE1A,
  0xAE5C, 0xB65C, 0xB67C, 0xB67C, 0xB67C, 0xB63B, 0xA63B, 0xAE1A, 0xAE3B, 0xB65B, 0xAE5B, 0xB63B,
  0xAE5B, 0xB65B, 0xB69C, 0xBE9C, 0xBEBD, 0xBE7C, 0xB67C, 0xC6BD, 0x9537, 0x29A9, 0x3209, 0x3A29,
  0x52EB, 0x52CB, 0x4AAA, 0x4249, 0x3A28, 0x31A6, 0x29A7, 0x5ACB, 0x52CB, 0x4A89, 0x31C7, 0x4228,
  0x31C7, 0x18E3, 0x0882, 0x2124, 0x4249, 0x4228, 0x2984, 0x4227, 0x3A27, 0x4206, 0x31E5, 0x31C4,
  0x0020, 0x0000, 0x0020, 0x0000, 0x0020, 0x0000, 0x0020, 0x0000, 0x0020, 0x0000, 0x0020, 0x0000,
  0x0020, 0x0000, 0x0020, 0x0000, 0x0000, 0x0020, 0x0000, 0x0020, 0x0000, 0x0020, 0x0000, 0x0020,
  0x0000, 0x0020, 0x0000, 0x0020, 0x0000, 0x0020, 0x0000, 0x0020, 0x840F, 0x4248, 0x62EB, 0x6B6D,
  0x5289, 0x632C, 0x7BEE, 0x634C, 0x4248, 0x428A, 0x634C, 0x530C, 0x4A8A, 0x4AAB, 0x4A69, 0x4A8A,
  0x634D, 0x8CF4, 0xADD8, 0xAE19, 0xA5D9, 0x9DD9, 0xA5D9, 0xA5DA, 0xA5F9, 0xA5FA, 0xA5D9, 0xA5D9,
  0xA5D9, 0xA5D9, 0xA5D9, 0xA5FA, 0xA5D9, 0x9DD9, 0xA5D9, 0x9DD9, 0xA5D9, 0x9DFA, 0xAE19, 0xB67B,
  0xB61A, 0xB63A, 0xB63A, 0xAE3B, 0xAE3A, 0xAE5B, 0xB63A, 0xAE5B, 0xB63B, 0xB67C, 0xBE7B, 0xB69C,
  0xBE7C, 0xB67C, 0xBE7B, 0xB67C, 0xB65B, 0xAE7B, 0xB67B, 0xB69C, 0xB67B, 0xB67C, 0xBE9C, 0xB69C,
  0xBE9C, 0xB67C, 0xB67B, 0xB67C, 0xC6BC, 0x42CD, 0x2987, 0x29E8, 0x3A08, 0x4269, 0x4228, 0x3A07,
  0x31A6, 0x2985, 0x4227, 0x634C, 0x5ACA, 0x5B0B, 0x4228, 0x29A6, 0x10C2, 0x1903, 0x39A6, 0x4228,
  0x4207, 0x2124, 0x4A87, 0x4A88, 0x31A5, 0x3A27, 0x31E3, 0x29A3, 0x0000, 0x0020, 0x0000, 0x0020,
  0x0000, 0x0020, 0x0000, 0x0020, 0x0000, 0x0020, 0x0000, 0x0020, 0x0000, 0x0020, 0x0000, 0x0020,
  0x0020, 0x0000, 0x0020, 0x0000, 0x0020, 0x0000, 0x0020, 0x0000, 0x0020, 0x0000, 0x0020, 0x0000,
  0x0020, 0x0000, 0x0020, 0x0000, 0x6B6D, 0x738D, 0x4269, 0x4208, 0x31A6, 0x5AAA, 0x5B2C, 0x5AEB,
  0x530C, 0x4AAA, 0x4ACB, 0x5B2C, 0x5B2D, 0x634E, 0x6B8F, 0x632D, 0x530D, 0x4AAB, 0x4B0E, 0x8CF5,
  0x9DDA, 0xA5D9, 0x9DDA, 0x9D99, 0x9DB9, 0x9D98, 0x9599, 0x9D98, 0x9DB9, 0x9D99, 0x95B9, 0x9D98,
  0x95B9, 0x9D98, 0x95B9, 0x9D98, 0x9DDA, 0x9DD9, 0xAE3B, 0xC6DD, 0xC6DD, 0xC6BC, 0xAE5C, 0xAE3A,
  0xAE3B, 0xAE3B, 0xAE5B, 0xBEBC, 0xB69C, 0xB63B, 0xB67C, 0xBE9C, 0xB69D, 0xBE7C, 0xBEBD, 0xBE9C,
  0xB67C, 0xB67C, 0xB69C, 0xBE9C, 0xB69C, 0xB67B, 0xB67C, 0xB65B, 0xAE7C, 0xB65B, 0xAE7C, 0xB65B,
  0xBE9C, 0x7C53, 0x29E9, 0x2987, 0x2186, 0x29A7, 0x3A08, 0x39E7, 0x31E8, 0x4208, 0x4249, 0x4A89,
  0x4248, 0x4248, 0x3A08, 0x18E3, 0x08A2, 0x2144, 0x3A07, 0x3185, 0x31C7, 0x4207, 0x3A06, 0x4A67,
  0x3A27, 0x31A5, 0x1921, 0x2141, 0x0020, 0x0000, 0x0020, 0x0000, 0x0020, 0x0000, 0x0020, 0x0000,
  0x0020, 0x0000, 0x0020, 0x0000, 0x0020, 0x0000, 0x0020, 0x0000, 0x0000, 0x0020, 0x0000, 0x0020,
  0x0000, 0x0020, 0x0000, 0x0020, 0x0000, 0x0020, 0x0000, 0x0020, 0x0000, 0x0020, 0x0000, 0x0020,
  0x2923, 0x6B6D, 0x41E7, 0x1904, 0x18A2, 0x18E3, 0x39E7, 0x52EB, 0x5ACA, 0x52AA, 0x52AA, 0x52CB,
  0x52AA, 0x4AAA, 0x4AAA, 0x3A49, 0x3A08, 0x428A, 0x52CB, 0x530C, 0x73CF, 0x7C31, 0x8472, 0xA597,
  0x9D99, 0x9578, 0x9578, 0x9578, 0x9D78, 0x9578, 0x9D78, 0x9598, 0x9D78, 0x9578, 0x9D78, 0x9DB9,
  0xA5D8, 0xA5F9, 0xDEFB, 0xEFBF, 0xDEDB, 0xCEBA, 0xC6BB, 0xB65A, 0xBE5A, 0xB63A, 0xBE5A, 0xBE9C,
  0xBE7B, 0xAE3B, 0xB65B, 0xB67B, 0xB65B, 0xB67B, 0xBE7B, 0xB67B, 0xBE5B, 0xBE9C, 0xC69B, 0xBE9B,
  0xBE9B, 0xB69B, 0xBE7B, 0xB65B, 0xB63A, 0xB65A, 0xB63A, 0xB65A, 0xBE5A, 0xCF1D, 0x52EC, 0x1966,
  0x2986, 0x29A7, 0x39C7, 0x2986, 0x3186, 0x31C6, 0x39E7, 0x3A08, 0x4248, 0x3A27, 0x4227, 0x3A07,
  0x2103, 0x1904, 0x2944, 0x3A07, 0x4227, 0x4227, 0x4207, 0x4A89, 0x4A47, 0x1923, 0x2122, 0x1922,
  0x0000, 0x0020, 0x0000, 0x0020, 0x0000, 0x0020, 0x0000, 0x0020, 0x0000, 0x0020, 0x0000, 0x0020,
  0x0000, 0x0020, 0x0000, 0x0020, 0x0020, 0x0000, 0x0020, 0x0000, 0x0020, 0x0000, 0x0020, 0x0000,
  0x0020, 0x0000, 0x0020, 0x0000, 0x0020, 0x0000, 0x0020, 0x0000, 0x39E7, 0x4228, 0x5AEB, 0x4208,
  0x4A8A, 0x4208, 0x31C7, 0x4228, 0x426A, 0x4228, 0x3A29, 0x4A69, 0x4ACB, 0x52CB, 0x3A29, 0x3A08,
  0x31E8, 0x31A7, 0x31E8, 0x4229, 0x4ACC, 0x52EC, 0x3A8C, 0x532D, 0x8D37, 0x9D78, 0x8D58, 0x8D37,
  0x8D58, 0x9537, 0x8D58, 0x9558, 0x9579, 0x9D78, 0x9DDA, 0xB63B, 0xB69C, 0xC6BC, 0xE79E, 0x9D35,
  0x52CC, 0x632D, 0xADF9, 0xD71D, 0xC6DD, 0xC6BC, 0xBEBC, 0xBE7B, 0xAE5B, 0xAE1A, 0xAE3B, 0xAE1A,
  0xAE3B, 0xB65B, 0xB67C, 0xB65B, 0xB67C, 0xC6BC, 0xC6FD, 0xCEDD, 0xBEDD, 0xBE9C, 0xB69C, 0xBE9C,
  0xBEBC, 0xBE9C, 0xBEBC, 0xBE7B, 0xBE9C, 0xCEFD, 0x4AED, 0x2167, 0x2166, 0x1904, 0x2145, 0x2125,
  0x2145, 0x2965, 0x4269, 0x31A6, 0x10E3, 0x3185, 0x3A07, 0x4207, 0x3A08, 0x2924, 0x1904, 0x4228,
  0x4248, 0x4228, 0x3A08, 0x4207, 0x29A5, 0x2984, 0x3206, 0x2984, 0x0020, 0x0000, 0x0020, 0x0000,
  0x0020, 0x0000, 0x0020, 0x0000, 0x0020, 0x0000, 0x0020, 0x0000, 0x0020, 0x0000, 0x0020, 0x0000,
  0x0000, 0x0020, 0x0000, 0x0020, 0x0000, 0x0020, 0x0000, 0x0020, 0x0000, 0x0020, 0x0000, 0x0020,
  0x0000, 0x0020, 0x0000, 0x0020, 0x62EB, 0x31A6, 0x39E6, 0x52AA, 0x52AA, 0x52AA, 0x5ACA, 0x3A07,
  0x5289, 0x6B6D, 0x52AA, 0x31C7, 0x39C7, 0x31C7, 0x31A6, 0x31C7, 0x31C7, 0x3A29, 0x39E7, 0x29C7,
  0x39E7, 0x4269, 0x4A6A, 0x4249, 0x4AAA, 0x7411, 0x9D37, 0x9557, 0x8D16, 0x8D37, 0x8D36, 0x9557,
  0x9D77, 0x9D98, 0xA5D9, 0xBEBD, 0xCEFD, 0xD77F, 0xB596, 0x4209, 0x72AB, 0x626A, 0x632D, 0xD6DC,
  0xCF1D, 0xC71D, 0xCEFD, 0xC6DD, 0xBEBC, 0xB67B, 0xB65A, 0xAE5B, 0xB65B, 0xB67C, 0xBE9C, 0xBEDD,
  0xBEDD, 0xBEDD, 0xBEBD, 0xBEDD, 0xBE9C, 0xB69C, 0xB67C, 0xB69D, 0xBEBC, 0xB69D, 0xB69C, 0xB69D,
  0xC6BC, 0xA5F9, 0x4A69, 0x2166, 0x2966, 0x1945, 0x10C3, 0x1925, 0x2104, 0x1924, 0x4228, 0x31C6,
  0x2103, 0x2145, 0x4A68, 0x4248, 0x4227, 0x4227, 0x31A5, 0x4248, 0x4206, 0x4A88, 0x5268, 0x39E7,
  0x3184, 0x31C5, 0x5B09, 0x29A3, 0x0000, 0x0020, 0x0000, 0x0020, 0x0000, 0x0020, 0x0000, 0x0020,
  0x0000, 0x0020, 0x0000, 0x0020, 0x0000, 0x0020, 0x0000, 0x0020, 0x0020, 0x0000, 0x0020, 0x0000,
  0x0020, 0x0000, 0x0020, 0x0000, 0x0020, 0x0000, 0x0020, 0x0000, 0x0020, 0x0000, 0x0020, 0x0000,
  0x39E7, 0x3186, 0x2145, 0x3185, 0x2965, 0x3186, 0x2986, 0x4207, 0x6BAE, 0x73CF, 0x73AF, 0x4A49,
  0x3A08, 0x31A6, 0x31C7, 0x39E7, 0x29A7, 0x31C7, 0x29E8, 0x3A08, 0x3A6A, 0x3A08, 0x31E8, 0x4229,
  0x426A, 0x3A08, 0x3AAD, 0x8494, 0x9DBA, 0x9558, 0x9578, 0x9D98, 0x9DDA, 0xA5FA, 0xA61A, 0xA5FA,
  0xA5F9, 0xBE7B, 0x8411, 0x4A49, 0x6ACC, 0x6AAB, 0x424A, 0xA536, 0xAE3A, 0xA5D9, 0xA5FA, 0xADFA,
  0xAE3B, 0xAE3A, 0xAE3B, 0xAE3A, 0xAE3B, 0xAE1A, 0xA61B, 0xA5FA, 0xA61A, 0x9DD9, 0x95B9, 0x9D99,
  0x95B9, 0x9D99, 0x9599, 0x9D99, 0x95B9, 0x9DB9, 0x9599, 0x9578, 0xA5FA, 0x63B0, 0x29C8, 0x31C7,
  0x29C8, 0x2966, 0x1104, 0x10E4, 0x1925, 0x1904, 0x2986, 0x18E3, 0x10C3, 0x18C3, 0x3A27, 0x5AC9,
  0x4A89, 0x4A48, 0x39E7, 0x20E3, 0x2144, 0x4A68, 0x52CA, 0x4227, 0x2164, 0x3A06, 0x4287, 0x31C4,
  0x0020, 0x0000, 0x0020, 0x0000, 0x0020, 0x0000, 0x0020, 0x0000, 0x0020, 0x0000, 0x0020, 0x0000,
  0x0020, 0x0000, 0x0020, 0x0000, 0x0000, 0x0020, 0x0000, 0x0020, 0x0000, 0x0020, 0x0000, 0x0020,
  0x0000, 0x0020, 0x0000, 0x0020, 0x0000, 0x0020, 0x0000, 0x0020, 0x2103, 0x18C2, 0x18E3, 0x2145,
  0x2103, 0x4228, 0x4207, 0x5AEB, 0x840F, 0x73AE, 0x7BEE, 0x5B2C, 0x5289, 0x4A89, 0x4228, 0x3A07,
  0x31A6, 0x31E7, 0x3A27, 0x3A48, 0x4A89, 0x3207, 0x31E5, 0x4AE9, 0x5308, 0x3A46, 0x31A6, 0x4248,
  0x9D77, 0xAE3A, 0x9DDA, 0x9E1B, 0x9DFA, 0x9DFA, 0x9DD9, 0x95B9, 0x8DB9, 0x8DFB, 0x7BD0, 0x52CC,
  0x6A6A, 0x6A6A, 0x4AEE, 0x9537, 0x9599, 0x8DB9, 0x9598, 0x8D98, 0x8DB9, 0x8DDA, 0x95B9, 0x8DDA,
  0x95BA, 0x8DBA, 0x8DB9, 0x8DBA, 0x8D99, 0x859A, 0x8D99, 0x8599, 0x857A, 0x859A, 0x8D79, 0x8D99,
  0x9557, 0x8516, 0x9598, 0x95B9, 0x9D97, 0x536F, 0x4269, 0x3A28, 0x31A6, 0x29A6, 0x2145, 0x2165,
  0x2124, 0x18E4, 0x18E3, 0x18E3, 0x2944, 0x1903, 0x20E3, 0x10C2, 0x2944, 0x31C7, 0x39A6, 0x18E3,
  0x18A1, 0x3A06, 0x3A05, 0x1922, 0x4205, 0x4267, 0x2982, 0x2983, 0x0000, 0x0020, 0x0000, 0x0020,
  0x0000, 0x0020, 0x0000, 0x0020, 0x0000, 0x0020, 0x0000, 0x0020, 0x0000, 0x0020, 0x0000, 0x0020,
  0x0020, 0x0000, 0x0020, 0x0000, 0x0020, 0x0000, 0x0020, 0x0000, 0x0020, 0x0000, 0x0020, 0x0000,
  0x0020, 0x0000, 0x0020, 0x0000, 0x4A8A, 0x5ACA, 0x2165, 0x18E3, 0x1904, 0x2965, 0x4229, 0x6B2C,
  0x634D, 0x73AE, 0x73CF, 0x7BEF, 0x632D, 0x52AA, 0x3A08, 0x39C7, 0x3A29, 0x4A6A, 0x4289, 0x4AAA,
  0x3A69, 0x4248, 0x4B0A, 0x4AC9, 0x4B09, 0x4AC8, 0x4A8A, 0x39E7, 0x4B2E, 0x9DB8, 0x8D99, 0x9599,
  0x8DB9, 0x9598, 0x8D99, 0x8D78, 0x859A, 0x8D9A, 0x9CF5, 0x4A4B, 0x6229, 0x6209, 0x6C13, 0x9D58,
  0x8558, 0x9599, 0xA65C, 0x9DDA, 0x8599, 0x8D79, 0x8599, 0x8D79, 0x8599, 0x8D79, 0x8599, 0x8579,
  0x8579, 0x8559, 0x7D59, 0x7D38, 0x7D59, 0x7D39, 0x8558, 0x6C75, 0x4B2F, 0x21C9, 0x4B91, 0x430F,
  0x2A2A, 0x21C9, 0x4269, 0x29A6, 0x3A49, 0x3A08, 0x2166, 0x2966, 0x2166, 0x18E4, 0x4A8A, 0x528A,
  0x4249, 0x4208, 0x3A08, 0x39C7, 0x10C3, 0x0861, 0x10A2, 0x18E3, 0x1903, 0x10A1, 0x1942, 0x2142,
  0x29C5, 0x4246, 0x2163, 0x2162, 0x0020, 0x0000, 0x0020, 0x0000, 0x0020, 0x0000, 0x0020, 0x0000,
  0x0020, 0x0000, 0x0020, 0x0000, 0x0020, 0x0000, 0x0020, 0x0000, 0x0000, 0x0020, 0x0000, 0x0020,
  0x0000, 0x0020, 0x0000, 0x0020, 0x0000, 0x0020, 0x0000, 0x0020, 0x0000, 0x0020, 0x0000, 0x0020,
  0x5268, 0x6B6C, 0x6B4B, 0x4A68, 0x62EB, 0x7BEF, 0x73AD, 0x73CE, 0x738D, 0x6B8D, 0x842F, 0x73CE,
  0x7BEF, 0x6BAE, 0x5AEA, 0x52EB, 0x5B0A, 0x634B, 0x4AC8, 0x42A8, 0x4A68, 0x31E6, 0x4267, 0x42C9,
  0x4286, 0x4AE8, 0x52E7, 0x4286, 0x4268, 0x740F, 0x9599, 0x8558, 0x8558, 0x7D58, 0x8537, 0x7D38,
  0x8517, 0x8D78, 0x9CD3, 0x4A49, 0x5208, 0x6AEC, 0x9598, 0x8537, 0x8431, 0x8C72, 0x83AF, 0x8C31,
  0x8D57, 0x8D58, 0x8558, 0x7D58, 0x8538, 0x7D58, 0x8538, 0x7D38, 0x7D17, 0x7D38, 0x7D37, 0x7D38,
  0x7D37, 0x7D38, 0x9515, 0x324A, 0x1904, 0x1925, 0x18C3, 0x10C4, 0x31C6, 0x4248, 0x31C7, 0x1924,
  0x2986, 0x29A6, 0x3186, 0x2966, 0x18E3, 0x4AAA, 0x738D, 0x5AEB, 0x630A, 0x5B0B, 0x5289, 0x52AA,
  0x4245, 0x29C3, 0x2140, 0x29E2, 0x2141, 0x1941, 0x29C1, 0x21A1, 0x29A3, 0x4287, 0x31C4, 0x10E1,
  0x0000, 0x0020, 0x0000, 0x0020, 0x0000, 0x0020, 0x0000, 0x0020, 0x0000, 0x0020, 0x0000, 0x0020,
  0x0000, 0x0020, 0x0000, 0x0020, 0x0020, 0x0000, 0x0020, 0x0000, 0x0020, 0x0000, 0x0020, 0x0000,
  0x0020, 0x0000, 0x0020, 0x0000, 0x0020, 0x0000, 0x0020, 0x0000, 0x5B0B, 0x39E6, 0x5AEA, 0x840F,
  0x73AE, 0x738D, 0x7BEF, 0x73AE, 0x73CF, 0x5ACA, 0x6B8E, 0x6B6D, 0x634D, 0x7C10, 0x73EF, 0x7BCF,
  0x6BAD, 0x5B0A, 0x3A67, 0x4267, 0x3A48, 0x3A07, 0x2A06, 0x31E5, 0x2A25, 0x4AE8, 0x4B08, 0x4266,
  0x3228, 0x4248, 0x6475, 0x74B6, 0x64B6, 0x6C95, 0x6CB6, 0x6CB6, 0x6CB6, 0x6433, 0x630D, 0x4A09,
  0x49E8, 0x5A6A, 0x5BF3, 0x7CB5, 0x5B0D, 0x3187, 0x2926, 0x5229, 0x7495, 0x7CB5, 0x6CD7, 0x74D6,
  0x6CB6, 0x74B6, 0x6CB6, 0x6C96, 0x6CB6, 0x6CB6, 0x6CD7, 0x74D6, 0x74F7, 0x7D17, 0x5B90, 0x1947,
  0x1105, 0x10E4, 0x1905, 0x4249, 0x4A8A, 0x39C7, 0x2186, 0x1924, 0x08C3, 0x08A2, 0x2145, 0x31A6,
  0x4249, 0x738E, 0x52EB, 0x5AEB, 0x634C, 0x630A, 0x52CB, 0x5289, 0x52E8, 0x4A66, 0x3A64, 0x3A23,
  0x29C4, 0x2962, 0x21A1, 0x4AA5, 0x4AC8, 0x31E4, 0x29C5, 0x2163, 0x0020, 0x0000, 0x0020, 0x0000,
  0x0020, 0x0000, 0x0020, 0x0000, 0x0020, 0x0000, 0x0020, 0x0000, 0x0020, 0x0000, 0x0020, 0x0000,
  0x0000, 0x0020, 0x0000, 0x0020, 0x0000, 0x0020, 0x0000, 0x0020, 0x0000, 0x0020, 0x0000, 0x0020,
  0x0000, 0x0020, 0x0000, 0x0020, 0x4A47, 0x4227, 0x5288, 0x5AEA, 0x5289, 0x738D, 0x842F, 0x73CE,
  0x6B4C, 0x6B6D, 0x5ACA, 0x6B6D, 0x632C, 0x6BAE, 0x7C0F, 0x7C30, 0x6BAC, 0x6BCD, 0x4266, 0x5309,
  0x5309, 0x3A47, 0x4287, 0x3A46, 0x4AC6, 0x4B28, 0x42A6, 0x3A86, 0x52C7, 0x4AA6, 0x42AB, 0x7C72,
  0x6475, 0x6495, 0x7432, 0x63D1, 0x6B4E, 0x4A6B, 0x5249, 0x526A, 0x4A28, 0x4A29, 0x422A, 0x4A8B,
  0x3987, 0x39A7, 0x6207, 0x6A69, 0x7C32, 0x7C74, 0x6495, 0x6496, 0x6C95, 0x6495, 0x6C75, 0x6C95,
  0x6C75, 0x6495, 0x6C95, 0x6495, 0x7CB4, 0x53B0, 0x2145, 0x10E4, 0x2145, 0x31E7, 0x4228, 0x4269,
  0x2103, 0x2145, 0x18E3, 0x10E3, 0x1082, 0x1904, 0x2965, 0x4248, 0x6B4C, 0x5B0C, 0x5ACA, 0x5B0B,
  0x5ACA, 0x52CA, 0x6B2B, 0x5AEB, 0x4246, 0x29C4, 0x31A4, 0x1902, 0x2161, 0x31E3, 0x29E3, 0x21A2,
  0x31E4, 0x3205, 0x2163, 0x1963, 0x0000, 0x0020, 0x0000, 0x0020, 0x0000, 0x0020, 0x0000, 0x0020,
  0x0000, 0x0020, 0x0000, 0x0020, 0x0000, 0x0020, 0x0000, 0x0020, 0x0020, 0x0000, 0x0020, 0x0000,
  0x0020, 0x0000, 0x0020, 0x0000, 0x0020, 0x0000, 0x0020, 0x0000, 0x0020, 0x0000, 0x0020, 0x0000,
  0x5ACA, 0x4207, 0x4248, 0x5ACA, 0x634C, 0x6B2C, 0x7C10, 0x9CF3, 0x8CB2, 0x840F, 0x5B0C, 0x4A48,
  0x52CB, 0x52AA, 0x636D, 0x6B6D, 0x638C, 0x52EA, 0x3A87, 0x3A46, 0x4AE9, 0x4267, 0x3A88, 0x4AC8,
  0x3A86, 0x3A66, 0x3A66, 0x3A45, 0x42A7, 0x52C7, 0x322A, 0x5B6F, 0x6475, 0x6475, 0x3A8D, 0x29C9,
  0x3A2A, 0x4A4A, 0x39C8, 0x39A7, 0x3187, 0x3987, 0x31E9, 0x2967, 0x20E5, 0x3167, 0x6249, 0x6A49,
  0x7433, 0x8CB5, 0x5C55, 0x6475, 0x6475, 0x6455, 0x6475, 0x6C54, 0x6455, 0x6455, 0x6475, 0x6475,
  0x7495, 0x2A4B, 0x2145, 0x2966, 0x3A49, 0x4249, 0x426A, 0x2986, 0x2166, 0x2945, 0x08A3, 0x0882,
  0x0882, 0x1904, 0x3A08, 0x5AEB, 0x52AA, 0x4208, 0x5B2C, 0x52AA, 0x52CA, 0x52A9, 0x4A89, 0x5289,
  0x3A26, 0x31E5, 0x29A4, 0x1902, 0x2182, 0x3A24, 0x2A04, 0x29E3, 0x2184, 0x31C5, 0x29C4, 0x1942,
  0x0020, 0x0000, 0x0020, 0x0000, 0x0020, 0x0000, 0x0020, 0x0000, 0x0020, 0x0000, 0x0020, 0x0000,
  0x0020, 0x0000, 0x0020, 0x0000, 0x0000, 0x0020, 0x0000, 0x0020, 0x0000, 0x0020, 0x0000, 0x0020,
  0x0000, 0x0020, 0x0000, 0x0020, 0x0000, 0x0020, 0x0000, 0x0020, 0x738C, 0x52CA, 0x62EA, 0x5AEA,
  0x6B4B, 0x73CD, 0x6B6C, 0x7C0F, 0x8C70, 0x7C0F, 0x8C50, 0x634C, 0x5AEA, 0x4A89, 0x39E7, 0x52CB,
  0x632C, 0x4AAA, 0x4267, 0x3A26, 0x4AA7, 0x3226, 0x29A4, 0x3A67, 0x3A46, 0x3A46, 0x3A44, 0x3AA6,
  0x52E8, 0x3A86, 0x3A08, 0x5B4E, 0x7474, 0x5C12, 0x2966, 0x2966, 0x39E8, 0x426B, 0x31C9, 0x29C9,
  0x31A8, 0x2988, 0x31C8, 0x29A8, 0x2125, 0x1905, 0x4965, 0x51E7, 0x7B8F, 0x8C32, 0x8453, 0x8453,
  0x7C53, 0x7453, 0x6453, 0x6474, 0x6433, 0x6454, 0x6454, 0x6495, 0x7431, 0x2A29, 0x2944, 0x4A89,
  0x4A69, 0x4269, 0x5289, 0x2986, 0x2945, 0x10C3, 0x1082, 0x08A3, 0x10A2, 0x3A08, 0x5ACA, 0x632C,
  0x39A6, 0x52CB, 0x4A68, 0x4A89, 0x5289, 0x3A07, 0x5289, 0x4248, 0x39E6, 0x2985, 0x2964, 0x2965,
  0x2963, 0x2123, 0x2984, 0x2184, 0x18E1, 0x29A5, 0x10A0, 0x08A1, 0x0000, 0x0020, 0x0000, 0x0020,
  0x0000, 0x0020, 0x0000, 0x0020, 0x0000, 0x0020, 0x0000, 0x0020, 0x0000, 0x0020, 0x0000, 0x0020,
  0x0020, 0x0000, 0x0020, 0x0000, 0x0020, 0x0000, 0x0020, 0x0000, 0x0020, 0x0000, 0x0020, 0x0000,
  0x0020, 0x0000, 0x0020, 0x0000, 0x52A9, 0x630B, 0x52A9, 0x5288, 0x52EA, 0x630A, 0x5B0B, 0x738D,
  0x7C0F, 0x7BEF, 0x7BEF, 0x8430, 0x73EF, 0x6B4D, 0x4AAA, 0x4208, 0x4A8A, 0x4A69, 0x29E6, 0x3A47,
  0x4AC9, 0x3205, 0x1122, 0x3A06, 0x29E5, 0x31E5, 0x3AA6, 0x4286, 0x42A7, 0x4266, 0x21A8, 0x530D,
  0x6CB5, 0x4B4F, 0x1905, 0x2125, 0x29A8, 0x31C8, 0x29EA, 0x31C9, 0x31EA, 0x31A9, 0x29C8, 0x2967,
  0x1926, 0x1905, 0x4186, 0x5A08, 0x5ACC, 0x5AAC, 0x6390, 0x634F, 0x63F2, 0x6C12, 0x5C34, 0x5C33,
  0x6434, 0x6453, 0x5C54, 0x6454, 0x6C52, 0x42CC, 0x5B0B, 0x52CA, 0x4269, 0x52AA, 0x3A28, 0x18E3,
  0x10C3, 0x1082, 0x10C4, 0x10A3, 0x29A6, 0x52CA, 0x6B8E, 0x39E7, 0x39E7, 0x5ACB, 0x4A89, 0x52AA,
  0x4228, 0x5289, 0x31C6, 0x39E6, 0x4228, 0x39C6, 0x31A6, 0x3186, 0x10E2, 0x0840, 0x0060, 0x0880,
  0x08A1, 0x1902, 0x08A1, 0x0860, 0x0020, 0x0000, 0x0020, 0x0000, 0x0020, 0x0000, 0x0020, 0x0000,
  0x0020, 0x0000, 0x0020, 0x0000, 0x0020, 0x0000, 0x0020, 0x0000, 0x0000, 0x0020, 0x0000, 0x0020,
  0x0000, 0x0020, 0x0000, 0x0020, 0x0000, 0x0020, 0x0000, 0x0020, 0x0000, 0x0020, 0x0000, 0x0020,
  0x4A27, 0x4A68, 0x5248, 0x4A69, 0x5288, 0x6B4C, 0x52A8, 0x52C9, 0x7BAD, 0x8450, 0x9471, 0x9491,
  0x840F, 0x634C, 0x6B6C, 0x632C, 0x52AA, 0x4269, 0x2984, 0x29A5, 0x31E5, 0x21A4, 0x21A3, 0x2A05,
  0x3225, 0x29E4, 0x3A66, 0x42A7, 0x4286, 0x4286, 0x4A67, 0x4267, 0x6BF0, 0x3A6A, 0x2104, 0x1905,
  0x2125, 0x29A8, 0x29AA, 0x21AA, 0x21AA, 0x21CB, 0x2988, 0x2188, 0x2104, 0x2986, 0x39C8, 0x4229,
  0x4A8B, 0x4AAC, 0x41A6, 0x4A09, 0x5ACC, 0x7BD0, 0x6412, 0x5C12, 0x6413, 0x5C33, 0x6412, 0x6453,
  0x73CE, 0x6BAE, 0x5AEB, 0x31E6, 0x5ACA, 0x3A08, 0x2965, 0x18E3, 0x18E3, 0x10C3, 0x2103, 0x2965,
  0x630B, 0x6B8D, 0x52A9, 0x2965, 0x5AEA, 0x5AEB, 0x5289, 0x4227, 0x4A48, 0x4228, 0x2102, 0x31C5,
  0x39C5, 0x3A06, 0x4227, 0x2124, 0x0840, 0x0020, 0x18A1, 0x2123, 0x20E2, 0x2144, 0x2943, 0x0881,
  0x0000, 0x0020, 0x0000, 0x0020, 0x0000, 0x0020, 0x0000, 0x0020, 0x0000, 0x0020, 0x0000, 0x0020,
  0x0000, 0x0020, 0x0000, 0x0020, 0x0020, 0x0000, 0x0020, 0x0000, 0x0020, 0x0000, 0x0020, 0x0000,
  0x0020, 0x0000, 0x0020, 0x0000, 0x0020, 0x0000, 0x0020, 0x0000, 0x5AEA, 0x39A5, 0x31A6, 0x4207,
  0x31A5, 0x3185, 0x52C9, 0x5ACA, 0x3A07, 0x4A28, 0x73AE, 0x840F, 0x94B2, 0x8410, 0x636D, 0x52AA,
  0x4AAA, 0x5AEB, 0x29A5, 0x2143, 0x21A4, 0x29E5, 0x21C5, 0x3205, 0x2A25, 0x31E5, 0x3246, 0x3205,
  0x3A86, 0x4286, 0x5B2B, 0x4A88, 0x4B0D, 0x3229, 0x1925, 0x18C3, 0x1105, 0x2987, 0x29EC, 0x29AA,
  0x29EC, 0x29CB, 0x29A9, 0x2147, 0x2967, 0x39E8, 0x39E8, 0x4209, 0x426B, 0x424A, 0x3966, 0x3125,
  0x3A09, 0x7BAF, 0x53F2, 0x5BD2, 0x5C13, 0x5BF3, 0x5C13, 0x5BD2, 0x532C, 0x5B0B, 0x31E7, 0x4207,
  0x29A7, 0x18C3, 0x10E4, 0x2104, 0x10E3, 0x2965, 0x2986, 0x528A, 0x634C, 0x5ACA, 0x31C6, 0x5289,
  0x632C, 0x31A6, 0x2124, 0x39C6, 0x31A6, 0x18A2, 0x31C6, 0x39C5, 0x3A27, 0x39E6, 0x2145, 0x18C2,
  0x0021, 0x18A2, 0x2144, 0x2965, 0x39E7, 0x18C2, 0x10A1, 0x10A1, 0x0020, 0x0000, 0x0020, 0x0000,
  0x0020, 0x0000, 0x0020, 0x0000, 0x0020, 0x0000, 0x0020, 0x0000, 0x0020, 0x0000, 0x0020, 0x0000,
  0x0000, 0x0020, 0x0000, 0x0020, 0x0000, 0x0020, 0x0000, 0x0020, 0x0000, 0x0020, 0x0000, 0x0020,
  0x0000, 0x0020, 0x0000, 0x0020, 0x41C5, 0x2122, 0x20E2, 0x2124, 0x2923, 0x2123, 0x20E2, 0x31A6,
  0x41E6, 0x2964, 0x2943, 0x4A68, 0x73AC, 0x7C0E, 0x738C, 0x5B0A, 0x3165, 0x5AEB, 0x4227, 0x31A6,
  0x31A4, 0x2143, 0x2163, 0x29E5, 0x1922, 0x1964, 0x29E4, 0x2A05, 0x3A43, 0x3A84, 0x52C6, 0x5307,
  0x5AA9, 0x5AA9, 0x3964, 0x3184, 0x2124, 0x2166, 0x31A7, 0x3A09, 0x31A7, 0x31A7, 0x3187, 0x2146,
  0x3A0A, 0x3A4B, 0x426C, 0x3A4C, 0x4A6B, 0x3A2A, 0x2125, 0x2187, 0x31C8, 0x5B4E, 0x63CF, 0x5BCF,
  0x6411, 0x5BF1, 0x6BF0, 0x430C, 0x1903, 0x3A28, 0x31A6, 0x2985, 0x2103, 0x10C3, 0x2103, 0x2164,
  0x3184, 0x4247, 0x5288, 0x6B6C, 0x6B4C, 0x31C6, 0x4A48, 0x6B6D, 0x3185, 0x0041, 0x18A2, 0x39E7,
  0x18C1, 0x31A5, 0x4227, 0x31C5, 0x4A67, 0x4247, 0x3164, 0x0881, 0x1061, 0x2124, 0x3184, 0x4247,
  0x39E6, 0x39E6, 0x1081, 0x0040, 0x0000, 0x0020, 0x0000, 0x0020, 0x0000, 0x0020, 0x0000, 0x0020,
  0x0000, 0x0020, 0x0000, 0x0020, 0x0000, 0x0020, 0x0000, 0x0020, 0x0020, 0x0000, 0x0020, 0x0000,
  0x0020, 0x0000, 0x0020, 0x0000, 0x0020, 0x0000, 0x0020, 0x0000, 0x0020, 0x0000, 0x0020, 0x0000,
  0x31A5, 0x4206, 0x4228, 0x39A6, 0x4A48, 0x39C6, 0x2945, 0x2103, 0x3A07, 0x5ACA, 0x3A07, 0x2143,
  0x29A5, 0x39E6, 0x5B2B, 0x94B1, 0x52CB, 0x4208, 0x2165, 0x2965, 0x31E6, 0x2984, 0x2184, 0x2143,
  0x1943, 0x2143, 0x1983, 0x3A46, 0x42A5, 0x4284, 0x42A6, 0x3A03, 0x4228, 0x5A89, 0x41E6, 0x4A06,
  0x2966, 0x2104, 0x2146, 0x2967, 0x2967, 0x3187, 0x2987, 0x2105, 0x31EA, 0x3A2A, 0x324C, 0x3A2B,
  0x3A4B, 0x3A0A, 0x1946, 0x2166, 0x3209, 0x4AAB, 0x63F0, 0x63AF, 0x6432, 0x6C31, 0x5BD0, 0x63D0,
  0x3A08, 0x3186, 0x1924, 0x18C3, 0x08A3, 0x2945, 0x3A07, 0x4227, 0x4A89, 0x5ACA, 0x5B0B, 0x6B4C,
  0x632C, 0x528A, 0x3A08, 0x2103, 0x0861, 0x1082, 0x39E7, 0x2944, 0x2164, 0x4227, 0x31E6, 0x39E6,
  0x4227, 0x2964, 0x2965, 0x0840, 0x10A2, 0x31A6, 0x4A89, 0x39E6, 0x31C6, 0x3184, 0x10C3, 0x0020,
  0x0020, 0x0000, 0x0020, 0x0000, 0x0020, 0x0000, 0x0020, 0x0000, 0x0020, 0x0000, 0x0020, 0x0000,
  0x0020, 0x0000, 0x0020, 0x0000, 0x0000, 0x0020, 0x0000, 0x0020, 0x0000, 0x0020, 0x0000, 0x0020,
  0x0000, 0x0020, 0x0000, 0x0020, 0x0000, 0x0020, 0x0000, 0x0020, 0x41E5, 0x3184, 0x4206, 0x4227,
  0x4A27, 0x5289, 0x39A5, 0x31A5, 0x39C4, 0x3A05, 0x5AE8, 0x4266, 0x31A4, 0x3A26, 0x4227, 0x4A68,
  0x5AC9, 0x52EA, 0x31A5, 0x2164, 0x31A4, 0x31E5, 0x29A3, 0x1983, 0x10C1, 0x08C1, 0x2162, 0x29E4,
  0x29C2, 0x2A03, 0x52E9, 0x3A67, 0x51C6, 0x6289, 0x5A47, 0x49E6, 0x31A7, 0x31C8, 0x3165, 0x2986,
  0x31A7, 0x2966, 0x2945, 0x10A3, 0x2147, 0x29C9, 0x2189, 0x21CA, 0x31A7, 0x2187, 0x18C3, 0x2146,
  0x41E7, 0x39C7, 0x6B6C, 0x636C, 0x636C, 0x63AE, 0x6BCC, 0x740E, 0x634B, 0x31C5, 0x2965, 0x10C3,
  0x20E2, 0x3A07, 0x4226, 0x4A88, 0x5AA9, 0x4247, 0x630A, 0x7BEE, 0x62EA, 0x4268, 0x2964, 0x0861,
  0x0840, 0x31C6, 0x39E6, 0x10E2, 0x4A47, 0x4A68, 0x39E5, 0x4227, 0x3185, 0x0881, 0x0840, 0x0861,
  0x3184, 0x4247, 0x39C5, 0x39E6, 0x4206, 0x2984, 0x1081, 0x0881, 0x0000, 0x0020, 0x0000, 0x0020,
  0x0000, 0x0020, 0x0000, 0x0020, 0x0000, 0x0020, 0x0000, 0x0020, 0x0000, 0x0020, 0x0000, 0x0020,
  0x0020, 0x0000, 0x0020, 0x0000, 0x0020, 0x0000, 0x0020, 0x0000, 0x0020, 0x0000, 0x0020, 0x0000,
  0x0020, 0x0000, 0x0020, 0x0000, 0x4A47, 0x39C5, 0x31A5, 0x3185, 0x31A5, 0x3185, 0x2124, 0x2944,
  0x2163, 0x2122, 0x1922, 0x2983, 0x3A26, 0x3A05, 0x2964, 0x18E2, 0x2144, 0x31C5, 0x2165, 0x2965,
  0x29C5, 0x31A4, 0x21C4, 0x21A3, 0x2184, 0x2163, 0x29C4, 0x3205, 0x29E3, 0x3203, 0x530A, 0x52C9,
  0x4185, 0x6248, 0x5AA9, 0x5227, 0x1905, 0x2145, 0x2966, 0x3186, 0x2146, 0x2945, 0x1925, 0x2104,
  0x1927, 0x1927, 0x1148, 0x1928, 0x1926, 0x1905, 0x1905, 0x10C3, 0x2966, 0x4A49, 0x634C, 0x634C,
  0x536D, 0x5B6D, 0x63CD, 0x636B, 0x4A89, 0x31A5, 0x1904, 0x2124, 0x3A08, 0x4A28, 0x4247, 0x5AC9,
  0x4248, 0x52A9, 0x7C0F, 0x5AEA, 0x52EA, 0x4A47, 0x4A8A, 0x39E7, 0x10A2, 0x2944, 0x2123, 0x31A5,
  0x4268, 0x4227, 0x31C5, 0x39C5, 0x10A2, 0x0861, 0x0021, 0x2965, 0x52CA, 0x41E6, 0x39E6, 0x41E6,
  0x3A27, 0x2943, 0x10C3, 0x18E3, 0x0020, 0x0000, 0x0020, 0x0000, 0x0020, 0x0000, 0x0020, 0x0000,
  0x0020, 0x0000, 0x0020, 0x0000, 0x0020, 0x0000, 0x0020, 0x0000, 0x0000, 0x0020, 0x0000, 0x0020,
  0x0000, 0x0020, 0x0000, 0x0020, 0x0000, 0x0020, 0x0000, 0x0020, 0x0000, 0x0020, 0x0000, 0x0020,
  0x41C5, 0x18E1, 0x2103, 0x2103, 0x2944, 0x31C6, 0x39C4, 0x31A4, 0x39E5, 0x2964, 0x2122, 0x2164,
  0x31A4, 0x31E5, 0x2944, 0x18E3, 0x0860, 0x1903, 0x31C5, 0x2984, 0x39E5, 0x2184, 0x2963, 0x2163,
  0x1922, 0x29A4, 0x2983, 0x2183, 0x3202, 0x42A5, 0x31E2, 0x29C2, 0x6246, 0x5A26, 0x4A08, 0x4208,
  0x39C7, 0x31A7, 0x3186, 0x2125, 0x2925, 0x2125, 0x31A3, 0x638B, 0x2964, 0x18E2, 0x18E4, 0x1904,
  0x1904, 0x1925, 0x28A1, 0x3944, 0x830A, 0x6A88, 0x5B0B, 0x5B2B, 0x634C, 0x636D, 0x4A47, 0x3A26,
  0x4207, 0x2123, 0x10A2, 0x29A6, 0x4227, 0x4AA9, 0x4A68, 0x632B, 0x738D, 0x8430, 0x738C, 0x5B0A,
  0x5ACA, 0x634C, 0x738C, 0x634B, 0x39E6, 0x10C2, 0x18C2, 0x2964, 0x4206, 0x29A5, 0x2964, 0x2124,
  0x0840, 0x0041, 0x18C2, 0x4A69, 0x39A5, 0x31A5, 0x3184, 0x39E6, 0x2943, 0x10C1, 0x18E2, 0x10C1,
  0x0000, 0x0020, 0x0000, 0x0020, 0x0000, 0x0020, 0x0000, 0x0020, 0x0000, 0x0020, 0x0000, 0x0020,
  0x0000, 0x0020, 0x0000, 0x0020, 0x0020, 0x0000, 0x0020, 0x0000, 0x0020, 0x0000, 0x0020, 0x0000,
  0x0020, 0x0000, 0x0020, 0x0000, 0x0020, 0x0000, 0x0020, 0x0000, 0x4A68, 0x41E6, 0x39E7, 0x2944,
  0x0040, 0x2103, 0x3A06, 0x2963, 0x10E2, 0x39C5, 0x2164, 0x2984, 0x1943, 0x1902, 0x1924, 0x2103,
  0x10E3, 0x18E3, 0x29A5, 0x1902, 0x1943, 0x18E2, 0x10E2, 0x1922, 0x1102, 0x2984, 0x2183, 0x29A3,
  0x3244, 0x4285, 0x3A86, 0x4285, 0x6268, 0x5A06, 0x3186, 0x3165, 0x2146, 0x2946, 0x2166, 0x2945,
  0x2126, 0x2966, 0x3A26, 0x634A, 0x1903, 0x18E2, 0x1905, 0x18C3, 0x08A3, 0x08A3, 0x3965, 0x93CE,
  0x6AA9, 0x72A8, 0x532C, 0x5B0B, 0x636D, 0x634C, 0x4A68, 0x4227, 0x3A07, 0x18A2, 0x10E3, 0x39E7,
  0x52A9, 0x630A, 0x6B8D, 0x7BEE, 0x7BEF, 0x6B4C, 0x634C, 0x52A9, 0x52CA, 0x6B6D, 0x6B8D, 0x630B,
  0x4248, 0x18C2, 0x2124, 0x18C2, 0x1903, 0x2964, 0x1903, 0x0860, 0x0020, 0x18C2, 0x4A49, 0x3185,
  0x2985, 0x3185, 0x2965, 0x2103, 0x10C2, 0x2103, 0x10C2, 0x10A1, 0x0020, 0x0000, 0x0020, 0x0000,
  0x0020, 0x0000, 0x0020, 0x0000, 0x0020, 0x0000, 0x0020, 0x0000, 0x0020, 0x0000, 0x0020, 0x0000,
  0x0000, 0x0020, 0x0000, 0x0020, 0x0000, 0x0020, 0x0000, 0x0020, 0x0000, 0x0020, 0x0000, 0x0020,
  0x0000, 0x0020, 0x0000, 0x0020, 0x39C5, 0x2943, 0x39C6, 0x4207, 0x2122, 0x10C1, 0x10C0, 0x1922,
  0x2122, 0x29A4, 0x2983, 0x2984, 0x10A1, 0x10C2, 0x0880, 0x10E1, 0x10C0, 0x1982, 0x29C3, 0x21A2,
  0x1902, 0x08C1, 0x1902, 0x1923, 0x18E1, 0x1922, 0x31A3, 0x29A3, 0x3A23, 0x3A64, 0x4262, 0x5325,
  0x5A46, 0x6288, 0x4228, 0x2986, 0x2965, 0x29A7, 0x39C7, 0x31C7, 0x31A7, 0x31A7, 0x2122, 0x52C9,
  0x2103, 0x1903, 0x28A2, 0x3124, 0x5A07, 0x3924, 0x6AC9, 0x6AEA, 0x5AE8, 0x636A, 0x5B09, 0x5B29,
  0x6B6B, 0x4A67, 0x5AA8, 0x4A87, 0x4A67, 0x10C1, 0x2963, 0x4AA9, 0x5AC9, 0x636C, 0x7BAD, 0x73CE,
  0x7BED, 0x52EA, 0x5AE9, 0x5AEA, 0x630B, 0x6B6C, 0x738C, 0x6B6C, 0x4A47, 0x3A27, 0x2944, 0x10C2,
  0x18C2, 0x0861, 0x0840, 0x0841, 0x0020, 0x3A07, 0x4227, 0x31A5, 0x3184, 0x2984, 0x2102, 0x10A1,
  0x2923, 0x1903, 0x1080, 0x0880, 0x0000, 0x0020, 0x0000, 0x0020, 0x0000, 0x0020, 0x0000, 0x0020,
  0x0000, 0x0020, 0x0000, 0x0020, 0x0000, 0x0020, 0x0000, 0x0020, 0x0020, 0x0000, 0x0020, 0x0000,
  0x0020, 0x0000, 0x0020, 0x0000, 0x0020, 0x0000, 0x0020, 0x0000, 0x0020, 0x0000, 0x0020, 0x0000,
  0x3A06, 0x2102, 0x2124, 0x3185, 0x29A5, 0x2123, 0x1943, 0x10C1, 0x1102, 0x2984, 0x2984, 0x2984,
  0x1904, 0x1082, 0x0880, 0x31A4, 0x3225, 0x4286, 0x42A7, 0x3A45, 0x2164, 0x2984, 0x2144, 0x10C1,
  0x10C2, 0x2163, 0x31E5, 0x29A4, 0x21C2, 0x29C2, 0x3A43, 0x4283, 0x5A68, 0x5A47, 0x31C8, 0x3187,
  0x2986, 0x2966, 0x2966, 0x2104, 0x1905, 0x1083, 0x0060, 0x10C1, 0x1904, 0x18C3, 0x3966, 0x6AEB,
  0x838E, 0x6AAA, 0x1860, 0x3923, 0x6BAC, 0x5B29, 0x5B2A, 0x5B09, 0x5AEA, 0x39C5, 0x39E5, 0x3183,
  0x4248, 0x2123, 0x3A07, 0x5AC9, 0x5AEA, 0x7BEE, 0x73AE, 0x7BCE, 0x5B2B, 0x630B, 0x52CA, 0x630B,
  0x6B8D, 0x632C, 0x5AEA, 0x5AEA, 0x4AA9, 0x4206, 0x1904, 0x18A2, 0x1904, 0x0840, 0x0041, 0x0000,
  0x10C3, 0x4A69, 0x31C6, 0x31A5, 0x29A5, 0x3184, 0x2123, 0x2103, 0x1903, 0x1081, 0x0881, 0x0860,
  0x0020, 0x0000, 0x0020, 0x0000, 0x0020, 0x0000, 0x0020, 0x0000, 0x0020, 0x0000, 0x0020, 0x0000,
  0x0020, 0x0000, 0x0020, 0x0000, 0x0000, 0x0020, 0x0000, 0x0020, 0x0000, 0x0020, 0x0000, 0x0020,
  0x0000, 0x0020, 0x0000, 0x0020, 0x0000, 0x0020, 0x0000, 0x0020, 0x2922, 0x0840, 0x18A2, 0x18E3,
  0x18C1, 0x2143, 0x39E4, 0x2163, 0x0840, 0x18E3, 0x39E5, 0x1922, 0x2962, 0x29C4, 0x3204, 0x3245,
  0x3A24, 0x21A2, 0x2162, 0x1942, 0x1902, 0x2164, 0x2123, 0x1902, 0x2142, 0x29C4, 0x31C4, 0x1942,
  0x29A2, 0x3225, 0x4A25, 0x4A66, 0x72A9, 0x4144, 0x0862, 0x10C3, 0x0841, 0x0061, 0x0841, 0x0061,
  0x0840, 0x0061, 0x0861, 0x0041, 0x18E3, 0x2125, 0x3123, 0x49E7, 0x5207, 0x2903, 0x10A2, 0x2145,
  0x73A9, 0x6B69, 0x6307, 0x52C7, 0x39C5, 0x31A4, 0x41E5, 0x39E5, 0x2964, 0x1922, 0x4226, 0x5B0A,
  0x7BEE, 0x73CE, 0x632B, 0x5AEA, 0x4A47, 0x4A67, 0x5AC9, 0x5B0B, 0x5AEA, 0x52CA, 0x52A9, 0x4247,
  0x39E6, 0x4227, 0x4206, 0x2123, 0x0840, 0x0861, 0x0820, 0x10C2, 0x4A27, 0x4227, 0x4227, 0x3185,
  0x3184, 0x2123, 0x18E2, 0x2123, 0x18C1, 0x0880, 0x1081, 0x0881, 0x0000, 0x0020, 0x0000, 0x0020,
  0x0000, 0x0020, 0x0000, 0x0020, 0x0000, 0x0020, 0x0000, 0x0020, 0x0000, 0x0020, 0x0000, 0x0020,
  0x0020, 0x0000, 0x0020, 0x0000, 0x0020, 0x0000, 0x0020, 0x0000, 0x0020, 0x0000, 0x0020, 0x0000,
  0x0020, 0x0000, 0x0020, 0x0000, 0x31A5, 0x2902, 0x2145, 0x0861, 0x08A1, 0x18E1, 0x1101, 0x10C0,
  0x0041, 0x0861, 0x10C2, 0x2102, 0x1101, 0x2163, 0x2182, 0x29A2, 0x1982, 0x1941, 0x1922, 0x10A0,
  0x10E2, 0x2984, 0x31E6, 0x2103, 0x2184, 0x1922, 0x2183, 0x2162, 0x21A3, 0x31E4, 0x2122, 0x2963,
  0x7B0B, 0x4944, 0x0021, 0x0041, 0x0041, 0x0041, 0x0041, 0x0041, 0x0041, 0x0841, 0x0062, 0x0841,
  0x10C4, 0x2104, 0x20C2, 0x2081, 0x20E3, 0x20A1, 0x1904, 0x2945, 0x52C6, 0x6B48, 0x6349, 0x4A65,
  0x2163, 0x39C5, 0x3A06, 0x39A5, 0x2164, 0x2143, 0x3A27, 0x6B6B, 0x7C0F, 0x5ACA, 0x4268, 0x39E6,
  0x4227, 0x4A88, 0x5B0B, 0x5288, 0x4A89, 0x4A68, 0x4248, 0x31A5, 0x31C5, 0x39C5, 0x31C6, 0x31A5,
  0x0882, 0x0000, 0x0861, 0x39C6, 0x4A68, 0x39E6, 0x2144, 0x18C2, 0x10C2, 0x18C2, 0x1903, 0x10A1,
  0x10A1, 0x1060, 0x0861, 0x0840, 0x0020, 0x0000, 0x0020, 0x0000, 0x0020, 0x0000, 0x0020, 0x0000,
  0x0020, 0x0000, 0x0020, 0x0000, 0x0020, 0x0000, 0x0020, 0x0000, 0x0000, 0x0020, 0x0000, 0x0020,
  0x0000, 0x0020, 0x0000, 0x0020, 0x0000, 0x0020, 0x0000, 0x0020, 0x0000, 0x0020, 0x0000, 0x0020,
  0x39A4, 0x18E1, 0x31A5, 0x18E3, 0x10A0, 0x10C1, 0x18C2, 0x18E3, 0x2122, 0x1902, 0x2143, 0x1943,
  0x2122, 0x1902, 0x18C1, 0x10C1, 0x18C1, 0x1923, 0x31A4, 0x1902, 0x2143, 0x2984, 0x2963, 0x31C5,
  0x1902, 0x10E2, 0x2102, 0x29A5, 0x3A25, 0x29E4, 0x4A27, 0x4227, 0x6248, 0x3965, 0x0840, 0x0862,
  0x0841, 0x0041, 0x0840, 0x0041, 0x0841, 0x0041, 0x0841, 0x0061, 0x2104, 0x2146, 0x2104, 0x10A3,
  0x10A2, 0x1925, 0x2125, 0x2966, 0x2101, 0x4A66, 0x6B67, 0x52A4, 0x3184, 0x31C6, 0x3183, 0x4A47,
  0x5266, 0x39E4, 0x5AEA, 0x73AD, 0x5AEA, 0x4A88, 0x31A4, 0x3A06, 0x6309, 0x6B8C, 0x5AC9, 0x4247,
  0x5268, 0x4227, 0x3184, 0x2985, 0x2943, 0x1922, 0x3184, 0x2964, 0x2103, 0x0881, 0x0840, 0x31C6,
  0x4A47, 0x2964, 0x18A1, 0x10C1, 0x18C1, 0x1903, 0x1080, 0x0880, 0x1081, 0x0861, 0x0840, 0x0881,
  0x0000, 0x0020, 0x0000, 0x0020, 0x0000, 0x0020, 0x0000, 0x0020, 0x0000, 0x0020, 0x0000, 0x0020,
  0x0000, 0x0020, 0x0000, 0x0020, 0x0020, 0x0000, 0x0020, 0x0000, 0x0020, 0x0000, 0x0020, 0x0000,
  0x0020, 0x0000, 0x0020, 0x0000, 0x0020, 0x0000, 0x0020, 0x0000, 0x3184, 0x0820, 0x10C2, 0x18E2,
  0x10A1, 0x18C1, 0x10A2, 0x1081, 0x29A5, 0x2943, 0x10C1, 0x10A0, 0x10E2, 0x0860, 0x08A1, 0x1081,
  0x08A1, 0x0860, 0x10E2, 0x18E2, 0x1903, 0x1902, 0x1923, 0x2963, 0x1943, 0x4227, 0x4AA9, 0x4227,
  0x5309, 0x3205, 0x52A9, 0x6B4B, 0x5A69, 0x30C3, 0x0021, 0x0841, 0x0041, 0x0021, 0x0041, 0x0021,
  0x0041, 0x0041, 0x0041, 0x0041, 0x0883, 0x18C3, 0x10E4, 0x0862, 0x0062, 0x10C3, 0x10C4, 0x1083,
  0x2122, 0x5287, 0x6327, 0x5AE5, 0x2964, 0x2943, 0x2943, 0x39C5, 0x3A05, 0x736A, 0x844F, 0x5AEA,
  0x5B0B, 0x5289, 0x3A06, 0x4227, 0x52EA, 0x5AE9, 0x4A68, 0x4207, 0x4A68, 0x3185, 0x2964, 0x2123,
  0x1902, 0x31C5, 0x2984, 0x2964, 0x2145, 0x18A2, 0x0020, 0x2944, 0x4A68, 0x18E2, 0x10A1, 0x18C2,
  0x10C2, 0x1081, 0x0881, 0x10A1, 0x0882, 0x0840, 0x10A2, 0x1081, 0x0020, 0x0000, 0x0020, 0x0000,
  0x0020, 0x0000, 0x0020, 0x0000, 0x0020, 0x0000, 0x0020, 0x0000, 0x0020, 0x0000, 0x0020, 0x0000,
  0x0000, 0x0020, 0x0000, 0x0020, 0x0000, 0x0020, 0x0000, 0x0020, 0x0000, 0x0020, 0x0000, 0x0020,
  0x0000, 0x0020, 0x0000, 0x0020, 0x18C1, 0x10A1, 0x0880, 0x10C1, 0x0880, 0x10C1, 0x1060, 0x10A2,
  0x0840, 0x10C2, 0x1080, 0x0880, 0x10A1, 0x10C2, 0x18C2, 0x0881, 0x0861, 0x10A2, 0x10C1, 0x1922,
  0x1902, 0x31E5, 0x31A4, 0x2164, 0x4226, 0x4268, 0x52A8, 0x4AC8, 0x4226, 0x4288, 0x62EA, 0x73AE,
  0x7BCE, 0x10E3, 0x0000, 0x0041, 0x0820, 0x0041, 0x18C2, 0x0041, 0x0820, 0x0041, 0x0840, 0x0041,
  0x0842, 0x0863, 0x0821, 0x1905, 0x10A3, 0x0862, 0x0842, 0x0863, 0x2102, 0x4A88, 0x62E6, 0x52A5,
  0x39A4, 0x2122, 0x2122, 0x1902, 0x6B4B, 0x94D1, 0x630A, 0x52A9, 0x5AC9, 0x4267, 0x4A46, 0x4247,
  0x5AE9, 0x4AA9, 0x4A47, 0x4227, 0x41E6, 0x2144, 0x2122, 0x10C1, 0x3184, 0x39E6, 0x2123, 0x18E2,
  0x0840, 0x0861, 0x18C2, 0x31A6, 0x39A5, 0x0861, 0x10A1, 0x10C1, 0x1061, 0x10A2, 0x1061, 0x0881,
  0x1080, 0x10C1, 0x18C1, 0x10C1, 0x0000, 0x0020, 0x0000, 0x0020, 0x0000, 0x0020, 0x0000, 0x0020,
  0x0000, 0x0020, 0x0000, 0x0020, 0x0000, 0x0020, 0x0000, 0x0020, 0x0020, 0x0000, 0x0020, 0x0000,
  0x0020, 0x0000, 0x0020, 0x0000, 0x0020, 0x0000, 0x0020, 0x0000, 0x0020, 0x0000, 0x0020, 0x0000,
  0x2144, 0x0820, 0x08A1, 0x10A1, 0x0060, 0x10A1, 0x0861, 0x0861, 0x0861, 0x18A2, 0x1903, 0x18C1,
  0x0882, 0x0840, 0x0041, 0x0861, 0x0862, 0x1061, 0x10E2, 0x1902, 0x10E2, 0x31C5, 0x1102, 0x18E2,
  0x4268, 0x4A68, 0x3A06, 0x4A67, 0x52EA, 0x634B, 0x632C, 0x632C, 0x4A8A, 0x0841, 0x0041, 0x0821,
  0x0021, 0x0021, 0x18E4, 0x0820, 0x0021, 0x0821, 0x0041, 0x0841, 0x0063, 0x0863, 0x0021, 0x4209,
  0x4A8B, 0x2966, 0x0022, 0x1083, 0x2143, 0x2123, 0x6348, 0x73A9, 0x52C9, 0x39C4, 0x2964, 0x4207,
  0x73CD, 0x5AEA, 0x31C6, 0x52C9, 0x4A88, 0x4247, 0x3A27, 0x52A8, 0x4268, 0x4227, 0x3A07, 0x39E6,
  0x2144, 0x2103, 0x2144, 0x2943, 0x39E6, 0x3184, 0x18E3, 0x0840, 0x0020, 0x10A2, 0x2965, 0x2965,
  0x18C3, 0x1061, 0x10C2, 0x18A1, 0x1082, 0x1061, 0x0841, 0x18A2, 0x1903, 0x18E2, 0x18E2, 0x1081,
  0x0020, 0x0000, 0x0020, 0x0000, 0x0020, 0x0000, 0x0020, 0x0000, 0x0020, 0x0000, 0x0020, 0x0000,
  0x0020, 0x0000, 0x0020, 0x0000, 0x0000, 0x0020, 0x0000, 0x0020, 0x0000, 0x0020, 0x0000, 0x0020,
  0x0000, 0x0020, 0x0000, 0x0020, 0x0000, 0x0020, 0x0000, 0x0020, 0x2102, 0x0040, 0x0861, 0x10C2,
  0x18A1, 0x10A2, 0x10A1, 0x0861, 0x0861, 0x0041, 0x1081, 0x10C2, 0x1081, 0x1903, 0x18C2, 0x0040,
  0x0020, 0x0040, 0x0861, 0x10C2, 0x18E1, 0x2984, 0x2122, 0x2184, 0x4207, 0x4248, 0x4A67, 0x52E9,
  0x4A67, 0x4267, 0x4A47, 0x4267, 0x3165, 0x0040, 0x0841, 0x0041, 0x0820, 0x0841, 0x20E3, 0x0040,
  0x0820, 0x0041, 0x0841, 0x0882, 0x0863, 0x0883, 0x0021, 0x29C7, 0x528A, 0x39E8, 0x0042, 0x08C4,
  0x2902, 0x39C5, 0x9C4E, 0xB532, 0xA4AF, 0x946E, 0x8C4F, 0x73AD, 0x738C, 0x4268, 0x4227, 0x4A88,
  0x4206, 0x31A5, 0x39C5, 0x5B2A, 0x31A4, 0x3A06, 0x3184, 0x2964, 0x18E1, 0x1922, 0x39E5, 0x4247,
  0x4206, 0x1902, 0x0860, 0x0040, 0x10A0, 0x31A5, 0x4A27, 0x4227, 0x2944, 0x10A2, 0x2102, 0x10C1,
  0x1080, 0x0881, 0x18C1, 0x2123, 0x2102, 0x10C1, 0x1080, 0x0881, 0x0000, 0x0020, 0x0000, 0x0020,
  0x0000, 0x0020, 0x0000, 0x0020, 0x0000, 0x0020, 0x0000, 0x0020, 0x0000, 0x0020, 0x0000, 0x0020,
  0x0020, 0x0000, 0x0020, 0x0000, 0x0020, 0x0000, 0x0020, 0x0000, 0x0020, 0x0000, 0x0020, 0x0000,
  0x0020, 0x0000, 0x0020, 0x0000, 0x10A2, 0x1081, 0x0881, 0x0861, 0x0882, 0x1081, 0x10A2, 0x0861,
  0x0861, 0x1061, 0x0882, 0x0840, 0x10A2, 0x528A, 0x52AA, 0x5289, 0x3A07, 0x20E3, 0x0061, 0x0020,
  0x10C1, 0x18E2, 0x10E2, 0x18E2, 0x2144, 0x31C6, 0x4247, 0x4226, 0x2984, 0x2984, 0x4227, 0x2984,
  0x18E3, 0x0861, 0x0021, 0x0821, 0x0041, 0x1061, 0x18E3, 0x0841, 0x0842, 0x0821, 0x0021, 0x0841,
  0x0043, 0x0842, 0x0022, 0x2966, 0x424A, 0x4208, 0x0042, 0x0883, 0x5268, 0x62E9, 0x736B, 0x838B,
  0x7B8B, 0x942D, 0x840E, 0x7BAC, 0x52CA, 0x5288, 0x4268, 0x4A47, 0x31C6, 0x3185, 0x3A27, 0x4227,
  0x1923, 0x2964, 0x2985, 0x2964, 0x2984, 0x39E6, 0x4A88, 0x4206, 0x2985, 0x1081, 0x0040, 0x18A2,
  0x2964, 0x39A5, 0x3A07, 0x4227, 0x39E7, 0x18C2, 0x10C2, 0x18C1, 0x10E2, 0x2103, 0x2144, 0x18E2,
  0x10C2, 0x1060, 0x0881, 0x0840, 0x0020, 0x0000, 0x0020, 0x0000, 0x0020, 0x0000, 0x0020, 0x0000,
  0x0020, 0x0000, 0x0020, 0x0000, 0x0020, 0x0000, 0x0020, 0x0000, 0x0000, 0x0020, 0x0000, 0x0020,
  0x0000, 0x0020, 0x0000, 0x0020, 0x0000, 0x0020, 0x0000, 0x0020, 0x0000, 0x0020, 0x0000, 0x0020,
  0x0840, 0x10C1, 0x18C1, 0x0881, 0x1061, 0x10A2, 0x18C1, 0x18E2, 0x18C1, 0x10C2, 0x1061, 0x1081,
  0x4A67, 0x5B2A, 0x5287, 0x52C8, 0x5AE9, 0x6B6C, 0x5288, 0x31A5, 0x18C1, 0x2143, 0x2123, 0x0861,
  0x0860, 0x2124, 0x31A4, 0x31E5, 0x31A4, 0x29A4, 0x4206, 0x31C5, 0x2964, 0x18E2, 0x28A1, 0x20C2,
  0x2903, 0x2102, 0x20E2, 0x2123, 0x3903, 0x28C2, 0x2902, 0x39C5, 0x3164, 0x2103, 0x1840, 0x3165,
  0x5248, 0x4A49, 0x1040, 0x3165, 0x7B4A, 0x7B4A, 0x8BAB, 0x940D, 0x9C6F, 0x736B, 0x632A, 0x844F,
  0x6B4B, 0x4247, 0x4227, 0x31C5, 0x2102, 0x2964, 0x31A4, 0x3A06, 0x39E5, 0x2984, 0x3184, 0x31C5,
  0x4A67, 0x4A88, 0x5AE9, 0x2984, 0x1060, 0x0040, 0x18C1, 0x31A4, 0x4206, 0x4A88, 0x630A, 0x4A88,
  0x4A67, 0x1922, 0x0840, 0x18E3, 0x18A0, 0x18E2, 0x20E2, 0x10A1, 0x1061, 0x0881, 0x0860, 0x0040,
  0x0000, 0x0020, 0x0000, 0x0020, 0x0000, 0x0020, 0x0000, 0x0020, 0x0000, 0x0020, 0x0000, 0x0020,
  0x0000, 0x0020, 0x0000, 0x0020, 0x0020, 0x0000, 0x0020, 0x0000, 0x0020, 0x0000, 0x0020, 0x0000,
  0x0020, 0x0000, 0x0020, 0x0000, 0x0020, 0x0000, 0x0020, 0x0000, 0x10C2, 0x18E2, 0x1923, 0x18C1,
  0x10A2, 0x1081, 0x10C2, 0x10A1, 0x10C2, 0x1081, 0x10A2, 0x3165, 0x4AC9, 0x52C9, 0x4A88, 0x4A47,
  0x4268, 0x52A8, 0x632B, 0x738D, 0x636C, 0x632B, 0x73CE, 0x5AEB, 0x2145, 0x2945, 0x1943, 0x31A4,
  0x2984, 0x39E5, 0x2164, 0x2102, 0x1923, 0x18C2, 0x3124, 0x3944, 0x2924, 0x1881, 0x2103, 0x3164,
  0x3104, 0x3903, 0x4A68, 0x62EA, 0x52AA, 0x4A28, 0x3145, 0x4186, 0x4208, 0x62CB, 0x4207, 0x7B8D,
  0x8BED, 0x93ED, 0x940D, 0x93CC, 0x7BCD, 0x62C8, 0x73CE, 0x840F, 0x5B0A, 0x39E6, 0x31A5, 0x2102,
  0x2144, 0x2123, 0x3A06, 0x4A68, 0x3A06, 0x4227, 0x4A68, 0x4A47, 0x4A88, 0x5AC9, 0x3A07, 0x18C1,
  0x10A2, 0x2123, 0x4227, 0x5288, 0x5B2B, 0x630A, 0x52A9, 0x5268, 0x52CA, 0x18E2, 0x0020, 0x0840,
  0x10A1, 0x1080, 0x0881, 0x0860, 0x0861, 0x0840, 0x0040, 0x0020, 0x0020, 0x0000, 0x0020, 0x0000,
  0x0020, 0x0000, 0x0020, 0x0000, 0x0020, 0x0000, 0x0020, 0x0000, 0x0020, 0x0000, 0x0020, 0x0000,
  0x0000, 0x0020, 0x0000, 0x0020, 0x0000, 0x0020, 0x0000, 0x0020, 0x0000, 0x0020, 0x0000, 0x0020,
  0x0000, 0x0020, 0x0000, 0x0020, 0x31A3, 0x2983, 0x39A3, 0x3183, 0x2921, 0x2921, 0x3142, 0x18E1,
  0x18A1, 0x18E2, 0x20E1, 0x31A5, 0x52C8, 0x4AA7, 0x4A66, 0x4AA7, 0x4A86, 0x4AA7, 0x632A, 0x52C9,
  0x5B0A, 0x52EA, 0x4A68, 0x632B, 0x630A, 0x4A68, 0x4226, 0x2964, 0x2123, 0x2143, 0x2123, 0x2143,
  0x20E2, 0x18E2, 0x4143, 0x3923, 0x3123, 0x2922, 0x3984, 0x4206, 0x3902, 0x3102, 0x4183, 0x4A06,
  0x5225, 0x7329, 0x59C5, 0x4143, 0x4143, 0x41A5, 0x6226, 0x93CC, 0x9C2D, 0x942D, 0x9C4E, 0x83EC,
  0x5AEA, 0x52A9, 0x5288, 0x4A88, 0x39C5, 0x2984, 0x2123, 0x1903, 0x18A1, 0x2144, 0x31A4, 0x4227,
  0x4A47, 0x4227, 0x5AC9, 0x5B0A, 0x52A8, 0x4227, 0x1080, 0x10C1, 0x31A4, 0x5B0A, 0x6B6B, 0x632A,
  0x630A, 0x4268, 0x2963, 0x3A06, 0x39E5, 0x1902, 0x0000, 0x0020, 0x0840, 0x0861, 0x0840, 0x0861,
  0x0840, 0x0020, 0x0820, 0x0861, 0x0000, 0x0020, 0x0000, 0x0020, 0x0000, 0x0020, 0x0000, 0x0020,
  0x0000, 0x0020, 0x0000, 0x0020, 0x0000, 0x0020, 0x0000, 0x0020, 0x0020, 0x0000, 0x0020, 0x0000,
  0x0020, 0x0000, 0x0020, 0x0000, 0x0020, 0x0000, 0x0020, 0x0000, 0x0020, 0x0000, 0x0020, 0x0000,
  0x3A05, 0x3182, 0x31A3, 0x41C4, 0x39C4, 0x3163, 0x2943, 0x2902, 0x18C2, 0x3164, 0x39E6, 0x3184,
  0x3205, 0x4225, 0x4287, 0x4A87, 0x52E9, 0x6329, 0x52EA, 0x4A68, 0x4288, 0x4247, 0x4248, 0x4A69,
  0x4AA9, 0x5AEA, 0x5AEA, 0x630A, 0x4A88, 0x39E6, 0x2144, 0x18C1, 0x10C2, 0x20E2, 0x4164, 0x4123,
  0x3184, 0x39A5, 0x4A67, 0x5267, 0x3944, 0x4123, 0x5A88, 0x7B6B, 0x83AC, 0x942D, 0x5A06, 0x4143,
  0x5227, 0x49C5, 0x4984, 0x830A, 0x9C6E, 0x8BAB, 0x9CB0, 0x734A, 0x3A27, 0x4A68, 0x1903, 0x18C2,
  0x18E2, 0x2943, 0x2144, 0x1081, 0x2165, 0x4207, 0x31C5, 0x4227, 0x4268, 0x4A68, 0x5B0A, 0x52A8,
  0x4A88, 0x2123, 0x10E2, 0x31A5, 0x52C9, 0x6B4B, 0x5AEA, 0x6B4B, 0x4268, 0x18E2, 0x0880, 0x2102,
  0x2984, 0x18C1, 0x0862, 0x0000, 0x0020, 0x0000, 0x0020, 0x0820, 0x0020, 0x0840, 0x0861, 0x0841,
  0x0020, 0x0000, 0x0020, 0x0000, 0x0020, 0x0000, 0x0020, 0x0000, 0x0020, 0x0000, 0x0020, 0x0000,
  0x0020, 0x0000, 0x0020, 0x0000, 0x0000, 0x0020, 0x0000, 0x0020, 0x0000, 0x0020, 0x0000, 0x0020,
  0x0000, 0x0020, 0x0000, 0x0020, 0x0000, 0x0020, 0x0000, 0x0020, 0x41A2, 0x3161, 0x41A2, 0x4A04,
  0x49E4, 0x39A3, 0x4A26, 0x4A67, 0x4A67, 0x52C8, 0x5286, 0x2142, 0x2102, 0x31A4, 0x41E5, 0x3A05,
  0x39E4, 0x4267, 0x3A06, 0x4A88, 0x5288, 0x4A67, 0x39C5, 0x4A68, 0x5288, 0x632B, 0x4A67, 0x4227,
  0x4A67, 0x52EA, 0x6B4B, 0x5B0A, 0x39A4, 0x2943, 0x4963, 0x3943, 0x5205, 0x734A, 0x838B, 0x6AE8,
  0x4143, 0x3943, 0x7B2A, 0x7B4A, 0x72E8, 0x8BEC, 0x6267, 0x4184, 0x5205, 0x62A8, 0x4183, 0x62A8,
  0x93EC, 0x9C2D, 0xACF0, 0x4A46, 0x39A5, 0x2964, 0x1080, 0x18E2, 0x2103, 0x2123, 0x1081, 0x2144,
  0x4205, 0x3A06, 0x4226, 0x4A67, 0x4A47, 0x52C9, 0x4A47, 0x31C5, 0x18E2, 0x10A1, 0x2963, 0x4226,
  0x5AE9, 0x632A, 0x736B, 0x4247, 0x2923, 0x18E2, 0x2122, 0x2984, 0x3183, 0x2122, 0x18C2, 0x0881,
  0x0840, 0x0041, 0x0020, 0x0020, 0x0840, 0x0881, 0x10A1, 0x0880, 0x0000, 0x0020, 0x0000, 0x0020,
  0x0000, 0x0020, 0x0000, 0x0020, 0x0000, 0x0020, 0x0000, 0x0020, 0x0000, 0x0020, 0x0000, 0x0020,
  0x0020, 0x0000, 0x0020, 0x0000, 0x0020, 0x0000, 0x0020, 0x0000, 0x0020, 0x0000, 0x0020, 0x0000,
  0x0020, 0x0000, 0x0020, 0x0000, 0x39C3, 0x5245, 0x4A04, 0x41A2, 0x4A26, 0x5A66, 0x738C, 0x736B,
  0x634A, 0x6309, 0x4A87, 0x39C4, 0x1902, 0x2122, 0x2963, 0x2943, 0x2163, 0x29A4, 0x29A5, 0x39E6,
  0x52E9, 0x4A67, 0x39E6, 0x4207, 0x4248, 0x4A68, 0x4227, 0x39E6, 0x2985, 0x2944, 0x3A27, 0x630A,
  0x738C, 0x6B2A, 0x49A5, 0x3902, 0x5AA8, 0x83AC, 0x83CC, 0x7B4A, 0x3943, 0x4964, 0x838B, 0x8B8C,
  0x7B6B, 0x940D, 0x730A, 0x4984, 0x5247, 0x6AE9, 0x3943, 0x5A26, 0x7B6B, 0xACAF, 0xA4F1, 0x5226,
  0x2964, 0x18C2, 0x18E2, 0x2923, 0x1903, 0x1081, 0x10A2, 0x39E6, 0x39E6, 0x5288, 0x4A89, 0x52A9,
  0x4268, 0x5288, 0x2144, 0x18E2, 0x1903, 0x2964, 0x31A5, 0x4206, 0x6B6C, 0x6B6B, 0x31E6, 0x18E2,
  0x18E2, 0x20E2, 0x1923, 0x2964, 0x31E5, 0x2943, 0x10C3, 0x1081, 0x0061, 0x0840, 0x0041, 0x0000,
  0x0020, 0x0861, 0x0881, 0x0840, 0x0020, 0x0000, 0x0020, 0x0000, 0x0020, 0x0000, 0x0020, 0x0000,
  0x0020, 0x0000, 0x0020, 0x0000, 0x0020, 0x0000, 0x0020, 0x0000, 0x0000, 0x0020, 0x0000, 0x0020,
  0x0000, 0x0020, 0x0000, 0x0020, 0x0000, 0x0020, 0x0000, 0x0020, 0x0000, 0x0020, 0x0000, 0x0020,
  0x5224, 0x4A04, 0x3142, 0x3183, 0x4A26, 0x4A27, 0x41E5, 0x52A8, 0x5A46, 0x4A25, 0x6245, 0x6286,
  0x3962, 0x3162, 0x39A3, 0x3182, 0x3941, 0x3142, 0x3983, 0x3183, 0x3164, 0x39C5, 0x4206, 0x3A07,
  0x39E6, 0x3A06, 0x4227, 0x4248, 0x5AC9, 0x39E6, 0x4226, 0x4247, 0x39A4, 0x4247, 0x4984, 0x3943,
  0x836A, 0x83AC, 0x8BCC, 0x7B8B, 0x4142, 0x51E5, 0x9C0D, 0x942D, 0xA44D, 0xA4AF, 0x8BCD, 0x3964,
  0x4A06, 0x83EE, 0x49A4, 0x51E5, 0x93EB, 0xA4AF, 0x9C6E, 0x7B6A, 0x2102, 0x10C1, 0x2102, 0x2123,
  0x18C2, 0x0040, 0x2122, 0x4227, 0x5AC8, 0x632A, 0x4A67, 0x52E9, 0x4226, 0x52A9, 0x4A67, 0x2984,
  0x39C5, 0x39E5, 0x2963, 0x4A88, 0x6B6B, 0x31C5, 0x18C1, 0x18C2, 0x18C1, 0x10C1, 0x2102, 0x2984,
  0x3164, 0x2123, 0x2103, 0x0881, 0x0860, 0x0861, 0x0840, 0x0020, 0x0000, 0x0020, 0x0020, 0x0020,
  0x0000, 0x0020, 0x0000, 0x0020, 0x0000, 0x0020, 0x0000, 0x0020, 0x0000, 0x0020, 0x0000, 0x0020,
  0x0000, 0x0020, 0x0000, 0x0020, 0x0020, 0x0000, 0x0020, 0x0000, 0x0020, 0x0000, 0x0020, 0x0000,
  0x0020, 0x0000, 0x0020, 0x0000, 0x0020, 0x0000, 0x0020, 0x0000, 0x41C3, 0x4182, 0x3183, 0x39A3,
  0x31A5, 0x41E6, 0x41E6, 0x4A47, 0x4A05, 0x3983, 0x41A3, 0x5A25, 0x4A05, 0x5205, 0x39C4, 0x5225,
  0x734A, 0x41A3, 0x2964, 0x3163, 0x2144, 0x2103, 0x2985, 0x39C5, 0x3A27, 0x39E6, 0x31C6, 0x4227,
  0x4AA9, 0x4206, 0x3A27, 0x39C5, 0x31A5, 0x4A47, 0x49C5, 0x4164, 0x83AC, 0x838B, 0x8BED, 0x7B4A,
  0x3943, 0x5A26, 0x9C6F, 0x9C2E, 0x942D, 0xA46E, 0x8C0E, 0x1020, 0x18C2, 0xA4B1, 0x62A8, 0x49A4,
  0x942D, 0xACAF, 0x9C8F, 0x83AB, 0x18E3, 0x1081, 0x10C2, 0x18C1, 0x10A2, 0x0861, 0x3A27, 0x52C9,
  0x5B0A, 0x4206, 0x4248, 0x52A9, 0x4227, 0x4A88, 0x3A27, 0x4A47, 0x4247, 0x31C5, 0x3A26, 0x5288,
  0x2144, 0x0860, 0x10A2, 0x18C2, 0x1903, 0x2103, 0x2985, 0x2103, 0x10C2, 0x18E2, 0x10E3, 0x1081,
  0x10A2, 0x1081, 0x0041, 0x0841, 0x0041, 0x0000, 0x0020, 0x0000, 0x0020, 0x0000, 0x0020, 0x0000,
  0x0020, 0x0000, 0x0020, 0x0000, 0x0020, 0x0000, 0x0020, 0x0000, 0x0020, 0x0000, 0x0020, 0x0000,
  0x0000, 0x0020, 0x0000, 0x0020, 0x0000, 0x0020, 0x0000, 0x0020, 0x0000, 0x0020, 0x0000, 0x0020,
  0x0000, 0x0020, 0x0000, 0x0020, 0x5226, 0x41A5, 0x39A5, 0x39E6, 0x41E6, 0x4206, 0x4A06, 0x39C5,
  0x4A06, 0x5268, 0x41C5, 0x5AA8, 0x7B29, 0x62A7, 0x41A3, 0x39A4, 0x51E4, 0x7329, 0x4A05, 0x4A05,
  0x5A25, 0x6287, 0x49E5, 0x4A26, 0x62A8, 0x5AC9, 0x5A46, 0x6AE9, 0x6AE8, 0x62A7, 0x62A7, 0x62C8,
  0x734A, 0x6B2A, 0x4A06, 0x4A27, 0x8BAB, 0x83AB, 0x93ED, 0x8BED, 0x4164, 0x62EA, 0x93EC, 0x83AB,
  0x93EB, 0x9C2D, 0x944F, 0x18C1, 0x1880, 0x9470, 0x734B, 0x41E5, 0x942D, 0xA4CF, 0xA46D, 0x942D,
  0x5A67, 0x20E1, 0x1060, 0x0880, 0x0840, 0x18C2, 0x4226, 0x52A9, 0x4A46, 0x31A5, 0x4205, 0x4AA8,
  0x4226, 0x2163, 0x4A46, 0x31A4, 0x2943, 0x3A26, 0x4206, 0x2984, 0x18C2, 0x10A2, 0x1080, 0x10C1,
  0x3164, 0x2984, 0x3164, 0x10C1, 0x18A1, 0x18E2, 0x18A2, 0x0881, 0x1081, 0x10A2, 0x1081, 0x0861,
  0x0840, 0x0020, 0x0020, 0x0020, 0x0000, 0x0020, 0x0000, 0x0020, 0x0000, 0x0020, 0x0000, 0x0020,
  0x0000, 0x0020, 0x0000, 0x0020, 0x0000, 0x0020, 0x0000, 0x0020, 0x0020, 0x0000, 0x0020, 0x0000,
  0x0020, 0x0000, 0x0020, 0x0000, 0x0020, 0x0000, 0x0020, 0x0000, 0x0020, 0x0000, 0x0020, 0x0000,
  0x734B, 0x4184, 0x39C6, 0x4A07, 0x4227, 0x4A47, 0x5288, 0x4A47, 0x5288, 0x5268, 0x4A27, 0x5227,
  0x5226, 0x4183, 0x5247, 0x7309, 0x5A46, 0x72E8, 0x62C8, 0x5A87, 0x62C8, 0x6AC8, 0x6B6B, 0x734B,
  0x5AC9, 0x62E9, 0x6B2A, 0x7329, 0x7BAC, 0x8BED, 0x6309, 0x7329, 0x62E9, 0x41A4, 0x18A1, 0x3123,
  0x942E, 0x9C2D, 0xA4B0, 0x836B, 0x1020, 0x41A5, 0x734A, 0x7309, 0x942D, 0xA46E, 0x630B, 0x1040,
  0x1081, 0x83CD, 0x5AA9, 0x1020, 0x7B6B, 0xACD0, 0x9C6E, 0x9C4D, 0x7BCD, 0x5A88, 0x39E6, 0x18C2,
  0x10A2, 0x3165, 0x4A68, 0x4227, 0x3A06, 0x4226, 0x3A26, 0x5288, 0x3A26, 0x39C4, 0x29A5, 0x2122,
  0x1923, 0x52C9, 0x29A5, 0x0840, 0x1082, 0x18C2, 0x2144, 0x3184, 0x31A5, 0x3184, 0x1903, 0x2102,
  0x1903, 0x1080, 0x0881, 0x0861, 0x0881, 0x1082, 0x08A2, 0x0840, 0x0041, 0x0000, 0x0020, 0x0000,
  0x0020, 0x0000, 0x0020, 0x0000, 0x0020, 0x0000, 0x0020, 0x0000, 0x0020, 0x0000, 0x0020, 0x0000,
  0x0020, 0x0000, 0x0020, 0x0000, 0x0000, 0x0020, 0x0000, 0x0020, 0x0000, 0x0020, 0x0000, 0x0020,
  0x0000, 0x0020, 0x0000, 0x0020, 0x0000, 0x0020, 0x0000, 0x0020, 0x82E9, 0x6A67, 0x39A5, 0x39E6,
  0x39A5, 0x39C5, 0x5AA8, 0x5AC9, 0x5268, 0x4247, 0x4A47, 0x5288, 0x4A47, 0x4247, 0x5A87, 0x62E9,
  0x6B4A, 0x6B4B, 0x732A, 0x6B2A, 0x7B8B, 0x7BCC, 0x8BCC, 0x8C2D, 0x940C, 0x8C2D, 0x942D, 0x944E,
  0x9C0D, 0x9C4E, 0x93CB, 0x7309, 0x7B6B, 0x6B2A, 0x1082, 0x10C3, 0x8BEC, 0x9CAF, 0xACF0, 0x7B6B,
  0x0861, 0x0882, 0x62A8, 0x9CB0, 0xA4AF, 0x944E, 0x39A5, 0x2124, 0x1880, 0x738C, 0x4A07, 0x0020,
  0x62A7, 0xAD32, 0xA44D, 0x9C4E, 0x9C2D, 0x838B, 0x7B49, 0x62C8, 0x5246, 0x4205, 0x4A47, 0x31A5,
  0x39A4, 0x3A06, 0x4A67, 0x52E9, 0x4A47, 0x2143, 0x0860, 0x18E2, 0x39C4, 0x4A67, 0x2943, 0x0860,
  0x18C1, 0x2144, 0x41E5, 0x31C5, 0x39C5, 0x1902, 0x2102, 0x2964, 0x18C1, 0x18E2, 0x18C2, 0x1081,
  0x1081, 0x10C2, 0x0861, 0x0040, 0x0820, 0x0020, 0x0000, 0x0020, 0x0000, 0x0020, 0x0000, 0x0020,
  0x0000, 0x0020, 0x0000, 0x0020, 0x0000, 0x0020, 0x0000, 0x0020, 0x0000, 0x0020, 0x0000, 0x0020,
  0x0020, 0x0000, 0x0020, 0x0000, 0x0020, 0x0000, 0x0020, 0x0000, 0x0020, 0x0000, 0x0020, 0x0000,
  0x0020, 0x0000, 0x0020, 0x0000, 0x6226, 0x82E9, 0x3A07, 0x39C6, 0x4207, 0x4206, 0x4227, 0x5247,
  0x4227, 0x4A48, 0x52A9, 0x5AA9, 0x5AEA, 0x630A, 0x738C, 0x7B8C, 0x6B8C, 0x7BAC, 0x738C, 0x7B8C,
  0x83ED, 0x83CC, 0x8C0D, 0x8C0D, 0x944E, 0x940D, 0x8C0D, 0x940D, 0x942D, 0x9C2D, 0x83AC, 0x8BAB,
  0x944F, 0x49E5, 0x10C3, 0x2104, 0x83CC, 0x944E, 0x8C2E, 0x6287, 0x0041, 0x1082, 0x18C1, 0x5A88,
  0x9C90, 0x62A8, 0x2965, 0x3144, 0x18C1, 0x62C9, 0x39E7, 0x0840, 0x4A06, 0x9C8F, 0x9C6E, 0x9C4D,
  0x944E, 0x8BCC, 0x83ED, 0x7B8B, 0x738B, 0x5A87, 0x31A5, 0x39C5, 0x4227, 0x39E5, 0x4A88, 0x52C8,
  0x2123, 0x1060, 0x0040, 0x1081, 0x31E5, 0x39E5, 0x2144, 0x18C2, 0x18E2, 0x41E6, 0x2964, 0x2102,
  0x1923, 0x18E2, 0x1903, 0x1081, 0x10A1, 0x10A1, 0x10A2, 0x1081, 0x10C2, 0x1081, 0x0061, 0x0020,
  0x0041, 0x0020, 0x0020, 0x0000, 0x0020, 0x0000, 0x0020, 0x0000, 0x0020, 0x0000, 0x0020, 0x0000,
  0x0020, 0x0000, 0x0020, 0x0000, 0x0020, 0x0000, 0x0020, 0x0000, 0x0000, 0x0020, 0x0000, 0x0020,
  0x0000, 0x0020, 0x0000, 0x0020, 0x0000, 0x0020, 0x0000, 0x0020, 0x0000, 0x0020, 0x0000, 0x0020,
  0x59A3, 0x7AE8, 0x62A8, 0x4A47, 0x5267, 0x5288, 0x4A26, 0x4A68, 0x5267, 0x630A, 0x62E9, 0x738C,
  0x7BAC, 0x738B, 0x7BAC, 0x7BCD, 0x7B8B, 0x7BAC, 0x7B8B, 0x7BAC, 0x8BEC, 0x83CC, 0x8C0C, 0x8C2D,
  0x8BCC, 0x8BED, 0x940C, 0x944E, 0x9C2D, 0x8C0D, 0x940C, 0xACCF, 0x734B, 0x20E2, 0x20E1, 0x5AC9,
  0x940C, 0x940D, 0x8BEC, 0x83AB, 0x62A8, 0x3143, 0x18A0, 0x18C1, 0x838B, 0x3142, 0x20C0, 0x39A4,
  0x62C8, 0x5267, 0x3165, 0x3185, 0x49E5, 0x83ED, 0x93EB, 0x8C0C, 0x9C4D, 0x944D, 0x940C, 0x8BEC,
  0x8BCB, 0x7B8A, 0x4A05, 0x2943, 0x4226, 0x3A06, 0x2923, 0x2123, 0x20E2, 0x18E2, 0x2943, 0x39E6,
  0x39E5, 0x31C4, 0x39E6, 0x3A26, 0x41E6, 0x39E6, 0x20E2, 0x2964, 0x18A1, 0x10C2, 0x18C1, 0x18E2,
  0x1081, 0x10A1, 0x0861, 0x0882, 0x1081, 0x0881, 0x0840, 0x0040, 0x0840, 0x0840, 0x0820, 0x0020,
  0x0000, 0x0020, 0x0000, 0x0020, 0x0000, 0x0020, 0x0000, 0x0020, 0x0000, 0x0020, 0x0000, 0x0020,
  0x0000, 0x0020, 0x0000, 0x0020, 0x0020, 0x0000, 0x0020, 0x0000, 0x0020, 0x0000, 0x0020, 0x0000,
  0x0020, 0x0000, 0x0020, 0x0000, 0x0020, 0x0000, 0x0020, 0x0000, 0x5183, 0x6A46, 0x5AC9, 0x5227,
  0x5288, 0x5288, 0x4A68, 0x5288, 0x5AC9, 0x736C, 0x630A, 0x62E9, 0x6B6B, 0x734B, 0x738C, 0x7B8C,
  0x738C, 0x83CC, 0x840D, 0x8BEC, 0x840D, 0x8C0D, 0x7BAC, 0x83CC, 0x83CD, 0x8BED, 0x942E, 0x93ED,
  0x8C0D, 0x9C6E, 0x9C6E, 0x9C2D, 0x630B, 0x39A5, 0x5AA9, 0x8BEE, 0x7B8B, 0x8BAC, 0x83CC, 0x8BCC,
  0x7BAC, 0x734B, 0x5AA9, 0x5A89, 0x83CD, 0x732A, 0x62E9, 0x7B6B, 0x7BAC, 0x49E5, 0x10C3, 0x18C3,
  0x5A88, 0x942E, 0x8C0D, 0x93EC, 0x8C0D, 0x93EC, 0x942E, 0x940D, 0x83ED, 0x7B6A, 0x630A, 0x39C4,
  0x10C2, 0x10A1, 0x10A2, 0x18E2, 0x2123, 0x2943, 0x2964, 0x39C5, 0x2963, 0x4226, 0x29A5, 0x2143,
  0x39E6, 0x2964, 0x2964, 0x18A1, 0x10C2, 0x20E2, 0x2123, 0x20E2, 0x18E3, 0x0861, 0x0862, 0x0840,
  0x0041, 0x0820, 0x0061, 0x0861, 0x0861, 0x0840, 0x0041, 0x0820, 0x0020, 0x0000, 0x0020, 0x0000,
  0x0020, 0x0000, 0x0020, 0x0000, 0x0020, 0x0000, 0x0020, 0x0000, 0x0020, 0x0000, 0x0020, 0x0000,
  0x0000, 0x0020, 0x0000, 0x0020, 0x0000, 0x0020, 0x0000, 0x0020, 0x0000, 0x0020, 0x0000, 0x0020,
  0x0000, 0x0020, 0x0000, 0x0020, 0x5183, 0x51E5, 0x5A46, 0x5226, 0x5267, 0x5ACA, 0x5AC9, 0x5AC9,
  0x62C9, 0x632A, 0x734B, 0x6B4B, 0x734A, 0x6B4B, 0x7BAB, 0x83ED, 0x83EC, 0x840D, 0x83CB, 0x7BAB,
  0x7329, 0x736A, 0x83AB, 0x942D, 0x9C6E, 0x946E, 0x942D, 0x942E, 0x940C, 0x944D, 0x8BEC, 0x8BEC,
  0x93EC, 0x940D, 0x9C0D, 0x8BEC, 0x8BCC, 0x8BEC, 0x8BAB, 0x83AB, 0x836A, 0x7B4A, 0x836A, 0x8BEC,
  0x93EC, 0x8BEC, 0x836A, 0x7B6A, 0x8BEC, 0x4A26, 0x3143, 0x39A5, 0x7B6A, 0x83EC, 0x8BCB, 0x8BEC,
  0x940C, 0x9C6E, 0x9C4D, 0x944E, 0x9C2D, 0x8BEC, 0x83AB, 0x7B8B, 0x5246, 0x20E1, 0x20E1, 0x31A5,
  0x20E2, 0x10C2, 0x2122, 0x31A5, 0x3164, 0x2143, 0x18A2, 0x1903, 0x18E1, 0x2984, 0x2102, 0x10A1,
  0x18C1, 0x2123, 0x2102, 0x18E2, 0x18C2, 0x10A2, 0x1060, 0x0020, 0x0800, 0x0861, 0x18C1, 0x10C2,
  0x1081, 0x0861, 0x0840, 0x0840, 0x0000, 0x0020, 0x0000, 0x0020, 0x0000, 0x0020, 0x0000, 0x0020,
  0x0000, 0x0020, 0x0000, 0x0020, 0x0000, 0x0020, 0x0000, 0x0020, 0x0020, 0x0000, 0x0020, 0x0000,
  0x0020, 0x0000, 0x0020, 0x0000, 0x0020, 0x0000, 0x0020, 0x0000, 0x0020, 0x0000, 0x0020, 0x0000,
  0x4163, 0x5183, 0x5AA8, 0x6288, 0x52A9, 0x5AC9, 0x5ACA, 0x5AA9, 0x52A9, 0x62EA, 0x6B6C, 0x6B4B,
  0x6B4B, 0x7B8C, 0x7BCC, 0x7B8B, 0x738B, 0x7B8B, 0x738B, 0x736A, 0x736B, 0x7B6A, 0x7B8C, 0x8BCC,
  0x8C0D, 0x8BED, 0x8C0D, 0x8BED, 0x7BAC, 0x83AB, 0x8BED, 0x83CC, 0x83CC, 0x93ED, 0x8BEC, 0x8BAB,
  0x83CC, 0x93EC, 0x83CC, 0x838B, 0x7B6B, 0x836A, 0x7B8B, 0x8BCB, 0x8C0D, 0x8BCC, 0x83CC, 0x8BAB,
  0x7BAC, 0x5A67, 0x738C, 0x5288, 0x7B8B, 0x8BCC, 0x838B, 0x838A, 0x83CC, 0x8BCC, 0x8BCC, 0x8BCC,
  0x8BCC, 0x8BCC, 0x83EC, 0x8BCC, 0x7BAC, 0x62A8, 0x4A68, 0x2943, 0x0040, 0x2103, 0x2985, 0x2123,
  0x10C2, 0x1080, 0x0861, 0x18A2, 0x2144, 0x2123, 0x10A1, 0x18E2, 0x1923, 0x2102, 0x10C2, 0x1081,
  0x0861, 0x1061, 0x0861, 0x1081, 0x0020, 0x18A2, 0x18E2, 0x10A1, 0x0861, 0x0841, 0x0861, 0x0841,
  0x0020, 0x0000, 0x0020, 0x0000, 0x0020, 0x0000, 0x0020, 0x0000, 0x0020, 0x0000, 0x0020, 0x0000,
  0x0020, 0x0000, 0x0020, 0x0000, 0x0000, 0x0020, 0x0000, 0x0020, 0x0000, 0x0020, 0x0000, 0x0020,
  0x0000, 0x0020, 0x0000, 0x0020, 0x0000, 0x0020, 0x0000, 0x0020, 0x4184, 0x41A5, 0x3164, 0x4A68,
  0x6B0A, 0x6B2A, 0x6B2A, 0x5AE9, 0x736A, 0x7BAC, 0x83AB, 0x7BAC, 0x7B8B, 0x7BAC, 0x8C0C, 0x736A,
  0x734A, 0x83EC, 0x8BEC, 0x8C0D, 0x8BCC, 0x83CC, 0x940D, 0x83EC, 0x7329, 0x736A, 0x83AB, 0x83CC,
  0x838B, 0x83AC, 0x83AB, 0x8C0D, 0x940C, 0x8C0D, 0x93CC, 0x8BCC, 0x8BCC, 0x7B6A, 0x8BAC, 0x83AB,
  0x838B, 0x8BED, 0x93EC, 0x8BEC, 0x8BCC, 0x8BCC, 0x8BAB, 0x8BCC, 0x7B2A, 0x5A67, 0x7329, 0x62A8,
  0x7329, 0x83EC, 0x8BAB, 0x8BCC, 0x8BCB, 0x7B6A, 0x8BCB, 0x83AB, 0x8BAB, 0x83AB, 0x838A, 0x7349,
  0x836A, 0x83AB, 0x7329, 0x62E8, 0x39A4, 0x2943, 0x1060, 0x0880, 0x0841, 0x0861, 0x0840, 0x10A2,
  0x3184, 0x2984, 0x18E1, 0x18E2, 0x20E2, 0x18C2, 0x1081, 0x0861, 0x1060, 0x0861, 0x18A1, 0x1081,
  0x18A1, 0x10A1, 0x1880, 0x18C1, 0x1081, 0x0881, 0x1081, 0x0881, 0x0000, 0x0020, 0x0000, 0x0020,
  0x0000, 0x0020, 0x0000, 0x0020, 0x0000, 0x0020, 0x0000, 0x0020, 0x0000, 0x0020, 0x0000, 0x0020,
  0x0020, 0x0000, 0x0020, 0x0000, 0x0020, 0x0000, 0x0020, 0x0000, 0x0020, 0x0000, 0x0020, 0x0000,
  0x0020, 0x0000, 0x0020, 0x0000, 0x3164, 0x2081, 0x1081, 0x41C6, 0x7BED, 0x7B8C, 0x7BED, 0x7BAC,
  0x738C, 0x7B8B, 0x736B, 0x83AC, 0x83ED, 0x83CC, 0x7BCC, 0x732A, 0x6B4A, 0x7B6B, 0x6B2A, 0x7B6B,
  0x83AC, 0x8BED, 0x83AC, 0x7B4A, 0x5AA8, 0x732A, 0x7BAC, 0x7B8B, 0x83CC, 0x8BEC, 0x83ED, 0x8BED,
  0x8C0D, 0x8BEC, 0x83CC, 0x72E9, 0x6B09, 0x838B, 0x83CC, 0x8BAC, 0x838C, 0x838B, 0x83AC, 0x8BAC,
  0x838C, 0x836B, 0x7B8B, 0x836B, 0x7B6B, 0x836B, 0x7BAC, 0x7B4A, 0x7B8B, 0x940D, 0x7B6B, 0x7B29,
  0x8C0D, 0x8BEC, 0x83AB, 0x93EC, 0x8C0D, 0x940D, 0x8C0D, 0x8BCC, 0x83AB, 0x838B, 0x734A, 0x6B09,
  0x5268, 0x4A27, 0x2103, 0x1081, 0x0041, 0x1061, 0x0861, 0x20E3, 0x2123, 0x2964, 0x31A5, 0x2102,
  0x0861, 0x1061, 0x0041, 0x0840, 0x0841, 0x1081, 0x18E2, 0x18A1, 0x1081, 0x1081, 0x2103, 0x18C1,
  0x10A2, 0x1061, 0x0882, 0x0861, 0x0020, 0x0000, 0x0020, 0x0000, 0x0020, 0x0000, 0x0020, 0x0000,
  0x0020, 0x0000, 0x0020, 0x0000, 0x0020, 0x0000, 0x0020, 0x0000, 0x0000, 0x0020, 0x0000, 0x0020,
  0x0000, 0x0020, 0x0000, 0x0020, 0x0000, 0x0020, 0x0000, 0x0020, 0x0000, 0x0020, 0x0000, 0x0020,
  0x4207, 0x0861, 0x1061, 0x2125, 0x62EA, 0x5AEA, 0x6AE8, 0x6309, 0x83AB, 0x7BAB, 0x83CB, 0x7BAC,
  0x83CB, 0x83EC, 0x83AB, 0x6B2A, 0x6B09, 0x7BAB, 0x83CB, 0x7BAB, 0x62C8, 0x734A, 0x836B, 0x83AC,
  0x8BCC, 0x83AC, 0x838B, 0x83CC, 0x8BCC, 0x8C0D, 0x93EC, 0x8BED, 0x836A, 0x734A, 0x838A, 0x7B4A,
  0x72C7, 0x6AE8, 0x7B4A, 0x7B6B, 0x836A, 0x83AC, 0x836A, 0x7B6A, 0x836A, 0x838B, 0x8BAB, 0x8BCC,
  0x8BCC, 0x8BCC, 0x8BCC, 0x8BEC, 0x8BCB, 0x7B8B, 0x836A, 0x6B09, 0x8B8B, 0x838B, 0x836A, 0x8BCC,
  0x838B, 0x83AB, 0x8BCB, 0x940D, 0x940C, 0x83AB, 0x940C, 0x83AB, 0x5246, 0x4A05, 0x41A4, 0x2943,
  0x28E2, 0x20E2, 0x20C1, 0x20E2, 0x2902, 0x18C1, 0x1060, 0x0861, 0x1040, 0x1081, 0x1880, 0x20E2,
  0x2902, 0x10A1, 0x20C2, 0x2944, 0x2922, 0x2102, 0x20E2, 0x18E2, 0x2102, 0x18C2, 0x18A1, 0x10A2,
  0x0000, 0x0020, 0x0000, 0x0020, 0x0000, 0x0020, 0x0000, 0x0020, 0x0000, 0x0020, 0x0000, 0x0020,
  0x0000, 0x0020, 0x0000, 0x0020, 0x0020, 0x0000, 0x0020, 0x0000, 0x0020, 0x0000, 0x0020, 0x0000,
  0x0020, 0x0000, 0x0020, 0x0000, 0x0020, 0x0000, 0x0020, 0x0000, 0x4249, 0x0840, 0x0862, 0x1082,
  0x10A1, 0x5AC9, 0x738C, 0x62C8, 0x6B2A, 0x7B6B, 0x738B, 0x7B8B, 0x840D, 0x8BED, 0x83CC, 0x83AB,
  0x83ED, 0x7B8B, 0x736A, 0x734A, 0x5AA8, 0x62A8, 0x838C, 0x940D, 0x7B8B, 0x7B6A, 0x83CD, 0x8BCC,
  0x8BED, 0x8BEC, 0x8C0D, 0x942E, 0x8C0D, 0x836B, 0x838B, 0x8BCC, 0x7B6A, 0x7309, 0x838C, 0x838B,
  0x83AC, 0x8BCC, 0x7B6B, 0x7B6A, 0x734A, 0x838B, 0x83AC, 0x8BAC, 0x8BCD, 0x8BCC, 0x8BED, 0x7B2A,
  0x7B6A, 0x838B, 0x83AC, 0x8BEC, 0x83AC, 0x836A, 0x6AE9, 0x6AC8, 0x6AE9, 0x7B2A, 0x8C0D, 0x93EC,
  0x8BEC, 0x8BEC, 0x8BED, 0x8BCC, 0x5AA8, 0x5206, 0x5247, 0x41A5, 0x3185, 0x3964, 0x3185, 0x3143,
  0x3185, 0x3164, 0x18E3, 0x18C2, 0x20E3, 0x39A5, 0x39C5, 0x3184, 0x3185, 0x18A1, 0x2123, 0x3164,
  0x2123, 0x2923, 0x18E2, 0x18A1, 0x18E3, 0x20E2, 0x18C3, 0x1081, 0x0020, 0x0000, 0x0020, 0x0000,
  0x0020, 0x0000, 0x0020, 0x0000, 0x0020, 0x0000, 0x0020, 0x0000, 0x0020, 0x0000, 0x0020, 0x0000,
  0x0000, 0x0020, 0x0000, 0x0020, 0x0000, 0x0020, 0x0000, 0x0020, 0x0000, 0x0020, 0x0000, 0x0020,
  0x0000, 0x0020, 0x0000, 0x0020, 0x1082, 0x0861, 0x1082, 0x10A3, 0x10A2, 0x4A69, 0x942D, 0x8C4E,
  0x8C0D, 0x840D, 0x8BEC, 0x8C0D, 0x8C0D, 0x83EC, 0x83CC, 0x83EC, 0x8BCC, 0x83CC, 0x838B, 0x734A,
  0x7349, 0x83EC, 0x940D, 0x83CC, 0x836A, 0x7B8B, 0x8BEC, 0x8C0D, 0x940D, 0x8C0C, 0x942D, 0x8C0D,
  0x8BCC, 0x83AC, 0x8BAB, 0x83AB, 0x838B, 0x7B6A, 0x8BAB, 0x83AB, 0x8B8B, 0x83AC, 0x836A, 0x7B6B,
  0x7B2A, 0x83AB, 0x8BCC, 0x83AC, 0x8BCC, 0x8BED, 0x8BAB, 0x83AB, 0x838A, 0x83AB, 0x8BCB, 0x940D,
  0x940C, 0x7329, 0x6AA7, 0x6AC8, 0x72E8, 0x7B4A, 0x8369, 0x7329, 0x838A, 0x940D, 0x93EC, 0x83AB,
  0x7B6A, 0x62E8, 0x5A46, 0x5267, 0x4A04, 0x4A24, 0x49E4, 0x3983, 0x41A4, 0x41E5, 0x3963, 0x3184,
  0x3963, 0x41E6, 0x4A06, 0x3184, 0x2923, 0x2964, 0x2943, 0x2102, 0x2922, 0x31A5, 0x3984, 0x2964,
  0x3143, 0x2964, 0x2903, 0x18C2, 0x0000, 0x0020, 0x0000, 0x0020, 0x0000, 0x0020, 0x0000, 0x0020,
  0x0000, 0x0020, 0x0000, 0x0020, 0x0000, 0x0020, 0x0000, 0x0020, 0x0020, 0x0000, 0x0020, 0x0000,
  0x0020, 0x0000, 0x0020, 0x0000, 0x0020, 0x0000, 0x0020, 0x0000, 0x0020, 0x0000, 0x0020, 0x0000,
  0x0862, 0x1061, 0x0882, 0x10A3, 0x10E3, 0x2124, 0x7BAC, 0x83ED, 0x83CC, 0x8BED, 0x944E, 0x942E,
  0x840D, 0x83EC, 0x83ED, 0x8BED, 0x83ED, 0x8C0D, 0x8C2E, 0x8BEC, 0x7B8B, 0x838B, 0x7B8B, 0x83AB,
  0x83ED, 0x940D, 0x944E, 0x944E, 0x8C2E, 0x940D, 0x942E, 0x8BED, 0x83CC, 0x836B, 0x7B8B, 0x8BCC,
  0x83AC, 0x838B, 0x838B, 0x838B, 0x7B8B, 0x7B2A, 0x6AE9, 0x6AC8, 0x6B09, 0x7B2A, 0x83CC, 0x8BCC,
  0x83AC, 0x838B, 0x7B8B, 0x8BAB, 0x83CC, 0x838A, 0x83AB, 0x93EC, 0x940D, 0x72E8, 0x62A7, 0x6AA7,
  0x6AE8, 0x72E8, 0x5A66, 0x6A87, 0x6B09, 0x7B29, 0x734A, 0x7B4A, 0x62E9, 0x49E5, 0x41E5, 0x4A06,
  0x41E4, 0x4A04, 0x41E5, 0x3983, 0x3143, 0x3964, 0x3185, 0x41E6, 0x41E6, 0x41E6, 0x39E6, 0x3184,
  0x2985, 0x3184, 0x39C6, 0x3164, 0x2964, 0x3184, 0x31A5, 0x39C5, 0x2944, 0x20E2, 0x2103, 0x18C2,
  0x0020, 0x0000, 0x0020, 0x0000, 0x0020, 0x0000, 0x0020, 0x0000, 0x0020, 0x0000, 0x0020, 0x0000,
  0x0020, 0x0000, 0x0020, 0x0000, 0x0000, 0x0020, 0x0000, 0x0020, 0x0000, 0x0020, 0x0000, 0x0020,
  0x0000, 0x0020, 0x0000, 0x0020, 0x0000, 0x0020, 0x0000, 0x0020, 0x10A2, 0x10A2, 0x1081, 0x10A2,
  0x1880, 0x39C5, 0x83AB, 0x736A, 0x83CC, 0x8C2D, 0x942D, 0x8C2D, 0x8BEC, 0x8C0D, 0x8BEC, 0x8C2D,
  0x942D, 0x942D, 0x93ED, 0x8C0D, 0x93EC, 0x940D, 0x838A, 0x83EC, 0x940D, 0x8C0D, 0x83AB, 0x7B8B,
  0x940C, 0x942D, 0x940D, 0x8BCC, 0x940C, 0x8C0D, 0x8BAB, 0x8BEC, 0x8BCC, 0x8BEC, 0x836A, 0x7B6A,
  0x8BAB, 0x734A, 0x72E8, 0x734A, 0x7308, 0x7B4A, 0x836A, 0x83AB, 0x8BCC, 0x8BEC, 0x8BCB, 0x8BCC,
  0x836A, 0x83AB, 0x93CC, 0x83AB, 0x8B8B, 0x838A, 0x7B29, 0x6AE8, 0x6266, 0x7329, 0x72E8, 0x5A66,
  0x62A7, 0x5246, 0x5246, 0x5246, 0x5246, 0x5A88, 0x5A87, 0x5267, 0x4A25, 0x31A3, 0x3163, 0x2102,
  0x2902, 0x3144, 0x4A27, 0x5288, 0x4206, 0x4206, 0x39C5, 0x31A5, 0x3984, 0x3164, 0x41E6, 0x39C5,
  0x39A4, 0x41E6, 0x2943, 0x2964, 0x39C5, 0x2964, 0x2903, 0x2103, 0x0000, 0x0020, 0x0000, 0x0020,
  0x0000, 0x0020, 0x0000, 0x0020, 0x0000, 0x0020, 0x0000, 0x0020, 0x0000, 0x0020, 0x0000, 0x0020,
  0x0020, 0x0000, 0x0020, 0x0000, 0x0020, 0x0000, 0x0020, 0x0000, 0x0020, 0x0000, 0x0020, 0x0000,
  0x0020, 0x0000, 0x0020, 0x0000, 0x10C3, 0x18E3, 0x2145, 0x3185, 0x4247, 0x7B8C, 0x7BCC, 0x7BAB,
  0x83ED, 0x8BED, 0x83CD, 0x838B, 0x83CC, 0x8BCC, 0x83ED, 0x8BEC, 0x8BED, 0x8BED, 0x8BCD, 0x9C2E,
  0x942D, 0x93ED, 0x83AC, 0x7B4A, 0x942E, 0x942E, 0x83ED, 0x83AB, 0x8C0D, 0x8BCC, 0x8BCC, 0x8BCC,
  0x7B6B, 0x8BAC, 0x83AC, 0x8BCC, 0x8C0D, 0x8BEC, 0x83AC, 0x836A, 0x7B4A, 0x6AE8, 0x62C8, 0x7B2A,
  0x6B09, 0x6AE8, 0x7B4A, 0x838B, 0x7B6A, 0x7B6A, 0x83CC, 0x838A, 0x6B08, 0x7B29, 0x734A, 0x8BCC,
  0x6B09, 0x72E8, 0x6AE8, 0x6287, 0x6AC8, 0x6AA7, 0x5A66, 0x5204, 0x62C8, 0x5A66, 0x5288, 0x62A8,
  0x5AA8, 0x62E9, 0x5AA8, 0x5246, 0x4A46, 0x4A25, 0x2943, 0x2922, 0x2923, 0x3143, 0x31A5, 0x3164,
  0x3184, 0x39A4, 0x3185, 0x3185, 0x31A5, 0x39C5, 0x2944, 0x2902, 0x2123, 0x2902, 0x2123, 0x3184,
  0x39E6, 0x2923, 0x2103, 0x18A1, 0x0020, 0x0000, 0x0020, 0x0000, 0x0020, 0x0000, 0x0020, 0x0000,
  0x0020, 0x0000, 0x0020, 0x0000, 0x0020, 0x0000, 0x0020, 0x0000, 0x0000, 0x0020, 0x0000, 0x0020,
  0x0000, 0x0020, 0x0000, 0x0020, 0x0000, 0x0020, 0x0000, 0x0020, 0x0000, 0x0020, 0x0000, 0x0020,
  0x5246, 0x5AC9, 0x6B29, 0x7BAB, 0x83CC, 0x7BCC, 0x83CB, 0x840D, 0x8BEC, 0x840D, 0x8BEC, 0x7BAC,
  0x8BCC, 0x83CC, 0x8BCC, 0x8BED, 0x8BEC, 0x8C0D, 0x940D, 0x8C0D, 0x836A, 0x7B4A, 0x7B49, 0x7B6A,
  0x8BCB, 0x83AB, 0x7B6A, 0x8BEC, 0x8BCB, 0x8C0C, 0x8BAB, 0x83CB, 0x838A, 0x83CB, 0x93EC, 0x8BCC,
  0x8BCB, 0x8BEC, 0x838A, 0x7B6A, 0x6AC7, 0x6AC8, 0x7329, 0x732A, 0x7B29, 0x83AB, 0x836A, 0x7309,
  0x5A45, 0x5205, 0x6AC7, 0x83CB, 0x7B08, 0x6287, 0x6286, 0x83AB, 0x8B8A, 0x7B6A, 0x7B49, 0x7B4A,
  0x7B29, 0x7308, 0x72E8, 0x6AE8, 0x6AE8, 0x734A, 0x6B09, 0x6B09, 0x62C8, 0x5AC8, 0x5AA7, 0x5267,
  0x49E5, 0x4A46, 0x41C4, 0x3184, 0x3984, 0x3184, 0x3163, 0x39C5, 0x2923, 0x2923, 0x3143, 0x2102,
  0x2902, 0x2943, 0x3143, 0x20E2, 0x2902, 0x2102, 0x2902, 0x31A5, 0x3984, 0x2123, 0x2902, 0x20E2,
  0x0000, 0x0020, 0x0000, 0x0020, 0x0000, 0x0020, 0x0000, 0x0020, 0x0000, 0x0020, 0x0000, 0x0020,
  0x0000, 0x0020, 0x0000, 0x0020, 0x0020, 0x0000, 0x0020, 0x0000, 0x0020, 0x0000, 0x0020, 0x0000,
  0x0020, 0x0000, 0x0020, 0x0000, 0x0020, 0x0000, 0x0020, 0x0000, 0x6B4B, 0x732A, 0x73AC, 0x7BAB,
  0x7B8B, 0x83AB, 0x7BCC, 0x8BED, 0x840D, 0x8BEC, 0x83ED, 0x8BEC, 0x8BED, 0x8BEC, 0x8BED, 0x8BEC,
  0x83CC, 0x8BCC, 0x7B4A, 0x72E8, 0x6B09, 0x6AC8, 0x732A, 0x7B4A, 0x7B8B, 0x8BAB, 0x734A, 0x7B6A,
  0x734A, 0x6AC8, 0x7B4A, 0x8BAB, 0x83AB, 0x8BCC, 0x8BED, 0x8BCC, 0x8BED, 0x8BCC, 0x83AC, 0x83AB,
  0x838B, 0x8BAB, 0x732A, 0x5A46, 0x6AE9, 0x7B4A, 0x7B4A, 0x6287, 0x6AC8, 0x838B, 0x83AB, 0x7B4A,
  0x734A, 0x8B8B, 0x7329, 0x7B29, 0x838B, 0x836A, 0x7B6A, 0x7B4A, 0x8BCC, 0x7B49, 0x6AE9, 0x6AE8,
  0x6B09, 0x7329, 0x5287, 0x4A05, 0x5AA8, 0x6B09, 0x736B, 0x734A, 0x6B4B, 0x6AE9, 0x4A47, 0x41E5,
  0x3185, 0x39A5, 0x31A5, 0x3144, 0x2103, 0x20E2, 0x2963, 0x5A88, 0x2923, 0x3143, 0x3184, 0x2943,
  0x39A5, 0x3164, 0x2103, 0x3144, 0x3185, 0x2923, 0x20E3, 0x20E2, 0x0020, 0x0000, 0x0020, 0x0000,
  0x0020, 0x0000, 0x0020, 0x0000, 0x0020, 0x0000, 0x0020, 0x0000, 0x0020, 0x0000, 0x0020, 0x0000,
  0x0000, 0x0020, 0x0000, 0x0020, 0x0000, 0x0020, 0x0000, 0x0020, 0x0000, 0x0020, 0x0000, 0x0020,
  0x0000, 0x0020, 0x0000, 0x0020, 0x7329, 0x6B2A, 0x7B8B, 0x7BAB, 0x83AB, 0x7BCC, 0x83AB, 0x7BAC,
  0x83AB, 0x83EC, 0x83CC, 0x83EC, 0x838B, 0x83CC, 0x838B, 0x83AC, 0x7308, 0x62C8, 0x6AC8, 0x6AE8,
  0x7B6A, 0x6B08, 0x7308, 0x6B29, 0x836A, 0x838B, 0x8BAB, 0x734A, 0x838A, 0x83AB, 0x6AC8, 0x7329,
  0x8BAB, 0x83AB, 0x8BAB, 0x8BEC, 0x8BCC, 0x83CC, 0x8BCC, 0x83AB, 0x838A, 0x838B, 0x836A, 0x7B8B,
  0x8BCB, 0x8BCC, 0x8BCB, 0x62C8, 0x5A45, 0x6B29, 0x836A, 0x838B, 0x7B49, 0x7329, 0x836A, 0x8BEC,
  0x8B8A, 0x838B, 0x7B29, 0x5225, 0x7B49, 0x7B6A, 0x5225, 0x6AE8, 0x72E8, 0x6B09, 0x6AE8, 0x5AA7,
  0x5A86, 0x5AC8, 0x6B09, 0x738B, 0x7B8A, 0x736A, 0x62C8, 0x4A05, 0x49E5, 0x4A46, 0x41C4, 0x4206,
  0x2902, 0x2102, 0x3943, 0x62C8, 0x3983, 0x2922, 0x3163, 0x2943, 0x2902, 0x2923, 0x3163, 0x31A4,
  0x3143, 0x2123, 0x20E2, 0x20E2, 0x0000, 0x0020, 0x0000, 0x0020, 0x0000, 0x0020, 0x0000, 0x0020,
  0x0000, 0x0020, 0x0000, 0x0020, 0x0000, 0x0020, 0x0000, 0x0020, 0x0020, 0x0000, 0x0020, 0x0000,
  0x0020, 0x0000, 0x0020, 0x0000, 0x0020, 0x0000, 0x0020, 0x0000, 0x0020, 0x0000, 0x0020, 0x0000,
  0x6B2A, 0x736A, 0x736B, 0x7B6B, 0x738B, 0x736B, 0x738B, 0x7BAB, 0x7BAC, 0x7B6B, 0x738B, 0x7B8B,
  0x7B8B, 0x838B, 0x734A, 0x7B4A, 0x6B2A, 0x6AE8, 0x732A, 0x7B4A, 0x83CC, 0x7B6A, 0x736A, 0x8C0D,
  0x940D, 0x8BCC, 0x83AC, 0x940D, 0x83AB, 0x940C, 0x8C0D, 0x8BCC, 0x7B8B, 0x838B, 0x8BED, 0x838B,
  0x7B6B, 0x7B29, 0x7329, 0x836B, 0x83AC, 0x836A, 0x8BCC, 0x8BCC, 0x83AC, 0x838B, 0x7B6B, 0x62A7,
  0x5266, 0x62A7, 0x7B4A, 0x838A, 0x838B, 0x7309, 0x734A, 0x838B, 0x7329, 0x7B09, 0x8BCC, 0x7B29,
  0x6AE8, 0x7B4A, 0x7B8B, 0x838B, 0x732A, 0x6AC8, 0x62E9, 0x7B6B, 0x6309, 0x4A05, 0x5266, 0x7329,
  0x6B4A, 0x6B09, 0x62E9, 0x732A, 0x62EA, 0x5226, 0x5267, 0x4A06, 0x2944, 0x39A5, 0x3984, 0x3122,
  0x2923, 0x3122, 0x3164, 0x2922, 0x20E2, 0x2923, 0x2984, 0x2943, 0x2964, 0x2923, 0x2103, 0x18C2,
  0x0020, 0x0000, 0x0020, 0x0000, 0x0020, 0x0000, 0x0020, 0x0000, 0x0020, 0x0000, 0x0020, 0x0000,
  0x0020, 0x0000, 0x0020, 0x0000, 0x0000, 0x0020, 0x0000, 0x0020, 0x0000, 0x0020, 0x0000, 0x0020,
  0x0000, 0x0020, 0x0000, 0x0020, 0x0000, 0x0020, 0x0000, 0x0020, 0x7B8B, 0x736B, 0x7B6A, 0x738B,
  0x734A, 0x7BAB, 0x838B, 0x83AC, 0x8BEC, 0x83CB, 0x838B, 0x83CC, 0x7B4A, 0x6B09, 0x6AE8, 0x734A,
  0x7B6A, 0x7B8B, 0x838A, 0x8BEC, 0x7B6A, 0x736A, 0x7B4A, 0x7BAB, 0x93EC, 0x942D, 0x7329, 0x7329,
  0x93EC, 0x83AB, 0x8BAB, 0x8BCC, 0x8BCB, 0x8BCC, 0x7B49, 0x6B09, 0x836A, 0x7B6A, 0x7B29, 0x7B6A,
  0x8BCC, 0x8BEC, 0x8BCC, 0x8BEC, 0x8BCB, 0x838B, 0x836A, 0x83AB, 0x7B49, 0x7B6A, 0x838A, 0x838B,
  0x93EC, 0x7B6A, 0x7B49, 0x7B6A, 0x836A, 0x83AB, 0x93EB, 0x7B49, 0x6AA7, 0x5A86, 0x7B29, 0x838A,
  0x8BAB, 0x7329, 0x836A, 0x8BCC, 0x8BAB, 0x7329, 0x62A7, 0x6B09, 0x7B4A, 0x6B09, 0x5AA7, 0x5287,
  0x5286, 0x4A66, 0x4A65, 0x4225, 0x41A3, 0x5266, 0x730A, 0x5A67, 0x3143, 0x3184, 0x3142, 0x3163,
  0x39A4, 0x3184, 0x2922, 0x2963, 0x3143, 0x18E2, 0x20E2, 0x18C2, 0x0000, 0x0020, 0x0000, 0x0020,
  0x0000, 0x0020, 0x0000, 0x0020, 0x0000, 0x0020, 0x0000, 0x0020, 0x0000, 0x0020, 0x0000, 0x0020,
  0x0020, 0x0000, 0x0020, 0x0000, 0x0020, 0x0000, 0x0020, 0x0000, 0x0020, 0x0000, 0x0020, 0x0000,
  0x0020, 0x0000, 0x0020, 0x0000, 0x736B, 0x6B09, 0x6309, 0x736B, 0x6B4A, 0x6B09, 0x734A, 0x732A,
  0x734A, 0x83CC, 0x7B8B, 0x838B, 0x7B8B, 0x734A, 0x7B8B, 0x83CC, 0x7BAB, 0x7B8B, 0x7BAB, 0x8C0C,
  0x83CC, 0x7B8B, 0x7BAC, 0x83AB, 0x83CC, 0x8BCC, 0x7B8B, 0x7B6A, 0x8BED, 0x836A, 0x83AB, 0x940D,
  0x8BED, 0x836A, 0x7B8B, 0x838B, 0x8BCC, 0x8BCB, 0x83CC, 0x836B, 0x83AC, 0x838B, 0x7B6A, 0x83AB,
  0x83CC, 0x8BAC, 0x7B6A, 0x836A, 0x83AB, 0x83AB, 0x7B8B, 0x8BAB, 0x7B6A, 0x7B49, 0x7B6A, 0x836A,
  0x83AB, 0x838B, 0x83CC, 0x7B29, 0x7B6A, 0x72E8, 0x62A7, 0x72C8, 0x838B, 0x836A, 0x838B, 0x8BAB,
  0x7B6B, 0x6AC8, 0x62E9, 0x732A, 0x62C8, 0x6287, 0x4A46, 0x39A3, 0x39E4, 0x39A3, 0x31C3, 0x31A3,
  0x41E5, 0x3963, 0x3984, 0x4184, 0x3185, 0x3164, 0x2964, 0x3984, 0x41E6, 0x3163, 0x2943, 0x3984,
  0x2123, 0x3143, 0x2944, 0x18A1, 0x0020, 0x0000, 0x0020, 0x0000, 0x0020, 0x0000, 0x0020, 0x0000,
  0x0020, 0x0000, 0x0020, 0x0000, 0x0020, 0x0000, 0x0020, 0x0000, 0x0000, 0x0020, 0x0000, 0x0020,
  0x0000, 0x0020, 0x0000, 0x0020, 0x0000, 0x0020, 0x0000, 0x0020, 0x0000, 0x0020, 0x0000, 0x0020,
  0x6B0A, 0x6B4B, 0x734A, 0x736B, 0x6B09, 0x6B4A, 0x734A, 0x6B4A, 0x7B8A, 0x7BAB, 0x8BEC, 0x83CB,
  0x836A, 0x7B6A, 0x7B6A, 0x7BAB, 0x7B4A, 0x736A, 0x8BCB, 0x940D, 0x940C, 0x7B8A, 0x7B6A, 0x83CC,
  0x8BCB, 0x7B6A, 0x83AB, 0x8C0C, 0x838A, 0x7B6A, 0x8BCB, 0x940D, 0x93EC, 0x7309, 0x7B29, 0x83AB,
  0x93EC, 0x83CB, 0x8BAB, 0x7B6A, 0x836A, 0x83AB, 0x836A, 0x7B6A, 0x836A, 0x83AB, 0x8BAB, 0x7B6A,
  0x836A, 0x7B8A, 0x838A, 0x7329, 0x7B29, 0x7B6A, 0x7B49, 0x7B6A, 0x836A, 0x8BCC, 0x836A, 0x7B6A,
  0x8BAA, 0x8BEC, 0x93EC, 0x7329, 0x8349, 0x8BCB, 0x8BCB, 0x83CB, 0x8BAB, 0x7B6A, 0x7B49, 0x7B6A,
  0x7B29, 0x6B09, 0x62A7, 0x4204, 0x4A04, 0x4204, 0x31A3, 0x2983, 0x39A4, 0x31A4, 0x39A4, 0x41E5,
  0x41C4, 0x39C5, 0x39A3, 0x39A3, 0x39A3, 0x39C4, 0x41C4, 0x2963, 0x2102, 0x2943, 0x2922, 0x2143,
  0x0000, 0x0020, 0x0000, 0x0020, 0x0000, 0x0020, 0x0000, 0x0020, 0x0000, 0x0020, 0x0000, 0x0020,
  0x0000, 0x0020, 0x0000, 0x0020, 0x0020, 0x0000, 0x0020, 0x0000, 0x0020, 0x0000, 0x0020, 0x0000,
  0x0020, 0x0000, 0x0020, 0x0000, 0x0020, 0x0000, 0x0020, 0x0000, 0x5288, 0x5AA8, 0x6B2A, 0x6B2A,
  0x6309, 0x734A, 0x738C, 0x7B8B, 0x7BAC, 0x8BED, 0x8C0D, 0x838B, 0x7B6B, 0x7B6A, 0x736B, 0x7B8B,
  0x83AC, 0x8BCC, 0x83CC, 0x83AB, 0x8BED, 0x8BCC, 0x7B8B, 0x8BCC, 0x8BEC, 0x7B6A, 0x734A, 0x83AB,
  0x8BEC, 0x8BCB, 0x8BEC, 0x8BCC, 0x83AB, 0x7B6A, 0x7B8B, 0x7B6A, 0x7B8B, 0x8BAB, 0x8BED, 0x8BCC,
  0x83CC, 0x8BAB, 0x7B6A, 0x836A, 0x7B6B, 0x8BCC, 0x83CC, 0x838B, 0x7B6B, 0x838B, 0x7B8B, 0x6AA7,
  0x6AE8, 0x72E8, 0x7B4A, 0x7B4A, 0x7B8B, 0x8BAB, 0x7329, 0x836A, 0x8BCC, 0x8BCC, 0x8BEC, 0x8BAB,
  0x7B6A, 0x838A, 0x83AB, 0x838B, 0x83AC, 0x8BCB, 0x83AC, 0x7B2A, 0x7B6A, 0x7B4A, 0x6B4A, 0x5266,
  0x4205, 0x4204, 0x2142, 0x2962, 0x39E6, 0x41E5, 0x4206, 0x41E5, 0x3184, 0x39A4, 0x39C4, 0x41A4,
  0x39C4, 0x3983, 0x3184, 0x2922, 0x2102, 0x20E2, 0x2123, 0x20E2, 0x0020, 0x0000, 0x0020, 0x0000,
  0x0020, 0x0000, 0x0020, 0x0000, 0x0020, 0x0000, 0x0020, 0x0000, 0x0020, 0x0000, 0x0020, 0x0000,
  0x0000, 0x0020, 0x0000, 0x0020, 0x0000, 0x0020, 0x0000, 0x0020, 0x0000, 0x0020, 0x0000, 0x0020,
  0x0000, 0x0020, 0x0000, 0x0020, 0x6AE9, 0x6309, 0x62C8, 0x62E9, 0x6B09, 0x736A, 0x83AB, 0x7BAB,
  0x83AB, 0x8C0D, 0x8BCC, 0x7BAB, 0x8BCB, 0x838B, 0x83AB, 0x7B8B, 0x8BAB, 0x8BEC, 0x940C, 0x8C0C,
  0x8BAB, 0x8BCC, 0x93EC, 0x8BCC, 0x93EC, 0x83AB, 0x6AE8, 0x62C8, 0x8BAB, 0x8BEC, 0x8BCC, 0x8BEC,
  0x93EC, 0x8BEC, 0x93EB, 0x8BEC, 0x8BAB, 0x8BEC, 0x7B29, 0x83AB, 0x93EC, 0x940C, 0x8BCB, 0x83AB,
  0x8BAB, 0x8BEC, 0x8BCB, 0x83AB, 0x8BAB, 0x8BCB, 0x838A, 0x7B4A, 0x838A, 0x7B6A, 0x8B8A, 0x83AB,
  0x8B8A, 0x83AB, 0x8BCB, 0x7B6A, 0x8B8A, 0x7B6A, 0x72E8, 0x6AC8, 0x72E8, 0x83AB, 0x8BCB, 0x8BCB,
  0x83AB, 0x736A, 0x6AE8, 0x62E8, 0x6286, 0x7B8A, 0x83AB, 0x736A, 0x6AE9, 0x41C5, 0x3963, 0x39A4,
  0x41E4, 0x4A26, 0x49E5, 0x4206, 0x41C4, 0x31A4, 0x41C3, 0x39E4, 0x3963, 0x39A4, 0x3143, 0x2943,
  0x2923, 0x2123, 0x2903, 0x18C2, 0x0000, 0x0020, 0x0000, 0x0020, 0x0000, 0x0020, 0x0000, 0x0020,
  0x0000, 0x0020, 0x0000, 0x0020, 0x0000, 0x0020, 0x0000, 0x0020, 0x0020, 0x0000, 0x0020, 0x0000,
  0x0020, 0x0000, 0x0020, 0x0000, 0x0020, 0x0000, 0x0020, 0x0000, 0x0020, 0x0000, 0x0020, 0x0000,
  0x6B4B, 0x7B8B, 0x7BCC, 0x7B8B, 0x736B, 0x736A, 0x738B, 0x7B8B, 0x7BAC, 0x7B6A, 0x734A, 0x7B4A,
  0x83AC, 0x83AB, 0x7B6B, 0x838B, 0x7B6B, 0x8BEC, 0x8BEC, 0x8BCC, 0x83AC, 0x8BCC, 0x8C0D, 0x8BCC,
  0x83AC, 0x838B, 0x7B6B, 0x7B6A, 0x8BEC, 0x8BEC, 0x83CC, 0x8BAB, 0x83AB, 0x8BCC, 0x8BCC, 0x836A,
  0x7B6B, 0x7B4A, 0x7329, 0x8BCC, 0x8BEC, 0x8BCB, 0x8BED, 0x8BCC, 0x83AB, 0x838A, 0x838B, 0x838A,
  0x83CC, 0x8BCB, 0x83CC, 0x836A, 0x7B8B, 0x7B49, 0x7B6A, 0x836A, 0x7B6A, 0x8BAB, 0x8BEC, 0x8BAB,
  0x7B6A, 0x7B49, 0x6B09, 0x7309, 0x7B8B, 0x8BCC, 0x940D, 0x7B29, 0x5AA7, 0x62A7, 0x62E9, 0x734A,
  0x6309, 0x6AE8, 0x62E8, 0x5225, 0x4A26, 0x4184, 0x5267, 0x5247, 0x41E5, 0x5226, 0x3184, 0x3964,
  0x39C5, 0x3984, 0x3183, 0x3183, 0x41E5, 0x41A5, 0x31A5, 0x2923, 0x2103, 0x2103, 0x18E2, 0x20C2,
  0x0020, 0x0000, 0x0020, 0x0000, 0x0020, 0x0000, 0x0020, 0x0000, 0x0020, 0x0000, 0x0020, 0x0000,
  0x0020, 0x0000, 0x0020, 0x0000, 0x0000, 0x0020, 0x0000, 0x0020, 0x0000, 0x0020, 0x0000, 0x0020,
  0x0000, 0x0020, 0x0000, 0x0020, 0x0000, 0x0020, 0x0000, 0x0020, 0x734A, 0x736B, 0x6AE8, 0x6B09,
  0x6B08, 0x6309, 0x62A7, 0x6B09, 0x838B, 0x7BAB, 0x838B, 0x83AC, 0x838B, 0x7B8B, 0x7B49, 0x7BAB,
  0x838A, 0x7BAB, 0x83AB, 0x83CC, 0x8BAB, 0x83AB, 0x838A, 0x8BCC, 0x940C, 0x83CC, 0x62A7, 0x6B29,
  0x93EC, 0x8C0C, 0x838A, 0x7B6A, 0x7B29, 0x7B6A, 0x8BCB, 0x838B, 0x838A, 0x83AB, 0x940C, 0x940D,
  0x8BAA, 0x7B6A, 0x8369, 0x7B6A, 0x8BAA, 0x83AB, 0x8349, 0x7B4A, 0x8BAB, 0x83AB, 0x93EC, 0x7B6A,
  0x6AA7, 0x7B4A, 0x8BAA, 0x83AB, 0x838A, 0x8BEC, 0x93EB, 0x8BEC, 0x8BCB, 0x7B6A, 0x8BAB, 0x8BEC,
  0x93EC, 0x83AB, 0x838A, 0x838B, 0x7B49, 0x7B6A, 0x838A, 0x83CB, 0x93EB, 0x7B49, 0x6AC7, 0x7B8A,
  0x6AA7, 0x5A46, 0x7B29, 0x734A, 0x5A87, 0x4A05, 0x41E4, 0x41E5, 0x39A4, 0x3164, 0x3163, 0x2943,
  0x2922, 0x4A26, 0x3983, 0x39A4, 0x3143, 0x2923, 0x3143, 0x20E2, 0x0000, 0x0020, 0x0000, 0x0020,
  0x0000, 0x0020, 0x0000, 0x0020, 0x0000, 0x0020, 0x0000, 0x0020, 0x0000, 0x0020, 0x0000, 0x0020,
  0x0020, 0x0000, 0x0020, 0x0000, 0x0020, 0x0000, 0x0020, 0x0000, 0x0020, 0x0000, 0x0020, 0x0000,
  0x0020, 0x0000, 0x0020, 0x0000, 0x6B09, 0x6AE8, 0x6B09, 0x6AE8, 0x6B2A, 0x7B8B, 0x736B, 0x7B4A,
  0x83CC, 0x8BED, 0x7BAC, 0x8BCC, 0x7B8C, 0x83AB, 0x7BAB, 0x83AB, 0x83CC, 0x83AB, 0x7B8B, 0x7B8B,
  0x83AB, 0x8BCC, 0x8BCC, 0x93EC, 0x736B, 0x6AE8, 0x6B09, 0x7329, 0x7B6A, 0x838B, 0x83AB, 0x83AB,
  0x8BCC, 0x93EC, 0x8BEC, 0x83AB, 0x8BCC, 0x838A, 0x83AB, 0x8BCC, 0x7B8B, 0x7B09, 0x7B6A, 0x836A,
  0x8BCC, 0x8BCC, 0x7B8B, 0x7B4A, 0x7B6A, 0x836A, 0x838B, 0x8BCB, 0x732A, 0x72E8, 0x7309, 0x8BAB,
  0x7B8B, 0x8BAB, 0x83AB, 0x8B8B, 0x83CC, 0x8BCB, 0x83AB, 0x8BCB, 0x8BCC, 0x838B, 0x6AE9, 0x7308,
  0x83AB, 0x836A, 0x83AB, 0x8BAB, 0x7B8B, 0x836A, 0x83CC, 0x83AB, 0x7B6B, 0x7B29, 0x7B6B, 0x72E9,
  0x5AC8, 0x62C8, 0x5AC9, 0x41C5, 0x3164, 0x3164, 0x3184, 0x39A4, 0x41E6, 0x3143, 0x41E5, 0x3143,
  0x2923, 0x3123, 0x2123, 0x20E2, 0x0020, 0x0000, 0x0020, 0x0000, 0x0020, 0x0000, 0x0020, 0x0000,
  0x0020, 0x0000, 0x0020, 0x0000, 0x0020, 0x0000, 0x0020, 0x0000, 0x0000, 0x0020, 0x0000, 0x0020,
  0x0000, 0x0020, 0x0000, 0x0020, 0x0000, 0x0020, 0x0000, 0x0020, 0x0000, 0x0020, 0x0000, 0x0020,
  0x6287, 0x83AC, 0x838B, 0x734A, 0x83AB, 0x83EC, 0x8BEC, 0x8C0D, 0x83AB, 0x7B8B, 0x83CC, 0x6309,
  0x6AE8, 0x83CC, 0x8BAB, 0x8BCC, 0x8BCB, 0x83CB, 0x8BCB, 0x83EC, 0x8BCB, 0x8BEC, 0x8BAB, 0x7329,
  0x7308, 0x8BCC, 0x8BAB, 0x8C0C, 0x7B49, 0x7329, 0x8BAB, 0x8BEC, 0x8BCB, 0x8BCC, 0x93EC, 0x940C,
  0x93EC, 0x8BEC, 0x838A, 0x7B49, 0x8B8A, 0x838B, 0x8B8A, 0x8BEC, 0x93EB, 0x8BEC, 0x93CB, 0x8BCB,
  0x836A, 0x8BCB, 0x93EC, 0x8BCB, 0x8B8A, 0x838A, 0x72E8, 0x7B4A, 0x8BCB, 0x7B8A, 0x8BAA, 0x8BEC,
  0x8BCB, 0x83AB, 0x8BCB, 0x83AB, 0x7B49, 0x7B6A, 0x836A, 0x7B4A, 0x8BCB, 0x8BEC, 0x8BAA, 0x838A,
  0x838A, 0x7B69, 0x8369, 0x7328, 0x836A, 0x7B8A, 0x7B4A, 0x6AE9, 0x62A7, 0x6B09, 0x6AE8, 0x5246,
  0x3984, 0x3184, 0x3963, 0x39C5, 0x5267, 0x39C4, 0x5267, 0x39C5, 0x3123, 0x3144, 0x3164, 0x2964,
  0x0000, 0x0020, 0x0000, 0x0020, 0x0000, 0x0020, 0x0000, 0x0020, 0x0000, 0x0020, 0x0000, 0x0020,
  0x0000, 0x0020, 0x0000, 0x0020, 0x0020, 0x0000, 0x0020, 0x0000, 0x0020, 0x0000, 0x0020, 0x0000,
  0x0020, 0x0000, 0x0020, 0x0000, 0x0020, 0x0000, 0x0020, 0x0000, 0x7BAC, 0x8BCC, 0x7B6A, 0x8BAC,
  0x8C0D, 0x8BEC, 0x83ED, 0x8BED, 0x8C2D, 0x8BCC, 0x5AA8, 0x3984, 0x734A, 0x83AB, 0x83CC, 0x8BCC,
  0x83CC, 0x7B6A, 0x83AC, 0x8BCC, 0x83CC, 0x8BEC, 0x7B6B, 0x7329, 0x83AB, 0x8BCC, 0x8BEC, 0x8BCC,
  0x83AB, 0x8BCC, 0x8BEC, 0x8BCC, 0x8BEC, 0x838A, 0x838B, 0x8BCB, 0x8BEC, 0x8B8B, 0x838B, 0x836A,
  0x83AB, 0x836A, 0x838B, 0x8BCB, 0x8BEC, 0x8BAB, 0x83AB, 0x836A, 0x7309, 0x836A, 0x8BCC, 0x93CC,
  0x8BCC, 0x7B49, 0x7B6A, 0x836A, 0x7B6A, 0x838B, 0x8BCC, 0x93EC, 0x8BCC, 0x8BCC, 0x7329, 0x6AC8,
  0x7329, 0x72E8, 0x83AB, 0x838B, 0x6B09, 0x838A, 0x83CC, 0x836A, 0x7B8A, 0x7B29, 0x7329, 0x7B29,
  0x6AE8, 0x7329, 0x734A, 0x6AE9, 0x62E8, 0x62A7, 0x62C9, 0x5A46, 0x3185, 0x41E6, 0x39A5, 0x3984,
  0x31A5, 0x3984, 0x31A5, 0x3164, 0x2923, 0x3123, 0x20E2, 0x2923, 0x0020, 0x0000, 0x0020, 0x0000,
  0x0020, 0x0000, 0x0020, 0x0000, 0x0020, 0x0000, 0x0020, 0x0000, 0x0020, 0x0000, 0x0020, 0x0000,
  0x0000, 0x0020, 0x0000, 0x0020, 0x0000, 0x0020, 0x0000, 0x0020, 0x0000, 0x0020, 0x0000, 0x0020,
  0x0000, 0x0020, 0x0000, 0x0020, 0x7B8B, 0x7BAB, 0x83CB, 0x8C0D, 0x8BEC, 0x83CC, 0x8BCC, 0x942E,
  0x942E, 0x5A88, 0x4183, 0x62C9, 0x93EC, 0x83CC, 0x838A, 0x83CC, 0x8BEC, 0x83AB, 0x7B49, 0x7B6A,
  0x7329, 0x62A7, 0x6AC7, 0x7B4A, 0x7B49, 0x838B, 0x940C, 0x8C0C, 0x8BEC, 0x8C0D, 0x83CC, 0x840D,
  0x93EC, 0x8BEC, 0x8B8A, 0x83AB, 0x8BAA, 0x8BEC, 0x93EC, 0x83AB, 0x7B28, 0x6286, 0x6AA7, 0x7B8A,
  0x8BAB, 0x8BCB, 0x8BCB, 0x83AB, 0x62A7, 0x4A25, 0x72E8, 0x8BCB, 0x940C, 0x83AB, 0x836A, 0x7B8A,
  0x7B49, 0x7329, 0x7B49, 0x8BCC, 0x93EC, 0x8C0C, 0x7B29, 0x5A66, 0x836A, 0x7B6A, 0x7B49, 0x7B6A,
  0x836A, 0x6AC8, 0x836A, 0x7B6A, 0x7308, 0x7B49, 0x7B08, 0x7308, 0x7B49, 0x7349, 0x72E8, 0x7309,
  0x7308, 0x6AE8, 0x72E8, 0x6AC8, 0x5205, 0x4A05, 0x5226, 0x41E5, 0x41C5, 0x39C5, 0x3984, 0x3184,
  0x39A4, 0x39C5, 0x3163, 0x3144, 0x0000, 0x0020, 0x0000, 0x0020, 0x0000, 0x0020, 0x0000, 0x0020,
  0x0000, 0x0020, 0x0000, 0x0020, 0x0000, 0x0020, 0x0000, 0x0020, 0x0020, 0x0000, 0x0020, 0x0000,
  0x0020, 0x0000, 0x0020, 0x0000, 0x0020, 0x0000, 0x0020, 0x0000, 0x0020, 0x0000, 0x0020, 0x0000,
  0x7BAB, 0x83AB, 0x7BCC, 0x83AB, 0x7B8B, 0x83AB, 0x8BCD, 0x8BCC, 0x5AC9, 0x41C5, 0x5AC9, 0x83AC,
  0x83AC, 0x8BAB, 0x83AC, 0x8BCC, 0x8C0D, 0x6B09, 0x5A87, 0x62C8, 0x734A, 0x7329, 0x734A, 0x838A,
  0x83AB, 0x8BCB, 0x7329, 0x7B4A, 0x7BAC, 0x7B6B, 0x7BAC, 0x7B6B, 0x732A, 0x7B6A, 0x7B6A, 0x836A,
  0x838B, 0x838A, 0x838B, 0x7B49, 0x734A, 0x7B29, 0x6B09, 0x7B4A, 0x7B8B, 0x8BCB, 0x8BCC, 0x8BCB,
  0x7B8B, 0x6AE8, 0x7B6A, 0x8BCC, 0x83CC, 0x93EC, 0x83AB, 0x7B6A, 0x83CC, 0x8BCC, 0x83CC, 0x7309,
  0x734A, 0x7309, 0x6AE9, 0x838B, 0x8BCC, 0x8BCC, 0x7B8B, 0x7B4A, 0x83AB, 0x8BEC, 0x7B6A, 0x7B29,
  0x7B4A, 0x8B8B, 0x7B4A, 0x7B29, 0x7B6A, 0x7B49, 0x7B8B, 0x836A, 0x7329, 0x6AC8, 0x6AE9, 0x7B29,
  0x6B2A, 0x6AE9, 0x5AA8, 0x4A05, 0x5268, 0x41C5, 0x31A5, 0x39A5, 0x31A5, 0x3143, 0x2944, 0x2923,
  0x0020, 0x0000, 0x0020, 0x0000, 0x0020, 0x0000, 0x0020, 0x0000, 0x0020, 0x0000, 0x0020, 0x0000,
  0x0020, 0x0000, 0x0020, 0x0000, 0x0000, 0x0020, 0x0000, 0x0020, 0x0000, 0x0020, 0x0000, 0x0020,
  0x0000, 0x0020, 0x0000, 0x0020, 0x0000, 0x0020, 0x0000, 0x0020, 0x83AB, 0x7BCC, 0x83AB, 0x7BAB,
  0x83AB, 0x83AB, 0x838B, 0x734A, 0x6AC8, 0x83ED, 0x8BCC, 0x83AB, 0x8BAB, 0x8BEC, 0x93EC, 0x8BEC,
  0x7329, 0x62C8, 0x6AC7, 0x6AE8, 0x8BAA, 0x940C, 0x93EB, 0x838A, 0x7B29, 0x62C7, 0x5A66, 0x734A,
  0x7B8A, 0x738B, 0x7B8B, 0x7BCC, 0x72E8, 0x6AC8, 0x8369, 0x940C, 0x8BAB, 0x83AB, 0x8BAB, 0x7B6A,
  0x8BAB, 0x838A, 0x838A, 0x7349, 0x7B29, 0x7B6A, 0x8B8A, 0x8BEC, 0x7B29, 0x7329, 0x7B49, 0x8BEC,
  0x93EC, 0x8BEC, 0x8BCB, 0x8BCB, 0x8BAB, 0x838A, 0x8BCB, 0x7308, 0x72E8, 0x62A7, 0x5A25, 0x6AE8,
  0x838A, 0x8BCC, 0x838A, 0x83AB, 0x836A, 0x83AB, 0x8BCB, 0x7B8A, 0x8349, 0x838B, 0x7B49, 0x7B6A,
  0x8349, 0x6AC8, 0x836A, 0x7B6A, 0x7B08, 0x7329, 0x6AC7, 0x62A7, 0x6AA7, 0x7309, 0x5246, 0x39A4,
  0x4A06, 0x39C5, 0x41C4, 0x39A4, 0x39A4, 0x39A4, 0x3963, 0x3163, 0x0000, 0x0020, 0x0000, 0x0020,
  0x0000, 0x0020, 0x0000, 0x0020, 0x0000, 0x0020, 0x0000, 0x0020, 0x0000, 0x0020, 0x0000, 0x0020,
  0x0020, 0x0000, 0x0020, 0x0000, 0x0020, 0x0000, 0x0020, 0x0000, 0x0020, 0x0000, 0x0020, 0x0000,
  0x0020, 0x0000, 0x0020, 0x0000, 0x7BCC, 0x83CC, 0x83CC, 0x83CC, 0x8BED, 0x83AC, 0x7B8B, 0x838B,
  0x83ED, 0x8BED, 0x83AC, 0x838B, 0x7B8B, 0x8BCC, 0x8BCC, 0x8BCC, 0x6B09, 0x6AC8, 0x732A, 0x838B,
  0x83AB, 0x93CC, 0x8BEC, 0x8BCC, 0x7B6A, 0x6266, 0x5A87, 0x7B6B, 0x7BCC, 0x83CC, 0x738B, 0x83AB,
  0x7329, 0x6266, 0x7308, 0x838A, 0x8BEC, 0x836A, 0x7B8B, 0x7B49, 0x7B6A, 0x836A, 0x734A, 0x7B49,
  0x7B6B, 0x7329, 0x7329, 0x8BAB, 0x7309, 0x6AA7, 0x838B, 0x836A, 0x8BCC, 0x838A, 0x8BCC, 0x8BCB,
  0x8BEC, 0x838A, 0x734A, 0x838A, 0x83AC, 0x838B, 0x6B09, 0x6AE8, 0x6B09, 0x7B29, 0x7B6B, 0x838B,
  0x83AC, 0x836A, 0x7B6B, 0x838B, 0x7B6A, 0x7309, 0x7B8B, 0x836A, 0x732A, 0x7B29, 0x7B4A, 0x836A,
  0x7B8B, 0x72E8, 0x62A7, 0x5A46, 0x5A87, 0x6AC8, 0x5AA8, 0x41A4, 0x41E6, 0x41C5, 0x39C5, 0x4A26,
  0x4A47, 0x39A4, 0x3184, 0x39A4, 0x0020, 0x0000, 0x0020, 0x0000, 0x0020, 0x0000, 0x0020, 0x0000,
  0x0020, 0x0000, 0x0020, 0x0000, 0x0020, 0x0000, 0x0020, 0x0000, 0x0000, 0x0020, 0x0000, 0x0020,
  0x0000, 0x0020, 0x0000, 0x0020, 0x0000, 0x0020, 0x0000, 0x0020, 0x0000, 0x0020, 0x0000, 0x0020,
  0x83AB, 0x7BAB, 0x8BCC, 0x8BCC, 0x8BCC, 0x8BEC, 0x838B, 0x6B29, 0x6AC7, 0x7B6A, 0x83AB, 0x7BAB,
  0x838A, 0x7B8A, 0x8BAB, 0x8BCC, 0x8BAB, 0x7B6A, 0x8B8B, 0x8BEC, 0x8BCB, 0x8BEC, 0x93EC, 0x8BEC,
  0x8BAA, 0x6AE8, 0x6287, 0x62C8, 0x7B8A, 0x7BCC, 0x838A, 0x7BAB, 0x8BCB, 0x7329, 0x838A, 0x7B6A,
  0x838A, 0x83AB, 0x7308, 0x6AE8, 0x8349, 0x7B6A, 0x836A, 0x83AB, 0x8B8A, 0x838A, 0x8B8A, 0x83AB,
  0x7B49, 0x7329, 0x8BAA, 0x8BEC, 0x8BCB, 0x838B, 0x8BAB, 0x8BEC, 0x8BAB, 0x8BCB, 0x838A, 0x7B6A,
  0x8B8A, 0x8BCB, 0x8B8A, 0x838A, 0x836A, 0x7B8A, 0x838A, 0x838B, 0x8BAB, 0x83AB, 0x836A, 0x838B,
  0x7B29, 0x7B8A, 0x7B49, 0x7B8A, 0x8349, 0x7308, 0x7B08, 0x7308, 0x836A, 0x838A, 0x72E8, 0x62A7,
  0x6AA8, 0x62A8, 0x62A7, 0x41E4, 0x5246, 0x5246, 0x5246, 0x4A46, 0x49E5, 0x3984, 0x39A4, 0x39A4,
  0x0000, 0x0020, 0x0000, 0x0020, 0x0000, 0x0020, 0x0000, 0x0020, 0x0000, 0x0020, 0x0000, 0x0020,
  0x0000, 0x0020, 0x0000, 0x0020, 0x0020, 0x0000, 0x0020, 0x0000, 0x0020, 0x0000, 0x0020, 0x0000,
  0x0020, 0x0000, 0x0020, 0x0000, 0x0020, 0x0000, 0x0020, 0x0000, 0x8C0D, 0x8BED, 0x8C0D, 0x8BCC,
  0x8BED, 0x838B, 0x6B09, 0x6287, 0x6B09, 0x83AB, 0x83CC, 0x8BCC, 0x83CC, 0x8BCC, 0x83AC, 0x83AB,
  0x83AB, 0x8BAB, 0x8BCC, 0x8BCC, 0x8BEC, 0x940D, 0x8C0D, 0x8BCC, 0x83AB, 0x6AC7, 0x5A87, 0x62A8,
  0x5287, 0x734A, 0x7BAC, 0x83AB, 0x732A, 0x6AA7, 0x7329, 0x83AB, 0x7B8B, 0x7B6A, 0x62A7, 0x7B29,
  0x83AB, 0x838B, 0x7B6A, 0x7B49, 0x8BEC, 0x8BAB, 0x83CC, 0x836A, 0x838B, 0x7B29, 0x7B6A, 0x8B8B,
  0x838B, 0x7B49, 0x7B4A, 0x836A, 0x8BEC, 0x8BCB, 0x83CC, 0x8BAB, 0x8BCC, 0x8BCB, 0x8BCC, 0x8BAB,
  0x83AC, 0x8BCB, 0x83AB, 0x838A, 0x7B6A, 0x838B, 0x83AB, 0x838B, 0x7B8B, 0x836A, 0x7B8B, 0x836A,
  0x83AB, 0x836A, 0x7329, 0x7B4A, 0x7B6A, 0x7329, 0x6B09, 0x6AC7, 0x5A47, 0x6AC8, 0x62C8, 0x5205,
  0x5AA8, 0x5AA8, 0x4A26, 0x5226, 0x4A26, 0x41C5, 0x2122, 0x2922, 0x0020, 0x0000, 0x0020, 0x0000,
  0x0020, 0x0000, 0x0020, 0x0000, 0x0020, 0x0000, 0x0020, 0x0000, 0x0020, 0x0000, 0x0020, 0x0000,
  0x0000, 0x0020, 0x0000, 0x0020, 0x0000, 0x0020, 0x0000, 0x0020, 0x0000, 0x0020, 0x0000, 0x0020,
  0x0000, 0x0020, 0x0000, 0x0020, 0x8BCC, 0x8C0D, 0x8BCC, 0x83CC, 0x8BCC, 0x7B6B, 0x7B4A, 0x6B09,
  0x8BAB, 0x838B, 0x836A, 0x83AB, 0x93EC, 0x8BEC, 0x8BAB, 0x7B8B, 0x7B29, 0x83AB, 0x8B8B, 0x8BCC,
  0x8BCB, 0x83AB, 0x838A, 0x7B6A, 0x6AA7, 0x5A87, 0x6AA7, 0x62A8, 0x5A66, 0x6AE8, 0x7B4A, 0x6B09,
  0x5A26, 0x5A46, 0x6AC7, 0x6287, 0x5A45, 0x7B8B, 0x6A86, 0x62A7, 0x7B28, 0x7349, 0x72E8, 0x7B49,
  0x93CB, 0x8BCC, 0x8369, 0x838A, 0x838A, 0x83AB, 0x838A, 0x83AB, 0x72E8, 0x7329, 0x8369, 0x6AE8,
  0x836A, 0x83AB, 0x7B29, 0x7308, 0x8BCB, 0x8BEC, 0x93EB, 0x8BCC, 0x8BAB, 0x83AB, 0x836A, 0x7B49,
  0x7B29, 0x7B6A, 0x838A, 0x7B8A, 0x838A, 0x83AB, 0x836A, 0x7B6A, 0x7B49, 0x7308, 0x7B29, 0x6AE8,
  0x8349, 0x83AA, 0x7B28, 0x6AE7, 0x6287, 0x5205, 0x6287, 0x6B09, 0x5A45, 0x5AA7, 0x62A7, 0x4A25,
  0x49E5, 0x4A26, 0x39A4, 0x39A4, 0x0000, 0x0020, 0x0000, 0x0020, 0x0000, 0x0020, 0x0000, 0x0020,
  0x0000, 0x0020, 0x0000, 0x0020, 0x0000, 0x0020, 0x0000, 0x0020, 0x0020, 0x0000, 0x0020, 0x0000,
  0x0020, 0x0000, 0x0020, 0x0000, 0x0020, 0x0000, 0x0020, 0x0000, 0x0020, 0x0000, 0x0020, 0x0000,
  0x8C0D, 0x8BCC, 0x83ED, 0x8BCC, 0x83AC, 0x7B6A, 0x7B6B, 0x7B6B, 0x7B6B, 0x836A, 0x83AB, 0x8BCC,
  0x8BCC, 0x8BAC, 0x8BCC, 0x7B6A, 0x7B8B, 0x8BAB, 0x83CC, 0x8BCC, 0x83CC, 0x836A, 0x7B8A, 0x7B49,
  0x6AE9, 0x6287, 0x62A8, 0x6287, 0x62C8, 0x6AC8, 0x62C8, 0x5246, 0x5206, 0x6AC8, 0x7329, 0x7B29,
  0x62C8, 0x7B6A, 0x83AB, 0x6AC8, 0x62A7, 0x72E8, 0x7B4A, 0x8B8B, 0x8BEC, 0x8B8B, 0x7B8B, 0x838A,
  0x838B, 0x7B29, 0x734A, 0x7308, 0x7B4A, 0x838B, 0x83AB, 0x836A, 0x7329, 0x8BAB, 0x838B, 0x7B49,
  0x8BCC, 0x93EC, 0x83AB, 0x8BAB, 0x8BCC, 0x838B, 0x7B6A, 0x7B29, 0x83AB, 0x836A, 0x7B8B, 0x836A,
  0x7B6A, 0x838B, 0x838B, 0x836A, 0x7B6A, 0x7B29, 0x7B6A, 0x7B49, 0x6AE8, 0x7B08, 0x7B49, 0x7B08,
  0x6AE9, 0x6AA8, 0x5246, 0x5A67, 0x62E8, 0x734A, 0x734A, 0x6B09, 0x5247, 0x4A06, 0x41E5, 0x3163,
  0x0020, 0x0000, 0x0020, 0x0000, 0x0020, 0x0000, 0x0020, 0x0000, 0x0020, 0x0000, 0x0020, 0x0000,
  0x0020, 0x0000, 0x0020, 0x0000, 0x0000, 0x0020, 0x0000, 0x0020, 0x0000, 0x0020, 0x0000, 0x0020,
  0x0000, 0x0020, 0x0000, 0x0020, 0x0000, 0x0020, 0x0000, 0x0020, 0x83AB, 0x83EC, 0x940C, 0x8BEC,
  0x93EC, 0x8C0D, 0x836B, 0x732A, 0x836A, 0x8BEC, 0x8BCC, 0x83CC, 0x8BCB, 0x8BCC, 0x8BCB, 0x8BEC,
  0x8BCB, 0x8BCC, 0x8BAB, 0x7B8A, 0x838A, 0x83AB, 0x8BCB, 0x8BEC, 0x8BCB, 0x5246, 0x5A25, 0x6B09,
  0x7308, 0x6AE8, 0x6287, 0x5A46, 0x6AA7, 0x83CB, 0x8BAB, 0x83AB, 0x838A, 0x6B08, 0x8B8A, 0x7B4A,
  0x6AA7, 0x7329, 0x8BCB, 0x8BEC, 0x7B8A, 0x83CB, 0x8BAA, 0x83AB, 0x93CB, 0x838A, 0x7B29, 0x83AB,
  0x8BAB, 0x7308, 0x6245, 0x6AE8, 0x7B28, 0x838B, 0x8BAB, 0x8BCB, 0x834A, 0x7B4A, 0x7B49, 0x83AB,
  0x8BAB, 0x83AB, 0x8B8A, 0x838B, 0x8389, 0x838A, 0x8BAA, 0x838A, 0x7B49, 0x838B, 0x8BAB, 0x7B6A,
  0x836A, 0x7329, 0x72E8, 0x6AE8, 0x6AC7, 0x7329, 0x7B29, 0x7308, 0x7B28, 0x836A, 0x7B29, 0x6AC7,
  0x6AA7, 0x6AC8, 0x7308, 0x7329, 0x6287, 0x5266, 0x5A66, 0x39C4, 0x0000, 0x0020, 0x0000, 0x0020,
  0x0000, 0x0020, 0x0000, 0x0020, 0x0000, 0x0020, 0x0000, 0x0020, 0x0000, 0x0020, 0x0000, 0x0020,
  0x0020, 0x0000, 0x0020, 0x0000, 0x0020, 0x0000, 0x0020, 0x0000, 0x0020, 0x0000, 0x0020, 0x0000,
  0x0020, 0x0000, 0x0020, 0x0000, 0x83AC, 0x83AC, 0x83CC, 0x8BEC, 0x83CC, 0x7B4A, 0x7B6B, 0x8BAC,
  0x8BCC, 0x8BCC, 0x8BED, 0x838B, 0x8BEC, 0x838B, 0x838B, 0x83AB, 0x8BEC, 0x838A, 0x7B8B, 0x838B,
  0x8BEC, 0x8BCC, 0x8BCC, 0x8BCC, 0x8BED, 0x838B, 0x7B6B, 0x8BCC, 0x7B6A, 0x7308, 0x732A, 0x7309,
  0x7B6B, 0x838B, 0x83CC, 0x838A, 0x7B8B, 0x7B29, 0x7B4A, 0x838B, 0x838B, 0x836A, 0x8BEC, 0x8BAB,
  0x5AC7, 0x7B6A, 0x838B, 0x838A, 0x8BEC, 0x8BCB, 0x83CC, 0x8BAB, 0x83AB, 0x72E8, 0x62A7, 0x6AA7,
  0x6287, 0x7B49, 0x838B, 0x836A, 0x7B6B, 0x834A, 0x838B, 0x838B, 0x83AB, 0x8B8B, 0x83AB, 0x834A,
  0x7B6A, 0x7B49, 0x83AB, 0x836A, 0x734A, 0x7B4A, 0x83AB, 0x836A, 0x7329, 0x62A7, 0x5226, 0x49A3,
  0x49E5, 0x6287, 0x6AC8, 0x6AA7, 0x7308, 0x7B49, 0x8BCC, 0x7B29, 0x5A87, 0x6AA7, 0x7329, 0x7308,
  0x62C8, 0x5A87, 0x5AC9, 0x62A8, 0x0020, 0x0000, 0x0020, 0x0000, 0x0020, 0x0000, 0x0020, 0x0000,
  0x0020, 0x0000, 0x0020, 0x0000, 0x0020, 0x0000, 0x0020, 0x0000, 0x0000, 0x0020, 0x0000, 0x0020,
  0x0000, 0x0020, 0x0000, 0x0020, 0x0000, 0x0020, 0x0000, 0x0020, 0x0000, 0x0020, 0x0000, 0x0020,
  0x83AB, 0x83EC, 0x83AB, 0x7B8B, 0x838A, 0x83CC, 0x93EC, 0x8BCC, 0x93EC, 0x942D, 0x93EC, 0x8BEC,
  0x8BAB, 0x838B, 0x8BAB, 0x8BEC, 0x8BEC, 0x83CB, 0x8BCB, 0x8BCC, 0x8BAB, 0x83AB, 0x93CB, 0x8BEC,
  0x93CB, 0x8BEC, 0x8BAB, 0x8BCC, 0x93EC, 0x83AB, 0x8B8A, 0x8BEC, 0x8BCB, 0x83AB, 0x8BCB, 0x83AB,
  0x836A, 0x7B6A, 0x838A, 0x8BCB, 0x8BCB, 0x8BCB, 0x8BCB, 0x7B8A, 0x6286, 0x5AA7, 0x72E8, 0x838A,
  0x838A, 0x8BCB, 0x8BCB, 0x83AB, 0x8BAB, 0x7B49, 0x6285, 0x6AE7, 0x6286, 0x5A66, 0x72E8, 0x838B,
  0x8369, 0x83AB, 0x93EB, 0x8BEC, 0x8B8A, 0x83AB, 0x8BAA, 0x838A, 0x7B29, 0x7B49, 0x7B49, 0x6AE8,
  0x72E8, 0x8BCC, 0x8BAA, 0x83CB, 0x7B4A, 0x6B09, 0x72E8, 0x6B08, 0x7B29, 0x7329, 0x72E8, 0x7329,
  0x7B28, 0x7B69, 0x7B48, 0x83AA, 0x7B49, 0x6287, 0x72E8, 0x7329, 0x7B08, 0x7308, 0x72E8, 0x5A87,
  0x0000, 0x0020, 0x0000, 0x0020, 0x0000, 0x0020, 0x0000, 0x0020, 0x0000, 0x0020, 0x0000, 0x0020,
  0x0000, 0x0020, 0x0000, 0x0020, 0x0020, 0x0000, 0x0020, 0x0000, 0x0020, 0x0000, 0x0020, 0x0000,
  0x0020, 0x0000, 0x0020, 0x0000, 0x0020, 0x0000, 0x0020, 0x0000, 0x7BAC, 0x8BED, 0x83CD, 0x8BCC,
  0x83ED, 0x8BCC, 0x8C0D, 0x8BCC, 0x8C0D, 0x93EC, 0x83AB, 0x8BCB, 0x8BEC, 0x7B6A, 0x7B6B, 0x8BCC,
  0x83CC, 0x7B6A, 0x83AB, 0x8BCC, 0x8BCC, 0x8BCB, 0x8BCC, 0x8BCB, 0x8BCC, 0x8B8B, 0x7329, 0x836A,
  0x8BEC, 0x838B, 0x7B4A, 0x8BAB, 0x8BCC, 0x838A, 0x83CC, 0x93CC, 0x83CC, 0x8BAB, 0x8BEC, 0x8BCB,
  0x7B6A, 0x838A, 0x7B4A, 0x836A, 0x7BAB, 0x6AE8, 0x6B09, 0x7B6A, 0x6AE8, 0x6287, 0x7329, 0x7308,
  0x838B, 0x8BAB, 0x7308, 0x72E7, 0x5A87, 0x6AA7, 0x6B09, 0x7B6A, 0x83CC, 0x838A, 0x83AB, 0x8BAB,
  0x83CC, 0x838B, 0x838B, 0x838A, 0x7329, 0x6AC7, 0x6AE8, 0x836A, 0x734A, 0x7B29, 0x83CC, 0x83AB,
  0x83AC, 0x838B, 0x7B6A, 0x7309, 0x734A, 0x7B29, 0x7329, 0x72E8, 0x6AE7, 0x7308, 0x7B49, 0x8349,
  0x7B6B, 0x7B4A, 0x6287, 0x6AA7, 0x7309, 0x72E8, 0x6AE8, 0x5A25, 0x0020, 0x0000, 0x0020, 0x0000,
  0x0020, 0x0000, 0x0020, 0x0000, 0x0020, 0x0000, 0x0020, 0x0000, 0x0020, 0x0000, 0x0020, 0x0000,
  0x0000, 0x0020, 0x0000, 0x0020, 0x0000, 0x0020, 0x0000, 0x0020, 0x0000, 0x0020, 0x0000, 0x0020,
  0x0000, 0x0020, 0x0000, 0x0020, 0x8BEC, 0x83AC, 0x8BCB, 0x8C0D, 0x93EC, 0x8BEC, 0x8BCC, 0x8BCC,
  0x8BCB, 0x83CB, 0x7B29, 0x7B4A, 0x7B49, 0x62E8, 0x7329, 0x7BAB, 0x838A, 0x7B8A, 0x7B6A, 0x83EC,
  0x940C, 0x940C, 0x93EC, 0x8BCC, 0x838A, 0x838B, 0x836A, 0x8BCC, 0x8B8A, 0x838A, 0x7B29, 0x8BCB,
  0x8BAB, 0x7B49, 0x8369, 0x7329, 0x8BCB, 0x8BEC, 0x8B8A, 0x83AB, 0x836A, 0x7B6A, 0x8B8A, 0x8BCB,
  0x8BAB, 0x8BCB, 0x8B8A, 0x838B, 0x93CB, 0x838B, 0x836A, 0x838A, 0x838A, 0x7B69, 0x7B28, 0x7B49,
  0x8B8A, 0x83AB, 0x8B8A, 0x7B6A, 0x8B8A, 0x83AB, 0x838A, 0x7B6A, 0x7B49, 0x838B, 0x838A, 0x838A,
  0x838A, 0x7308, 0x7B49, 0x7309, 0x49E4, 0x5A87, 0x7B49, 0x7B6A, 0x836A, 0x7B4A, 0x836A, 0x838B,
  0x72E8, 0x7B8A, 0x8369, 0x8369, 0x7B28, 0x7B29, 0x8369, 0x7B49, 0x7B08, 0x7329, 0x72E8, 0x6AE8,
  0x6AC8, 0x6AE8, 0x6AC8, 0x62C8, 0x0000, 0x0020, 0x0000, 0x0020, 0x0000, 0x0020, 0x0000, 0x0020,
  0x0000, 0x0020, 0x0000, 0x0020, 0x0000, 0x0020, 0x0000, 0x0020, 0x0020, 0x0000, 0x0020, 0x0000,
  0x0020, 0x0000, 0x0020, 0x0000, 0x0020, 0x0000, 0x0020, 0x0000, 0x0020, 0x0000, 0x0020, 0x0000,
  0x6AE9, 0x7B4A, 0x8C0D, 0x940D, 0x8C0D, 0x838B, 0x7B6A, 0x7B4A, 0x83AC, 0x838B, 0x7B8B, 0x838B,
  0x734A, 0x7B6A, 0x7BAB, 0x7B6A, 0x83CC, 0x83AB, 0x7B8B, 0x838A, 0x8BCC, 0x8BAB, 0x838B, 0x836A,
  0x83AB, 0x838A, 0x838B, 0x8BAB, 0x83CC, 0x7308, 0x6AE8, 0x7B29, 0x838B, 0x838A, 0x7B6A, 0x7B09,
  0x83AC, 0x838B, 0x83AB, 0x8BAB, 0x8BEC, 0x838B, 0x838B, 0x8B8B, 0x8BEC, 0x8BCB, 0x7B6B, 0x8BAB,
  0x838B, 0x93EC, 0x6B09, 0x72E8, 0x83AB, 0x7B49, 0x7B4A, 0x7B29, 0x83AB, 0x93EC, 0x83AB, 0x8BAB,
  0x7B4A, 0x834A, 0x7B6A, 0x7B4A, 0x734A, 0x838A, 0x7B6A, 0x7B6A, 0x83AB, 0x836A, 0x83AB, 0x838A,
  0x6B09, 0x7329, 0x734A, 0x7309, 0x7B6A, 0x836A, 0x734A, 0x838A, 0x6B09, 0x838A, 0x83AB, 0x8B8A,
  0x7B6A, 0x7B28, 0x7B6A, 0x7B29, 0x6AE8, 0x6AA7, 0x62C8, 0x6AA8, 0x6AE9, 0x5A46, 0x41C5, 0x5A46,
  0x0020, 0x0000, 0x0020, 0x0000, 0x0020, 0x0000, 0x0020, 0x0000, 0x0020, 0x0000, 0x0020, 0x0000,
  0x0020, 0x0000, 0x0020, 0x0000,
};

// Source: momanddad.jpg (rotated upright)
constexpr uint16_t MOM_AND_DAD_PHOTO_RGB565[] PROGMEM = {
  0x0000, 0x0020, 0x0000, 0x0020, 0x0000, 0x0020, 0x0000, 0x0020, 0x0000, 0x0020, 0x0000, 0x0020,
  0x0000, 0x0020, 0x0000, 0x0020, 0xACAF, 0xA4AF, 0x9CD1, 0xA532, 0xA530, 0xBE14, 0xBDD2, 0xBDF3,
  0xD613, 0xC592, 0xC5B2, 0xD655, 0xCE13, 0xDEB6, 0xE6B2, 0xC610, 0xCDF0, 0xB56E, 0x8C8B, 0xA5AF,
  0xC690, 0xB62F, 0xC671, 0xE796, 0xF7D8, 0xEFD8, 0xEF98, 0xE778, 0xEF59, 0xEF7A, 0xDEF9, 0xEF9C,
  0xF7BD, 0xE75B, 0xFFFD, 0xEFDC, 0xB5B3, 0x94CF, 0xC631, 0xBE51, 0xC6AD, 0xC6EE, 0xCEAF, 0xCEF0,
  0xBE6E, 0xBEAF, 0xCF12, 0xC6F2, 0xE7B8, 0xE7D9, 0xD717, 0xE7BA, 0xC6B3, 0xCF35, 0xB650, 0xA60F,
  0xC6D0, 0xC6F1, 0x52A9, 0x52EB, 0x7C69, 0xC6D3, 0xD6D3, 0x6386, 0x4A48, 0x6B6D, 0x5AE9, 0x7C2E,
  0xCED1, 0xBE90, 0xC6AE, 0xC6EF, 0xC694, 0x6BE9, 0x2144, 0x31C7, 0x31A5, 0x29A6, 0x2985, 0x29A6,
  0x39C6, 0x3A07, 0x31A6, 0x31C7, 0x31C3, 0x8CF0, 0xBE8F, 0xBECF, 0xBE91, 0xD755, 0xD6F6, 0xB634,
  0xCED3, 0xCEF4, 0xBEEC, 0xAE6B, 0x0000, 0x0020, 0x0000, 0x0020, 0x0000, 0x0020, 0x0000, 0x0020,
  0x0000, 0x0020, 0x0000, 0x0020, 0x0000, 0x0020, 0x0000, 0x0020, 0x0020, 0x0000, 0x0020, 0x0000,
  0x0020, 0x0000, 0x0020, 0x0000, 0x0020, 0x0000, 0x0020, 0x0000, 0x0020, 0x0000, 0x0020, 0x0000,
  0xBD73, 0xBD52, 0xB5D5, 0xB5B4, 0xC655, 0xD6B6, 0xDEF7, 0xAD30, 0xA48E, 0xB4F0, 0xA510, 0xE6B7,
  0xCE55, 0xD675, 0xDEF3, 0xE6B2, 0xD652, 0xDE52, 0x848B, 0x9D2D, 0xC6D2, 0xA58D, 0xADF0, 0xBE31,
  0xD6F5, 0xD6B4, 0xDF37, 0xD6D5, 0xCE97, 0xE739, 0xFFFE, 0xE75B, 0xE77C, 0xF7BD, 0xD719, 0xDEF9,
  0xA592, 0x9D10, 0xB5F0, 0xC672, 0xB66D, 0xC6AD, 0xBE8F, 0xD711, 0xB66F, 0xA5CC, 0xA5CE, 0xBE70,
  0xCF17, 0xC694, 0xC6D7, 0xCED6, 0xA5F0, 0xC6D4, 0xBEB2, 0xC6B2, 0xCF53, 0xCF32, 0x530B, 0x4A48,
  0x7C8B, 0xC6B3, 0xCEF4, 0x6386, 0x632D, 0x7BEF, 0x5B2B, 0x6B8C, 0xBE91, 0xC690, 0xCF31, 0xD731,
  0xAE12, 0x4AE5, 0x2165, 0x31C6, 0x29A6, 0x31A6, 0x31C7, 0x31C6, 0x3A08, 0x31A6, 0x29A7, 0x31C7,
  0x3246, 0xA572, 0xAE4E, 0xAE2D, 0xBEB3, 0xBE92, 0xBE96, 0xEFBA, 0xE7D8, 0xCED4, 0xAE8C, 0x9DC9,
  0x0020, 0x0000, 0x0020, 0x0000, 0x0020, 0x0000, 0x0020, 0x0000, 0x0020, 0x0000, 0x0020, 0x0000,
  0x0020, 0x0000, 0x0020, 0x0000, 0x0000, 0x0020, 0x0000, 0x0020, 0x0000, 0x0020, 0x0000, 0x0020,
  0x0000, 0x0020, 0x0000, 0x0020, 0x0000, 0x0020, 0x0000, 0x0020, 0xB50F, 0xDE55, 0xE6B7, 0xAD11,
  0xA4ED, 0xB5B0, 0xE6B4, 0xDEB5, 0xC5D3, 0xA531, 0xEEF9, 0xA4F1, 0xA46E, 0xCDD4, 0xC5B4, 0xA4F1,
  0xA4AD, 0xA4CD, 0x9D0D, 0xA56F, 0x9D2B, 0x8D0A, 0xC60F, 0xA56C, 0xB58F, 0xADB0, 0xBE32, 0xCEF5,
  0xD6B4, 0xC653, 0xCED3, 0xC6B3, 0xBE52, 0xD756, 0xBE34, 0xBE95, 0xBE51, 0xB671, 0xB62D, 0xA60D,
  0x9D4B, 0xADCE, 0xCEAF, 0xAE0C, 0xA5CC, 0xA5ED, 0xADCB, 0xAE0C, 0xC691, 0xBE91, 0xB613, 0x9550,
  0xCE76, 0xD6F8, 0xB5F0, 0xCED4, 0xC68F, 0xC6B0, 0x6B6B, 0x4267, 0x8449, 0xC693, 0xCEB1, 0x7C88,
  0x73AE, 0x6BAE, 0x4246, 0x844E, 0xCEAF, 0xC6D0, 0xD6F4, 0xCED4, 0xDF3A, 0x42A8, 0x2964, 0x3A07,
  0x3185, 0x2985, 0x31C6, 0x31C6, 0x31C6, 0x2985, 0x39E7, 0x29A6, 0x5325, 0x9D6F, 0xAE2A, 0xAE4B,
  0xB66C, 0xBECE, 0xE738, 0xF7FB, 0xC6CF, 0xAE4E, 0x9DAD, 0xB690, 0x0000, 0x0020, 0x0000, 0x0020,
  0x0000, 0x0020, 0x0000, 0x0020, 0x0000, 0x0020, 0x0000, 0x0020, 0x0000, 0x0020, 0x0000, 0x0020,
  0x0020, 0x0000, 0x0020, 0x0000, 0x0020, 0x0000, 0x0020, 0x0000, 0x0020, 0x0000, 0x0020, 0x0000,
  0x0020, 0x0000, 0x0020, 0x0000, 0xA48E, 0xACAE, 0xBDB4, 0xCDF4, 0xBE12, 0x946C, 0x9CAD, 0x8C0A,
  0xAD52, 0xD676, 0xC5F6, 0x9C90, 0xC594, 0xBD52, 0xCE57, 0xDEB8, 0xBD70, 0xA4AD, 0xA56F, 0x73A8,
  0x7C68, 0x84A9, 0xB5EF, 0xC60F, 0x8C8C, 0x8C8B, 0xBE53, 0xCED5, 0xCE95, 0xBDF2, 0xC6B3, 0xB611,
  0x952E, 0xE797, 0xC6D7, 0xADB2, 0x8D0D, 0x9D6D, 0xA5EC, 0xB64E, 0xB60F, 0xBE2F, 0xB62D, 0xADAB,
  0x958B, 0x8D09, 0xA5EC, 0xBE4E, 0xBEB2, 0xE796, 0xCEF7, 0x9D71, 0xF7DB, 0xC614, 0xC693, 0xB5F0,
  0xAE2E, 0xCEF1, 0x6BAC, 0x4A67, 0x73E8, 0xD6F4, 0xD754, 0x7C27, 0x5B0C, 0x6B6D, 0x5309, 0x7C0D,
  0xCF11, 0xCED0, 0xDF97, 0xDF56, 0xD73A, 0x31E5, 0x29A6, 0x39E7, 0x29C6, 0x3185, 0x29C6, 0x2965,
  0x31C7, 0x31A6, 0x3A08, 0x39E7, 0x5347, 0x9D4F, 0xA62B, 0x9DA9, 0xB6CE, 0xC6EE, 0xD718, 0xDEF7,
  0xAE4E, 0xB64E, 0xAE50, 0xB650, 0x0020, 0x0000, 0x0020, 0x0000, 0x0020, 0x0000, 0x0020, 0x0000,
  0x0020, 0x0000, 0x0020, 0x0000, 0x0020, 0x0000, 0x0020, 0x0000, 0x0000, 0x0020, 0x0000, 0x0020,
  0x0000, 0x0020, 0x0000, 0x0020, 0x0000, 0x0020, 0x0000, 0x0020, 0x0000, 0x0020, 0x0000, 0x0020,
  0x8C4A, 0x9D0D, 0x93EA, 0x9C2C, 0xC4CE, 0xDDF3, 0x9BCB, 0xA46E, 0xBD6F, 0xAD4E, 0x946E, 0xB5B3,
  0xC5F4, 0xCE56, 0xCE95, 0xDF38, 0xE6F6, 0xB591, 0x9C8D, 0xBDD2, 0xCD50, 0xDE34, 0xB5AD, 0xC690,
  0xC631, 0xA52D, 0xC616, 0xD6D9, 0xDEF6, 0xD6B5, 0xCEF0, 0xA5AB, 0xB5CE, 0xBE30, 0xCE72, 0xBE31,
  0xAE0D, 0x9D8B, 0x9528, 0x9DAB, 0xBE6E, 0xAE0D, 0xADCD, 0xAE4F, 0x9D4D, 0x84AA, 0xA58E, 0x84AB,
  0xD6F4, 0xEFF8, 0xCED4, 0x9D4E, 0xE757, 0xBE54, 0xCEB2, 0xC692, 0xBE30, 0xCF13, 0x7C0D, 0x3A26,
  0x634B, 0xD6FA, 0xEF7A, 0x7C2E, 0x630B, 0x5B2B, 0x6B6A, 0x8CD0, 0xC6B1, 0xD754, 0xE796, 0xEFF9,
  0xBE15, 0x29A4, 0x39C6, 0x31C6, 0x31A5, 0x29A6, 0x31A5, 0x3A27, 0x39C6, 0x31C6, 0x3185, 0x3A27,
  0x7409, 0x8CED, 0x8D0A, 0x9DAD, 0xA5EC, 0xA60D, 0xE758, 0xEFDB, 0xD6F7, 0xEFBA, 0xA591, 0x9D91,
  0x0000, 0x0020, 0x0000, 0x0020, 0x0000, 0x0020, 0x0000, 0x0020, 0x0000, 0x0020, 0x0000, 0x0020,
  0x0000, 0x0020, 0x0000, 0x0020, 0x0020, 0x0000, 0x0020, 0x0000, 0x0020, 0x0000, 0x0020, 0x0000,
  0x0020, 0x0000, 0x0020, 0x0000, 0x0020, 0x0000, 0x0020, 0x0000, 0x846B, 0x94AC, 0xB50F, 0x93EB,
  0xA42C, 0xC4EF, 0xB4D0, 0xD5B3, 0xB56F, 0x942A, 0x8C4E, 0xC5D4, 0xB5B3, 0xCE35, 0xC696, 0xBE14,
  0xC634, 0xDE95, 0xAD51, 0xC5D3, 0xC571, 0xBCEF, 0x94EA, 0xA56C, 0xB5D0, 0xCE72, 0xDF3A, 0xCE77,
  0xCE75, 0xDED6, 0xB64D, 0xA5AB, 0xB60F, 0xAD8D, 0xADB0, 0xB5B0, 0x850A, 0x9D8B, 0xAE2D, 0xA58B,
  0xB64E, 0x952A, 0x954B, 0xA5CD, 0x954D, 0xA58E, 0xBE93, 0x950D, 0xADD0, 0xBE11, 0xB612, 0x9D2E,
  0xBE74, 0xC654, 0xB631, 0xA56E, 0xB651, 0xDF34, 0x7C4F, 0x52A8, 0x634C, 0xCE98, 0xD71A, 0x6BAC,
  0x52CA, 0x52A9, 0x4AA8, 0x8C8F, 0xB651, 0xB630, 0xBEB3, 0xDF56, 0x8CB0, 0x2163, 0x31E7, 0x31C6,
  0x2985, 0x2965, 0x3A07, 0x4248, 0x29A6, 0x31A6, 0x2165, 0x4228, 0x954F, 0x952E, 0x958D, 0x8D0B,
  0x8D6A, 0x9DCB, 0xD6F8, 0xCEB6, 0xDF39, 0xDF18, 0x8D0F, 0xD6F6, 0x0020, 0x0000, 0x0020, 0x0000,
  0x0020, 0x0000, 0x0020, 0x0000, 0x0020, 0x0000, 0x0020, 0x0000, 0x0020, 0x0000, 0x0020, 0x0000,
  0x0000, 0x0020, 0x0000, 0x0020, 0x0000, 0x0020, 0x0000, 0x0020, 0x0000, 0x0020, 0x0000, 0x0020,
  0x0000, 0x0020, 0x0000, 0x0020, 0x94EA, 0x7C89, 0x8C4D, 0x94CF, 0xA4B0, 0x8C0E, 0xE699, 0xBD95,
  0x8BEC, 0xA4D0, 0x7B6A, 0xACF1, 0xCDB0, 0xBD4E, 0xB550, 0xCE34, 0xC5AE, 0xCE30, 0xCE71, 0xC671,
  0xCE13, 0xB571, 0x9CAD, 0xA50F, 0x9D2C, 0x9D6D, 0xD6D2, 0xA54D, 0xBDAD, 0xAD8D, 0x9D29, 0xBE4E,
  0xC650, 0xA58D, 0xB60F, 0x952B, 0x84C7, 0x9DAB, 0xB60F, 0xAE2F, 0xA54D, 0x8CEC, 0xA54B, 0xA58C,
  0xADAD, 0x9D8C, 0xADAE, 0xB610, 0xBE6F, 0xC6F1, 0xB62D, 0xBE6E, 0xC692, 0xB631, 0xCE93, 0xB5F1,
  0xA58E, 0xCEF3, 0x94AF, 0x4266, 0x5AEA, 0xD6FA, 0xF7DB, 0x5309, 0x5289, 0x52CA, 0x4A67, 0x848F,
  0xBE72, 0xBE93, 0xCF12, 0xD774, 0x6B8B, 0x2983, 0x39E7, 0x39E7, 0x31A5, 0x31C6, 0x4207, 0x31C6,
  0x31C6, 0x3A07, 0x31A4, 0x52E9, 0xA58E, 0x9D6E, 0xADB0, 0x8D0E, 0xA5AF, 0x954D, 0xA58E, 0xA5CF,
  0xB650, 0xAE2F, 0xA5CE, 0xC6D2, 0x0000, 0x0020, 0x0000, 0x0020, 0x0000, 0x0020, 0x0000, 0x0020,
  0x0000, 0x0020, 0x0000, 0x0020, 0x0000, 0x0020, 0x0000, 0x0020, 0x0020, 0x0000, 0x0020, 0x0000,
  0x0020, 0x0000, 0x0020, 0x0000, 0x0020, 0x0000, 0x0020, 0x0000, 0x0020, 0x0000, 0x0020, 0x0000,
  0x9D6D, 0x9D2C, 0x9D11, 0x948E, 0x9450, 0xA490, 0xAD13, 0xA471, 0x8C2D, 0xAD10, 0xB532, 0xA48F,
  0x9C6B, 0xBD4F, 0xBDD3, 0xBD92, 0xBD8E, 0xC5AE, 0xB630, 0xBE30, 0xD696, 0xEF17, 0xDED6, 0xCE34,
  0xAE10, 0x950C, 0x848A, 0xAD6D, 0xA54C, 0xA50B, 0x9D4A, 0xA58B, 0xADCF, 0xADAE, 0x9D6D, 0x9D4C,
  0x958A, 0x9D8A, 0xAE2F, 0xA5AD, 0xB610, 0xA56E, 0x9D2B, 0xAD8C, 0xAE0F, 0xA5AD, 0x954D, 0xADAE,
  0xA5ED, 0xBE6F, 0xB62E, 0xC68F, 0xD735, 0xDF35, 0xB632, 0x9D4F, 0xBE72, 0xBE51, 0x740D, 0x4246,
  0x52EB, 0xAD74, 0xDF3A, 0x6BAB, 0x4A89, 0x5289, 0x3A47, 0x9D12, 0xB652, 0xDF56, 0xC6D2, 0xE7B5,
  0x5309, 0x2142, 0x3A08, 0x39E7, 0x29A6, 0x2985, 0x3A28, 0x31A5, 0x31C7, 0x31A6, 0x29A4, 0x632A,
  0x9D8F, 0x7C6A, 0x63A9, 0x9D70, 0x952E, 0x952D, 0x954D, 0xA58E, 0x9DAE, 0x9D6D, 0x8D2C, 0x954C,
  0x0020, 0x0000, 0x0020, 0x0000, 0x0020, 0x0000, 0x0020, 0x0000, 0x0020, 0x0000, 0x0020, 0x0000,
  0x0020, 0x0000, 0x0020, 0x0000, 0x0000, 0x0020, 0x0000, 0x0020, 0x0000, 0x0020, 0x0000, 0x0020,
  0x0000, 0x0020, 0x0000, 0x0020, 0x0000, 0x0020, 0x0000, 0x0020, 0x8C6B, 0x73E9, 0x9D0D, 0xA5B0,
  0x9D4D, 0xA58E, 0x8BEA, 0xA4CE, 0x942D, 0x5A87, 0x9C2F, 0xBD74, 0x940F, 0x942F, 0xA40E, 0x9BED,
  0xAC2D, 0xCD72, 0xBDB3, 0xBDF4, 0xCEB3, 0xCEF4, 0xE75A, 0xEFDC, 0xDF3A, 0xCEB8, 0xAD0E, 0xA54E,
  0xAD6C, 0xB5CE, 0xAD0C, 0xAD0C, 0xA4EA, 0xAD4C, 0x9CCA, 0xAD8D, 0xADAA, 0xA5CB, 0xADCC, 0x954B,
  0xADEF, 0xA5CE, 0x9CCA, 0x9CCB, 0xADAE, 0x9D6E, 0x94AA, 0xADAE, 0xBDD0, 0xD6B3, 0xC671, 0xB60F,
  0xBE0E, 0xD732, 0xCE54, 0xB5D2, 0xD6D5, 0xDF57, 0x94AF, 0x4266, 0x4A68, 0xAD75, 0xFFFC, 0x7C0D,
  0x4207, 0x52EB, 0x4A86, 0xB5F4, 0xD711, 0xCF31, 0xCF12, 0xC712, 0x3A06, 0x29A4, 0x39E6, 0x31C6,
  0x3185, 0x29A6, 0x39E6, 0x31A6, 0x31A6, 0x31C7, 0x3203, 0x63CB, 0x9D6D, 0x8D2C, 0x842D, 0xCEB7,
  0xADF0, 0x8CED, 0x952C, 0x954D, 0x8CEA, 0x952C, 0x846B, 0x848C, 0x0000, 0x0020, 0x0000, 0x0020,
  0x0000, 0x0020, 0x0000, 0x0020, 0x0000, 0x0020, 0x0000, 0x0020, 0x0000, 0x0020, 0x0000, 0x0020,
  0x0020, 0x0000, 0x0020, 0x0000, 0x0020, 0x0000, 0x0020, 0x0000, 0x0020, 0x0000, 0x0020, 0x0000,
  0x0020, 0x0000, 0x0020, 0x0000, 0x846B, 0x94AC, 0x84AC, 0x94ED, 0x952D, 0x848A, 0xBDB2, 0xBD71,
  0x944E, 0x62A8, 0x940F, 0x93EE, 0xAD13, 0xA4B1, 0xACB0, 0xB4B0, 0xB4AF, 0xDDB3, 0xB5B4, 0xC614,
  0xC693, 0xBE32, 0xB615, 0xE73A, 0xE79C, 0xF7DD, 0xDEF5, 0xBDB0, 0xA54C, 0xD6B1, 0xBDAF, 0xA4CB,
  0xC630, 0xBD8D, 0xADAE, 0xBDEE, 0xAE0D, 0xADCB, 0xA5ED, 0x9D4A, 0x956D, 0xADEF, 0x9CEB, 0xA50C,
  0xA5AF, 0x950C, 0x94EC, 0xAD8E, 0xA52E, 0xE715, 0x9D6D, 0xBE30, 0xC6B1, 0xD712, 0xC655, 0xC634,
  0xBE53, 0xD6F5, 0x8CD0, 0x4245, 0x4248, 0xB5D6, 0xFFFE, 0x6B8B, 0x4269, 0x52CA, 0x4287, 0x8C6E,
  0xC6D0, 0xB60D, 0xAE4F, 0x954B, 0x2164, 0x31C5, 0x29A6, 0x3A07, 0x2165, 0x39E6, 0x31E7, 0x31A5,
  0x29A7, 0x31A6, 0x3224, 0x7C4D, 0x9DAF, 0xCED3, 0x7C2E, 0x8C8E, 0x8CED, 0x8CEC, 0x8D2D, 0x9D4D,
  0x84CA, 0x952C, 0x7C6C, 0x7C2A, 0x0020, 0x0000, 0x0020, 0x0000, 0x0020, 0x0000, 0x0020, 0x0000,
  0x0020, 0x0000, 0x0020, 0x0000, 0x0020, 0x0000, 0x0020, 0x0000, 0x0000, 0x0020, 0x0000, 0x0020,
  0x0000, 0x0020, 0x0000, 0x0020, 0x0000, 0x0020, 0x0000, 0x0020, 0x0000, 0x0020, 0x0000, 0x0020,
  0x9CED, 0x9D0E, 0x7C89, 0x8CEB, 0x7CA8, 0x6426, 0x8D0D, 0x954E, 0xBE4C, 0x7CA6, 0xA52B, 0x9D4B,
  0xA4AE, 0xAD31, 0xB56F, 0xAD70, 0xA54E, 0xB5F1, 0xBDB3, 0xB5D3, 0xB592, 0xD6B7, 0xD674, 0xD6D6,
  0xD697, 0xDED8, 0xEF5B, 0xDF1A, 0xBE34, 0xC676, 0xBDB3, 0x948E, 0x9CAC, 0xA52E, 0xB54F, 0xB590,
  0xBDF1, 0xA54F, 0xB5AC, 0x8CA8, 0x8D27, 0x7CC6, 0x84C7, 0x956A, 0x8CA9, 0x8CEA, 0x9D08, 0x9508,
  0xAD2E, 0xBE12, 0x8C6E, 0xA572, 0xE75A, 0xDF19, 0xB5D1, 0xADD2, 0xC673, 0xD736, 0x9D11, 0x4247,
  0x4A66, 0xAD73, 0xFFD9, 0x5B47, 0x4A69, 0x4269, 0x4A86, 0x8CAF, 0xAE0A, 0xA5CA, 0xBE6D, 0x7445,
  0x2123, 0x3A07, 0x3184, 0x31E6, 0x3185, 0x31E7, 0x4207, 0x31C6, 0x39C7, 0x3186, 0x4A84, 0xA5B0,
  0xD6D3, 0xC6B2, 0x94EA, 0xBE70, 0x94A9, 0xADCE, 0xBE4F, 0x954B, 0xB62E, 0x84E9, 0x8CEC, 0x7C8B,
  0x0000, 0x0020, 0x0000, 0x0020, 0x0000, 0x0020, 0x0000, 0x0020, 0x0000, 0x0020, 0x0000, 0x0020,
  0x0000, 0x0020, 0x0000, 0x0020, 0x0020, 0x0000, 0x0020, 0x0000, 0x0020, 0x0000, 0x0020, 0x0000,
  0x0020, 0x0000, 0x0020, 0x0000, 0x0020, 0x0000, 0x0020, 0x0000, 0x7C0B, 0x8C8D, 0x956D, 0x84AA,
  0x6427, 0x7467, 0x8D2D, 0x9D6E, 0xAE0C, 0xADCB, 0x9D2B, 0xB5CD, 0xAD31, 0xBD72, 0xAD90, 0xA50E,
  0x9D2E, 0x94ED, 0x94AF, 0xAD72, 0xB5D4, 0xAD52, 0xB5B2, 0xD695, 0xCE56, 0xB593, 0xC637, 0xEF5B,
  0xCED8, 0xB5D3, 0xA531, 0x8C4E, 0x9CCD, 0x5AA5, 0x7BCA, 0x944C, 0x94CD, 0x8C8C, 0x9D4B, 0x9D0A,
  0x8D48, 0x84E7, 0x7CA8, 0x954A, 0x94EA, 0x94EA, 0xA58A, 0xAD8A, 0x94CD, 0x9CCD, 0x6BAC, 0xA552,
  0xE79B, 0xEF7A, 0x9D50, 0xB5F2, 0xB612, 0xBE33, 0x8CB0, 0x3A06, 0x4267, 0x8C4E, 0xE799, 0x5B06,
  0x3A28, 0x4208, 0x4287, 0x9CF0, 0x9DAA, 0xB60B, 0xCF11, 0x6BE4, 0x1924, 0x4228, 0x31C6, 0x2984,
  0x29C6, 0x3A07, 0x3A07, 0x31A6, 0x31A7, 0x2924, 0x5B48, 0x9D2E, 0xB610, 0x950C, 0x7C69, 0x94EB,
  0xADAE, 0xBE30, 0xBE91, 0xA58C, 0xA5ED, 0xA5CD, 0x84ED, 0x952D, 0x0020, 0x0000, 0x0020, 0x0000,
  0x0020, 0x0000, 0x0020, 0x0000, 0x0020, 0x0000, 0x0020, 0x0000, 0x0020, 0x0000, 0x0020, 0x0000,
  0x0000, 0x0020, 0x0000, 0x0020, 0x0000, 0x0020, 0x0000, 0x0020, 0x0000, 0x0020, 0x0000, 0x0020,
  0x0000, 0x0020, 0x0000, 0x0020, 0x8C2A, 0x73A8, 0x8C4C, 0x7BEB, 0x7BE9, 0x844B, 0x846C, 0x94EE,
  0x8CEA, 0x8D0B, 0x9CAD, 0xC633, 0xA52C, 0x9D2C, 0x9D28, 0x84A6, 0xADAE, 0x950C, 0x83AB, 0xA511,
  0xC5B3, 0xBDB3, 0xC590, 0xCDF1, 0xC612, 0xC613, 0xB572, 0xA511, 0xA4CF, 0xB572, 0xAD71, 0x94CF,
  0xB5B2, 0x9D0F, 0x6B89, 0x6BCA, 0x9D2D, 0x950D, 0x9D2B, 0x9D4C, 0x8C68, 0x8488, 0x7C08, 0x848A,
  0xA54D, 0x84AA, 0xBD2D, 0xB50C, 0xAD2D, 0xB58F, 0xAD4E, 0xBE11, 0xFFFB, 0xDF17, 0x9D0E, 0xBE12,
  0xC691, 0xC6D2, 0x8C6E, 0x3A05, 0x4A26, 0x842E, 0xE717, 0x4A65, 0x4228, 0x3A07, 0x6346, 0xB5F1,
  0x950C, 0x9D6E, 0xBE31, 0x5B66, 0x2123, 0x3A07, 0x39C5, 0x2984, 0x31A5, 0x3A07, 0x39E6, 0x3A07,
  0x39E6, 0x31A6, 0x7426, 0xAE0F, 0xC66F, 0x8CE9, 0x6BC7, 0x84AB, 0xC68E, 0xBE6E, 0xB62D, 0xA5EC,
  0x9549, 0x8D28, 0x7467, 0x7468, 0x0000, 0x0020, 0x0000, 0x0020, 0x0000, 0x0020, 0x0000, 0x0020,
  0x0000, 0x0020, 0x0000, 0x0020, 0x0000, 0x0020, 0x0000, 0x0020, 0x0020, 0x0000, 0x0020, 0x0000,
  0x0020, 0x0000, 0x0020, 0x0000, 0x0020, 0x0000, 0x0020, 0x0000, 0x0020, 0x0000, 0x0020, 0x0000,
  0x94AD, 0x8C4B, 0x6329, 0x6328, 0x846C, 0x6B67, 0x4AC6, 0x4264, 0x7469, 0x7C69, 0x948D, 0x9CCE,
  0x7408, 0x8469, 0x9D6A, 0x9D49, 0xBE71, 0x52E3, 0x630A, 0xACF1, 0x946F, 0x9C6F, 0xA4EE, 0xB52F,
  0x9D0F, 0x9CCE, 0xA511, 0x944E, 0x946E, 0x83AB, 0x9D10, 0x8C4D, 0x7C2C, 0xAD71, 0x846D, 0x5AE7,
  0x7409, 0x7C4A, 0x84AA, 0x8468, 0x6BE6, 0x7BE6, 0x7429, 0x94CC, 0x8CCB, 0x8C8A, 0xB52D, 0xB4CC,
  0xB5B0, 0xB56E, 0xC632, 0xCE32, 0xC655, 0xC613, 0xA570, 0xC633, 0xBE91, 0xDF55, 0xAD93, 0x39E5,
  0x4227, 0x6B6B, 0xCE75, 0x4204, 0x3A08, 0x31C6, 0x73E9, 0xC632, 0xADF0, 0xC692, 0x9D6F, 0x31C0,
  0x2986, 0x31C6, 0x29A5, 0x31A5, 0x3A07, 0x3A07, 0x29A6, 0x3A07, 0x39E7, 0x4207, 0x7489, 0xA5AD,
  0xAE0E, 0x6BC5, 0x5325, 0xA56E, 0xBEAF, 0x84A7, 0x84E8, 0x9D6A, 0x9DEC, 0xA5AB, 0x850B, 0x6C27,
  0x0020, 0x0000, 0x0020, 0x0000, 0x0020, 0x0000, 0x0020, 0x0000, 0x0020, 0x0000, 0x0020, 0x0000,
  0x0020, 0x0000, 0x0020, 0x0000, 0x0000, 0x0020, 0x0000, 0x0020, 0x0000, 0x0020, 0x0000, 0x0020,
  0x0000, 0x0020, 0x0000, 0x0020, 0x0000, 0x0020, 0x0000, 0x0020, 0x62E5, 0x8C6B, 0x73C9, 0x4A84,
  0x62A9, 0x734C, 0x9C8C, 0x62E6, 0x7BEA, 0x7C4B, 0xAD72, 0xA593, 0x8C89, 0x9D6C, 0xA4EC, 0x9CCC,
  0xB533, 0xBDB5, 0x93ED, 0xACB0, 0xB4EE, 0x942B, 0xB4EC, 0xBD0D, 0x840B, 0x948D, 0x8C4C, 0x738A,
  0xAD0F, 0x7BAA, 0x8C0C, 0x8C2D, 0x8C6D, 0xA530, 0xA52F, 0x73EA, 0x73C9, 0x844B, 0x6B88, 0x7C6B,
  0x840A, 0x5B47, 0x8C6D, 0x844D, 0x6348, 0x6B8A, 0xA52E, 0xBDF1, 0xDE53, 0xD633, 0xDDF3, 0xD5D3,
  0xC5B2, 0xBDB3, 0xBD92, 0xB572, 0xD671, 0xDF13, 0xC613, 0x3A03, 0x4227, 0x5B0B, 0x9D11, 0x2983,
  0x39E7, 0x29A6, 0x6325, 0xB5B0, 0xBE0B, 0xCEAD, 0xA510, 0x2141, 0x31A6, 0x31E7, 0x31A4, 0x31C5,
  0x39C5, 0x4268, 0x4207, 0x39E7, 0x31A4, 0x4AA8, 0x84AA, 0x7CAA, 0x7408, 0x3A83, 0x950B, 0xADEF,
  0x9DAC, 0x8D4B, 0x9DAC, 0x8D2A, 0xA60C, 0x9DEC, 0x954B, 0x7CA9, 0x0000, 0x0020, 0x0000, 0x0020,
  0x0000, 0x0020, 0x0000, 0x0020, 0x0000, 0x0020, 0x0000, 0x0020, 0x0000, 0x0020, 0x0000, 0x0020,
  0x0020, 0x0000, 0x0020, 0x0000, 0x0020, 0x0000, 0x0020, 0x0000, 0x0020, 0x0000, 0x0020, 0x0000,
  0x0020, 0x0000, 0x0020, 0x0000, 0x6367, 0x9CCD, 0x740A, 0x6B88, 0x736C, 0x62A9, 0x7BAA, 0xA4AD,
  0x94EE, 0x844B, 0xBE56, 0xB5B4, 0x7C69, 0x7C07, 0x842A, 0x7BC8, 0x6B4C, 0x8C0F, 0xACD1, 0xAC90,
  0xA4CE, 0xB50F, 0xACAC, 0xAC6B, 0x842C, 0x948D, 0xAD71, 0x8C2C, 0x8C4D, 0xB551, 0x946E, 0x946E,
  0x7C2C, 0x842C, 0x950F, 0x9D0F, 0xADB1, 0x8C8C, 0x7C2B, 0x73EA, 0x844C, 0x7BEA, 0x7C0C, 0x842C,
  0x5B08, 0x73AA, 0x844B, 0x948C, 0xB52F, 0x9C6C, 0xACAF, 0xCD72, 0xB572, 0xCDF4, 0xCE35, 0xC5F4,
  0xC630, 0xCE51, 0xAD92, 0x4A24, 0x3A28, 0x5AEB, 0x73ED, 0x39C5, 0x31E8, 0x2965, 0x5B06, 0xB5B0,
  0xC66D, 0xDF0F, 0x73CC, 0x1900, 0x29A6, 0x39C6, 0x31C6, 0x31A5, 0x3A27, 0x4227, 0x3A08, 0x39E7,
  0x29A4, 0x5B0A, 0x7C8A, 0x5B65, 0x5BA7, 0x6BC8, 0x9DAE, 0x6BE7, 0x7488, 0x84C8, 0x850A, 0x8D2A,
  0x8509, 0x7CA7, 0x850B, 0xA5CE, 0x0020, 0x0000, 0x0020, 0x0000, 0x0020, 0x0000, 0x0020, 0x0000,
  0x0020, 0x0000, 0x0020, 0x0000, 0x0020, 0x0000, 0x0020, 0x0000, 0x0000, 0x0020, 0x0000, 0x0020,
  0x0000, 0x0020, 0x0000, 0x0020, 0x0000, 0x0020, 0x0000, 0x0020, 0x0000, 0x0020, 0x0000, 0x0020,
  0x8BED, 0x8C0E, 0x736A, 0x9CD0, 0xA4D0, 0x738B, 0x7B89, 0x94AE, 0xA4EE, 0x5AE7, 0x9C6C, 0xB590,
  0xCE4B, 0x9CE6, 0x7BE8, 0x7BE8, 0x7B8C, 0x7BCD, 0x9C4E, 0x944E, 0x9C4E, 0x8C0D, 0x8BAC, 0x7B4A,
  0xA42A, 0xC56F, 0x9CAD, 0x7369, 0x8BCD, 0xA4B1, 0x8C0D, 0x83EC, 0x8C2B, 0x8C4C, 0x83EC, 0x948E,
  0xA570, 0x848C, 0x7BCA, 0x7C2C, 0x842B, 0x94EE, 0x8C6D, 0x8C8E, 0x6348, 0x7C2C, 0xC5F4, 0xB593,
  0xC573, 0xCDD5, 0xBD12, 0xB512, 0xBD52, 0xAD11, 0xA4AF, 0xAD31, 0xDE35, 0xD614, 0xBDB3, 0x4A25,
  0x4247, 0x52EA, 0x5AE9, 0x31C5, 0x31A5, 0x2144, 0x6B87, 0xCEB3, 0xA54B, 0xC690, 0x6B6A, 0x2142,
  0x39C6, 0x31C6, 0x2964, 0x31E6, 0x4207, 0x4248, 0x41E7, 0x3A07, 0x39E4, 0x5B4A, 0x6BE8, 0x6C09,
  0x7429, 0x63A7, 0x84C9, 0x7CCA, 0x6C08, 0x84EB, 0x84C9, 0x63C5, 0x7428, 0x7C8A, 0x84C9, 0x956C,
  0x0000, 0x0020, 0x0000, 0x0020, 0x0000, 0x0020, 0x0000, 0x0020, 0x0000, 0x0020, 0x0000, 0x0020,
  0x0000, 0x0020, 0x0000, 0x0020, 0x0020, 0x0000, 0x0020, 0x0000, 0x0020, 0x0000, 0x0020, 0x0000,
  0x0020, 0x0000, 0x0020, 0x0000, 0x0020, 0x0000, 0x0020, 0x0000, 0x7B8D, 0x7B4C, 0x94AF, 0x946E,
  0x9490, 0xA4F1, 0x9CCF, 0x83CB, 0x8C8D, 0x9CCE, 0x9CCE, 0x83EA, 0xC64C, 0xBDEA, 0xB5F1, 0x948B,
  0x4227, 0x4A47, 0x83AC, 0xA48F, 0x9CB0, 0x8BCD, 0x7B8B, 0x838B, 0x8B88, 0xA42B, 0x8C4D, 0x7B89,
  0x83EE, 0x8BED, 0x8C2D, 0x83CC, 0x9CCF, 0x8C2C, 0x8C4E, 0x736A, 0x7C4C, 0x8CAD, 0x6B8A, 0x4244,
  0x4AA6, 0x4A64, 0x52C7, 0x738A, 0x848D, 0x73CA, 0x7BEC, 0xAD31, 0xA490, 0xACD1, 0xB513, 0xCD95,
  0xAD12, 0x8BED, 0xA4F1, 0xACF0, 0xB552, 0xC593, 0xAD52, 0x4A25, 0x3207, 0x52C9, 0x4268, 0x2143,
  0x2986, 0x2944, 0x846B, 0xBE31, 0x8CA9, 0xB5EE, 0x4AA8, 0x3183, 0x31C7, 0x3185, 0x29A6, 0x31A6,
  0x4248, 0x4207, 0x3A08, 0x4208, 0x4247, 0x634A, 0x7C8B, 0x8CEC, 0x6C09, 0x5B46, 0x7469, 0x7C89,
  0x746A, 0x84CB, 0x6C28, 0x63C6, 0x7469, 0x7C69, 0x850B, 0x952B, 0x0020, 0x0000, 0x0020, 0x0000,
  0x0020, 0x0000, 0x0020, 0x0000, 0x0020, 0x0000, 0x0020, 0x0000, 0x0020, 0x0000, 0x0020, 0x0000,
  0x0000, 0x0020, 0x0000, 0x0020, 0x0000, 0x0020, 0x0000, 0x0020, 0x0000, 0x0020, 0x0000, 0x0020,
  0x0000, 0x0020, 0x0000, 0x0020, 0x6B0A, 0x5AA8, 0xA4D0, 0xAD32, 0xAD70, 0xBE13, 0x9388, 0x93EA,
  0x93A9, 0xB4CE, 0xC5B4, 0x8C4E, 0x93CB, 0x83AB, 0xACEE, 0xAD2F, 0xA4F0, 0xAD52, 0xA4F0, 0x7BCC,
  0x7B69, 0x8C2C, 0x7B6B, 0x83ED, 0x834B, 0x940E, 0xBD10, 0xB511, 0x940C, 0x83CC, 0xACF0, 0xB551,
  0xA48E, 0x946E, 0xA44D, 0x7329, 0x73C8, 0x848B, 0x9D2F, 0x8CEF, 0x7C0A, 0x5307, 0x4A85, 0x4A86,
  0x6B09, 0x94AF, 0x9C8F, 0xA511, 0xC5B3, 0xB573, 0xA4D0, 0xCDF5, 0xD5F4, 0xB532, 0xBD72, 0xCE35,
  0xCDF3, 0xD654, 0xB552, 0x4205, 0x4227, 0x4AA9, 0x5B09, 0x31E5, 0x2984, 0x2143, 0x9CAC, 0xDED5,
  0xB5AF, 0xA56E, 0x4206, 0x2984, 0x39A5, 0x31A5, 0x31C5, 0x31E6, 0x4226, 0x4247, 0x4227, 0x4248,
  0x4264, 0x7C4C, 0x7C67, 0x84E9, 0x6B69, 0x63A9, 0x84AB, 0x7429, 0x6C05, 0x74A7, 0x9D8B, 0xA5EC,
  0x8487, 0x6C06, 0x7C48, 0x8D0B, 0x0000, 0x0020, 0x0000, 0x0020, 0x0000, 0x0020, 0x0000, 0x0020,
  0x0000, 0x0020, 0x0000, 0x0020, 0x0000, 0x0020, 0x0000, 0x0020, 0x0020, 0x0000, 0x0020, 0x0000,
  0x0020, 0x0000, 0x0020, 0x0000, 0x0020, 0x0000, 0x0020, 0x0000, 0x0020, 0x0000, 0x0020, 0x0000,
  0x840E, 0x83CD, 0x62E9, 0x62E9, 0x6B8A, 0xA530, 0x93AA, 0x8B68, 0x8B89, 0x8B89, 0x7BAC, 0x7B8C,
  0xA4B0, 0x836A, 0x842B, 0x83EA, 0x8C6F, 0xA511, 0x842D, 0xA4F0, 0xA4CF, 0xA4CF, 0x6AEA, 0x6288,
  0x62A9, 0x7B0A, 0x9C6F, 0xACAF, 0x7B8B, 0x942D, 0x83EC, 0x83AB, 0x736A, 0x940D, 0x7B6A, 0x836A,
  0x6388, 0x5AE5, 0x63AA, 0x8CCE, 0x9D50, 0xAD91, 0x7C0C, 0x6B8A, 0x5AC9, 0x5AC8, 0x83ED, 0xB532,
  0xA4F1, 0xBD93, 0xB553, 0x942E, 0xBD73, 0xD5F5, 0xC5F4, 0xDE97, 0xCE14, 0xC5B2, 0xAD32, 0x39A4,
  0x3A47, 0x4A48, 0x5B2A, 0x4246, 0x2164, 0x2964, 0x94AD, 0xDEB4, 0xC673, 0x8C8B, 0x2164, 0x31A5,
  0x31A5, 0x3184, 0x29C5, 0x4207, 0x3A27, 0x3A06, 0x4249, 0x4228, 0x4AC7, 0x7C0B, 0x956B, 0x7CA8,
  0x5B49, 0x6B89, 0x6C2A, 0x848B, 0x958B, 0x8D2A, 0x8D4A, 0x9529, 0x84A9, 0xA58C, 0x7C89, 0x84CA,
  0x0020, 0x0000, 0x0020, 0x0000, 0x0020, 0x0000, 0x0020, 0x0000, 0x0020, 0x0000, 0x0020, 0x0000,
  0x0020, 0x0000, 0x0020, 0x0000, 0x0000, 0x0020, 0x0000, 0x0020, 0x0000, 0x0020, 0x0000, 0x0020,
  0x0000, 0x0020, 0x0000, 0x0020, 0x0000, 0x0020, 0x0000, 0x0020, 0x8C0C, 0x9CD0, 0x8409, 0x73A8,
  0x6B26, 0x8409, 0x836A, 0x7B29, 0x8B6B, 0x7B2A, 0x7B4A, 0x942E, 0x8BAD, 0x8BEE, 0x9C2D, 0xA48F,
  0x6B49, 0x52A7, 0x6B4A, 0x7C0D, 0x8C2C, 0x8C6D, 0x9C6F, 0x944F, 0x9C90, 0x83CD, 0x93ED, 0x9C70,
  0x836B, 0xA490, 0xAD10, 0x840D, 0x93EB, 0x7B69, 0x9C4D, 0xA4CF, 0x83EA, 0x6B89, 0x8C2B, 0x6B68,
  0x7BC9, 0xA54F, 0x846A, 0x84AB, 0xA52D, 0x73E8, 0x6308, 0x842D, 0x8BEC, 0xA4F0, 0xC5B3, 0x9CD0,
  0xB572, 0xA510, 0x946E, 0xA511, 0xACF1, 0x946F, 0x83ED, 0x3184, 0x4205, 0x4226, 0x6BCB, 0x63AB,
  0x2964, 0x2984, 0x7B8C, 0xA512, 0xBDB4, 0x6B4B, 0x2123, 0x31C5, 0x31A4, 0x31A5, 0x31A4, 0x4247,
  0x4227, 0x3A27, 0x4A28, 0x3A07, 0x5AC7, 0x844D, 0x94EC, 0x7C6B, 0x6348, 0x846C, 0x5305, 0x7C4A,
  0x952A, 0x954B, 0x7408, 0x8CEC, 0x8CCB, 0xA58F, 0x9D2D, 0x63A8, 0x0000, 0x0020, 0x0000, 0x0020,
  0x0000, 0x0020, 0x0000, 0x0020, 0x0000, 0x0020, 0x0000, 0x0020, 0x0000, 0x0020, 0x0000, 0x0020,
  0x0020, 0x0000, 0x0020, 0x0000, 0x0020, 0x0000, 0x0020, 0x0000, 0x0020, 0x0000, 0x0020, 0x0000,
  0x0020, 0x0000, 0x0020, 0x0000, 0x840D, 0x6B09, 0x8C8C, 0x7367, 0x6347, 0x7388, 0x5A47, 0x6A87,
  0x836B, 0x72E9, 0x732A, 0x836B, 0x83AD, 0x838C, 0x8C0D, 0xACD0, 0xBE15, 0xC635, 0x94B0, 0x842E,
  0xBDF4, 0xA4CF, 0x734B, 0x8BAD, 0x83CE, 0x8BCE, 0x838C, 0x9C2E, 0x7B2B, 0x7B4B, 0x738B, 0x6B09,
  0x6AC7, 0x7B28, 0x8C0D, 0xA4AF, 0x8C8D, 0x7389, 0x7C0B, 0x73A9, 0x73C9, 0x94AD, 0x7C6A, 0x7C49,
  0x9D4E, 0xA52E, 0x94AF, 0xBDB3, 0xCE56, 0xACF0, 0xC615, 0xDE97, 0xC615, 0x8C2D, 0x62E9, 0x5247,
  0x6B4B, 0xBD94, 0xBDF5, 0x738C, 0x2984, 0x4206, 0x63CB, 0x4AC7, 0x2985, 0x31C5, 0x5268, 0x736B,
  0x630A, 0x39A4, 0x2964, 0x31A5, 0x29A5, 0x31A5, 0x3206, 0x4247, 0x4A89, 0x4227, 0x4249, 0x4228,
  0x5B09, 0x7C0C, 0x7C6B, 0x4AA3, 0x6BAA, 0x7C2C, 0x5B67, 0x6BC8, 0x7CC9, 0x952B, 0x7449, 0x7C6A,
  0x6BE9, 0x6366, 0x63A8, 0x8C8B, 0x0020, 0x0000, 0x0020, 0x0000, 0x0020, 0x0000, 0x0020, 0x0000,
  0x0020, 0x0000, 0x0020, 0x0000, 0x0020, 0x0000, 0x0020, 0x0000, 0x0000, 0x0020, 0x0000, 0x0020,
  0x0000, 0x0020, 0x0000, 0x0020, 0x0000, 0x0020, 0x0000, 0x0020, 0x0000, 0x0020, 0x0000, 0x0020,
  0xA50D, 0xB590, 0x7BA5, 0x8448, 0x7C47, 0x8488, 0x734A, 0x5AE9, 0x62A8, 0x62EA, 0x62E8, 0x3183,
  0x7BC7, 0x8C6A, 0x8C29, 0xAD4E, 0x9CAA, 0xAD6D, 0xC54F, 0x8388, 0x7B49, 0x736A, 0x736B, 0x6B2A,
  0x732A, 0x7BAC, 0x836C, 0x734B, 0x5A88, 0x5AA9, 0x734A, 0x736B, 0x7348, 0x840B, 0x8C49, 0x6345,
  0x5AA7, 0x6B4A, 0x9CCD, 0xA52F, 0x8C0C, 0x6B28, 0x7BE9, 0x7BEA, 0x9CEE, 0xA550, 0x9CAF, 0xA511,
  0xC615, 0xBDD5, 0xBDD4, 0x948F, 0x9CAF, 0x948F, 0x83ED, 0x73AC, 0x948F, 0xB593, 0xA4D0, 0xA532,
  0x8C2E, 0x52C8, 0x4A26, 0x52A8, 0x4A47, 0x31E5, 0x6B2A, 0x5AE9, 0x62E9, 0x2964, 0x3164, 0x3A06,
  0x39C5, 0x31A5, 0x4227, 0x4268, 0x5AA9, 0x4247, 0x5268, 0x52C9, 0x6309, 0x842E, 0x94AF, 0x636A,
  0x6B89, 0x4AC6, 0x846B, 0x6BC9, 0x6B88, 0x7C6B, 0x7C28, 0x7449, 0x844B, 0x4284, 0x8469, 0xADCE,
  0x0000, 0x0020, 0x0000, 0x0020, 0x0000, 0x0020, 0x0000, 0x0020, 0x0000, 0x0020, 0x0000, 0x0020,
  0x0000, 0x0020, 0x0000, 0x0020, 0x0020, 0x0000, 0x0020, 0x0000, 0x0020, 0x0000, 0x0020, 0x0000,
  0x0020, 0x0000, 0x0020, 0x0000, 0x0020, 0x0000, 0x0020, 0x0000, 0x8C6C, 0x9CCD, 0x7385, 0x7385,
  0x8488, 0xAD8C, 0xDEF9, 0xAD52, 0x736C, 0x5247, 0x5267, 0x734A, 0x94CC, 0x8429, 0x842A, 0x9CAC,
  0x7BE8, 0x7386, 0x940B, 0x9C0B, 0x9C8F, 0xACF0, 0xA4F1, 0xAD32, 0x62EA, 0x942E, 0x9450, 0x8BCE,
  0x62EA, 0x62C9, 0x5AC9, 0x8C0E, 0x9CAE, 0x8C2B, 0x9CCC, 0x73A7, 0x6309, 0x734A, 0x6B89, 0x9CCE,
  0x7BAB, 0x7369, 0x9D0F, 0x9CCD, 0x94EE, 0xB5B1, 0xAD93, 0xA511, 0xAD74, 0x9CB0, 0x8C4E, 0x62E9,
  0x73AC, 0x8C2E, 0x73AD, 0x734B, 0x6B4B, 0x736B, 0x630A, 0x62E9, 0x94B0, 0x83ED, 0x634B, 0x6309,
  0x5B0A, 0x4206, 0x632B, 0x7BCD, 0x5AEA, 0x3164, 0x31C6, 0x39C5, 0x39E6, 0x39C5, 0x3A27, 0x4247,
  0x4A68, 0x4A68, 0x4227, 0x5ACA, 0x632A, 0x52A8, 0x52E8, 0x5AE8, 0x42A6, 0x52E7, 0x742B, 0x6BA9,
  0x6BC9, 0x7C4B, 0x8CEC, 0x9D6D, 0x84AD, 0x844B, 0x8CCB, 0xA58E, 0x0020, 0x0000, 0x0020, 0x0000,
  0x0020, 0x0000, 0x0020, 0x0000, 0x0020, 0x0000, 0x0020, 0x0000, 0x0020, 0x0000, 0x0020, 0x0000,
  0x0000, 0x0020, 0x0000, 0x0020, 0x0000, 0x0020, 0x0000, 0x0020, 0x0000, 0x0020, 0x0000, 0x0020,
  0x0000, 0x0020, 0x0000, 0x0020, 0x6AA8, 0x7B6B, 0x838B, 0x5267, 0x7BA9, 0x6328, 0xA4CF, 0xDEB6,
  0xC5B2, 0x7329, 0x4A26, 0x738B, 0xA588, 0xA5A9, 0x950B, 0x7C89, 0xAD4C, 0xAD6D, 0xA44C, 0x8BCA,
  0x62A9, 0x83AD, 0x9CED, 0xADD1, 0x94AB, 0x5B25, 0x7BAC, 0x73CD, 0x31A4, 0x3A05, 0x3183, 0x52C8,
  0x7B8B, 0x630A, 0x4A45, 0x73AB, 0xA4AF, 0x840D, 0x62E8, 0x5AA8, 0x738B, 0x5AE9, 0x7B4B, 0x7B6C,
  0xA4AF, 0xA4D0, 0xB551, 0x7BAB, 0x52A7, 0x5AE9, 0x6B2A, 0x6B6B, 0x5247, 0x4206, 0x3184, 0x31A5,
  0x39C5, 0x2964, 0x2122, 0x4A67, 0x736B, 0x8C6F, 0x9CAF, 0x946F, 0x8C0D, 0x83CD, 0x7B6B, 0x83CD,
  0x4A26, 0x2984, 0x31A4, 0x39E6, 0x39E6, 0x3A06, 0x4247, 0x3A27, 0x39C6, 0x4248, 0x4226, 0x4A88,
  0x5AC8, 0x4A67, 0x39A4, 0x4247, 0x52E6, 0x7C4C, 0x846B, 0x6388, 0x7C47, 0x8D0A, 0x9528, 0xA5CB,
  0x9D69, 0xA60C, 0x94EB, 0xADCF, 0x0000, 0x0020, 0x0000, 0x0020, 0x0000, 0x0020, 0x0000, 0x0020,
  0x0000, 0x0020, 0x0000, 0x0020, 0x0000, 0x0020, 0x0000, 0x0020, 0x0020, 0x0000, 0x0020, 0x0000,
  0x0020, 0x0000, 0x0020, 0x0000, 0x0020, 0x0000, 0x0020, 0x0000, 0x0020, 0x0000, 0x0020, 0x0000,
  0x83CD, 0x732A, 0x6B09, 0x734A, 0x6B49, 0x840B, 0x5AC7, 0x62E7, 0x9CAF, 0x7B6A, 0x5AC9, 0x62E9,
  0x9527, 0x8CE6, 0x9D4C, 0xB60F, 0x8449, 0x7BE7, 0x7307, 0x6244, 0x7B8D, 0x6ACA, 0x740A, 0x7C0A,
  0xADAF, 0xBE10, 0x94B1, 0xAD53, 0x7BED, 0x630A, 0x7BED, 0x6B4A, 0x5AE9, 0x7BAC, 0x5AE8, 0x4A25,
  0x5AA8, 0x62C8, 0x5AC9, 0x7BAC, 0xA553, 0x8C2E, 0x5A68, 0x5A88, 0x8BED, 0x83AB, 0xAD52, 0x6AE9,
  0x2143, 0x4206, 0x738C, 0x83EE, 0x8C50, 0x7BCD, 0x7BEE, 0x738C, 0x4227, 0x2944, 0x2143, 0x2964,
  0x18C1, 0x83ED, 0xAD32, 0x9C90, 0x9470, 0x944F, 0x944F, 0x8BEE, 0x39E6, 0x2943, 0x31C6, 0x31A5,
  0x31A5, 0x39C5, 0x3A07, 0x4228, 0x4248, 0x4A69, 0x4A88, 0x5288, 0x5AEA, 0x6B2B, 0x4A88, 0x4A27,
  0x5B48, 0x9D2F, 0x8CEE, 0x8C8C, 0x7C68, 0xADAD, 0x7CA7, 0x7445, 0x8D49, 0x84C7, 0x950D, 0x94EC,
  0x0020, 0x0000, 0x0020, 0x0000, 0x0020, 0x0000, 0x0020, 0x0000, 0x0020, 0x0000, 0x0020, 0x0000,
  0x0020, 0x0000, 0x0020, 0x0000, 0x0000, 0x0020, 0x0000, 0x0020, 0x0000, 0x0020, 0x0000, 0x0020,
  0x0000, 0x0020, 0x0000, 0x0020, 0x0000, 0x0020, 0x0000, 0x0020, 0x6308, 0x5AE8, 0x5287, 0x6B6B,
  0x7B8C, 0x8C0E, 0x9C2E, 0xBD53, 0x62A8, 0x83ED, 0x8C0E, 0x2102, 0x41A5, 0x5227, 0x4A65, 0x6349,
  0x8429, 0x848B, 0x6289, 0x6B0B, 0x5267, 0x52C9, 0xB5B2, 0x9510, 0x73A8, 0x9D2D, 0xADAE, 0xB630,
  0xB5B2, 0x73AB, 0x6B49, 0x5B09, 0x6309, 0x4A87, 0x6B6A, 0x4246, 0x5A87, 0x4226, 0x5247, 0x944F,
  0x940D, 0x736B, 0x8BEC, 0x5AC8, 0x7BCC, 0x73AC, 0x734A, 0x7BAC, 0x6B09, 0x62E9, 0x31A4, 0x31A4,
  0x4A46, 0x4205, 0x738B, 0xBDD5, 0x83ED, 0x5AE9, 0x6B0A, 0x632A, 0x5267, 0x7BCD, 0x62E9, 0x6B4A,
  0x6AE9, 0x738B, 0x8BAC, 0xACD1, 0x41E6, 0x2964, 0x39C5, 0x3A06, 0x39E6, 0x31C5, 0x4A27, 0x4A68,
  0x52A9, 0x52A9, 0x4A67, 0x4A88, 0x6AE9, 0x83ED, 0x736B, 0x31A4, 0x62C5, 0x9CEE, 0x9D0C, 0x84AB,
  0x6B89, 0x740B, 0x6B88, 0x7C4C, 0x6329, 0x3A25, 0x73AB, 0x7C0D, 0x0000, 0x0020, 0x0000, 0x0020,
  0x0000, 0x0020, 0x0000, 0x0020, 0x0000, 0x0020, 0x0000, 0x0020, 0x0000, 0x0020, 0x0000, 0x0020,
  0x0020, 0x0000, 0x0020, 0x0000, 0x0020, 0x0000, 0x0020, 0x0000, 0x0020, 0x0000, 0x0020, 0x0000,
  0x0020, 0x0000, 0x0020, 0x0000, 0x8CAF, 0xAD51, 0xA553, 0x6309, 0x5A89, 0x8C0E, 0x838C, 0x834B,
  0x6B4B, 0x944F, 0x8C4F, 0x7B8C, 0x62CA, 0x6AC9, 0x4AA7, 0x4204, 0x7C4A, 0x6346, 0x49E7, 0x5A69,
  0x94B1, 0x738C, 0x7C4D, 0xC655, 0x9D2E, 0xAD6F, 0xA5AF, 0x9D2C, 0x9D31, 0x6329, 0x6B8B, 0x6B6A,
  0x5B0A, 0x6309, 0x4AA8, 0x4226, 0x7BCD, 0x736B, 0x630B, 0x5A88, 0x8C2E, 0xC5D4, 0x9CB0, 0x736A,
  0x7BED, 0x62C9, 0x5288, 0x734B, 0x7BED, 0x6AE9, 0x4A88, 0x7BCC, 0x8C4E, 0x8C4E, 0x7BEE, 0x944F,
  0x7BEE, 0x736C, 0x6B4B, 0x6B0A, 0x5288, 0x5AA8, 0x6B4B, 0x83ED, 0x6B2A, 0x7B6B, 0xB533, 0xC574,
  0x2964, 0x2964, 0x3A06, 0x4206, 0x3A07, 0x39C6, 0x4248, 0x4227, 0x3A07, 0x4A68, 0x4248, 0x4227,
  0x62E9, 0x8C0E, 0x5288, 0x41E5, 0x840B, 0x6B27, 0x63A7, 0x6BA7, 0x5B48, 0x5B28, 0x740B, 0x94CE,
  0x4A87, 0x842D, 0x5B29, 0x52E8, 0x0020, 0x0000, 0x0020, 0x0000, 0x0020, 0x0000, 0x0020, 0x0000,
  0x0020, 0x0000, 0x0020, 0x0000, 0x0020, 0x0000, 0x0020, 0x0000, 0x0000, 0x0020, 0x0000, 0x0020,
  0x0000, 0x0020, 0x0000, 0x0020, 0x0000, 0x0020, 0x0000, 0x0020, 0x0000, 0x0020, 0x0000, 0x0020,
  0x6B6A, 0x8C6E, 0x8C4E, 0x9490, 0x7BEC, 0xB5B4, 0x83EC, 0x52C8, 0x41A4, 0x5267, 0x7BAB, 0x840D,
  0x942E, 0x7B8C, 0x5A47, 0x62E9, 0x62A7, 0x6B29, 0x736A, 0x6329, 0x9C4D, 0xCDD3, 0x94CD, 0xB5F1,
  0xB610, 0xAE31, 0xA52D, 0x94CC, 0x9D0D, 0xADF1, 0x6307, 0x5B08, 0x5AA8, 0x52A9, 0x6328, 0x6B8A,
  0x7BEC, 0x4A67, 0x4A06, 0x4226, 0x7B6B, 0x9C90, 0x944D, 0xB572, 0xAD4F, 0x7BEA, 0x83CB, 0x6B29,
  0x5246, 0x83ED, 0x83CC, 0x83EC, 0x8C0D, 0x7BAC, 0x83EC, 0x83ED, 0x83EC, 0x9CD0, 0xB531, 0xAD52,
  0x9C8F, 0x8C2E, 0x9C4E, 0xC5D4, 0xCDB4, 0xB553, 0xB512, 0x7B8C, 0x2102, 0x31C5, 0x39E5, 0x39E6,
  0x39C5, 0x3A06, 0x4226, 0x4247, 0x4206, 0x31C5, 0x4227, 0x39E7, 0x5AC8, 0x5AE9, 0x4A46, 0x5AE9,
  0x6B29, 0x5AE8, 0x73A7, 0x94CC, 0x4A67, 0x52A9, 0x6B6B, 0x73AC, 0x73CC, 0x9511, 0x73CB, 0x5B29,
  0x0000, 0x0020, 0x0000, 0x0020, 0x0000, 0x0020, 0x0000, 0x0020, 0x0000, 0x0020, 0x0000, 0x0020,
  0x0000, 0x0020, 0x0000, 0x0020, 0x0020, 0x0000, 0x0020, 0x0000, 0x0020, 0x0000, 0x0020, 0x0000,
  0x0020, 0x0000, 0x0020, 0x0000, 0x0020, 0x0000, 0x0020, 0x0000, 0x5B09, 0x6B6A, 0x632A, 0x738B,
  0x4247, 0x6B6B, 0x9D11, 0x4A67, 0x4A06, 0x3943, 0x3183, 0x39A3, 0x39A5, 0x62A8, 0x83CD, 0x5A67,
  0x6B29, 0x7B6A, 0xBDF5, 0x94AF, 0x940D, 0xACAF, 0x4AA5, 0x6B88, 0x8D2D, 0x84AB, 0x6BA7, 0x6346,
  0x5326, 0x7C2A, 0x73CB, 0x4A45, 0x73AD, 0x630A, 0x52A7, 0x4A45, 0x636B, 0x5AC8, 0x4207, 0x39A4,
  0x5248, 0x49E6, 0x738A, 0x8BEC, 0x52E6, 0x842B, 0x7BAC, 0xA4D0, 0x632A, 0x62C9, 0x9CB0, 0xCDF5,
  0xBDD5, 0x83ED, 0x94B0, 0x9CB0, 0xA512, 0x9C8F, 0x840D, 0x83EC, 0x8C2F, 0x9CB0, 0xBD93, 0xB532,
  0x942E, 0xA490, 0xBDB5, 0x6AEA, 0x2144, 0x39E6, 0x3A07, 0x39E6, 0x31C6, 0x4206, 0x4268, 0x4A68,
  0x4AA9, 0x4206, 0x4A8A, 0x39C6, 0x52C9, 0x6309, 0x4227, 0x3163, 0x3A05, 0x4225, 0x7C0A, 0x844B,
  0x4247, 0x4A67, 0x5B2A, 0x5AC9, 0x846F, 0x73AC, 0x5B09, 0x5AE8, 0x0020, 0x0000, 0x0020, 0x0000,
  0x0020, 0x0000, 0x0020, 0x0000, 0x0020, 0x0000, 0x0020, 0x0000, 0x0020, 0x0000, 0x0020, 0x0000,
  0x0000, 0x0020, 0x0000, 0x0020, 0x0000, 0x0020, 0x0000, 0x0020, 0x0000, 0x0020, 0x0000, 0x0020,
  0x0000, 0x0020, 0x0000, 0x0020, 0x838C, 0xC5D5, 0x6B29, 0x4A46, 0x62A8, 0x5247, 0x5A67, 0x6B0A,
  0x940E, 0x9CB0, 0x4A06, 0x2102, 0x5267, 0x840E, 0x944F, 0x62E9, 0x8B6A, 0x7B2A, 0x7BCB, 0xA530,
  0xA4AF, 0xA4D0, 0x8BAC, 0x5A88, 0x840C, 0x9CF0, 0x9490, 0x5AC9, 0x3143, 0x5267, 0x738B, 0x6329,
  0x5AA9, 0x4206, 0x5267, 0x5288, 0x6B2A, 0x6B6B, 0x6B0A, 0x4206, 0x5247, 0x52A9, 0x4205, 0x6B4B,
  0x5A87, 0x734B, 0x7349, 0x840C, 0x944C, 0x948E, 0x6B09, 0x8C4E, 0xBD73, 0xA4F1, 0x6309, 0x5AE9,
  0x840E, 0xA553, 0xAD52, 0xA552, 0xAD11, 0x9CD0, 0xA531, 0xBE15, 0xBD73, 0xBD73, 0xCDD5, 0x630A,
  0x2102, 0x3A06, 0x41E6, 0x3A06, 0x39C5, 0x4227, 0x4A68, 0x4268, 0x5288, 0x4247, 0x5AC9, 0x31A5,
  0x6309, 0x630A, 0x4A25, 0x7BCC, 0x5246, 0x6309, 0x62C9, 0x3163, 0x4A06, 0x6B6C, 0x62E9, 0x6B6A,
  0x73CB, 0x6BCB, 0x6B4A, 0x52C8, 0x0000, 0x0020, 0x0000, 0x0020, 0x0000, 0x0020, 0x0000, 0x0020,
  0x0000, 0x0020, 0x0000, 0x0020, 0x0000, 0x0020, 0x0000, 0x0020, 0x0020, 0x0000, 0x0020, 0x0000,
  0x0020, 0x0000, 0x0020, 0x0000, 0x0020, 0x0000, 0x0020, 0x0000, 0x0020, 0x0000, 0x0020, 0x0000,
  0x6B0B, 0xACF2, 0x7C0D, 0x736A, 0x734B, 0x8C0E, 0x5247, 0x730A, 0xA4F2, 0xA4B1, 0x7BEE, 0x83EE,
  0x5B0A, 0x5267, 0x39A5, 0x5267, 0x7B2A, 0x6A47, 0x6329, 0xC5F3, 0xDEB7, 0x9C4E, 0x5A89, 0x4164,
  0x3A25, 0x4204, 0x39E6, 0x5268, 0x4A27, 0x4A06, 0x52C8, 0x4A46, 0x2943, 0x2102, 0x20E2, 0x3163,
  0x5B0A, 0x7BAC, 0x6B4C, 0xA512, 0x73AD, 0x7BCD, 0x8C90, 0x736B, 0x630A, 0x7BAC, 0x946E, 0x83CB,
  0x948E, 0x946D, 0x6B6B, 0x6309, 0x62EA, 0x83AD, 0x634B, 0x3163, 0x18E2, 0x2102, 0x3A06, 0x842E,
  0x6B4A, 0x7B8B, 0x73CC, 0x8C4E, 0xCE36, 0xCDD5, 0xAD33, 0x5247, 0x2985, 0x39E6, 0x31C6, 0x39E6,
  0x3A06, 0x4A47, 0x4268, 0x4A68, 0x52CA, 0x5AEA, 0x52A9, 0x2964, 0x6B6B, 0x4A26, 0x5AE9, 0xC5D4,
  0x6309, 0x5267, 0x6B4B, 0x9C6F, 0x4A88, 0x41E6, 0x8C4F, 0xB573, 0x8CD0, 0x8CAF, 0x6B8C, 0x6B6B,
  0x0020, 0x0000, 0x0020, 0x0000, 0x0020, 0x0000, 0x0020, 0x0000, 0x0020, 0x0000, 0x0020, 0x0000,
  0x0020, 0x0000, 0x0020, 0x0000, 0x0000, 0x0020, 0x0000, 0x0020, 0x0000, 0x0020, 0x0000, 0x0020,
  0x0000, 0x0020, 0x0000, 0x0020, 0x0000, 0x0020, 0x0000, 0x0020, 0x5206, 0x62CA, 0x6AE8, 0x948E,
  0x8BCA, 0x944D, 0x944D, 0x736A, 0x6AC9, 0x8BEE, 0x72E9, 0x6AEA, 0x8BAD, 0x730A, 0x6AA8, 0x734B,
  0x93CC, 0x6AC9, 0x6247, 0x6AEA, 0x7309, 0xAD11, 0xB532, 0x5288, 0x28E1, 0x2922, 0x39A4, 0x2102,
  0x41C5, 0x4A47, 0x4A27, 0x39C5, 0x41E5, 0x39A5, 0x4A05, 0x5AE9, 0x736B, 0x4205, 0x4A25, 0x6B6A,
  0x948F, 0xB593, 0xC676, 0xC696, 0xCE76, 0xCE97, 0x946F, 0x52C8, 0x5A67, 0x83ED, 0x7B89, 0x5AC6,
  0x7B6C, 0x83EE, 0x8BED, 0x6B0A, 0x5A87, 0x4A46, 0x39A4, 0x3184, 0x5246, 0x6309, 0x946E, 0x73AC,
  0xAD11, 0xB573, 0x6B0A, 0x3183, 0x31A4, 0x31E5, 0x41E5, 0x4227, 0x4A47, 0x52A9, 0x4A47, 0x4A88,
  0x4A47, 0x5AEA, 0x52A7, 0x4A87, 0x73AB, 0x4246, 0x6287, 0x62E9, 0x9C2D, 0x83AB, 0x7B4A, 0xACF1,
  0x736A, 0x6B49, 0x49E4, 0x7BAC, 0xA4F0, 0x8C6E, 0x94B0, 0x31C5, 0x0000, 0x0020, 0x0000, 0x0020,
  0x0000, 0x0020, 0x0000, 0x0020, 0x0000, 0x0020, 0x0000, 0x0020, 0x0000, 0x0020, 0x0000, 0x0020,
  0x0020, 0x0000, 0x0020, 0x0000, 0x0020, 0x0000, 0x0020, 0x0000, 0x0020, 0x0000, 0x0020, 0x0000,
  0x0020, 0x0000, 0x0020, 0x0000, 0x7B8D, 0x62A9, 0x6B29, 0x5245, 0x8C0C, 0x8C0C, 0x9CD0, 0x946E,
  0x7B6C, 0x5207, 0x732B, 0x6AEA, 0x5A68, 0x940E, 0x734B, 0x838C, 0xB532, 0x8BCC, 0x6289, 0x5A07,
  0x6B2A, 0x5246, 0x8C2F, 0x6B0A, 0x4206, 0x736B, 0x52A9, 0x3184, 0x31A5, 0x5268, 0x4207, 0x5247,
  0x5288, 0x5247, 0x634B, 0x6309, 0x630A, 0x83CD, 0x7BED, 0x736A, 0xA553, 0xCE56, 0xBE96, 0xD6F8,
  0xC697, 0xCE77, 0xE73A, 0xBDB4, 0x4A67, 0x8BED, 0xB591, 0x944C, 0x83EE, 0xACD1, 0x738C, 0x732A,
  0x5AC9, 0x7BAC, 0x632B, 0x5AA9, 0x632A, 0x62E9, 0x5AE9, 0x62E9, 0x83ED, 0xC5D5, 0x632A, 0x2922,
  0x31C5, 0x4226, 0x3A07, 0x39C5, 0x39E6, 0x4A48, 0x3A07, 0x4A47, 0x52CA, 0x5AEA, 0x31E5, 0x4A67,
  0x4247, 0x6B2A, 0x7B8C, 0x5A87, 0x5A67, 0x7B29, 0x7B6B, 0x7B2A, 0x5AC8, 0x8C2D, 0x6B4A, 0x5A87,
  0x3A05, 0x5AC8, 0x3A06, 0x4A67, 0x0020, 0x0000, 0x0020, 0x0000, 0x0020, 0x0000, 0x0020, 0x0000,
  0x0020, 0x0000, 0x0020, 0x0000, 0x0020, 0x0000, 0x0020, 0x0000, 0x0000, 0x0020, 0x0000, 0x0020,
  0x0000, 0x0020, 0x0000, 0x0020, 0x0000, 0x0020, 0x0000, 0x0020, 0x0000, 0x0020, 0x0000, 0x0020,
  0x838C, 0x62CA, 0x6267, 0x6288, 0xACF1, 0x944F, 0x6AC8, 0x62A8, 0x9C2E, 0x940E, 0x838B, 0xA4B0,
  0x9C90, 0x8C0E, 0x7309, 0x83AC, 0xD5B4, 0x940D, 0x83CC, 0x7BAB, 0x62E7, 0x6B69, 0x8C6D, 0x842C,
  0x7369, 0x8C8E, 0x6AC8, 0x6AC8, 0x4A05, 0x3163, 0x5267, 0x4247, 0x6AE9, 0x840E, 0x4A46, 0x3A26,
  0x2963, 0x634A, 0x8C6D, 0x6369, 0x7BCC, 0xC635, 0xCE97, 0xD6D8, 0xDF39, 0xBE56, 0xA532, 0xCE98,
  0xBD94, 0x630A, 0x6AC8, 0x944E, 0xB552, 0x7BCD, 0x39C5, 0x3184, 0x39A4, 0x4A87, 0x4A47, 0x4226,
  0x5AA8, 0x4A68, 0x4A46, 0x52A8, 0x734A, 0xA4F1, 0x62E9, 0x2143, 0x39C5, 0x4226, 0x4206, 0x31C5,
  0x4206, 0x4A68, 0x5288, 0x52A9, 0x5AA9, 0x6B8C, 0x83AC, 0x5267, 0x2921, 0x6329, 0x83EC, 0x5AC8,
  0x5AA9, 0x5268, 0x49E5, 0x5AC9, 0x62E9, 0x632A, 0x8C0D, 0x630A, 0x4206, 0x4A88, 0x5223, 0xA4CE,
  0x0000, 0x0020, 0x0000, 0x0020, 0x0000, 0x0020, 0x0000, 0x0020, 0x0000, 0x0020, 0x0000, 0x0020,
  0x0000, 0x0020, 0x0000, 0x0020, 0x0020, 0x0000, 0x0020, 0x0000, 0x0020, 0x0000, 0x0020, 0x0000,
  0x0020, 0x0000, 0x0020, 0x0000, 0x0020, 0x0000, 0x0020, 0x0000, 0x62A9, 0x7B4C, 0x83AD, 0x6AC9,
  0x41A5, 0x49C5, 0xB532, 0x93ED, 0x730B, 0x6288, 0x83CD, 0x7B4B, 0x7B8C, 0x734B, 0x8BEE, 0x62A8,
  0xA46F, 0x8B6B, 0x9CD0, 0x8BED, 0x8C6E, 0x840C, 0xB5B2, 0xA510, 0x6B4A, 0x7BAB, 0x62C8, 0x836B,
  0x83ED, 0x6AE9, 0x842E, 0x9CF1, 0x62E9, 0x62A8, 0x5AE9, 0x5288, 0x52E9, 0x6309, 0x73CB, 0x5B08,
  0x842E, 0xCE36, 0xBE36, 0xD6D8, 0xC697, 0xD718, 0xB5F6, 0xBE16, 0xD698, 0xB553, 0x83ED, 0x8C0D,
  0xAD33, 0x9C90, 0x73CD, 0x734B, 0x52C9, 0x5AC9, 0x5AC9, 0x4A47, 0x3184, 0x3184, 0x52A9, 0x62C9,
  0x7BCD, 0x732A, 0x2964, 0x2923, 0x2984, 0x41E6, 0x31E6, 0x31A5, 0x3A06, 0x4A68, 0x5B0B, 0x52A9,
  0x630B, 0x7BCD, 0xCE36, 0x942E, 0x4205, 0x738B, 0x5AC9, 0x41C5, 0x5289, 0x5288, 0x9470, 0x732B,
  0x4A67, 0x5AC9, 0x630A, 0x8C2E, 0x6B6C, 0x5AC9, 0x41E3, 0xA4CE, 0x0020, 0x0000, 0x0020, 0x0000,
  0x0020, 0x0000, 0x0020, 0x0000, 0x0020, 0x0000, 0x0020, 0x0000, 0x0020, 0x0000, 0x0020, 0x0000,
  0x0000, 0x0020, 0x0000, 0x0020, 0x0000, 0x0020, 0x0000, 0x0020, 0x0000, 0x0020, 0x0000, 0x0020,
  0x0000, 0x0020, 0x0000, 0x0020, 0x7B2A, 0x732A, 0x7B4A, 0x62A8, 0x4A04, 0x62E8, 0x8BEC, 0xA4F0,
  0x732A, 0x6AE9, 0x6AA8, 0x5206, 0x41A4, 0x3184, 0x732B, 0x7B6C, 0x8BAC, 0x6AC9, 0x7B6B, 0x83CD,
  0x83EB, 0x7BEB, 0x7BEA, 0x8C6C, 0xA48F, 0x734A, 0x7B2A, 0x62A8, 0x940D, 0x9C8F, 0x8C0D, 0xAD52,
  0x94AF, 0x6B8B, 0x948E, 0x8C8E, 0x840C, 0x5AE8, 0x5267, 0x7BCD, 0xAD11, 0xB573, 0x9CD1, 0xCE77,
  0xC696, 0xBE76, 0xD697, 0xCE97, 0xE739, 0xCEB8, 0x5AC8, 0x2963, 0x3163, 0x2122, 0x39C4, 0x4A67,
  0x39A4, 0x39E6, 0x41E5, 0x52A8, 0x4A46, 0x39E5, 0x39C5, 0x4A68, 0xB593, 0xB594, 0x4206, 0x2123,
  0x31A4, 0x3A06, 0x4206, 0x39E6, 0x4A27, 0x5AEA, 0x52A8, 0x636C, 0x6B2A, 0x7BCD, 0x8BED, 0x8C0E,
  0x5267, 0x5287, 0x5A88, 0x6B2A, 0x62A8, 0x7BCD, 0xB532, 0x944E, 0x732A, 0x6B09, 0x7B8B, 0x840E,
  0x736A, 0x6B29, 0x6AE9, 0x5267, 0x0000, 0x0020, 0x0000, 0x0020, 0x0000, 0x0020, 0x0000, 0x0020,
  0x0000, 0x0020, 0x0000, 0x0020, 0x0000, 0x0020, 0x0000, 0x0020, 0x0020, 0x0000, 0x0020, 0x0000,
  0x0020, 0x0000, 0x0020, 0x0000, 0x0020, 0x0000, 0x0020, 0x0000, 0x0020, 0x0000, 0x0020, 0x0000,
  0xC5D5, 0x940E, 0x6B0A, 0x730A, 0x62E8, 0x9C8E, 0x83ED, 0xACF1, 0x6AEA, 0x49E5, 0x83AD, 0x72C9,
  0x5ACA, 0x732B, 0x734C, 0x6288, 0x5A68, 0x940E, 0x83EE, 0x730A, 0x6B6A, 0x6B69, 0x842C, 0x8C4C,
  0x8C0E, 0x7B4A, 0x734B, 0x7B6B, 0x7BAC, 0x83AC, 0x8C4E, 0x5246, 0x5B29, 0x948F, 0x94AF, 0x948F,
  0x948F, 0x7BAB, 0x5AE9, 0x738B, 0x5288, 0xA4D1, 0xBE16, 0xC616, 0xC6D8, 0xC676, 0xCEB8, 0xC636,
  0xBE57, 0xD6D8, 0x8C6F, 0x3184, 0x3A06, 0x4A67, 0x4226, 0x3184, 0x31A5, 0x3184, 0x31A4, 0x5267,
  0x634B, 0x5267, 0x2944, 0x39A5, 0x840E, 0x840E, 0x39E6, 0x2923, 0x31C5, 0x39E5, 0x39E6, 0x39C5,
  0x4268, 0x5288, 0x4AA9, 0x73AD, 0x52A9, 0x9470, 0x9C70, 0x7B6B, 0x4206, 0x62E9, 0x8C0E, 0x83CD,
  0x7BCD, 0x6AEA, 0x7BAC, 0x732A, 0x8C0D, 0x8BCC, 0x738C, 0x8C2E, 0x73AB, 0x83CC, 0x734B, 0x5A67,
  0x0020, 0x0000, 0x0020, 0x0000, 0x0020, 0x0000, 0x0020, 0x0000, 0x0020, 0x0000, 0x0020, 0x0000,
  0x0020, 0x0000, 0x0020, 0x0000, 0x0000, 0x0020, 0x0000, 0x0020, 0x0000, 0x0020, 0x0000, 0x0020,
  0x0000, 0x0020, 0x0000, 0x0020, 0x0000, 0x0020, 0x0000, 0x0020, 0xACB0, 0xA48F, 0xB4D0, 0xA44E,
  0x6287, 0x7B8C, 0x7B6B, 0x8BED, 0xACD0, 0x838B, 0x6A68, 0x8B8C, 0x7B0A, 0x7B2B, 0x940E, 0x8C0E,
  0x730A, 0x7B8C, 0x940E, 0x8BEE, 0x83ED, 0x6B4B, 0x6B2A, 0x4A47, 0x62A8, 0x6B4A, 0x62C8, 0x8C2E,
  0x9C6F, 0x62C8, 0x5A67, 0x4206, 0x5AA7, 0x5AE8, 0x7BEB, 0x6B8A, 0x83CB, 0x8C4D, 0x944E, 0x73AC,
  0x83ED, 0x7BCD, 0x8C8F, 0xADB4, 0x94F0, 0xA5B4, 0xC677, 0xADD5, 0xB5D4, 0xADD4, 0xC615, 0x73CC,
  0x6B29, 0x736B, 0x62C9, 0x39C5, 0x3984, 0x39C5, 0x41E5, 0x5267, 0x5A87, 0x630A, 0x62A8, 0x5288,
  0x41C5, 0x2943, 0x3163, 0x2963, 0x39A4, 0x39C5, 0x3184, 0x31A5, 0x4206, 0x5AEA, 0x5AC9, 0x5AEA,
  0x6309, 0x632A, 0x5A88, 0x41E5, 0x5267, 0x8C2E, 0x8C0D, 0x7BAC, 0x9C2F, 0x942F, 0xAD31, 0x840D,
  0x734A, 0x948F, 0x8B8B, 0x942E, 0xBD50, 0x8BAB, 0x840A, 0x840B, 0x0000, 0x0020, 0x0000, 0x0020,
  0x0000, 0x0020, 0x0000, 0x0020, 0x0000, 0x0020, 0x0000, 0x0020, 0x0000, 0x0020, 0x0000, 0x0020,
  0x0020, 0x0000, 0x0020, 0x0000, 0x0020, 0x0000, 0x0020, 0x0000, 0x0020, 0x0000, 0x0020, 0x0000,
  0x0020, 0x0000, 0x0020, 0x0000, 0x730A, 0x7B2A, 0x834B, 0xB4D0, 0x7B8C, 0x93EE, 0x83ED, 0xB511,
  0x940E, 0x940D, 0x7B2B, 0xAC90, 0xACF2, 0x836C, 0x9CB1, 0xA4B0, 0x7B8C, 0x5206, 0x5247, 0x940E,
  0x6B4B, 0x4A26, 0x4227, 0x3184, 0x3184, 0x62C9, 0x738C, 0x83CD, 0x9470, 0x5A88, 0x6B4B, 0x5A88,
  0x6B8B, 0x3183, 0x31E4, 0x4A66, 0x6B49, 0x83EB, 0x738B, 0x736B, 0x8C70, 0x7B8C, 0x4287, 0x4246,
  0x63CC, 0x5309, 0x42A9, 0x634B, 0x8CD1, 0x73ED, 0x8C90, 0x9CB0, 0xAD52, 0xB552, 0x9CB1, 0x83CD,
  0x7BCD, 0x7B8C, 0x9CF2, 0xA4F1, 0xAD53, 0xBD94, 0xAD54, 0xB533, 0xA533, 0x8C0E, 0x2143, 0x31A5,
  0x31C5, 0x41E6, 0x39E6, 0x41E6, 0x4227, 0x5289, 0x5AEA, 0x6B2B, 0x632B, 0x5288, 0x840E, 0x41E5,
  0x9490, 0x7BAC, 0x8C2F, 0x7B8C, 0x942F, 0x942F, 0x8C6F, 0xBDB3, 0x946F, 0x8BED, 0x942F, 0x836B,
  0x8BEC, 0x8369, 0xC634, 0xBDB2, 0x0020, 0x0000, 0x0020, 0x0000, 0x0020, 0x0000, 0x0020, 0x0000,
  0x0020, 0x0000, 0x0020, 0x0000, 0x0020, 0x0000, 0x0020, 0x0000, 0x0000, 0x0020, 0x0000, 0x0020,
  0x0000, 0x0020, 0x0000, 0x0020, 0x0000, 0x0020, 0x0000, 0x0020, 0x0000, 0x0020, 0x0000, 0x0020,
  0x832A, 0x6288, 0x72E9, 0x7B2B, 0x6226, 0x8B8C, 0xB4AF, 0x72C8, 0x72A8, 0x7B2A, 0xA44F, 0x730A,
  0x8309, 0xBD11, 0x9C4E, 0x6AE9, 0x732A, 0x9C90, 0x7368, 0x6B28, 0x7389, 0x7BCA, 0x8BEC, 0x4205,
  0x4205, 0x4226, 0x7329, 0x8BED, 0x62E9, 0x4A26, 0x3963, 0x5AC9, 0x5A88, 0x7BAC, 0x738B, 0x73AC,
  0x6309, 0x5AE9, 0x7BCC, 0x52C9, 0x83AC, 0x630A, 0x62E8, 0x5AE8, 0x6B4A, 0x5AE8, 0x39C4, 0x6329,
  0x6329, 0x31C4, 0x6B4A, 0x94B0, 0x9CD1, 0x9CF2, 0x9CD1, 0x94B1, 0xA4D1, 0xA512, 0xAD32, 0xA532,
  0x9C90, 0x8C4F, 0xAD32, 0xA533, 0xBDB5, 0x8C70, 0x2943, 0x39C5, 0x39A4, 0x4206, 0x4A26, 0x4247,
  0x4A47, 0x52A9, 0x630A, 0x6B6C, 0x62E9, 0x39C5, 0x5247, 0x7BAC, 0x8C0E, 0x5AA8, 0x62C8, 0x6B4B,
  0x6AEA, 0x7B8C, 0x732A, 0x732A, 0x942D, 0x7B8B, 0x6AE9, 0x83ED, 0x8BED, 0x7B6B, 0xA46D, 0x8BEB,
  0x0000, 0x0020, 0x0000, 0x0020, 0x0000, 0x0020, 0x0000, 0x0020, 0x0000, 0x0020, 0x0000, 0x0020,
  0x0000, 0x0020, 0x0000, 0x0020, 0x0020, 0x0000, 0x0020, 0x0000, 0x0020, 0x0000, 0x0020, 0x0000,
  0x0020, 0x0000, 0x0020, 0x0000, 0x0020, 0x0000, 0x0020, 0x0000, 0x940E, 0x72C9, 0x93EE, 0x6AA9,
  0x836C, 0xC532, 0x834A, 0x9BCC, 0x7B2B, 0x7B2A, 0xA491, 0x6A88, 0x4142, 0x93CC, 0x732A, 0x6288,
  0x62E9, 0x5A88, 0x8C4D, 0x8C2C, 0x6348, 0xAD50, 0x94AF, 0x4A05, 0x39E5, 0x6B4B, 0x83CC, 0x942E,
  0x73AC, 0x83ED, 0x5AA8, 0x5226, 0x3184, 0x62C9, 0x7C0D, 0x8C6E, 0x73AC, 0x41E5, 0x73AC, 0x6B4B,
  0x4A47, 0x4A06, 0x634A, 0x6B2A, 0x6BAB, 0x5267, 0x4A87, 0x5AE8, 0x4246, 0x4226, 0x4247, 0x4A46,
  0x4247, 0x2943, 0x2964, 0x3184, 0x31A5, 0x3184, 0x31A5, 0x3143, 0x2964, 0x39C5, 0x39E6, 0x5288,
  0x4227, 0x2964, 0x2984, 0x39C5, 0x31A5, 0x39C5, 0x4227, 0x41E6, 0x4A48, 0x5288, 0x5ACA, 0x630B,
  0x7BCD, 0x5288, 0x4A26, 0xA4D1, 0x8C2E, 0x944F, 0x8C2F, 0x83ED, 0x734C, 0x62C9, 0x9C90, 0xC5B4,
  0x7B8B, 0x942E, 0x7BAD, 0x8C0E, 0x9C90, 0x83AC, 0x7328, 0x72E7, 0x0020, 0x0000, 0x0020, 0x0000,
  0x0020, 0x0000, 0x0020, 0x0000, 0x0020, 0x0000, 0x0020, 0x0000, 0x0020, 0x0000, 0x0020, 0x0000,
  0x0000, 0x0020, 0x0000, 0x0020, 0x0000, 0x0020, 0x0000, 0x0020, 0x0000, 0x0020, 0x0000, 0x0020,
  0x0000, 0x0020, 0x0000, 0x0020, 0x83AC, 0x49E6, 0x72C9, 0x9C4F, 0x9BED, 0x93AC, 0xC553, 0xD5F6,
  0x9C2E, 0xA490, 0x8B8C, 0x5A47, 0x7B0A, 0x7B2A, 0x6AA8, 0x6B0A, 0x6AA8, 0x734B, 0x736A, 0x9CF0,
  0x83CB, 0x6B4A, 0x5246, 0x6309, 0x7329, 0x8C2D, 0x7BAC, 0x5AA8, 0x5246, 0x840D, 0xB552, 0x8C2D,
  0x4206, 0x1902, 0x3183, 0x632A, 0x8C2E, 0x94B0, 0x4205, 0x4246, 0x62E9, 0x4A46, 0x5A88, 0x52A8,
  0x7B8B, 0x5288, 0x7B6A, 0x738B, 0x5287, 0x52A8, 0x5AC8, 0x632A, 0x4205, 0x2122, 0x20E1, 0x20E1,
  0x20E1, 0x18E1, 0x18C1, 0x2102, 0x2102, 0x18E1, 0x2922, 0x2963, 0x2922, 0x2963, 0x2943, 0x31A5,
  0x41C5, 0x39E5, 0x4206, 0x39C5, 0x5288, 0x5AEA, 0x630A, 0x630A, 0x83EC, 0x7BCC, 0x62C8, 0x6B2A,
  0x5A67, 0x7BAC, 0x7B6B, 0x6B4B, 0x7B8B, 0x840E, 0x9C4E, 0xA4F0, 0x8BAC, 0x940D, 0x93ED, 0x942E,
  0x8BCD, 0x8C0E, 0xA490, 0x8C2E, 0x0000, 0x0020, 0x0000, 0x0020, 0x0000, 0x0020, 0x0000, 0x0020,
  0x0000, 0x0020, 0x0000, 0x0020, 0x0000, 0x0020, 0x0000, 0x0020, 0x0020, 0x0000, 0x0020, 0x0000,
  0x0020, 0x0000, 0x0020, 0x0000, 0x0020, 0x0000, 0x0020, 0x0000, 0x0020, 0x0000, 0x0020, 0x0000,
  0x62CA, 0x5A47, 0x28E2, 0x8BCD, 0x9C2F, 0x4943, 0x49C6, 0xA44F, 0x6AEA, 0xD616, 0xB512, 0x6268,
  0x6288, 0x51E6, 0x6AEA, 0x8BCD, 0x6B0B, 0x5A67, 0x52A8, 0x4A25, 0x62E9, 0x5A87, 0x5AC9, 0x9C6F,
  0x736B, 0x6AE9, 0x6B4B, 0x8C0D, 0x5288, 0x732A, 0x738B, 0x83CC, 0x632B, 0x4A47, 0x4A67, 0x41E5,
  0x5AE9, 0x840E, 0x842E, 0x840E, 0x6B6B, 0x62E9, 0x52C9, 0x62EA, 0x5AC9, 0x62E9, 0x6B6A, 0x736A,
  0x4AA8, 0x5AC8, 0x5B09, 0x738B, 0x5AC9, 0x738B, 0x5AC9, 0x5A88, 0x630B, 0x5AA9, 0x4227, 0x4206,
  0x52A9, 0x6B0A, 0x630A, 0x630A, 0x736C, 0x5247, 0x2964, 0x39A5, 0x3184, 0x39A4, 0x39E6, 0x41E6,
  0x4247, 0x5288, 0x5AEA, 0x738C, 0x5287, 0x7B8B, 0x83ED, 0x6B09, 0x7BCD, 0x62E9, 0x630A, 0x8C2E,
  0x83EE, 0x8BED, 0x62C9, 0x8BCC, 0x8BED, 0x7B4A, 0x7B6C, 0x72EA, 0x7B6C, 0x8BCD, 0x736C, 0x7B6C,
  0x0020, 0x0000, 0x0020, 0x0000, 0x0020, 0x0000, 0x0020, 0x0000, 0x0020, 0x0000, 0x0020, 0x0000,
  0x0020, 0x0000, 0x0020, 0x0000, 0x0000, 0x0020, 0x0000, 0x0020, 0x0000, 0x0020, 0x0000, 0x0020,
  0x0000, 0x0020, 0x0000, 0x0020, 0x0000, 0x0020, 0x0000, 0x0020, 0x940E, 0x83CD, 0x72EA, 0x942F,
  0xBD93, 0xA512, 0x8BAC, 0x6288, 0x62A9, 0x83CD, 0x83AC, 0x83ED, 0x7B2A, 0x4A05, 0x4A06, 0x39C5,
  0x2902, 0x3164, 0x3964, 0x1881, 0x2922, 0x4A68, 0x5AE8, 0x6B6B, 0x7BAB, 0x840D, 0x7B6A, 0x7BAB,
  0xD697, 0x9D11, 0x842E, 0x5B2A, 0x41E5, 0x3A05, 0x6BAA, 0x638A, 0x842C, 0x6B8A, 0xBDD3, 0xB5D4,
  0xAD72, 0x844E, 0x62E9, 0x6B4A, 0x83AC, 0x8C2E, 0x6B4A, 0x52C8, 0x6B29, 0x5AE8, 0x6B29, 0x6B6A,
  0x62C8, 0x8C4E, 0xA4F1, 0x94B0, 0x83ED, 0x7BCD, 0x840D, 0x840D, 0x736B, 0x738C, 0x734B, 0x6B4B,
  0x734B, 0x4A47, 0x3163, 0x2984, 0x3184, 0x31A5, 0x41E5, 0x4226, 0x4A47, 0x5AEA, 0x62E9, 0x73CD,
  0x83CB, 0x6B6A, 0x8C2D, 0x6B29, 0x5AA8, 0x5AE9, 0x734A, 0x7BCD, 0x7B8B, 0x7BAC, 0x9C6E, 0xA4D0,
  0x8C0D, 0x738B, 0x8BED, 0x734A, 0x836B, 0xACF2, 0x9C4F, 0x9C6F, 0x0000, 0x0020, 0x0000, 0x0020,
  0x0000, 0x0020, 0x0000, 0x0020, 0x0000, 0x0020, 0x0000, 0x0020, 0x0000, 0x0020, 0x0000, 0x0020,
  0x0020, 0x0000, 0x0020, 0x0000, 0x0020, 0x0000, 0x0020, 0x0000, 0x0020, 0x0000, 0x0020, 0x0000,
  0x0020, 0x0000, 0x0020, 0x0000, 0x7BAD, 0x8C0E, 0x62CA, 0x730B, 0x6B4B, 0x734B, 0x940E, 0x7B2B,
  0x738D, 0x49E6, 0x2943, 0x39A4, 0x6B2A, 0x8BCC, 0x4206, 0x20E1, 0x4A27, 0x4A27, 0x4207, 0x4A07,
  0x39E6, 0x5288, 0x4A67, 0x5AE9, 0xAD32, 0x8C0D, 0x83CC, 0x83CC, 0x9D32, 0xBE15, 0xBE57, 0xBE16,
  0x7BED, 0x738C, 0x5308, 0x6349, 0x636A, 0x6B4A, 0x7C0D, 0x73AB, 0x94F1, 0x844E, 0x6B8C, 0x6B4A,
  0x6B0A, 0x8BED, 0xAD73, 0xBDF5, 0x7BED, 0x840D, 0x842E, 0x62E9, 0x4A47, 0x5247, 0x3185, 0x20C1,
  0x2102, 0x39A5, 0x39E5, 0x2101, 0x10A1, 0x18A1, 0x2103, 0x20E2, 0x5AC9, 0x41E6, 0x2143, 0x39A5,
  0x31A5, 0x39A5, 0x39E6, 0x4206, 0x4A48, 0x5289, 0x52C9, 0x7BAD, 0x736B, 0x944E, 0x83ED, 0x83EC,
  0x73AC, 0x5AA8, 0x5288, 0x7BAC, 0x6B2A, 0x8BED, 0xAD11, 0x940E, 0x738C, 0xACF1, 0xA4D1, 0xBD73,
  0x8C0E, 0x6AA9, 0x7B8C, 0x834B, 0x0020, 0x0000, 0x0020, 0x0000, 0x0020, 0x0000, 0x0020, 0x0000,
  0x0020, 0x0000, 0x0020, 0x0000, 0x0020, 0x0000, 0x0020, 0x0000, 0x0000, 0x0020, 0x0000, 0x0020,
  0x0000, 0x0020, 0x0000, 0x0020, 0x0000, 0x0020, 0x0000, 0x0020, 0x0000, 0x0020, 0x0000, 0x0020,
  0x7B8C, 0x5AA8, 0x6AE9, 0x6B0A, 0x3963, 0x5248, 0x41C5, 0x39A5, 0x41A5, 0x5288, 0x62A8, 0x4A06,
  0x5206, 0x7B6B, 0x8BAC, 0x5A87, 0x5A67, 0x4206, 0x5AC8, 0x7BED, 0x5AA8, 0x4246, 0x6309, 0x5AE9,
  0x9CD0, 0x73AC, 0x5266, 0x7BCC, 0x83EC, 0x9CD0, 0xA511, 0x9D12, 0xA511, 0x9D11, 0x62E8, 0x4A46,
  0x62C8, 0x7BAC, 0x83ED, 0x52A8, 0x4A26, 0x4A87, 0x62E9, 0x7BED, 0x83EE, 0xAD94, 0xBE36, 0xDF5B,
  0xDEF9, 0x9D32, 0x7B09, 0xB511, 0x83CD, 0x9C90, 0x7B8B, 0x5287, 0x5266, 0x6B4A, 0x736B, 0x6B4B,
  0x734B, 0x7BED, 0x8C0E, 0x8C2E, 0x944F, 0x39A5, 0x2943, 0x39C5, 0x3984, 0x39E6, 0x4A26, 0x4A47,
  0x5AC9, 0x5AC9, 0x6B0A, 0x738C, 0x7B6A, 0x83CC, 0x940D, 0xA4D0, 0xB532, 0x9CB0, 0x940E, 0x62C9,
  0x734B, 0x5AC9, 0x6B09, 0x7BAC, 0x62E9, 0x6B6B, 0x8BCC, 0x7BAC, 0x7B4B, 0x62C9, 0x7B4B, 0x734B,
  0x0000, 0x0020, 0x0000, 0x0020, 0x0000, 0x0020, 0x0000, 0x0020, 0x0000, 0x0020, 0x0000, 0x0020,
  0x0000, 0x0020, 0x0000, 0x0020, 0x0020, 0x0000, 0x0020, 0x0000, 0x0020, 0x0000, 0x0020, 0x0000,
  0x0020, 0x0000, 0x0020, 0x0000, 0x0020, 0x0000, 0x0020, 0x0000, 0x736C, 0x6B0A, 0x62C9, 0x730A,
  0x6B0B, 0x5A68, 0x62EA, 0x49E6, 0x41E6, 0x20E2, 0x5227, 0x5206, 0x3984, 0x5A67, 0x49C5, 0x5A26,
  0x5288, 0x41A5, 0x6B4B, 0x5267, 0x2983, 0x5AE9, 0x6B8C, 0x4A47, 0x31A4, 0x4A26, 0x4A46, 0x4A25,
  0x6309, 0x736A, 0x94D1, 0xB594, 0x8C90, 0xBE15, 0xA532, 0x4A26, 0x62E9, 0x6B09, 0x7BED, 0x8C2E,
  0x632A, 0x6B2A, 0x52C9, 0x736B, 0x6B6D, 0x738D, 0x530B, 0x5B2B, 0x6BAC, 0xA512, 0x8BCD, 0x7B09,
  0x8C0E, 0x41C5, 0x4A88, 0x5AC9, 0x73AC, 0x5A87, 0x4227, 0x39A4, 0x3184, 0x39C5, 0x5268, 0x5247,
  0x7BEE, 0x3163, 0x2964, 0x39A4, 0x3184, 0x39A5, 0x4227, 0x4206, 0x5B0B, 0x5AC9, 0x6B4C, 0x738C,
  0x83ED, 0x7B6B, 0x946F, 0x83CC, 0x4A26, 0x8C2E, 0x8C0E, 0x7B4B, 0x630B, 0x62A9, 0x6B6B, 0x7B8C,
  0x738C, 0x8C2E, 0x734B, 0x62A8, 0x7B8C, 0xA490, 0x944F, 0x7B6C, 0x0020, 0x0000, 0x0020, 0x0000,
  0x0020, 0x0000, 0x0020, 0x0000, 0x0020, 0x0000, 0x0020, 0x0000, 0x0020, 0x0000, 0x0020, 0x0000,
  0x0000, 0x0020, 0x0000, 0x0020, 0x0000, 0x0020, 0x0000, 0x0020, 0x0000, 0x0020, 0x0000, 0x0020,
  0x0000, 0x0020, 0x0000, 0x0020, 0xBC6D, 0x938A, 0x93CC, 0x6AC8, 0x6B29, 0x5287, 0x31A3, 0x4A87,
  0x5267, 0x4206, 0x6B2A, 0x8C0E, 0x946F, 0x4206, 0x836B, 0x6288, 0x5A87, 0x6B4B, 0x5267, 0x5AA9,
  0x39C4, 0x630A, 0x8C2E, 0x5288, 0x3983, 0x5AA8, 0x6B09, 0x2963, 0x5AA8, 0x6B0A, 0x4A05, 0x9CD0,
  0xB5D4, 0xBE36, 0xDEF8, 0xADB4, 0x49E6, 0x3144, 0x4A46, 0x52A8, 0x6B6B, 0x844E, 0x738B, 0x4A67,
  0x10A0, 0x31E5, 0x52A8, 0x10C1, 0x20E1, 0x31C5, 0x7B6B, 0x8C2E, 0xA490, 0x83CD, 0x62C9, 0x5288,
  0x83CB, 0x738B, 0x6B09, 0x5AA8, 0x734A, 0x840E, 0x83CC, 0x9CB0, 0x9C8F, 0x2922, 0x3984, 0x31A4,
  0x3184, 0x39E5, 0x41E5, 0x39E5, 0x5AC9, 0x5AEA, 0x6B4B, 0x7BCD, 0x842E, 0x73AC, 0x8C6F, 0x94B0,
  0x946F, 0x73CC, 0x8BED, 0x946F, 0x8BCD, 0xBD94, 0xE6B8, 0x83EE, 0x942E, 0x7B8C, 0x730A, 0x734B,
  0x6B0A, 0x5A88, 0x62C9, 0x734B, 0x0000, 0x0020, 0x0000, 0x0020, 0x0000, 0x0020, 0x0000, 0x0020,
  0x0000, 0x0020, 0x0000, 0x0020, 0x0000, 0x0020, 0x0000, 0x0020, 0x0020, 0x0000, 0x0020, 0x0000,
  0x0020, 0x0000, 0x0020, 0x0000, 0x0020, 0x0000, 0x0020, 0x0000, 0x0020, 0x0000, 0x0020, 0x0000,
  0xBCAF, 0xA3CB, 0x7B4B, 0x7B2A, 0x94B0, 0x738B, 0x7C0E, 0x39C5, 0x4227, 0x5288, 0x4A27, 0x62A9,
  0x4A48, 0x5AA8, 0x6AC9, 0x7B2A, 0x8C4F, 0x5A88, 0x41E6, 0x5267, 0x73CD, 0x4206, 0x738C, 0x39A4,
  0x41E5, 0x62C8, 0x73AD, 0x5AA8, 0x3184, 0x83AC, 0x6309, 0xA4F1, 0xB5F6, 0x94B0, 0x846F, 0x8C6F,
  0x4A28, 0x1881, 0x2984, 0x4A26, 0x4247, 0x39E5, 0x5AE9, 0x948F, 0x4AA8, 0x4206, 0x3A26, 0x31A4,
  0x31C5, 0x31A4, 0x7BAC, 0x9C4F, 0xA4B1, 0xB512, 0xBDF5, 0xB573, 0xB573, 0xB552, 0xB594, 0xBD73,
  0xBDB5, 0xB553, 0xAD32, 0xCE16, 0x6B6B, 0x2902, 0x31C5, 0x39A5, 0x39C6, 0x39A5, 0x4227, 0x4A47,
  0x5ACA, 0x630A, 0x73AD, 0x8C2F, 0x844F, 0xA512, 0xAD94, 0xA532, 0x9D32, 0x9CD0, 0x83EE, 0x5247,
  0x83EE, 0xA490, 0x83EE, 0x5227, 0x83AD, 0x6AEA, 0x734B, 0x7B4B, 0x7BAD, 0x49E6, 0x2923, 0x5A68,
  0x0020, 0x0000, 0x0020, 0x0000, 0x0020, 0x0000, 0x0020, 0x0000, 0x0020, 0x0000, 0x0020, 0x0000,
  0x0020, 0x0000, 0x0020, 0x0000, 0x0000, 0x0020, 0x0000, 0x0020, 0x0000, 0x0020, 0x0000, 0x0020,
  0x0000, 0x0020, 0x0000, 0x0020, 0x0000, 0x0020, 0x0000, 0x0020, 0xCDD2, 0x9C8E, 0x9CAE, 0x7BCB,
  0x8C2D, 0x5267, 0x62C8, 0x4206, 0x5AC8, 0x4A67, 0x49E6, 0x3984, 0x6AE9, 0x732A, 0x62A8, 0x4A46,
  0x6B2A, 0x4A46, 0x6B4A, 0x5287, 0x62C8, 0x4A26, 0x9CD0, 0x6B6B, 0x6B09, 0x8C4E, 0x8C0D, 0x8C2E,
  0x3984, 0x4A67, 0x9CF0, 0xB5D4, 0xB594, 0xAD73, 0xA551, 0x6BAB, 0x4A67, 0x31A4, 0x39A4, 0x4226,
  0x4225, 0x3A04, 0x39A3, 0x634A, 0x738A, 0x4A66, 0x4205, 0x4246, 0x4A05, 0x6B6B, 0x5AA7, 0x83EC,
  0x9CAF, 0x4226, 0x4A47, 0x5AC9, 0x5287, 0x5AE9, 0x62E9, 0x4A67, 0x41C4, 0x31A4, 0x3983, 0x4A67,
  0x5267, 0x3184, 0x39C4, 0x39E5, 0x39A4, 0x4206, 0x4A47, 0x4A88, 0x5AC9, 0x5AC9, 0x6309, 0x73CD,
  0x840D, 0x73ED, 0x7BED, 0x842E, 0xA511, 0x94F1, 0x9CB0, 0x6309, 0x730A, 0x734B, 0x732A, 0x630A,
  0x72A8, 0x838C, 0x8BED, 0x8C0E, 0x6B0A, 0x62E9, 0x62A9, 0x4206, 0x0000, 0x0020, 0x0000, 0x0020,
  0x0000, 0x0020, 0x0000, 0x0020, 0x0000, 0x0020, 0x0000, 0x0020, 0x0000, 0x0020, 0x0000, 0x0020,
  0x0020, 0x0000, 0x0020, 0x0000, 0x0020, 0x0000, 0x0020, 0x0000, 0x0020, 0x0000, 0x0020, 0x0000,
  0x0020, 0x0000, 0x0020, 0x0000, 0x7BAB, 0x9C4D, 0xCE76, 0x7BAB, 0x738B, 0x9C8F, 0x738C, 0x736B,
  0xB5B4, 0x9490, 0x6B2B, 0x7B6C, 0xACF2, 0x93EE, 0x9490, 0x62C9, 0x4206, 0x62E9, 0x5AC8, 0x4A46,
  0x4A47, 0x734B, 0x7BCD, 0x39A5, 0x5AC8, 0x734A, 0x736C, 0x8BEE, 0x5AC9, 0x4A06, 0x846F, 0xAD73,
  0xA533, 0xB5B4, 0x6BAB, 0x7C0D, 0x636B, 0x4226, 0x3A06, 0x5288, 0x5B29, 0x52A7, 0x5AE9, 0x738B,
  0x8C4E, 0xC635, 0xAD73, 0x5AE8, 0x52A8, 0x736B, 0x6B4A, 0x6B2A, 0x630A, 0x3142, 0x10C2, 0x2102,
  0x2963, 0x3183, 0x2122, 0x20E1, 0x18E1, 0x3143, 0x39C5, 0x39A4, 0x39C5, 0x3184, 0x31C5, 0x39A4,
  0x4206, 0x4A27, 0x4207, 0x4227, 0x52C9, 0x62EA, 0x5B2A, 0x39A5, 0x4267, 0x6B8C, 0x4247, 0x5288,
  0x73CD, 0x73AC, 0x73AC, 0x8C2E, 0x6B2A, 0x62A8, 0x62EA, 0x62C9, 0x5A47, 0x72C9, 0x62C9, 0x940E,
  0x6B2B, 0x5227, 0x5AA9, 0x62CA, 0x0020, 0x0000, 0x0020, 0x0000, 0x0020, 0x0000, 0x0020, 0x0000,
  0x0020, 0x0000, 0x0020, 0x0000, 0x0020, 0x0000, 0x0020, 0x0000, 0x0000, 0x0020, 0x0000, 0x0020,
  0x0000, 0x0020, 0x0000, 0x0020, 0x0000, 0x0020, 0x0000, 0x0020, 0x0000, 0x0020, 0x0000, 0x0020,
  0x73AA, 0xB5F3, 0xAD90, 0xADB1, 0xAD10, 0x7BCB, 0x9CB0, 0x9D11, 0xA510, 0xB593, 0xB551, 0x840C,
  0x9C6D, 0x8C2C, 0x9CD0, 0x5AC9, 0x5AC8, 0xAD93, 0xB592, 0x636A, 0x7309, 0x8BED, 0x62E9, 0x2922,
  0x4A67, 0x5B09, 0x4A46, 0x4246, 0x4A26, 0x5AC9, 0x6B6A, 0x94D0, 0x6BAA, 0x6BAB, 0x6329, 0x630A,
  0x6B29, 0x4A87, 0x4A66, 0x52E8, 0x6B69, 0x6329, 0x738A, 0x6329, 0x5AE8, 0x5AE9, 0x6309, 0x738B,
  0x7BCC, 0x842D, 0x8C0D, 0x630A, 0x62C9, 0x8C0E, 0x6B09, 0x6B4B, 0x5AA8, 0x5AC9, 0x7B8B, 0x7BCD,
  0x7BAB, 0x7B8C, 0x83CD, 0x7BCD, 0x39C4, 0x31A4, 0x39A4, 0x39C4, 0x4205, 0x4A47, 0x4206, 0x4227,
  0x5AA8, 0x6B6C, 0x6B2A, 0x2122, 0x2942, 0x4A67, 0x736B, 0x3184, 0x3183, 0x6B6B, 0x4246, 0x52E9,
  0x946F, 0x632A, 0x62C9, 0x5AA8, 0x5247, 0x5268, 0x734B, 0x8C2E, 0x942E, 0x5AA8, 0x7B2B, 0x5227,
  0x0000, 0x0020, 0x0000, 0x0020, 0x0000, 0x0020, 0x0000, 0x0020, 0x0000, 0x0020, 0x0000, 0x0020,
  0x0000, 0x0020, 0x0000, 0x0020, 0x0020, 0x0000, 0x0020, 0x0000, 0x0020, 0x0000, 0x0020, 0x0000,
  0x0020, 0x0000, 0x0020, 0x0000, 0x0020, 0x0000, 0x0020, 0x0000, 0x5B49, 0x94F0, 0x7C0B, 0x842B,
  0xC5F4, 0x62E8, 0x7C0E, 0x94B0, 0xA552, 0xDEB7, 0x83EC, 0x83CB, 0x83EC, 0x7349, 0x9D12, 0x5288,
  0x10E1, 0x7BED, 0x94D0, 0x94D0, 0xACF1, 0xA48F, 0x9490, 0x5AA8, 0x31A4, 0x18C1, 0x52E9, 0x52A7,
  0x2984, 0x4A26, 0x632A, 0x7BEC, 0xA572, 0x3A25, 0x52C9, 0x41E5, 0x52A8, 0x736B, 0x4266, 0x52A7,
  0x5AE8, 0x5AE8, 0x5AE9, 0x738B, 0x6B8B, 0x5287, 0x5B0A, 0x5267, 0x4A67, 0xA4F1, 0x842E, 0x6B2A,
  0x8C2F, 0xB553, 0xBDB5, 0xBD94, 0xB574, 0xB573, 0xB594, 0xCE36, 0xCE36, 0xD636, 0xBDD5, 0xA4F1,
  0x2964, 0x39A4, 0x39C5, 0x39C4, 0x39C5, 0x4206, 0x3A06, 0x4A27, 0x52A9, 0x6B6C, 0x6B2B, 0x5AA9,
  0x3A06, 0x39A4, 0x73AC, 0x630A, 0x7C2E, 0x7BED, 0x52E9, 0x4A67, 0x842E, 0x83CD, 0x5AA9, 0x8C2E,
  0x83EE, 0x62A9, 0x738C, 0x62C9, 0x6B0A, 0x732A, 0x8C0F, 0x838D, 0x0020, 0x0000, 0x0020, 0x0000,
  0x0020, 0x0000, 0x0020, 0x0000, 0x0020, 0x0000, 0x0020, 0x0000, 0x0020, 0x0000, 0x0020, 0x0000,
  0x0000, 0x0020, 0x0000, 0x0020, 0x0000, 0x0020, 0x0000, 0x0020, 0x0000, 0x0020, 0x0000, 0x0020,
  0x0000, 0x0020, 0x0000, 0x0020, 0x5225, 0x736B, 0x7B8A, 0x8C6E, 0xADD4, 0xCF19, 0x7C0C, 0x4AC7,
  0x7BEB, 0xA551, 0x73AA, 0x94AE, 0xAD71, 0x846E, 0x83EC, 0x738B, 0x6B4A, 0x52A8, 0x5B08, 0x6B8B,
  0x6348, 0x846D, 0x944E, 0x6308, 0x5AC7, 0x4246, 0x842C, 0xA572, 0x5AE8, 0x52C8, 0x6B89, 0x94EE,
  0xCE95, 0xA571, 0x9CAE, 0x73CB, 0x3963, 0x4A26, 0x6308, 0x52A7, 0x4224, 0x4A86, 0x5AC7, 0x6B6A,
  0x7BAB, 0x7BAB, 0x736A, 0x73AB, 0x41C4, 0x31A4, 0x734A, 0x946F, 0x7BCD, 0x7BCD, 0xC5F6, 0xB5D5,
  0xB574, 0xAD94, 0x8C2F, 0x7BEE, 0x83ED, 0x6B6B, 0x736B, 0x5B09, 0x39A4, 0x39C5, 0x39C4, 0x31A4,
  0x39C5, 0x4206, 0x4206, 0x4247, 0x5AA8, 0x632A, 0x7B6C, 0x7B8C, 0x732A, 0x4A27, 0x39A4, 0x2963,
  0x3183, 0x5287, 0x4205, 0x39E5, 0x39A4, 0x52A8, 0x838B, 0x83AC, 0x9C4F, 0x7BAC, 0x5A25, 0x7B6A,
  0xA4EE, 0x6347, 0x4A06, 0x5268, 0x0000, 0x0020, 0x0000, 0x0020, 0x0000, 0x0020, 0x0000, 0x0020,
  0x0000, 0x0020, 0x0000, 0x0020, 0x0000, 0x0020, 0x0000, 0x0020, 0x0020, 0x0000, 0x0020, 0x0000,
  0x0020, 0x0000, 0x0020, 0x0000, 0x0020, 0x0000, 0x0020, 0x0000, 0x0020, 0x0000, 0x0020, 0x0000,
  0x736B, 0x8C2E, 0x8C6F, 0xAD31, 0xD75A, 0x9D72, 0x84AF, 0x52C7, 0x94AF, 0xAD51, 0x7C2C, 0x7BEB,
  0x94F0, 0x5AE8, 0x738C, 0x7B8B, 0x73AC, 0x4A26, 0x73ED, 0x94AF, 0x7C4D, 0x52E7, 0x632A, 0x4A46,
  0x634A, 0x6308, 0x5B49, 0x4A86, 0x2163, 0x4A67, 0x94EE, 0x7C0B, 0x5328, 0x7C2C, 0x94F0, 0xB592,
  0x840E, 0x6B2A, 0x6329, 0x6308, 0x4A66, 0x4224, 0x5AC8, 0x8C4D, 0xA4F1, 0x83CC, 0x8C4E, 0x8C0D,
  0x7BCD, 0x5AC8, 0x5247, 0x7B6B, 0x4A68, 0x2102, 0x3185, 0x2964, 0x2103, 0x18A1, 0x1902, 0x3164,
  0x3A06, 0x39E5, 0x18E1, 0x3184, 0x31C5, 0x41E5, 0x39E5, 0x3183, 0x39E6, 0x4A27, 0x3A07, 0x4A47,
  0x632B, 0x630A, 0x630B, 0x62C9, 0x6B0B, 0x62C9, 0x6B6B, 0xA4F1, 0x6B6B, 0x5AA8, 0x4A67, 0x41E5,
  0x632B, 0x6B0A, 0x940E, 0x8B8C, 0x736C, 0x83AC, 0x6AE9, 0x8BCC, 0x8C8D, 0xAD70, 0x9470, 0x6AEA,
  0x0020, 0x0000, 0x0020, 0x0000, 0x0020, 0x0000, 0x0020, 0x0000, 0x0020, 0x0000, 0x0020, 0x0000,
  0x0020, 0x0000, 0x0020, 0x0000, 0x0000, 0x0020, 0x0000, 0x0020, 0x0000, 0x0020, 0x0000, 0x0020,
  0x0000, 0x0020, 0x0000, 0x0020, 0x0000, 0x0020, 0x0000, 0x0020, 0x83EB, 0x7BCB, 0x5245, 0x8C4D,
  0x8C2D, 0x6329, 0x94CE, 0x9D30, 0xA531, 0x9D31, 0xAD91, 0xCED7, 0xA551, 0x52E8, 0x7B8C, 0x5288,
  0x6B4A, 0x632A, 0x52A7, 0x52A8, 0x52A6, 0x7C2D, 0x844D, 0x4AA6, 0x3983, 0x39C5, 0x5AA8, 0x5AA9,
  0x4205, 0x2142, 0x3182, 0x2121, 0x4225, 0x842D, 0x840C, 0x5287, 0x948E, 0xD6D7, 0xD6B6, 0x9510,
  0x5246, 0x632A, 0x62C8, 0x5267, 0x736A, 0x94AF, 0xA4D0, 0x7BCC, 0x836C, 0x7B6C, 0x5A67, 0x62E9,
  0x83CD, 0x4205, 0x3164, 0x3164, 0x2943, 0x2943, 0x20E1, 0x2922, 0x39A4, 0x3183, 0x41A4, 0x39C4,
  0x39A4, 0x39E5, 0x39A4, 0x39E5, 0x4226, 0x4A67, 0x4A26, 0x52A9, 0x5288, 0x632B, 0x83ED, 0x8C4F,
  0x9CB1, 0xAD53, 0xBDD4, 0xC656, 0xA4F1, 0x7BCD, 0x7B2A, 0x62A8, 0x7B6B, 0x83AC, 0x6A88, 0x6AC9,
  0x5A27, 0x6ACA, 0x732A, 0x5A88, 0x4A05, 0x8C2D, 0x83AB, 0x62E9, 0x0000, 0x0020, 0x0000, 0x0020,
  0x0000, 0x0020, 0x0000, 0x0020, 0x0000, 0x0020, 0x0000, 0x0020, 0x0000, 0x0020, 0x0000, 0x0020,
  0x0020, 0x0000, 0x0020, 0x0000, 0x0020, 0x0000, 0x0020, 0x0000, 0x0020, 0x0000, 0x0020, 0x0000,
  0x0020, 0x0000, 0x0020, 0x0000, 0x6B29, 0x4A04, 0x738B, 0x9CCF, 0x7C0D, 0xAD52, 0x848E, 0x52A6,
  0x73EC, 0x94CF, 0x8CEF, 0x9D10, 0xB614, 0x5B28, 0x4A27, 0x5247, 0x7BED, 0xDED8, 0x7C0D, 0x6B6A,
  0x636A, 0x6329, 0x638B, 0x6B8A, 0x632A, 0x41E5, 0x4A27, 0x5247, 0x3A05, 0x5267, 0x4225, 0x5266,
  0x4A66, 0x4A66, 0x6309, 0x7BCC, 0x5B09, 0x9CF0, 0xD6F8, 0xDEF8, 0x7BCD, 0x39A4, 0x8C4F, 0xA4F1,
  0x6309, 0x7BAC, 0x8C4E, 0x62A8, 0x41C5, 0x3123, 0x5247, 0x8BCD, 0x9CB1, 0xBD73, 0xAD74, 0xAD33,
  0xA512, 0xA4F2, 0x9CF1, 0x946F, 0x9490, 0x944E, 0x9CB0, 0x732A, 0x2943, 0x39A4, 0x31A5, 0x41E6,
  0x3A06, 0x4A67, 0x4AA9, 0x4A68, 0x52A9, 0x6B2B, 0xAD53, 0xCE16, 0xBDF6, 0xD658, 0x94B0, 0x9CD0,
  0xAD73, 0x83ED, 0x9C4F, 0x72EA, 0x942F, 0xB512, 0x9C0F, 0x8B6C, 0x7B4C, 0x72CA, 0x5268, 0x3143,
  0x41E5, 0x41C4, 0x62E9, 0x944E, 0x0020, 0x0000, 0x0020, 0x0000, 0x0020, 0x0000, 0x0020, 0x0000,
  0x0020, 0x0000, 0x0020, 0x0000, 0x0020, 0x0000, 0x0020, 0x0000, 0x0000, 0x0020, 0x0000, 0x0020,
  0x0000, 0x0020, 0x0000, 0x0020, 0x0000, 0x0020, 0x0000, 0x0020, 0x0000, 0x0020, 0x0000, 0x0020,
  0x8BEC, 0x83CC, 0x62C7, 0x6B09, 0x6A87, 0x836B, 0x7B8A, 0x83EC, 0x840C, 0x636A, 0xAD92, 0xBE35,
  0x9D30, 0xADD3, 0x842E, 0x73CC, 0x5AC8, 0x5B2A, 0x6B6A, 0x848F, 0x73AB, 0x5B29, 0x7BCA, 0x844D,
  0x840C, 0x52C7, 0x5226, 0x4A46, 0x4205, 0x31A4, 0x3983, 0x5AC9, 0x5AA8, 0x5AE9, 0x41E5, 0x4226,
  0x83EC, 0x948F, 0x840D, 0x52C8, 0x8C2E, 0xB593, 0xAD11, 0xB5B4, 0xBD93, 0x9CB0, 0x7B6A, 0x5A87,
  0x732A, 0x5A88, 0x4A26, 0x39E5, 0x6B09, 0x83ED, 0x7BAB, 0x7BCC, 0x944E, 0x840D, 0x8C2D, 0x948F,
  0xBD93, 0xC5F5, 0xCE15, 0x7BCC, 0x3163, 0x31C4, 0x41E5, 0x39C5, 0x4206, 0x4A68, 0x5267, 0x52A9,
  0x632A, 0x73AD, 0x9CD1, 0x94B1, 0xA512, 0xA553, 0x62C8, 0x73AC, 0x6B09, 0x6309, 0x940E, 0x6B0A,
  0x6AC9, 0x62C9, 0x8BAB, 0x940D, 0x6287, 0x732A, 0x6B09, 0x3184, 0x3963, 0x5247, 0x7B2A, 0x7B6C,
  0x0000, 0x0020, 0x0000, 0x0020, 0x0000, 0x0020, 0x0000, 0x0020, 0x0000, 0x0020, 0x0000, 0x0020,
  0x0000, 0x0020, 0x0000, 0x0020, 0x0020, 0x0000, 0x0020, 0x0000, 0x0020, 0x0000, 0x0020, 0x0000,
  0x0020, 0x0000, 0x0020, 0x0000, 0x0020, 0x0000, 0x0020, 0x0000, 0x7B8B, 0xB552, 0x736A, 0x8BEC,
  0xACB0, 0x72E8, 0x4A46, 0x732A, 0x7C2D, 0xAD92, 0xA592, 0x8CAF, 0x6BEC, 0x9510, 0xBE57, 0x9D11,
  0x6B8C, 0x630A, 0x73ED, 0x632A, 0x4246, 0x6329, 0x5B08, 0x6B69, 0x73CC, 0x6308, 0x842E, 0x736B,
  0x5288, 0x4A26, 0x4A67, 0x41E5, 0x2943, 0x3163, 0x52A9, 0x62E9, 0x4A67, 0x946F, 0x73AC, 0x5288,
  0x630A, 0x840D, 0x4A47, 0x9CB0, 0xBDD4, 0xC5D4, 0xAD32, 0x942E, 0x6B4B, 0x62C9, 0x6B6C, 0x39C5,
  0x3184, 0x5267, 0x5AA8, 0x5246, 0x5267, 0x4A05, 0x41E5, 0x5A87, 0x5288, 0x41E5, 0x5288, 0x5267,
  0x31A5, 0x39A4, 0x39E6, 0x4206, 0x39E6, 0x4A47, 0x4A88, 0x62EA, 0x52CA, 0x736C, 0x94B1, 0x842F,
  0x4A68, 0x39E6, 0x2963, 0x5287, 0x4226, 0x41E4, 0x62EA, 0x62C9, 0x62CA, 0x940E, 0x83CC, 0x9C4F,
  0x83CD, 0x8BAD, 0x840E, 0x5A88, 0x62A9, 0x6288, 0x6AEA, 0x6AA9, 0x0020, 0x0000, 0x0020, 0x0000,
  0x0020, 0x0000, 0x0020, 0x0000, 0x0020, 0x0000, 0x0020, 0x0000, 0x0020, 0x0000, 0x0020, 0x0000,
  0x0000, 0x0020, 0x0000, 0x0020, 0x0000, 0x0020, 0x0000, 0x0020, 0x0000, 0x0020, 0x0000, 0x0020,
  0x0000, 0x0020, 0x0000, 0x0020, 0x730A, 0x5226, 0x72EA, 0x6AEA, 0x93CD, 0x732A, 0x51E5, 0x72EA,
  0x62E8, 0x6B2A, 0x5287, 0x73AB, 0x842C, 0x740B, 0xC615, 0xB5B3, 0x62C8, 0x5267, 0x7B2A, 0x6AE9,
  0x6B4A, 0x5AC8, 0x52A7, 0x632A, 0x736A, 0x6B6A, 0x9C8E, 0x83EC, 0x6B09, 0x6B4A, 0x6B2A, 0x5287,
  0x39C4, 0x4206, 0x3163, 0x4A47, 0x5267, 0x630A, 0x734B, 0x632A, 0x6B2A, 0x6309, 0x5A87, 0x5AC8,
  0xACF1, 0xC615, 0xBD92, 0x8C4D, 0xB530, 0x8C0C, 0x6AE9, 0x6B2A, 0x5266, 0x4A46, 0x4A26, 0x39A4,
  0x3983, 0x3183, 0x3142, 0x3163, 0x3984, 0x2963, 0x2922, 0x2963, 0x4A26, 0x39C4, 0x39C5, 0x31C5,
  0x4206, 0x4A67, 0x5AC9, 0x52C9, 0x630A, 0x6B4C, 0x3984, 0x4226, 0x41E5, 0x4A67, 0x2922, 0x2964,
  0x62C8, 0x5287, 0x4A25, 0x840D, 0x838B, 0x736B, 0x62A8, 0x83CD, 0xB552, 0x734A, 0x7B29, 0x942E,
  0xACB0, 0x7B4B, 0x8BCD, 0x6B0A, 0x0000, 0x0020, 0x0000, 0x0020, 0x0000, 0x0020, 0x0000, 0x0020,
  0x0000, 0x0020, 0x0000, 0x0020, 0x0000, 0x0020, 0x0000, 0x0020, 0x0020, 0x0000, 0x0020, 0x0000,
  0x0020, 0x0000, 0x0020, 0x0000, 0x0020, 0x0000, 0x0020, 0x0000, 0x0020, 0x0000, 0x0020, 0x0000,
  0x7B6C, 0x7B4B, 0x6268, 0x51E6, 0x3944, 0x51E6, 0x8BAD, 0x6AC9, 0x5AA8, 0x5A87, 0x39E5, 0x5AC8,
  0x7C0C, 0x5B08, 0x844E, 0xBDD4, 0x5AC9, 0x5A88, 0x9C8F, 0x7B6B, 0x630A, 0x7BAC, 0x3A26, 0x52A8,
  0x6329, 0x840C, 0x840D, 0x8BEC, 0x738B, 0x62E8, 0x630A, 0x736B, 0x4A47, 0x630A, 0x634B, 0x4206,
  0x2984, 0x5267, 0x630A, 0x5AA9, 0x5AE9, 0x6309, 0x7BCD, 0x734B, 0x4A26, 0x736B, 0xAD72, 0xBD93,
  0xBD93, 0xACF0, 0x5AC9, 0x83ED, 0x83ED, 0x6B09, 0x4A67, 0x5A88, 0x5AC9, 0x4A26, 0x39C5, 0x3984,
  0x2963, 0x20E1, 0x2123, 0x2963, 0x39C5, 0x41E5, 0x31A5, 0x39C5, 0x52A9, 0x5AC9, 0x52A9, 0x4A68,
  0x5B0B, 0x5ACA, 0x2984, 0x5267, 0x634B, 0x5AC9, 0x52A9, 0x62E9, 0x52A8, 0x5AC9, 0x52C8, 0x39C4,
  0x6B0A, 0x62A8, 0x62C9, 0x6AE9, 0x736B, 0x7B8B, 0x8BCD, 0x9C4E, 0x9C90, 0x93EE, 0x83EE, 0x7B6B,
  0x0020, 0x0000, 0x0020, 0x0000, 0x0020, 0x0000, 0x0020, 0x0000, 0x0020, 0x0000, 0x0020, 0x0000,
  0x0020, 0x0000, 0x0020, 0x0000, 0x0000, 0x0020, 0x0000, 0x0020, 0x0000, 0x0020, 0x0000, 0x0020,
  0x0000, 0x0020, 0x0000, 0x0020, 0x0000, 0x0020, 0x0000, 0x0020, 0x49E5, 0x62C9, 0x7B6B, 0x5247,
  0x28E1, 0x20C1, 0x4964, 0x730A, 0x836C, 0x41A5, 0x4983, 0x5205, 0x7B4A, 0x62E9, 0x5A87, 0x8C4F,
  0xA46E, 0x9C4E, 0x8BCC, 0x41A4, 0x4183, 0x83AC, 0x7329, 0x62E8, 0x41E4, 0x6309, 0x9C6E, 0x8C4E,
  0x944E, 0x7BAB, 0x5AC7, 0x6B6A, 0x6309, 0x6309, 0x5A87, 0x52A8, 0x5A87, 0x52C8, 0x5AC7, 0x4A66,
  0x5267, 0x6B4A, 0x83ED, 0x842E, 0x5AA7, 0x39C4, 0x41E4, 0x7BAB, 0x9CAF, 0x8C4E, 0x6B2A, 0x6B2A,
  0x83EC, 0x8C4E, 0x734B, 0x734B, 0x7BAB, 0x7BAC, 0x7BAC, 0x83ED, 0x944E, 0x6B4B, 0x3163, 0x31A4,
  0x3183, 0x39E5, 0x39A4, 0x4A47, 0x62E9, 0x5AE9, 0x5267, 0x632B, 0x736B, 0x52C9, 0x62E8, 0x9CF0,
  0xCE36, 0xBDD5, 0xCE15, 0xBE15, 0xC5F4, 0xC636, 0xD676, 0xAD72, 0x5266, 0x4205, 0x5A46, 0x732A,
  0x6267, 0x7B6B, 0xAC8F, 0x8BAC, 0x72E9, 0x7B6B, 0x836A, 0x7B6B, 0x0000, 0x0020, 0x0000, 0x0020,
  0x0000, 0x0020, 0x0000, 0x0020, 0x0000, 0x0020, 0x0000, 0x0020, 0x0000, 0x0020, 0x0000, 0x0020,
  0x0020, 0x0000, 0x0020, 0x0000, 0x0020, 0x0000, 0x0020, 0x0000, 0x0020, 0x0000, 0x0020, 0x0000,
  0x0020, 0x0000, 0x0020, 0x0000, 0x4A06, 0x28E1, 0x1060, 0x1020, 0x3164, 0x5247, 0x3944, 0x3902,
  0x3103, 0x30E2, 0x3102, 0x4163, 0x6B09, 0x5225, 0x4226, 0x5267, 0x6AE8, 0x8BAB, 0x83AC, 0x6AA8,
  0x3984, 0x5A67, 0x8C4E, 0x732A, 0x6B6B, 0x738B, 0x7BAC, 0x942D, 0x8C2D, 0x7BAB, 0x7BCC, 0x83CC,
  0x52A8, 0x6B2A, 0x630A, 0x736B, 0x5B09, 0x736B, 0x5B09, 0x6B4A, 0x52A8, 0x4A05, 0x39C5, 0x736B,
  0x840D, 0x8C4E, 0x738B, 0x62C8, 0x5267, 0x41E5, 0x5288, 0x734B, 0x840D, 0x8C0D, 0x738C, 0x3163,
  0x39C5, 0x3163, 0x3184, 0x41C5, 0x4A27, 0x734B, 0x31C5, 0x39A4, 0x31A5, 0x3163, 0x39E6, 0x5AC9,
  0x52C9, 0x4227, 0x4247, 0x5AEA, 0x6B8C, 0x5AC9, 0x6B4B, 0x6309, 0x9490, 0xB573, 0x9CD1, 0xA511,
  0xBDF5, 0xC615, 0xD6B7, 0xF77A, 0xD6B8, 0x946F, 0x9CB1, 0xACF2, 0xBD73, 0xC573, 0xCDD5, 0xC552,
  0xB533, 0xBD12, 0xBD53, 0xC573, 0x0020, 0x0000, 0x0020, 0x0000, 0x0020, 0x0000, 0x0020, 0x0000,
  0x0020, 0x0000, 0x0020, 0x0000, 0x0020, 0x0000, 0x0020, 0x0000, 0x0000, 0x0020, 0x0000, 0x0020,
  0x0000, 0x0020, 0x0000, 0x0020, 0x0000, 0x0020, 0x0000, 0x0020, 0x0000, 0x0020, 0x0000, 0x0020,
  0x3983, 0x3984, 0x49E5, 0x2902, 0x2060, 0x732B, 0x6AA8, 0x41C5, 0x5226, 0x41E5, 0x4163, 0x41A4,
  0x5A06, 0x4184, 0x6AE9, 0x6B0A, 0x5A87, 0x4A47, 0x4A05, 0x73AC, 0x41A4, 0x83CD, 0x9C2D, 0x8BCC,
  0xA4CF, 0xA530, 0x8C0C, 0x6B6A, 0x7BAB, 0x8C2D, 0x7B6A, 0x7BAB, 0x6B08, 0x6309, 0x5A87, 0x738B,
  0x83CC, 0x736A, 0x9C8E, 0x8C2D, 0x5AA8, 0x52A8, 0x41E6, 0x52A9, 0x83ED, 0xA512, 0xB593, 0x94B0,
  0x62C8, 0x6309, 0x4A05, 0x39A4, 0x41E5, 0x4206, 0x41C5, 0x3184, 0x5A87, 0x52A8, 0x6B09, 0x738B,
  0x5226, 0x5267, 0x4A05, 0x39E5, 0x39A4, 0x2984, 0x41E5, 0x4227, 0x4206, 0x52C9, 0x630A, 0x6B8D,
  0x83EE, 0x6B4B, 0x62C9, 0x738C, 0x7BAC, 0xC616, 0xC5F5, 0xBDF5, 0xC615, 0xCE56, 0xD696, 0xDEF8,
  0xF77A, 0xEF7A, 0x940D, 0x7B6B, 0xAC90, 0xACD1, 0xACB0, 0xBD73, 0xCD93, 0xC593, 0xACB0, 0xBD32,
  0x0000, 0x0020, 0x0000, 0x0020, 0x0000, 0x0020, 0x0000, 0x0020, 0x0000, 0x0020, 0x0000, 0x0020,
  0x0000, 0x0020, 0x0000, 0x0020, 0x0020, 0x0000, 0x0020, 0x0000, 0x0020, 0x0000, 0x0020, 0x0000,
  0x0020, 0x0000, 0x0020, 0x0000, 0x0020, 0x0000, 0x0020, 0x0000, 0x3184, 0x3963, 0x5248, 0x49C5,
  0x3984, 0x62A8, 0x3984, 0x3123, 0x4A26, 0x62C9, 0x5A88, 0x4184, 0x6AC9, 0x6268, 0x4A06, 0x5A47,
  0x62EA, 0x4A06, 0x39E6, 0x2943, 0x1880, 0x4184, 0x62A8, 0x7B4A, 0x9CF0, 0x83EB, 0x946E, 0xA4F0,
  0x8C2D, 0x8C2D, 0x7BAC, 0x83CC, 0x73AC, 0x7B8B, 0x5AC9, 0x6B09, 0x6B4A, 0x7B8B, 0xAD52, 0xBDB3,
  0x9CF2, 0x946F, 0xB5D6, 0xDEB9, 0xE73B, 0xE73A, 0xDEF9, 0xBDD4, 0x8C4F, 0x62C9, 0x5288, 0x3963,
  0x4A27, 0x62E9, 0x4227, 0x41E6, 0x5AC9, 0x5267, 0x738C, 0x8C0E, 0x6B2A, 0x5267, 0x52A8, 0x5AA8,
  0x4227, 0x5267, 0x52A9, 0x6B4B, 0xA533, 0xA533, 0x9CF3, 0xB595, 0xBE17, 0xA533, 0xAD53, 0xB573,
  0xA533, 0xBD94, 0xBDF6, 0xC5F6, 0xCE77, 0xC5F5, 0xBE15, 0xBDD3, 0xCE76, 0xDEB7, 0xDE77, 0x5A47,
  0x49A5, 0x5A06, 0x5227, 0x6AC9, 0x940E, 0xA44E, 0xACB0, 0xD5F5, 0x0020, 0x0000, 0x0020, 0x0000,
  0x0020, 0x0000, 0x0020, 0x0000, 0x0020, 0x0000, 0x0020, 0x0000, 0x0020, 0x0000, 0x0020, 0x0000,
  0x0000, 0x0020, 0x0000, 0x0020, 0x0000, 0x0020, 0x0000, 0x0020, 0x0000, 0x0020, 0x0000, 0x0020,
  0x0000, 0x0020, 0x0000, 0x0020, 0x5A05, 0x49C4, 0x51E5, 0x836C, 0x72EA, 0x62A9, 0x72E9, 0x5A67,
  0x2902, 0x39A4, 0x41E5, 0x39C5, 0x5A67, 0x62C9, 0x62A9, 0x20E2, 0x5206, 0x3985, 0x5A67, 0x4A06,
  0x2902, 0x4A47, 0x6AE8, 0x6AE9, 0x8BEC, 0x7B8A, 0x83CB, 0x83EC, 0x8BCA, 0xA4AE, 0xA48E, 0x83EB,
  0x83EB, 0x8C4D, 0x736A, 0x5287, 0x634C, 0xC679, 0xDF5D, 0xDF5D, 0xEF9E, 0xEFBF, 0xF7DF, 0xEFDF,
  0xEFBF, 0xF7FF, 0xF7FF, 0xF7FF, 0xF7BE, 0xADB6, 0x62E9, 0x4A27, 0x49E5, 0x6B2A, 0x6AE9, 0x4A47,
  0x6AE9, 0x736B, 0x7B8B, 0x9490, 0x8BED, 0x6B0A, 0x5246, 0x41E5, 0x83EE, 0x8C50, 0xAD12, 0xB595,
  0x8C2F, 0x4A48, 0x734C, 0xB595, 0xDE98, 0xAD54, 0xBD94, 0xBD95, 0xC5D6, 0xC5F6, 0xC5D6, 0xC617,
  0xBD95, 0xA533, 0xC5F6, 0xC636, 0xAD72, 0xAD73, 0x946F, 0x4A87, 0x6B09, 0x5288, 0x736B, 0x62E9,
  0x49E5, 0x738C, 0x9C90, 0xA4F1, 0x0000, 0x0020, 0x0000, 0x0020, 0x0000, 0x0020, 0x0000, 0x0020,
  0x0000, 0x0020, 0x0000, 0x0020, 0x0000, 0x0020, 0x0000, 0x0020, 0x0020, 0x0000, 0x0020, 0x0000,
  0x0020, 0x0000, 0x0020, 0x0000, 0x0020, 0x0000, 0x0020, 0x0000, 0x0020, 0x0000, 0x0020, 0x0000,
  0x49E5, 0x51E5, 0x5A47, 0x7B0A, 0x5227, 0x6AC9, 0x8BCD, 0x6AA9, 0x4A47, 0x5247, 0x39A5, 0x3143,
  0x0000, 0x49E6, 0x6B2B, 0x4A06, 0x20C2, 0x3102, 0x39A5, 0x4184, 0x2944, 0x41E6, 0x4A06, 0x6287,
  0x736A, 0x83AB, 0x840D, 0x9C6E, 0xAD10, 0xAD10, 0xA4CF, 0x942C, 0x842D, 0x83CB, 0x6329, 0x5266,
  0xBE38, 0xDF1C, 0xCEFC, 0xCEDB, 0xCEBB, 0xCE9B, 0xCEFC, 0xDF1D, 0xDF5E, 0xE75E, 0xDF7E, 0xE75E,
  0xE79E, 0xF7DF, 0xD699, 0x8C0E, 0x5288, 0x6AE9, 0x4A47, 0x734B, 0x840E, 0x9CB0, 0x7BCD, 0x944F,
  0xB553, 0x9C6F, 0x6B6B, 0x734B, 0x9CD2, 0x9CB1, 0x6B6D, 0x5ACA, 0x6B4C, 0x62EA, 0x738D, 0x8C0F,
  0xA513, 0x62CA, 0x5ACA, 0x9450, 0xA513, 0xBD95, 0xAD54, 0xC5F6, 0xBDD6, 0xA4F2, 0x9D13, 0xBDD5,
  0xC657, 0xC615, 0xB5D5, 0x6B4B, 0x4A47, 0x5247, 0x83EE, 0xA4D1, 0x94B0, 0x736B, 0x630A, 0x83AD,
  0x0020, 0x0000, 0x0020, 0x0000, 0x0020, 0x0000, 0x0020, 0x0000, 0x0020, 0x0000, 0x0020, 0x0000,
  0x0020, 0x0000, 0x0020, 0x0000, 0x0000, 0x0020, 0x0000, 0x0020, 0x0000, 0x0020, 0x0000, 0x0020,
  0x0000, 0x0020, 0x0000, 0x0020, 0x0000, 0x0020, 0x0000, 0x0020, 0x41A4, 0x39A4, 0xAC6F, 0x5A47,
  0x3102, 0x3984, 0x41A4, 0x3143, 0x4A06, 0x4A26, 0x1880, 0x632B, 0x18A0, 0x18C1, 0x39A4, 0x52A8,
  0x3943, 0x41A5, 0x7369, 0x6B8A, 0x736A, 0x39E4, 0x62C9, 0x7BAC, 0x83CB, 0x7BCB, 0x8BEC, 0x8C0C,
  0xA48E, 0x944D, 0x940D, 0x8C0D, 0x9C4D, 0x83EC, 0x73AD, 0xBE17, 0xD71C, 0xC6BB, 0xCEBB, 0xCEDC,
  0xD6DB, 0xCEFB, 0xCEBB, 0xCEDB, 0xCEBB, 0xCEDC, 0xD6FC, 0xDF5D, 0xE75D, 0xD73D, 0xE75D, 0xE79E,
  0xBDD6, 0x8C71, 0x942D, 0x8C2E, 0x940D, 0x946F, 0x9C90, 0x738C, 0xAD32, 0xB574, 0x7BCD, 0xA512,
  0xAD12, 0x7BAD, 0x6AEA, 0x62CA, 0x7B4B, 0x8BCE, 0x9C0E, 0x838D, 0xA40E, 0x836C, 0xA3EE, 0xAC70,
  0xC512, 0xCD94, 0xBD32, 0xBD53, 0xBD74, 0xC5D6, 0xB575, 0xC5F7, 0xC5F7, 0xC658, 0xBDF6, 0x9D12,
  0x632A, 0x2963, 0x2923, 0x6B4B, 0xAD12, 0xB594, 0x840D, 0x62E9, 0x0000, 0x0020, 0x0000, 0x0020,
  0x0000, 0x0020, 0x0000, 0x0020, 0x0000, 0x0020, 0x0000, 0x0020, 0x0000, 0x0020, 0x0000, 0x0020,
  0x0020, 0x0000, 0x0020, 0x0000, 0x0020, 0x0000, 0x0020, 0x0000, 0x0020, 0x0000, 0x0020, 0x0000,
  0x0020, 0x0000, 0x0020, 0x0000, 0xCE16, 0x5227, 0x8BCE, 0x5A27, 0x4A07, 0x49C5, 0x2902, 0x49E6,
  0x5289, 0x3143, 0x3185, 0x83EE, 0x10A1, 0x0000, 0x2963, 0x6309, 0x39A5, 0x4184, 0x6B8A, 0x8C2D,
  0x8C8F, 0x840D, 0x62EA, 0x6B2A, 0x736A, 0x944D, 0x8C2D, 0x8C2D, 0x8C2D, 0x838B, 0x62E9, 0x7B8B,
  0x734A, 0x9C8F, 0xCE99, 0xDEDA, 0xCEDC, 0xD6FC, 0xC6DC, 0xCEBB, 0xB659, 0xB5F8, 0xC6BC, 0xD6FC,
  0xD71D, 0xD71D, 0xCEFC, 0xD6DC, 0xD71D, 0xDF1D, 0xCEFD, 0xCEBB, 0xE73C, 0xC618, 0x946F, 0xA4B0,
  0x944F, 0x83CD, 0x8C4F, 0x9470, 0x8C4F, 0xACF2, 0x9491, 0x8C2F, 0x632C, 0x6B2B, 0x6B2C, 0x8C0F,
  0xA491, 0xA470, 0xACD2, 0xAC91, 0xACB1, 0xBCF2, 0xC554, 0xD5B5, 0xD5D6, 0xDDF6, 0xD617, 0xD5F6,
  0xC5F7, 0xD617, 0xC638, 0xC5F7, 0xB5D6, 0xBDF7, 0xD6B9, 0xBDF6, 0x9CF2, 0x736C, 0x10A1, 0x0800,
  0x2123, 0x630A, 0xAD53, 0xAD32, 0x0020, 0x0000, 0x0020, 0x0000, 0x0020, 0x0000, 0x0020, 0x0000,
  0x0020, 0x0000, 0x0020, 0x0000, 0x0020, 0x0000, 0x0020, 0x0000, 0x0000, 0x0020, 0x0000, 0x0020,
  0x0000, 0x0020, 0x0000, 0x0020, 0x0000, 0x0020, 0x0000, 0x0020, 0x0000, 0x0020, 0x0000, 0x0020,
  0xCE55, 0xC655, 0x5A66, 0x5246, 0x72C9, 0x3943, 0x5A88, 0x6B2B, 0x3984, 0x39A5, 0x41E5, 0x5268,
  0x3143, 0x2102, 0x4A26, 0x630A, 0x5A47, 0x20C1, 0x3162, 0x6B6A, 0x840B, 0x9D10, 0x838B, 0x734A,
  0x7B8B, 0x8C4E, 0x8BEC, 0x8C0D, 0x83AB, 0x7BAB, 0x8BEC, 0x83CC, 0x8BED, 0xBDD5, 0xC67A, 0xB659,
  0xC659, 0xBE7A, 0xC69A, 0xC6BB, 0xBE18, 0xA596, 0xC659, 0xC6BB, 0xCEBA, 0xB618, 0xC67A, 0xD71C,
  0xD6FC, 0xD6FD, 0xDF3D, 0xDF5D, 0xC69A, 0xCEDC, 0xB532, 0x9CB0, 0xA4D0, 0x9CB0, 0x9C6F, 0x9CD1,
  0x9C90, 0x9CD1, 0x9C90, 0x8C2F, 0x8BCD, 0x8BEE, 0x9BEE, 0xAC91, 0xC512, 0xCD74, 0xD553, 0xCD53,
  0xD553, 0xDD74, 0xE594, 0xE5F6, 0xEE16, 0xE616, 0xEE16, 0xE616, 0xE5F5, 0xDDD5, 0xDE16, 0xD5F6,
  0xBD75, 0xC5D7, 0xC5F7, 0xCE79, 0xB574, 0x5AEA, 0x0000, 0x0020, 0x0000, 0x0020, 0x2923, 0x6B6C,
  0x0000, 0x0020, 0x0000, 0x0020, 0x0000, 0x0020, 0x0000, 0x0020, 0x0000, 0x0020, 0x0000, 0x0020,
  0x0000, 0x0020, 0x0000, 0x0020, 0x0020, 0x0000, 0x0020, 0x0000, 0x0020, 0x0000, 0x0020, 0x0000,
  0x0020, 0x0000, 0x0020, 0x0000, 0x0020, 0x0000, 0x0020, 0x0000, 0x842D, 0xE719, 0xBDB3, 0x83AB,
  0x8BAD, 0x3943, 0x8C0F, 0x7B8C, 0x3185, 0x4A47, 0x4227, 0x4A06, 0x3185, 0x39A5, 0x18E2, 0x3143,
  0x3984, 0x5A67, 0x52A8, 0x4A25, 0x5AE8, 0x840C, 0x62C9, 0x734A, 0x7BEC, 0x7B8B, 0x5267, 0x736A,
  0x7BCC, 0x944D, 0xB572, 0x8BEC, 0x9490, 0xDE98, 0xCEDC, 0xC67A, 0xBE5A, 0xC65A, 0xC6BB, 0xBE5A,
  0xA5B7, 0xBE38, 0xBE7A, 0xC659, 0xADF8, 0xADB7, 0xBE7A, 0xCEDC, 0xCEDC, 0xCE9B, 0xC69B, 0xD6FC,
  0xE79F, 0xD6FC, 0xBDD5, 0xA4B0, 0x9CD1, 0x9C6F, 0xA4F2, 0x9C90, 0x9491, 0x9450, 0x7BAD, 0x6B0B,
  0x732C, 0x838D, 0x9C2F, 0xB4D1, 0xC533, 0xD595, 0xDDB5, 0xDD94, 0xDDB5, 0xE595, 0xDDB5, 0xEDD6,
  0xE617, 0xEE16, 0xEE37, 0xEE37, 0xDE16, 0xE5F6, 0xD617, 0xDE17, 0xB576, 0xC5B6, 0xC639, 0xC5F7,
  0xC637, 0x83EE, 0x1903, 0x0840, 0x0020, 0x0000, 0x0000, 0x0000, 0x0020, 0x0000, 0x0020, 0x0000,
  0x0020, 0x0000, 0x0020, 0x0000, 0x0020, 0x0000, 0x0020, 0x0000, 0x0020, 0x0000, 0x0020, 0x0000,
  0x0000, 0x0020, 0x0000, 0x0020, 0x0000, 0x0020, 0x0000, 0x0020, 0x0000, 0x0020, 0x0000, 0x0020,
  0x0000, 0x0020, 0x0000, 0x0020, 0x83EB, 0xAD72, 0xDEF7, 0x9D10, 0x5226, 0x39C4, 0x7B8C, 0x6B4B,
  0x62C8, 0x4A47, 0x62C8, 0x5AA8, 0x39C4, 0x2122, 0x18A1, 0x0860, 0x0020, 0x2123, 0x3142, 0x2922,
  0x62C8, 0x5A87, 0x5A47, 0x6AC9, 0x83CB, 0x9CD0, 0x944D, 0x946E, 0x940C, 0x7349, 0x9C2C, 0x8BEB,
  0xA513, 0xD6DA, 0xC679, 0xC69A, 0xCE99, 0xC69A, 0xCE99, 0xCEBA, 0xC659, 0xCEBA, 0xCEBA, 0xD6FC,
  0xBE38, 0xB618, 0xD6DB, 0xCEDC, 0xCEBB, 0xCEBC, 0xCEBB, 0xC67A, 0xCEBB, 0xDF5E, 0xD699, 0xA533,
  0xACD0, 0x9CAF, 0xA4F1, 0xA512, 0x944F, 0x7BAD, 0x93AC, 0x9C2E, 0xB42E, 0xC4D1, 0xCCD1, 0xD553,
  0xDD94, 0xDDD5, 0xEDB5, 0xE5D5, 0xEDD5, 0xE5D5, 0xEDB5, 0xEDD6, 0xF616, 0xF657, 0xF658, 0xF699,
  0xF658, 0xEE58, 0xEE16, 0xEE58, 0xDDF6, 0xCDB5, 0xCDF7, 0xCE58, 0xAD13, 0xCE79, 0x9490, 0x2964,
  0x2901, 0x18A0, 0x0820, 0x0020, 0x0000, 0x0020, 0x0000, 0x0020, 0x0000, 0x0020, 0x0000, 0x0020,
  0x0000, 0x0020, 0x0000, 0x0020, 0x0000, 0x0020, 0x0000, 0x0020, 0x0020, 0x0000, 0x0020, 0x0000,
  0x0020, 0x0000, 0x0020, 0x0000, 0x0020, 0x0000, 0x0020, 0x0000, 0x0020, 0x0000, 0x0020, 0x0000,
  0x8C8E, 0x94AF, 0x844D, 0xB5B3, 0x738C, 0x20C1, 0x4206, 0x734B, 0x5268, 0x62E9, 0x6B2B, 0x5247,
  0x52C9, 0x4A47, 0x39E6, 0x2103, 0x10C2, 0x0000, 0x3163, 0x944E, 0x4205, 0x3142, 0x28E2, 0x72E9,
  0x8C4E, 0x8C0D, 0xBDD4, 0xC5B3, 0xB551, 0x9C6E, 0xB531, 0x8BAB, 0xBE17, 0xCE78, 0xC6BB, 0xCE9A,
  0xCEDB, 0xCEBA, 0xCEBB, 0xCE9A, 0xCEBA, 0xCEBA, 0xCEDC, 0xD6DB, 0xCEBB, 0xCE9A, 0xCEDC, 0xD6DC,
  0xCEBC, 0xCE9B, 0xC69B, 0xCEBC, 0xC6DC, 0xCEBB, 0xDF1B, 0xB5B6, 0xA4D0, 0xACD0, 0x9490, 0xA4D1,
  0x7BAD, 0x83CD, 0xACD1, 0xAC90, 0xBCB1, 0xC4D1, 0xCD13, 0xDD74, 0xDDD5, 0xE5B5, 0xE5D6, 0xEDB5,
  0xE5D6, 0xEDD5, 0xE5D6, 0xEDD6, 0xEE17, 0xF637, 0xEE79, 0xFE99, 0xF699, 0xF678, 0xEE79, 0xF658,
  0xDE58, 0xD5F7, 0xCE59, 0xD659, 0xC639, 0xB596, 0xE71B, 0x83EE, 0x4A27, 0x734B, 0x52A9, 0x20C2,
  0x0020, 0x0000, 0x0020, 0x0000, 0x0020, 0x0000, 0x0020, 0x0000, 0x0020, 0x0000, 0x0020, 0x0000,
  0x0020, 0x0000, 0x0020, 0x0000, 0x0000, 0x0020, 0x0000, 0x0020, 0x0000, 0x0020, 0x0000, 0x0020,
  0x0000, 0x0020, 0x0000, 0x0020, 0x0000, 0x0020, 0x0000, 0x0020, 0xA510, 0x842C, 0x946D, 0x94AF,
  0x7BCB, 0x4245, 0x3183, 0x6329, 0x6308, 0x5AE8, 0x62C8, 0x5AC8, 0x6B49, 0x5B28, 0x4A66, 0x3A05,
  0x39A4, 0x31A4, 0x20C1, 0x5AA9, 0x4A05, 0x9CD0, 0xA4F0, 0xAD52, 0xCE35, 0xC5F4, 0xC5B3, 0xC5F4,
  0xC5F3, 0xB592, 0x8C4F, 0xA553, 0xD6BA, 0xD71B, 0xDEDA, 0xD6DB, 0xDEFB, 0xD6FB, 0xD6BA, 0xD6BA,
  0xD6DA, 0xCEBA, 0xD6DA, 0xD6DA, 0xD6BA, 0xCEBA, 0xCE79, 0xCE7A, 0xD6BB, 0xD6FC, 0xD6FC, 0xCEBB,
  0xCEBB, 0xD6FC, 0xE73C, 0xBDF7, 0xACD0, 0x9C8F, 0x944F, 0x8C4F, 0x7B4B, 0xA4B1, 0xC48F, 0xC4B0,
  0xCCB0, 0xD4F1, 0xDD32, 0xDD74, 0xE5B4, 0xE5D5, 0xEDB5, 0xE5B5, 0xEDD5, 0xEDF6, 0xF5D6, 0xEDF6,
  0xF5F6, 0xF637, 0xF658, 0xF699, 0xFEBA, 0xF6DA, 0xFEBA, 0xF69A, 0xEE99, 0xEEBA, 0xDE79, 0xD679,
  0xC5F7, 0xCE59, 0xEF3C, 0xB5D6, 0x49E5, 0x5267, 0x7B2A, 0x6AC9, 0x0000, 0x0020, 0x0000, 0x0020,
  0x0000, 0x0020, 0x0000, 0x0020, 0x0000, 0x0020, 0x0000, 0x0020, 0x0000, 0x0020, 0x0000, 0x0020,
  0x0020, 0x0000, 0x0020, 0x0000, 0x0020, 0x0000, 0x0020, 0x0000, 0x0020, 0x0000, 0x0020, 0x0000,
  0x0020, 0x0000, 0x0020, 0x0000, 0xB592, 0x9CAE, 0x8C8E, 0x840C, 0x5AE8, 0x52A7, 0x5AE9, 0x6309,
  0x73AC, 0x738B, 0x632A, 0x7BAB, 0x6B8A, 0x7BCB, 0x636B, 0x5AC8, 0x4227, 0x3184, 0x3184, 0x62A9,
  0x9CD1, 0xD656, 0xD6B7, 0xCE56, 0xC635, 0xC5F4, 0xBDD4, 0xC5D4, 0xB5B3, 0xB551, 0xDF1B, 0xF77C,
  0xDF7D, 0xE77D, 0xEF9E, 0xEF9E, 0xEFBE, 0xF7BE, 0xF7DF, 0xF7BE, 0xF7DF, 0xF7BE, 0xEF9E, 0xE73C,
  0xDF1C, 0xDEFB, 0xD6FC, 0xD69A, 0xC67A, 0xC639, 0xC69B, 0xCEDB, 0xC6BC, 0xBE5A, 0xD6DB, 0xC638,
  0x9C90, 0x944E, 0x9CF2, 0x83CE, 0x8BCE, 0xACD1, 0xBC70, 0xCCB1, 0xCCD1, 0xD4F1, 0xD533, 0xE573,
  0xDD94, 0xDD94, 0xE595, 0xE574, 0xE5B5, 0xE5B5, 0xE5B6, 0xEDB6, 0xEDF6, 0xEDF6, 0xEE38, 0xF658,
  0xEE9A, 0xF6BA, 0xF6BB, 0xF699, 0xEEBA, 0xF6FA, 0xEF1C, 0xE6DA, 0xC618, 0xB555, 0xC639, 0xEF3C,
  0x9CB1, 0x62A8, 0x942F, 0x4164, 0x0020, 0x0000, 0x0020, 0x0000, 0x0020, 0x0000, 0x0020, 0x0000,
  0x0020, 0x0000, 0x0020, 0x0000, 0x0020, 0x0000, 0x0020, 0x0000, 0x0000, 0x0020, 0x0000, 0x0020,
  0x0000, 0x0020, 0x0000, 0x0020, 0x0000, 0x0020, 0x0000, 0x0020, 0x0000, 0x0020, 0x0000, 0x0020,
  0xBDD3, 0xAD92, 0x6B69, 0x73EB, 0x7388, 0x4A84, 0x6308, 0x7BEC, 0x5286, 0x7BCC, 0x8C0C, 0x738B,
  0x7BCB, 0x6369, 0x738A, 0x6328, 0xB550, 0x7389, 0x41A3, 0x83EC, 0xC5B2, 0xCE34, 0xC634, 0xBDF4,
  0xC614, 0xC655, 0xBDB3, 0xBDF4, 0xBDD5, 0xD6D9, 0xE79E, 0xE79F, 0xEF9E, 0xEFBE, 0xEFBE, 0xE79E,
  0xEF9D, 0xEFDE, 0xF7DE, 0xF7FF, 0xF7FF, 0xF7FF, 0xFFFF, 0xFFFF, 0xF7FF, 0xEFBE, 0xE75C, 0xDF1C,
  0xDF1B, 0xD6FB, 0xCE79, 0xBE18, 0xC638, 0xC679, 0xD69A, 0xC639, 0x944E, 0x9CB0, 0x944F, 0x7BCD,
  0xB44F, 0xB490, 0xCC6F, 0xCCB0, 0xD4B0, 0xD4F2, 0xDD12, 0xDD73, 0xDD53, 0xDD73, 0xDD32, 0xDD53,
  0xE573, 0xE5B4, 0xE595, 0xE5B5, 0xEDB5, 0xEDD6, 0xF5F6, 0xF637, 0xF638, 0xF679, 0xF679, 0xF679,
  0xEE99, 0xF6FB, 0xF73C, 0xEF3C, 0xE6DA, 0xB575, 0xAD33, 0xD6BA, 0xD698, 0x630B, 0x6288, 0x62C9,
  0x0000, 0x0020, 0x0000, 0x0020, 0x0000, 0x0020, 0x0000, 0x0020, 0x0000, 0x0020, 0x0000, 0x0020,
  0x0000, 0x0020, 0x0000, 0x0020, 0x0020, 0x0000, 0x0020, 0x0000, 0x0020, 0x0000, 0x0020, 0x0000,
  0x0020, 0x0000, 0x0020, 0x0000, 0x0020, 0x0000, 0x0020, 0x0000, 0x8C6E, 0x6B69, 0x31E3, 0x6B6A,
  0x8CAD, 0x844C, 0x6B6A, 0x52A7, 0x5AE8, 0x6308, 0x6B4A, 0x736A, 0x7C0C, 0x5AC7, 0x5B08, 0x5AE8,
  0xBDD2, 0xBDB2, 0x5287, 0x6B09, 0xB592, 0xD675, 0xBE15, 0xC5F4, 0xC635, 0xC614, 0xBDD4, 0xC5F4,
  0xCE98, 0xEF7B, 0xDF7E, 0xE79E, 0xE7BF, 0xEFBF, 0xEFFF, 0xF7DF, 0xF7FF, 0xFFFF, 0xF7FF, 0xFFFF,
  0xEFFF, 0xEFBF, 0xEFDF, 0xEFBF, 0xF7FF, 0xFFFF, 0xF7FF, 0xF79E, 0xE77D, 0xDEFB, 0xD6FC, 0xDEDB,
  0xBE39, 0xBE18, 0xD6DB, 0xC639, 0xA4F1, 0x9C90, 0x7BEE, 0x736C, 0xBCB1, 0xAC2F, 0xBC2E, 0xC44F,
  0xCCB1, 0xD4D1, 0xCCF2, 0xDD32, 0xD553, 0xDD33, 0xDD33, 0xDD32, 0xD554, 0xDD53, 0xDD95, 0xEDB5,
  0xE595, 0xEDB5, 0xE5D6, 0xEDD6, 0xE617, 0xEE18, 0xEE59, 0xEE38, 0xE679, 0xEE99, 0xEF3D, 0xF73C,
  0xEF5D, 0xDEBA, 0x9492, 0x8C30, 0xD6BA, 0x9470, 0x5A68, 0x6AEA, 0x0020, 0x0000, 0x0020, 0x0000,
  0x0020, 0x0000, 0x0020, 0x0000, 0x0020, 0x0000, 0x0020, 0x0000, 0x0020, 0x0000, 0x0020, 0x0000,
  0x0000, 0x0020, 0x0000, 0x0020, 0x0000, 0x0020, 0x0000, 0x0020, 0x0000, 0x0020, 0x0000, 0x0020,
  0x0000, 0x0020, 0x0000, 0x0020, 0x73A8, 0x9D4F, 0x846A, 0x8CAB, 0x842A, 0x94AC, 0x5266, 0x4225,
  0x5AC7, 0x6B4A, 0x6308, 0x6B6A, 0x738A, 0x6329, 0x73AA, 0x6328, 0x7369, 0x6308, 0x5AA7, 0x31A3,
  0x6B08, 0xB572, 0xD654, 0xD675, 0xC5F3, 0xC634, 0xBDD3, 0xCE56, 0xF7BE, 0xEFBE, 0xFFBD, 0xEF9C,
  0xE6D9, 0xCE37, 0xBD94, 0xB553, 0xACF2, 0xA512, 0xBD53, 0xD657, 0xEF1A, 0xFFFE, 0xFFFF, 0xFFDE,
  0xEF7D, 0xEF9E, 0xF7DF, 0xF7FF, 0xF7DF, 0xEFBF, 0xE75C, 0xD71C, 0xCE79, 0xC659, 0xD679, 0xC658,
  0xA4B0, 0x840D, 0x732B, 0x8C0F, 0xC46F, 0xABCD, 0xBC0D, 0xC44F, 0xD4B0, 0xD4F1, 0xD4F0, 0xD511,
  0xDD32, 0xD532, 0xD511, 0xD532, 0xDD53, 0xE594, 0xE595, 0xE5B5, 0xEDB5, 0xE5D6, 0xEDD5, 0xEDD6,
  0xEDD6, 0xEDF7, 0xF616, 0xEE37, 0xEE16, 0xEE58, 0xEEDB, 0xF73C, 0xF75C, 0xEF5D, 0xBD95, 0x630B,
  0xAD12, 0x9490, 0x834A, 0x6287, 0x0000, 0x0020, 0x0000, 0x0020, 0x0000, 0x0020, 0x0000, 0x0020,
  0x0000, 0x0020, 0x0000, 0x0020, 0x0000, 0x0020, 0x0000, 0x0020, 0x0020, 0x0000, 0x0020, 0x0000,
  0x0020, 0x0000, 0x0020, 0x0000, 0x0020, 0x0000, 0x0020, 0x0000, 0x0020, 0x0000, 0x0020, 0x0000,
  0x7C2B, 0x844B, 0x8CCC, 0x7C29, 0x846B, 0xA50E, 0x73AC, 0x7BAB, 0x73CC, 0x7BAB, 0x8CAF, 0x7BEC,
  0x52A7, 0x5266, 0x52C7, 0x5AC7, 0x4A66, 0x39C3, 0x4225, 0x4A25, 0x3182, 0x62C7, 0x8C4D, 0xC5F3,
  0xC5F4, 0xC5F3, 0xBDD4, 0xD697, 0xCEBA, 0xB5D7, 0x7C0F, 0x4A68, 0x39A5, 0x3123, 0x2923, 0x28E2,
  0x18C2, 0x1880, 0x18A1, 0x3123, 0x4207, 0x734B, 0xA534, 0xDEFB, 0xFFFF, 0xFFFF, 0xEFBF, 0xEF9F,
  0xEFBF, 0xEFBF, 0xEFDF, 0xEF9E, 0xDF1C, 0xCE79, 0xCE79, 0xA534, 0x83ED, 0x944E, 0x6B4C, 0xACD2,
  0xB40F, 0xA38C, 0xB3ED, 0xBC0E, 0xC490, 0xD4D0, 0xCCF1, 0xD4F1, 0xD532, 0xDD32, 0xD533, 0xDD32,
  0xDD75, 0xE595, 0xE5D6, 0xEDD6, 0xE5D6, 0xEDD6, 0xEDD6, 0xEDD6, 0xE5D7, 0xEDB6, 0xE5F7, 0xE5D6,
  0xDDB6, 0xDDB5, 0xDE9A, 0xEEBA, 0xE73C, 0xE6FB, 0xDEBA, 0x8C50, 0x840F, 0x9470, 0x838C, 0x9C2E,
  0x0020, 0x0000, 0x0020, 0x0000, 0x0020, 0x0000, 0x0020, 0x0000, 0x0020, 0x0000, 0x0020, 0x0000,
  0x0020, 0x0000, 0x0020, 0x0000, 0x0000, 0x0020, 0x0000, 0x0020, 0x0000, 0x0020, 0x0000, 0x0020,
  0x0000, 0x0020, 0x0000, 0x0020, 0x0000, 0x0020, 0x0000, 0x0020, 0x6328, 0x5B28, 0x6B67, 0x6BC9,
  0x738A, 0x842C, 0x9CCF, 0xAD72, 0x94CE, 0x848D, 0x8C4D, 0x73AA, 0x6B08, 0x4A25, 0x7349, 0x7BCB,
  0x6B08, 0x62E8, 0x4A45, 0x4245, 0x4A26, 0x2142, 0x41C3, 0x8C4E, 0xC5F3, 0xBDB3, 0xA4AF, 0x842D,
  0x736B, 0x842F, 0x3143, 0x0820, 0x30E1, 0x3102, 0x28E2, 0x20E2, 0x28E2, 0x20E2, 0x30E2, 0x3103,
  0x38E2, 0x38E2, 0x30C1, 0x4164, 0x732B, 0xBDB5, 0xF79D, 0xFFFF, 0xFFDF, 0xEF7E, 0xEF7E, 0xEFBF,
  0xE79E, 0xDF7E, 0xE6D9, 0x9CD1, 0xACF0, 0x946F, 0x8BAD, 0xB574, 0xABCD, 0x9B4B, 0xB3AC, 0xBC2E,
  0xCC90, 0xCCD1, 0xD4F1, 0xD532, 0xDD32, 0xD532, 0xDD32, 0xDD53, 0xE594, 0xDD94, 0xE5D5, 0xE5D6,
  0xEDB5, 0xE5B5, 0xEDB5, 0xEDD6, 0xEDB5, 0xE5B6, 0xE594, 0xDD54, 0xE573, 0xE594, 0xDDB5, 0xDDD6,
  0xE678, 0xE6BA, 0xD659, 0xAD55, 0x7BAD, 0xAD33, 0xCD73, 0xA46F, 0x0000, 0x0020, 0x0000, 0x0020,
  0x0000, 0x0020, 0x0000, 0x0020, 0x0000, 0x0020, 0x0000, 0x0020, 0x0000, 0x0020, 0x0000, 0x0020,
  0x0020, 0x0000, 0x0020, 0x0000, 0x0020, 0x0000, 0x0020, 0x0000, 0x0020, 0x0000, 0x0020, 0x0000,
  0x0020, 0x0000, 0x0020, 0x0000, 0x846E, 0x842C, 0x9D2F, 0x73E9, 0x4245, 0x52A6, 0x5AE8, 0x8C4D,
  0x94EF, 0x9D0F, 0x6B6A, 0x73AB, 0x946E, 0x7B8A, 0x738B, 0x8C0C, 0x948E, 0x5266, 0x52A7, 0x4A25,
  0x52A8, 0x4A46, 0x2121, 0x4A25, 0x840C, 0x7349, 0x41E5, 0x3142, 0x6B4B, 0xA532, 0x4A47, 0x20A1,
  0x3943, 0x30C1, 0x18C2, 0x20C1, 0x1081, 0x1881, 0x2081, 0x30E2, 0x4144, 0x4943, 0x3923, 0x30A1,
  0x1881, 0x1881, 0x3A08, 0x9CB2, 0xDF1C, 0xFFFF, 0xEFDF, 0xE77E, 0xDF7E, 0xE77E, 0xC637, 0xAD32,
  0xB552, 0x8C0D, 0xAD13, 0xACF2, 0xA3AD, 0x9B4B, 0xABAC, 0xBC0E, 0xCCB1, 0xDD12, 0xD533, 0xDD53,
  0xD533, 0xDD32, 0xD512, 0xDD32, 0xE5B5, 0xE5B5, 0xE5D6, 0xE5D6, 0xEDF6, 0xEDB5, 0xE5D6, 0xE5B5,
  0xE5D6, 0xED96, 0xDD74, 0xDD54, 0xDD74, 0xDD53, 0xD595, 0xD574, 0xCDF7, 0xDE38, 0xC638, 0xB575,
  0x6B2C, 0x8C0F, 0xA490, 0x9C0E, 0x0020, 0x0000, 0x0020, 0x0000, 0x0020, 0x0000, 0x0020, 0x0000,
  0x0020, 0x0000, 0x0020, 0x0000, 0x0020, 0x0000, 0x0020, 0x0000, 0x0000, 0x0020, 0x0000, 0x0020,
  0x0000, 0x0020, 0x0000, 0x0020, 0x0000, 0x0020, 0x0000, 0x0020, 0x0000, 0x0020, 0x0000, 0x0020,
  0x7369, 0x73AA, 0xA4F0, 0x9D10, 0x62E9, 0x4A46, 0x3142, 0x5287, 0x7369, 0x7C0C, 0x7B69, 0x8C2C,
  0xB52F, 0x942C, 0x7349, 0x6B28, 0x736A, 0x4A25, 0x62E8, 0x5AE8, 0x6B29, 0x6309, 0x4A45, 0x39C4,
  0x3983, 0x5AC8, 0x4205, 0x4A67, 0x7BAC, 0x842E, 0x62A7, 0x41A4, 0x4983, 0x3943, 0x4143, 0x3944,
  0x3123, 0x2903, 0x28E2, 0x18A1, 0x3102, 0x3123, 0x28A1, 0x20C2, 0x20C2, 0x18A2, 0x1860, 0x1881,
  0x3964, 0x7BCD, 0xCE38, 0xF79D, 0xFFFE, 0xE75D, 0xA490, 0xA4F2, 0x9C6F, 0x8BED, 0xBD12, 0xA470,
  0x9B4B, 0x9B6B, 0xB3CC, 0xB40D, 0xCC8F, 0xD511, 0xDD53, 0xE5B4, 0xE573, 0xDD94, 0xDD11, 0xD532,
  0xE573, 0xE5B4, 0xE594, 0xE594, 0xE574, 0xE595, 0xEDB5, 0xEDD6, 0xEDD5, 0xEDD6, 0xEDB5, 0xE595,
  0xE553, 0xDD32, 0xE552, 0xE574, 0xD574, 0xDDF6, 0xDE58, 0xC5D6, 0x9C90, 0x738D, 0xA4D1, 0x7BCD,
  0x0000, 0x0020, 0x0000, 0x0020, 0x0000, 0x0020, 0x0000, 0x0020, 0x0000, 0x0020, 0x0000, 0x0020,
  0x0000, 0x0020, 0x0000, 0x0020, 0x0020, 0x0000, 0x0020, 0x0000, 0x0020, 0x0000, 0x0020, 0x0000,
  0x0020, 0x0000, 0x0020, 0x0000, 0x0020, 0x0000, 0x0020, 0x0000, 0x4A45, 0x62E8, 0x52C8, 0x73AB,
  0x6B4B, 0x5AC8, 0x39A5, 0x734B, 0x6B4A, 0x6B49, 0x946E, 0xACF0, 0xA4EF, 0x9C4D, 0x738A, 0x7349,
  0x6B4A, 0x5A87, 0x4A46, 0x5AC7, 0x5AE8, 0x7B8B, 0x52A8, 0x39A4, 0x39A4, 0x39A4, 0x4A67, 0x5288,
  0x5AC9, 0x83CD, 0x62C9, 0x5205, 0x49E6, 0x4163, 0x3964, 0x4144, 0x3164, 0x3123, 0x2944, 0x1060,
  0x1040, 0x1020, 0x20A2, 0x28E3, 0x2904, 0x2903, 0x2903, 0x2903, 0x18C2, 0x1860, 0x1082, 0x4A28,
  0x94F3, 0x94B2, 0xAD33, 0xC5D5, 0xA4D1, 0x9C6F, 0xACB1, 0x93CD, 0x934B, 0x9B6B, 0xABAC, 0xBC0D,
  0xC46F, 0xD4D1, 0xD574, 0xE5B5, 0xE5B5, 0xE594, 0xCCF2, 0xD4D1, 0xD513, 0xD512, 0xCCF2, 0xD4F2,
  0xD513, 0xDD33, 0xE595, 0xE595, 0xE595, 0xE595, 0xE5B5, 0xE595, 0xDD74, 0xDD12, 0xD512, 0xDD32,
  0xD595, 0xD594, 0xC618, 0xAD14, 0xC617, 0x9450, 0x8C2F, 0x7B8C, 0x0020, 0x0000, 0x0020, 0x0000,
  0x0020, 0x0000, 0x0020, 0x0000, 0x0020, 0x0000, 0x0020, 0x0000, 0x0020, 0x0000, 0x0020, 0x0000,
  0x0000, 0x0020, 0x0000, 0x0020, 0x0000, 0x0020, 0x0000, 0x0020, 0x0000, 0x0020, 0x0000, 0x0020,
  0x0000, 0x0020, 0x0000, 0x0020, 0x39E2, 0x52C6, 0x73CA, 0x4A86, 0x62C7, 0x840D, 0x4A05, 0x4A47,
  0x7369, 0x7BAB, 0xA4AE, 0xBD91, 0xB550, 0x9C8E, 0x8BEB, 0x7BAB, 0x6B08, 0x7BEB, 0x8C0C, 0x83EB,
  0x6B08, 0x6B29, 0x62E8, 0x4A46, 0x5225, 0x5287, 0x4A46, 0x5AE9, 0x7329, 0x738B, 0x72E8, 0x5A26,
  0x6226, 0x51C5, 0x5163, 0x4963, 0x4943, 0x4984, 0x4963, 0x3923, 0x51A5, 0x30C2, 0x30E2, 0x3123,
  0x4123, 0x3943, 0x4123, 0x3923, 0x3923, 0x3923, 0x2860, 0x3923, 0x5A68, 0x736C, 0xCD94, 0xA470,
  0xA490, 0xACF1, 0xA44F, 0x732B, 0x934A, 0x9B8C, 0xABAC, 0xB42E, 0xC46E, 0xC490, 0xD4D1, 0xE573,
  0xE573, 0xDD53, 0xD4D1, 0xBC6F, 0xCCB0, 0xC490, 0xC46F, 0xBC70, 0xBCB1, 0xBCD2, 0xB491, 0xB4D2,
  0xBCF2, 0xC574, 0xD595, 0xDDF7, 0xE616, 0xDE17, 0xD5B5, 0xCD95, 0xD5D5, 0xCDD5, 0xCE17, 0xB554,
  0xBDD6, 0xCE58, 0x9C8F, 0x8C0E, 0x0000, 0x0020, 0x0000, 0x0020, 0x0000, 0x0020, 0x0000, 0x0020,
  0x0000, 0x0020, 0x0000, 0x0020, 0x0000, 0x0020, 0x0000, 0x0020, 0x0020, 0x0000, 0x0020, 0x0000,
  0x0020, 0x0000, 0x0020, 0x0000, 0x0020, 0x0000, 0x0020, 0x0000, 0x0020, 0x0000, 0x0020, 0x0000,
  0x846D, 0x9CCE, 0xAD92, 0x73CB, 0x6B6A, 0x840D, 0x5267, 0x41E5, 0x840C, 0xBD92, 0xA510, 0xB551,
  0xBDB3, 0xA4CF, 0x7BAB, 0x8C0C, 0x840D, 0x6B08, 0x840C, 0x946D, 0x840D, 0x6B08, 0x840D, 0x948F,
  0x9CD1, 0x944E, 0x632A, 0x7BCC, 0x9CD1, 0x944E, 0x7B2A, 0x5A26, 0x6268, 0x6A47, 0x5A07, 0x59E6,
  0x5A07, 0x5A06, 0x4164, 0x59E6, 0x5A48, 0x4143, 0x3124, 0x4165, 0x4164, 0x4143, 0x3924, 0x4123,
  0x3944, 0x4144, 0x49A6, 0x8B6C, 0x5AAA, 0x736C, 0xB513, 0x93CE, 0xB533, 0xACD1, 0x8BEE, 0x6288,
  0x8B2A, 0x9B8C, 0xA3AD, 0xABCD, 0xB40E, 0xBC2E, 0xB42F, 0xCC90, 0xC4D1, 0xD4F1, 0xC490, 0xB3CD,
  0xB3EE, 0xB3EE, 0xA3AD, 0x930A, 0x6A68, 0x6A48, 0x6248, 0x72CA, 0x7B2C, 0x832B, 0x834D, 0x82EB,
  0x72CA, 0x6A48, 0x5A48, 0x51C6, 0x49C6, 0x6AA9, 0x7BAD, 0x734C, 0x7BEF, 0x9491, 0x9C90, 0xACF1,
  0x0020, 0x0000, 0x0020, 0x0000, 0x0020, 0x0000, 0x0020, 0x0000, 0x0020, 0x0000, 0x0020, 0x0000,
  0x0020, 0x0000, 0x0020, 0x0000, 0x0000, 0x0020, 0x0000, 0x0020, 0x0000, 0x0020, 0x0000, 0x0020,
  0x0000, 0x0020, 0x0000, 0x0020, 0x0000, 0x0020, 0x0000, 0x0020, 0x950D, 0x9D4F, 0xA54F, 0xADB1,
  0x946E, 0x8C2D, 0x83AB, 0x5AA7, 0x8BEB, 0xB551, 0xBD6F, 0xBDB1, 0xB4EE, 0x9C6C, 0xACEE, 0x8C0B,
  0x942C, 0x944C, 0x6AE7, 0x8C2D, 0x8C0C, 0x736A, 0x942C, 0x8C0C, 0xA4CF, 0xB592, 0xACF0, 0x83EC,
  0xACF0, 0xAD31, 0x8B29, 0x6A87, 0x6A26, 0x7AC9, 0x82CA, 0x7ACA, 0x72A8, 0x51A5, 0x5163, 0x7AE9,
  0x7A89, 0x5164, 0x4123, 0x51E6, 0x61E6, 0x51C6, 0x5985, 0x5165, 0x59E6, 0x6248, 0x82CA, 0xA40F,
  0x6227, 0x6AA9, 0x8BCD, 0x9CB1, 0xB552, 0x9CB0, 0x7B4B, 0x5A68, 0x82E9, 0x93AC, 0xA3CC, 0x9BAC,
  0x9BAC, 0xA3CD, 0xA3AC, 0xAC0E, 0xB3ED, 0xB42E, 0xC48F, 0x934A, 0x8B0A, 0x8B4B, 0x72C9, 0x5A07,
  0x3943, 0x2903, 0x3923, 0x3964, 0x4164, 0x41C6, 0x6247, 0x5A47, 0x7B0A, 0x72EA, 0x18A2, 0x1082,
  0x4143, 0x49C5, 0x49A4, 0x3143, 0x5A27, 0x6AA9, 0xBBEE, 0xED95, 0x0000, 0x0020, 0x0000, 0x0020,
  0x0000, 0x0020, 0x0000, 0x0020, 0x0000, 0x0020, 0x0000, 0x0020, 0x0000, 0x0020, 0x0000, 0x0020,
  0x0020, 0x0000, 0x0020, 0x0000, 0x0020, 0x0000, 0x0020, 0x0000, 0x0020, 0x0000, 0x0020, 0x0000,
  0x0020, 0x0000, 0x0020, 0x0000, 0x63A9, 0x94CD, 0x740B, 0x5B07, 0x7BEC, 0x7BCB, 0x948F, 0x8BEC,
  0x7B8B, 0x942D, 0xA4EE, 0xCDF2, 0xBD91, 0xACCE, 0xB571, 0xB550, 0x8C2C, 0x8C0B, 0x8C4D, 0x83CB,
  0x83EC, 0x734A, 0x840C, 0x8C0C, 0xAD52, 0xB552, 0xB573, 0xB552, 0xBD93, 0x9C8F, 0x832A, 0x7AA8,
  0x6207, 0x61C5, 0x6207, 0x61E6, 0x4984, 0x4964, 0x6248, 0x936C, 0x832B, 0x5985, 0x3103, 0x51C6,
  0x6A69, 0x6A27, 0x59E7, 0x61C6, 0x72AA, 0x7289, 0x8B2C, 0xA3CE, 0x7B4C, 0x836C, 0x7B6C, 0x8BEE,
  0x8C70, 0x83ED, 0x6AEA, 0x5227, 0x72A8, 0x936B, 0x9BCD, 0xA3AC, 0x8B4B, 0x8B0A, 0x82EA, 0x8AEA,
  0x930A, 0x92E9, 0xBC6F, 0xA38C, 0x82EA, 0x7A88, 0x4164, 0x30A1, 0x2923, 0x3144, 0x49E7, 0x6AEA,
  0x7B8D, 0x836D, 0x7B6C, 0x836C, 0x93CE, 0xBD33, 0x4A49, 0x4208, 0xC5B5, 0xB4D1, 0x8BEE, 0x5A47,
  0x5A68, 0xBD13, 0xDD54, 0xC450, 0x0020, 0x0000, 0x0020, 0x0000, 0x0020, 0x0000, 0x0020, 0x0000,
  0x0020, 0x0000, 0x0020, 0x0000, 0x0020, 0x0000, 0x0020, 0x0000, 0x0000, 0x0020, 0x0000, 0x0020,
  0x0000, 0x0020, 0x0000, 0x0020, 0x0000, 0x0020, 0x0000, 0x0020, 0x0000, 0x0020, 0x0000, 0x0020,
  0x942E, 0x7BAC, 0x6B09, 0x5A87, 0x7B8B, 0x7BCC, 0xA4EF, 0x9CAF, 0x83CB, 0x8C0D, 0x8BCA, 0xAD30,
  0xD5F2, 0xACEE, 0xACAE, 0xB52F, 0xACAE, 0x7B28, 0x6A87, 0x62A8, 0x942D, 0x62E8, 0x7B48, 0xA4AE,
  0xC591, 0xB551, 0xC592, 0xB552, 0xBD72, 0x944E, 0x8329, 0x72C8, 0x7247, 0x6206, 0x59A5, 0x4943,
  0x4123, 0x51C5, 0x6206, 0x72C9, 0x7289, 0x51C6, 0x4943, 0x4143, 0x61E6, 0x6A68, 0x7227, 0x6A48,
  0x7268, 0x830B, 0x9B6C, 0xA3CE, 0xA46F, 0x62A9, 0x5246, 0x6B4B, 0x7B6B, 0x8C2E, 0x5A47, 0x5227,
  0x6AA8, 0x7B4B, 0x7B2B, 0x6AEA, 0x5A68, 0x4A27, 0x5A27, 0x4A07, 0x5A06, 0x6268, 0xB4B1, 0xBD33,
  0x6AC9, 0x20A1, 0x30C1, 0x51E6, 0x51C5, 0x51C5, 0x5226, 0x5227, 0x5227, 0x5A88, 0x72A9, 0x59E6,
  0x7A88, 0xAC2E, 0x830A, 0x6227, 0xDD32, 0xABEE, 0xA3CC, 0x8B6B, 0xABAD, 0xC4B1, 0xC40F, 0x9B0B,
  0x0000, 0x0020, 0x0000, 0x0020, 0x0000, 0x0020, 0x0000, 0x0020, 0x0000, 0x0020, 0x0000, 0x0020,
  0x0000, 0x0020, 0x0000, 0x0020, 0x0020, 0x0000, 0x0020, 0x0000, 0x0020, 0x0000, 0x0020, 0x0000,
  0x0020, 0x0000, 0x0020, 0x0000, 0x0020, 0x0000, 0x0020, 0x0000, 0x6B0A, 0x838C, 0x736B, 0x9C8F,
  0x738B, 0x5246, 0x7BCC, 0x9C8E, 0x8C4E, 0xA4D0, 0x7B8A, 0x942C, 0xB550, 0xA48D, 0x942C, 0x9C6D,
  0xACEF, 0x93CA, 0x3963, 0x49A4, 0x8C0D, 0x83AC, 0x6AE7, 0x8BCB, 0xA4CF, 0xBD51, 0xB552, 0xB511,
  0x9C8F, 0x7B4A, 0x7B2A, 0x7287, 0x6207, 0x69E6, 0x4985, 0x4923, 0x51C6, 0x59E6, 0x51C5, 0x51A5,
  0x4985, 0x38E2, 0x4144, 0x4123, 0x4124, 0x4944, 0x51A6, 0x5985, 0x6207, 0x82EA, 0x8B4C, 0xB42F,
  0x7B6C, 0x4143, 0x4206, 0x4A26, 0x62E9, 0x6B0A, 0x4A07, 0x49E6, 0x6AC9, 0x5A26, 0x3985, 0x28E2,
  0x20C2, 0x20C1, 0x20A2, 0x2081, 0x2081, 0x30C2, 0x49A5, 0x38E2, 0x0800, 0x5A68, 0x83AD, 0x6248,
  0x51E6, 0x4984, 0x3964, 0x20A1, 0x20E2, 0x4A07, 0x93CE, 0xAC50, 0x9BAD, 0xA3CD, 0x93CE, 0x4964,
  0xC4B1, 0xC470, 0xBCD1, 0xC4F1, 0xC4D2, 0xB40F, 0xA32C, 0xB36D, 0x0020, 0x0000, 0x0020, 0x0000,
  0x0020, 0x0000, 0x0020, 0x0000, 0x0020, 0x0000, 0x0020, 0x0000, 0x0020, 0x0000, 0x0020, 0x0000,
  0x0000, 0x0020, 0x0000, 0x0020, 0x0000, 0x0020, 0x0000, 0x0020, 0x0000, 0x0020, 0x0000, 0x0020,
  0x0000, 0x0020, 0x0000, 0x0020, 0x4184, 0x8C0E, 0xB551, 0xA510, 0x7BAB, 0x5AE8, 0x6B29, 0x840D,
  0xACF0, 0xA511, 0x9C8F, 0xA511, 0x83AA, 0x7B8A, 0x940C, 0x9C6E, 0xA46D, 0xACCF, 0x93EC, 0x6AE8,
  0x940C, 0x942D, 0x8369, 0x9C2C, 0xA46C, 0xA48D, 0xAC8D, 0xA48E, 0x6A87, 0x7B4A, 0x8329, 0x6AA8,
  0x6205, 0x4943, 0x3902, 0x5206, 0x7288, 0x72EA, 0x7AC9, 0x5A06, 0x51A5, 0x4985, 0x4984, 0x4984,
  0x4943, 0x51A5, 0x5985, 0x5164, 0x61A5, 0x7268, 0x8B2B, 0xAC70, 0x734A, 0x5267, 0x4A26, 0x31A4,
  0x39A5, 0x39A5, 0x2923, 0x18C2, 0x2902, 0x2103, 0x3123, 0x3964, 0x41A5, 0x41E6, 0x3984, 0x2943,
  0x1040, 0x0000, 0x0000, 0x0000, 0x0800, 0x7B8D, 0xB46F, 0x936C, 0x832A, 0x6247, 0x6A88, 0x6268,
  0x830A, 0x9C2F, 0xBC90, 0xB490, 0xD4F1, 0xCD12, 0xBCD1, 0x5185, 0xD4F2, 0xCCD2, 0xD4F1, 0xD532,
  0xCCF1, 0xA3CD, 0xB3AD, 0xC44F, 0x0000, 0x0020, 0x0000, 0x0020, 0x0000, 0x0020, 0x0000, 0x0020,
  0x0000, 0x0020, 0x0000, 0x0020, 0x0000, 0x0020, 0x0000, 0x0020, 0x0020, 0x0000, 0x0020, 0x0000,
  0x0020, 0x0000, 0x0020, 0x0000, 0x0020, 0x0000, 0x0020, 0x0000, 0x0020, 0x0000, 0x0020, 0x0000,
  0x3123, 0x6AC9, 0x8C4E, 0x9CAF, 0x844E, 0x7BCC, 0x5AC8, 0x6309, 0x736B, 0x7B8B, 0x83ED, 0x944E,
  0xAD31, 0xA4CF, 0xACF0, 0x8BCB, 0x7B8A, 0x8BAA, 0x9C4E, 0xBD31, 0x944E, 0x93CC, 0x9C6D, 0xACCE,
  0xA4AE, 0x9C4C, 0xA4AF, 0xA44D, 0x9C4F, 0x940E, 0x7B2A, 0x72A8, 0x6A88, 0x6A47, 0x51E6, 0x4123,
  0x6247, 0x72C9, 0x72C9, 0x7B0A, 0x6AA9, 0x6207, 0x51E7, 0x59C6, 0x4965, 0x4944, 0x51A6, 0x5144,
  0x5165, 0x61E6, 0x8B4C, 0xAC50, 0x8C4F, 0x734A, 0x6B4B, 0x5A88, 0x2103, 0x1060, 0x39A6, 0x5268,
  0x4A48, 0x4206, 0x4A07, 0x49E6, 0x4207, 0x49E6, 0x3185, 0x3985, 0x3186, 0x0000, 0x10A3, 0x41E7,
  0x0800, 0x2903, 0xB4B1, 0xB44F, 0x93EE, 0x830A, 0x6AA9, 0x7AEA, 0x834C, 0x8B6C, 0x936C, 0xAC2F,
  0xC4D1, 0xD512, 0xC534, 0x59A5, 0xCCD2, 0xD512, 0xCCD1, 0xCCD1, 0xD533, 0x9B6C, 0x8AA9, 0xB3AD,
  0x0020, 0x0000, 0x0020, 0x0000, 0x0020, 0x0000, 0x0020, 0x0000, 0x0020, 0x0000, 0x0020, 0x0000,
  0x0020, 0x0000, 0x0020, 0x0000, 0x0000, 0x0020, 0x0000, 0x0020, 0x0000, 0x0020, 0x0000, 0x0020,
  0x0000, 0x0020, 0x0000, 0x0020, 0x0000, 0x0020, 0x0000, 0x0020, 0x41A3, 0x3183, 0x7329, 0xAD30,
  0x9CAF, 0x5AA7, 0x6B08, 0x7BCB, 0xACCF, 0xC5F4, 0xB510, 0x7B8A, 0x7B6A, 0x944D, 0xACCE, 0x7B69,
  0x93EB, 0xC591, 0xB4EE, 0xBD2F, 0xACCE, 0x8389, 0x8B8A, 0xA46E, 0x93EB, 0xACAE, 0xACCE, 0xBD50,
  0xBD30, 0x8C0C, 0x8B6B, 0x72E9, 0x82E9, 0x8B4B, 0x830A, 0x6226, 0x4123, 0x6268, 0x6A68, 0x6A89,
  0x6247, 0x51E6, 0x4985, 0x3103, 0x4123, 0x49A5, 0x4944, 0x4144, 0x5164, 0x6227, 0x93CD, 0x9C0E,
  0x7BAC, 0x83ED, 0x8C2E, 0x39C5, 0x0000, 0x3186, 0x5288, 0x5289, 0x5247, 0x41E6, 0x3943, 0x3943,
  0x2902, 0x20C1, 0x4163, 0x5A47, 0x5A47, 0x1040, 0x9B4B, 0xE5B5, 0xB44F, 0x2840, 0x7B0A, 0xC574,
  0xC470, 0xABEE, 0x934B, 0x8B2B, 0x932B, 0x9BAD, 0xC490, 0xD513, 0xD4D2, 0xDD34, 0xDD95, 0x4944,
  0xCCB0, 0xDD53, 0xD4F0, 0xD4F1, 0xDD53, 0xD532, 0x9289, 0xABAD, 0x0000, 0x0020, 0x0000, 0x0020,
  0x0000, 0x0020, 0x0000, 0x0020, 0x0000, 0x0020, 0x0000, 0x0020, 0x0000, 0x0020, 0x0000, 0x0020,
  0x0020, 0x0000, 0x0020, 0x0000, 0x0020, 0x0000, 0x0020, 0x0000, 0x0020, 0x0000, 0x0020, 0x0000,
  0x0020, 0x0000, 0x0020, 0x0000, 0x6309, 0x6AE8, 0xA4F0, 0xB572, 0x3183, 0x3983, 0x6B6A, 0x944D,
  0x83EC, 0x944D, 0xB572, 0xA48E, 0x5AA7, 0x7B6A, 0xB530, 0xA48E, 0x93EB, 0xA46D, 0xCDB1, 0xC570,
  0xB530, 0xA46D, 0x7B4A, 0x72E8, 0x8BEC, 0xACAF, 0xBD51, 0xCDD2, 0xBD92, 0xBD31, 0x9C2E, 0x7AE9,
  0x7B0A, 0x8B4B, 0x8B8C, 0x93CD, 0x72EA, 0x72A9, 0x836C, 0x7AEA, 0x72EA, 0x59E6, 0x3124, 0x30E3,
  0x5207, 0x6A89, 0x5A07, 0x4944, 0x51A6, 0x7269, 0x940E, 0x93CD, 0x738C, 0x7BAC, 0x6B4B, 0x4A26,
  0x0861, 0x4207, 0x4A48, 0x2923, 0x20E2, 0x5227, 0x3944, 0x4985, 0x5248, 0x5A89, 0x730B, 0x72EA,
  0x62AA, 0x20A1, 0xB42F, 0xE594, 0xEE78, 0xA3EE, 0x28A2, 0xB4D2, 0xDD95, 0xDD33, 0xCD33, 0xC4F2,
  0xCD13, 0xDD54, 0xDD95, 0xE595, 0xDD54, 0xDD13, 0x72AA, 0x59C6, 0xD533, 0xD4D1, 0xD532, 0xD4F0,
  0xCCF2, 0xEDF6, 0xC450, 0xB38D, 0x0020, 0x0000, 0x0020, 0x0000, 0x0020, 0x0000, 0x0020, 0x0000,
  0x0020, 0x0000, 0x0020, 0x0000, 0x0020, 0x0000, 0x0020, 0x0000, 0x0000, 0x0020, 0x0000, 0x0020,
  0x0000, 0x0020, 0x0000, 0x0020, 0x0000, 0x0020, 0x0000, 0x0020, 0x0000, 0x0020, 0x0000, 0x0020,
  0xACAD, 0xC5B1, 0xB571, 0xAD51, 0x734A, 0x4205, 0x944D, 0xB552, 0x7329, 0x7349, 0xA48E, 0x942D,
  0x7B4A, 0x732A, 0xA48E, 0x7B6A, 0x9C2C, 0x942C, 0xA44B, 0x9C4C, 0xB4CD, 0xC591, 0xB4EF, 0x7308,
  0xB48D, 0xC550, 0xA48E, 0xB552, 0xA4F2, 0x94B1, 0x93ED, 0x7B4B, 0x7AC8, 0x834A, 0x9BAB, 0x9BED,
  0x9B8C, 0x936B, 0x9B8D, 0x9BAD, 0x8B2B, 0x6A68, 0x6227, 0x6A88, 0x7288, 0x72C9, 0x6A47, 0x51C5,
  0x5A06, 0x72EA, 0xA48F, 0x8BED, 0x6AE8, 0x736B, 0x62C8, 0x5287, 0x4A26, 0x4227, 0x8C0E, 0x7BCD,
  0x72E9, 0x5226, 0x6206, 0x6247, 0x7288, 0x6A68, 0x6206, 0x7288, 0x730A, 0x2080, 0x8AC9, 0xE595,
  0xF5B5, 0xF5D6, 0x6A27, 0x4985, 0xD595, 0xDDF7, 0xE616, 0xDE17, 0xDDD6, 0xD596, 0xC4F3, 0xA430,
  0x8B0B, 0x7269, 0x8AC9, 0xCD13, 0xDD12, 0xD512, 0xD511, 0xD511, 0xCCF1, 0xDD94, 0xDCF2, 0xA36D,
  0x0000, 0x0020, 0x0000, 0x0020, 0x0000, 0x0020, 0x0000, 0x0020, 0x0000, 0x0020, 0x0000, 0x0020,
  0x0000, 0x0020, 0x0000, 0x0020, 0x0020, 0x0000, 0x0020, 0x0000, 0x0020, 0x0000, 0x0020, 0x0000,
  0x0020, 0x0000, 0x0020, 0x0000, 0x0020, 0x0000, 0x0020, 0x0000, 0xBD71, 0xC571, 0xAD72, 0xB592,
  0x9CD1, 0x6B4A, 0x6309, 0x946E, 0x83CC, 0x83AB, 0x8BEC, 0x6AC8, 0x5A87, 0x5A46, 0x8C2D, 0x8BCC,
  0xA48E, 0xB4CF, 0xB4EF, 0xCD91, 0xB52F, 0xB4CE, 0x942C, 0x8349, 0xBD10, 0xCD30, 0xAD11, 0xB4F0,
  0x9491, 0x7BAD, 0x8BEE, 0x836B, 0x6A88, 0x8B2A, 0x9BED, 0xA3CC, 0x9BCD, 0x9BAC, 0x938D, 0x9B6D,
  0x8B4C, 0x82EA, 0x72A9, 0x72A9, 0x6268, 0x6A88, 0x5A07, 0x59C6, 0x6248, 0x93CD, 0x9C4F, 0x8BCD,
  0x6B2A, 0x732A, 0x6309, 0x62C8, 0x4A68, 0x3184, 0x6B6C, 0x4A47, 0xA490, 0x7B2A, 0x6AA9, 0x6A68,
  0x6247, 0x7288, 0x7B0A, 0x9BAC, 0x838D, 0x1820, 0x934C, 0xEDB5, 0xF5F7, 0xF5B6, 0xD5B6, 0x51A5,
  0x49A6, 0x7AEB, 0x72CA, 0x82EB, 0x93AE, 0x8B4C, 0x834D, 0x93AE, 0xB492, 0xCD54, 0xE5D6, 0xDD34,
  0xD512, 0xDCF2, 0xCCF1, 0xD511, 0xC4F2, 0xD533, 0xD4D2, 0xD4B2, 0x0020, 0x0000, 0x0020, 0x0000,
  0x0020, 0x0000, 0x0020, 0x0000, 0x0020, 0x0000, 0x0020, 0x0000, 0x0020, 0x0000, 0x0020, 0x0000,
  0x0000, 0x0020, 0x0000, 0x0020, 0x0000, 0x0020, 0x0000, 0x0020, 0x0000, 0x0020, 0x0000, 0x0020,
  0x0000, 0x0020, 0x0000, 0x0020, 0x8BEC, 0xC5D4, 0xC5D3, 0xC614, 0xCE35, 0x8C6E, 0x5A86, 0x948E,
  0x83AA, 0x946D, 0x940C, 0x5A66, 0x4A05, 0x5247, 0x8BEC, 0xA4D0, 0xAC8F, 0x9C6E, 0x93EA, 0xB530,
  0xBD72, 0xB572, 0x8C0E, 0x6B6C, 0x9491, 0x9CD3, 0x9CF4, 0x94F4, 0x9C50, 0x8C0F, 0xB48E, 0x938A,
  0x7287, 0x7B09, 0xA3CC, 0xAC2E, 0xAC0D, 0xA40D, 0xABED, 0x9BAC, 0x936B, 0x830A, 0x8B0A, 0x830A,
  0x7288, 0x6227, 0x59E6, 0x5A07, 0x7B6B, 0x9C90, 0xA4AF, 0xA4F1, 0x940D, 0x83CC, 0x8BEC, 0x7BAB,
  0x7309, 0x41C4, 0x630C, 0x8410, 0x83CC, 0xAD11, 0x7AA8, 0x8B2B, 0x9B6B, 0xA3CD, 0xB470, 0xBCF2,
  0x72A9, 0x28C1, 0xCCB1, 0xED95, 0xF617, 0xF638, 0xF5B5, 0xC491, 0x7247, 0x61E6, 0x7A47, 0x9BAD,
  0xC470, 0xD533, 0xE554, 0xE595, 0xED94, 0xE574, 0xE554, 0xE574, 0xDD33, 0xD512, 0xD4F0, 0xD532,
  0xD4F1, 0xCCF1, 0xDD12, 0xF5F6, 0x0000, 0x0020, 0x0000, 0x0020, 0x0000, 0x0020, 0x0000, 0x0020,
  0x0000, 0x0020, 0x0000, 0x0020, 0x0000, 0x0020, 0x0000, 0x0020, 0x0020, 0x0000, 0x0020, 0x0000,
  0x0020, 0x0000, 0x0020, 0x0000, 0x0020, 0x0000, 0x0020, 0x0000, 0x0020, 0x0000, 0x0020, 0x0000,
  0x7329, 0x9C6E, 0xC635, 0xDEB7, 0xB572, 0x5AA7, 0x83EC, 0x9CAF, 0x83EC, 0xA4AE, 0x736A, 0x5205,
  0x39C5, 0x5247, 0x6B09, 0x8BCC, 0x8C0D, 0xACD0, 0xA48E, 0x93EB, 0x9CD0, 0xBD73, 0xA513, 0xA513,
  0x94B3, 0x8C30, 0x7411, 0x8C92, 0x8C0F, 0xA4B2, 0xA42D, 0x936A, 0x72E9, 0x6A67, 0x8B4A, 0xAC0D,
  0xB46F, 0xB46F, 0xAC4F, 0xAC2E, 0x9BCE, 0x9B8C, 0x938D, 0x8B0A, 0x6A89, 0x59C6, 0x51E6, 0x6A89,
  0x944F, 0x9C90, 0x9CB0, 0x9C4F, 0x83ED, 0x942E, 0x946E, 0xACF0, 0xAD32, 0xACF0, 0x4249, 0xA514,
  0xA4D1, 0xACF1, 0x8B6C, 0x934B, 0xA3EE, 0xAC0E, 0x93CD, 0x6A68, 0x28A2, 0x6A89, 0xD4F3, 0xE574,
  0xEE18, 0xF618, 0xEDB6, 0xE574, 0xD575, 0xAC0F, 0x8B0B, 0x932B, 0x9B8D, 0xB40F, 0xBC70, 0xC491,
  0xCCB2, 0xDD13, 0xDD54, 0xDD34, 0xD553, 0xD4F2, 0xCCD1, 0xCCD0, 0xCCF2, 0xCCF1, 0xD533, 0xD4F2,
  0x0020, 0x0000, 0x0020, 0x0000, 0x0020, 0x0000, 0x0020, 0x0000, 0x0020, 0x0000, 0x0020, 0x0000,
  0x0020, 0x0000, 0x0020, 0x0000, 0x0000, 0x0020, 0x0000, 0x0020, 0x0000, 0x0020, 0x0000, 0x0020,
  0x0000, 0x0020, 0x0000, 0x0020, 0x0000, 0x0020, 0x0000, 0x0020, 0x8C0C, 0x7BCC, 0xA48E, 0xACF0,
  0x8BCB, 0x6B09, 0xBD30, 0xAD10, 0xAC8E, 0x83CA, 0x7B6A, 0x7BAB, 0x83CC, 0x9CF1, 0xBDB4, 0xD698,
  0xF75A, 0xFFDD, 0xFFDC, 0xC616, 0xA535, 0xA535, 0x94F4, 0x8472, 0x73CF, 0x638E, 0x738E, 0x6BAE,
  0xBC90, 0xBCF1, 0xA3CC, 0x938A, 0x8309, 0x6A67, 0x7287, 0x93CC, 0xB40E, 0xB42F, 0xBC2F, 0xB40E,
  0xABCD, 0xA3AD, 0x8B4B, 0x72A9, 0x5A06, 0x49C6, 0x6226, 0x832B, 0x9C71, 0x8C10, 0xA4F2, 0xA512,
  0xACCE, 0xB530, 0xCDB1, 0xCDF2, 0xCDD1, 0xCDF2, 0xB551, 0x5AA7, 0x8C0F, 0x7BAD, 0x7288, 0x5A27,
  0x6A06, 0x6206, 0x61E5, 0x7268, 0x7227, 0x8B2B, 0xD4B1, 0xDD13, 0xED95, 0xF5D6, 0xEDB5, 0xEDF6,
  0xFE17, 0xEDB6, 0xBC0E, 0xA36C, 0x92C9, 0x9B2B, 0xBC0D, 0xC46F, 0xCC70, 0xCCB1, 0xD4D2, 0xD4F3,
  0xDCF2, 0xCCD2, 0xCCD0, 0xCCF1, 0xCCD0, 0xC4B0, 0xC40E, 0xDCF2, 0x0000, 0x0020, 0x0000, 0x0020,
  0x0000, 0x0020, 0x0000, 0x0020, 0x0000, 0x0020, 0x0000, 0x0020, 0x0000, 0x0020, 0x0000, 0x0020,
  0x0020, 0x0000, 0x0020, 0x0000, 0x0020, 0x0000, 0x0020, 0x0000, 0x0020, 0x0000, 0x0020, 0x0000,
  0x0020, 0x0000, 0x0020, 0x0000, 0x738B, 0x734A, 0x944E, 0x83AB, 0x8C0D, 0x7B8B, 0xBD72, 0xC5B2,
  0xCDF4, 0x9C2C, 0xA4F1, 0xF75A, 0xFFFE, 0xFFFE, 0xFFFE, 0xF79C, 0xEF7B, 0xFFBC, 0xF79C, 0xDEB8,
  0x9D15, 0x94B3, 0x7C72, 0x6B6E, 0x638F, 0x634E, 0x6B8E, 0x9492, 0xD594, 0xB44F, 0x9BAC, 0x8B29,
  0x7B2A, 0x72A8, 0x5A26, 0x72A8, 0x9B6C, 0xA38C, 0xA38D, 0xA38C, 0x934C, 0x92EA, 0x7289, 0x61E6,
  0x4185, 0x51E6, 0x6A89, 0x938C, 0x8C31, 0x7B8E, 0x9490, 0xCE37, 0xDE55, 0xCDD3, 0xCE13, 0xDE54,
  0xC591, 0xB4EE, 0xD676, 0x9C6E, 0x2103, 0x41C6, 0x49A6, 0x6247, 0x82EA, 0x936C, 0x936C, 0x82EA,
  0x7289, 0x8B0A, 0xABAD, 0xC450, 0xCCB2, 0xD4B2, 0xC4B1, 0xC470, 0xDD14, 0xD4D2, 0xB40F, 0xC430,
  0xA3AD, 0x7A47, 0x7A47, 0xA32B, 0xB3EE, 0xC42F, 0xBC50, 0xCC71, 0xCCD2, 0xCCB1, 0xC4B0, 0xCCB0,
  0xC4B1, 0xCCB0, 0xD4B2, 0xDCB2, 0x0020, 0x0000, 0x0020, 0x0000, 0x0020, 0x0000, 0x0020, 0x0000,
  0x0020, 0x0000, 0x0020, 0x0000, 0x0020, 0x0000, 0x0020, 0x0000, 0x0000, 0x0020, 0x0000, 0x0020,
  0x0000, 0x0020, 0x0000, 0x0020, 0x0000, 0x0020, 0x0000, 0x0020, 0x0000, 0x0020, 0x0000, 0x0020,
  0x6B29, 0x6B6A, 0x7B6A, 0x9CAF, 0xC592, 0x8C2C, 0x93EB, 0xBD51, 0xB4AC, 0xC54F, 0xD655, 0xFFFD,
  0xFFDC, 0xFFDC, 0xF77B, 0xEF5B, 0xEF5A, 0xF79C, 0xFF9B, 0xCE77, 0x8C72, 0x8452, 0x73AF, 0x634E,
  0x632D, 0x5B2D, 0x83CE, 0xBDB6, 0xCCD0, 0xB44E, 0x9BAB, 0x8B2A, 0x8309, 0x7B09, 0x6A87, 0x5A26,
  0x6A47, 0x72A9, 0x82C9, 0x7ACA, 0x6A47, 0x59E6, 0x51C5, 0x4185, 0x51C5, 0x6288, 0x7A88, 0x9BCD,
  0xA491, 0x7B8E, 0x73CF, 0xBE59, 0xC638, 0xB5B6, 0xBD51, 0xD655, 0xE693, 0xD632, 0xC570, 0xB4EE,
  0x3943, 0x41A4, 0x7267, 0x7AE9, 0x92C9, 0x8AC9, 0x8AA8, 0x82A8, 0x7267, 0x6206, 0x61E6, 0x830A,
  0x8B0A, 0x82EA, 0x7267, 0x5164, 0x5964, 0x7AA9, 0xC471, 0xD4F3, 0xCCB1, 0xB42F, 0x82A8, 0x7268,
  0x92EA, 0xA3AD, 0xB3ED, 0xBC70, 0xC48F, 0xBC90, 0xC46F, 0xC490, 0xCCB0, 0xC4B0, 0x9B8C, 0xA3CD,
  0x0000, 0x0020, 0x0000, 0x0020, 0x0000, 0x0020, 0x0000, 0x0020, 0x0000, 0x0020, 0x0000, 0x0020,
  0x0000, 0x0020, 0x0000, 0x0020, 0x0020, 0x0000, 0x0020, 0x0000, 0x0020, 0x0000, 0x0020, 0x0000,
  0x0020, 0x0000, 0x0020, 0x0000, 0x0020, 0x0000, 0x0020, 0x0000, 0x6B6B, 0x738B, 0x6B49, 0xB572,
  0xD655, 0xBD92, 0x49C4, 0x9C2D, 0xD5D1, 0xBCCD, 0xC615, 0xFF9B, 0xF7DD, 0xF79C, 0xEF5C, 0xE71A,
  0xE71A, 0xF77B, 0xF79C, 0xCE36, 0x7C31, 0x7BD0, 0x636E, 0x6B6E, 0x5B4E, 0x5B0C, 0x9C92, 0xBD96,
  0xBCAF, 0xB42E, 0x938C, 0x8B09, 0x7B0A, 0x7AC8, 0x6AC8, 0x6246, 0x59E6, 0x5184, 0x5185, 0x5164,
  0x4965, 0x4964, 0x4185, 0x49A6, 0x5A27, 0x6A89, 0x72A9, 0xA3EE, 0xAD14, 0x7B4D, 0x530D, 0xA535,
  0xB5B7, 0xCE59, 0xC5D4, 0xCDF4, 0xCDF2, 0xD5F2, 0xD5F2, 0xD5F2, 0x83CD, 0x28E1, 0x59E6, 0x6A67,
  0x7A88, 0x8AC9, 0x8AEA, 0x8268, 0x59E6, 0x5984, 0x38C2, 0x40E2, 0x5144, 0x5984, 0x5184, 0x59C5,
  0x7A89, 0xA3CE, 0xC492, 0xCCB2, 0xC4D2, 0xC491, 0xB44F, 0x932B, 0x82A9, 0x8AC9, 0x9B8C, 0xB3EE,
  0xB44F, 0xC46F, 0xBC70, 0xC46F, 0xC4D1, 0xC490, 0x9BCE, 0x9BAD, 0x0020, 0x0000, 0x0020, 0x0000,
  0x0020, 0x0000, 0x0020, 0x0000, 0x0020, 0x0000, 0x0020, 0x0000, 0x0020, 0x0000, 0x0020, 0x0000,
  0x0000, 0x0020, 0x0000, 0x0020, 0x0000, 0x0020, 0x0000, 0x0020, 0x0000, 0x0020, 0x0000, 0x0020,
  0x0000, 0x0020, 0x0000, 0x0020, 0x7B8B, 0x62E8, 0x944E, 0x9CAF, 0xC5D3, 0xD676, 0x72E9, 0x6AE9,
  0xBD73, 0x9CB0, 0xB573, 0xF79C, 0xFF9B, 0xF79B, 0xEF5A, 0xE71A, 0xEF19, 0xF77B, 0xF77B, 0xCE36,
  0x6B6D, 0x6B6E, 0x6B6E, 0x73F0, 0x5B2C, 0x5B2D, 0xBCF2, 0xC553, 0xC48F, 0xABEC, 0x936A, 0x8309,
  0x8309, 0x7AC9, 0x72A8, 0x6A87, 0x6246, 0x5205, 0x51A5, 0x4184, 0x4984, 0x41A5, 0x51C5, 0x5206,
  0x6247, 0x6AA9, 0x82A8, 0xB470, 0xBD33, 0x730B, 0x52AB, 0x8C72, 0x8C72, 0xA556, 0xC639, 0xC69A,
  0xCDF5, 0xB573, 0xDE12, 0xDE33, 0xC5B3, 0x6AE8, 0x4984, 0x5A47, 0x7A67, 0x7AC9, 0x82A8, 0x6A47,
  0x6206, 0x5A06, 0x4102, 0x30E2, 0x4123, 0x4164, 0x59C5, 0x6AA9, 0x9BAD, 0xB471, 0xC491, 0xC4B2,
  0xCCD2, 0xC4D2, 0xC4B1, 0xB490, 0xA3CC, 0x936C, 0x9B6B, 0xA3AC, 0xB3ED, 0xBC4F, 0xBC4F, 0xBC90,
  0xC470, 0xC4B1, 0xBC90, 0x7288, 0x0000, 0x0020, 0x0000, 0x0020, 0x0000, 0x0020, 0x0000, 0x0020,
  0x0000, 0x0020, 0x0000, 0x0020, 0x0000, 0x0020, 0x0000, 0x0020, 0x0020, 0x0000, 0x0020, 0x0000,
  0x0020, 0x0000, 0x0020, 0x0000, 0x0020, 0x0000, 0x0020, 0x0000, 0x0020, 0x0000, 0x0020, 0x0000,
  0x9CD0, 0x7B8B, 0x9CD0, 0xA4F1, 0x948F, 0xB551, 0x838C, 0x4163, 0x7B8C, 0x9C4F, 0x94D1, 0xEF3B,
  0xF79C, 0xF75B, 0xE71A, 0xE6D9, 0xDEFA, 0xF75B, 0xEF5B, 0xC5D5, 0x5B2D, 0x6B6E, 0x73F0, 0x7BD0,
  0x636E, 0x6B8E, 0xB4F3, 0xBD12, 0xB46E, 0xA38B, 0x936B, 0x8B09, 0x7B0A, 0x7AC8, 0x6A88, 0x6A67,
  0x5A47, 0x5A06, 0x51E6, 0x49A5, 0x49A5, 0x49A5, 0x49E6, 0x51E6, 0x5A27, 0x6A88, 0x830A, 0xC4B1,
  0xAD14, 0x6AAA, 0x52AC, 0x94B3, 0x8CB4, 0x7BF1, 0x9D56, 0xBDF8, 0xCE57, 0xD677, 0xBD2F, 0xD5D1,
  0xCE35, 0x83AB, 0x41A5, 0x51E6, 0x6A27, 0x7247, 0x6A47, 0x61E6, 0x5A06, 0x6206, 0x51C6, 0x4944,
  0x4185, 0x59E6, 0x51E7, 0x6A89, 0x93AE, 0xBC91, 0xC4B2, 0xCCB2, 0xC4B2, 0xBC51, 0xA40F, 0xB450,
  0xB470, 0xB40E, 0xB42F, 0xABCD, 0xB40E, 0xBC2E, 0xBC70, 0xC46F, 0xB450, 0xBC70, 0xD594, 0xAC0E,
  0x0020, 0x0000, 0x0020, 0x0000, 0x0020, 0x0000, 0x0020, 0x0000, 0x0020, 0x0000, 0x0020, 0x0000,
  0x0020, 0x0000, 0x0020, 0x0000, 0x0000, 0x0020, 0x0000, 0x0020, 0x0000, 0x0020, 0x0000, 0x0020,
  0x0000, 0x0020, 0x0000, 0x0020, 0x0000, 0x0020, 0x0000, 0x0020, 0xC5B2, 0xA4EF, 0x9C6E, 0xAD52,
  0xA4AF, 0x8C4D, 0x83AC, 0x41C5, 0x636E, 0x8CB3, 0x9CB1, 0xE73B, 0xF75A, 0xEF5A, 0xE6F9, 0xD6B8,
  0xDED8, 0xEF5B, 0xF75A, 0xBDB4, 0x5AEB, 0x634D, 0x73AF, 0x6B8F, 0x630C, 0x73D0, 0xBCB0, 0xC512,
  0xBC6E, 0xA3CC, 0x934A, 0x832A, 0x82E9, 0x7AE9, 0x7287, 0x6247, 0x6226, 0x5A06, 0x59E5, 0x51C5,
  0x51A5, 0x49C5, 0x51C5, 0x5206, 0x6206, 0x6268, 0x934A, 0xC512, 0xACF3, 0x62CB, 0x52AB, 0x8C73,
  0x8C51, 0x8C72, 0x8411, 0xB5D8, 0xA556, 0xBE3A, 0xBDD5, 0xA513, 0xACF0, 0x5267, 0x5206, 0x41E5,
  0x59C5, 0x59E6, 0x6206, 0x5A06, 0x59E6, 0x5A27, 0x6226, 0x51C6, 0x61E6, 0x7288, 0x7247, 0x7288,
  0xA36C, 0xB42F, 0xC470, 0xBC50, 0xB44F, 0xA40F, 0x936C, 0x72CA, 0x936B, 0xA40E, 0xBC4F, 0xBC6F,
  0xBC2E, 0xB44F, 0xC46F, 0xBC90, 0xB40E, 0xB42F, 0xEDB5, 0x8AEA, 0x0000, 0x0020, 0x0000, 0x0020,
  0x0000, 0x0020, 0x0000, 0x0020, 0x0000, 0x0020, 0x0000, 0x0020, 0x0000, 0x0020, 0x0000, 0x0020,
  0x0020, 0x0000, 0x0020, 0x0000, 0x0020, 0x0000, 0x0020, 0x0000, 0x0020, 0x0000, 0x0020, 0x0000,
  0x0020, 0x0000, 0x0020, 0x0000, 0xBDB2, 0xC5B2, 0xAD52, 0xBD73, 0x946E, 0x6B09, 0x9CB0, 0x734A,
  0x638F, 0x636F, 0x8450, 0xDEB9, 0xE73A, 0xE6F9, 0xD6B9, 0xD657, 0xD6B9, 0xEF3A, 0xEF3B, 0xB573,
  0x52CB, 0x5B0C, 0x73F0, 0x634D, 0x636E, 0x6B6E, 0xBCF2, 0xCD32, 0xBC8F, 0xABED, 0x8B4B, 0x8B2A,
  0x7B0A, 0x82E9, 0x72A9, 0x6226, 0x5A06, 0x59E5, 0x49C5, 0x49A5, 0x49A5, 0x4985, 0x49C6, 0x59E6,
  0x5A07, 0x6A68, 0x9BAD, 0xC4F2, 0x8C51, 0x62AA, 0x5B0D, 0x8432, 0x8452, 0x9493, 0x6BAF, 0x94B3,
  0xADB8, 0xAD97, 0xD699, 0xB574, 0x62C8, 0x5A87, 0x62EA, 0x732B, 0x4144, 0x59C5, 0x51E6, 0x59E6,
  0x51C6, 0x51A5, 0x5A07, 0x59E6, 0x7289, 0x936C, 0x9BAD, 0xA3EE, 0xAC0F, 0xB3EE, 0xA3CE, 0x9B6C,
  0x8B4C, 0x8B0B, 0x4985, 0x3081, 0x5184, 0x8B2A, 0xBC90, 0xCCD1, 0xBC4F, 0xBC4F, 0xBC90, 0xBC2F,
  0xA3CE, 0xB40F, 0xE595, 0xA38D, 0x0020, 0x0000, 0x0020, 0x0000, 0x0020, 0x0000, 0x0020, 0x0000,
  0x0020, 0x0000, 0x0020, 0x0000, 0x0020, 0x0000, 0x0020, 0x0000, 0x0000, 0x0020, 0x0000, 0x0020,
  0x0000, 0x0020, 0x0000, 0x0020, 0x0000, 0x0020, 0x0000, 0x0020, 0x0000, 0x0020, 0x0000, 0x0020,
  0x9C8D, 0x9CCF, 0xA4F0, 0x8C2D, 0x5225, 0x62E9, 0x9CB1, 0x632C, 0x31C7, 0x3A49, 0x7B8C, 0xD698,
  0xE6D8, 0xDED8, 0xD677, 0xCE56, 0xDE97, 0xE73A, 0xEF19, 0xAD32, 0x4A49, 0x634E, 0x73AF, 0x636E,
  0x7BCF, 0x6B8F, 0xC4D1, 0xCD53, 0xC48F, 0xBC4F, 0xA3AC, 0x8B4B, 0x8B2A, 0x832A, 0x7AC8, 0x6A67,
  0x6206, 0x51E5, 0x51A4, 0x51C5, 0x51A4, 0x51C5, 0x59C5, 0x5A27, 0x6A47, 0x72E9, 0x9BED, 0xB4B1,
  0x6B2D, 0x52AB, 0x632D, 0x73F0, 0x8431, 0x8C93, 0x8431, 0x5B0D, 0xAD55, 0xA556, 0x9D15, 0xC67B,
  0xD6BA, 0xA555, 0x83CC, 0xB573, 0x51E5, 0x51E5, 0x6226, 0x5A06, 0x4964, 0x3902, 0x51A5, 0x6248,
  0x7248, 0x7289, 0x82AA, 0x7AAA, 0x6206, 0x51C6, 0x6206, 0x51A5, 0x48E3, 0x2841, 0x4923, 0x7AAA,
  0x59C4, 0x72A8, 0xB42E, 0xC4D1, 0xBC4F, 0xB42F, 0xBC2F, 0xAC0E, 0xA38C, 0xBC70, 0xE553, 0xCCD2,
  0x0000, 0x0020, 0x0000, 0x0020, 0x0000, 0x0020, 0x0000, 0x0020, 0x0000, 0x0020, 0x0000, 0x0020,
  0x0000, 0x0020, 0x0000, 0x0020, 0x0020, 0x0000, 0x0020, 0x0000, 0x0020, 0x0000, 0x0020, 0x0000,
  0x0020, 0x0000, 0x0020, 0x0000, 0x0020, 0x0000, 0x0020, 0x0000, 0x736A, 0xACF0, 0x9CD0, 0x62C8,
  0x39C4, 0x6B2A, 0x6B6D, 0x4227, 0x3A29, 0x5AEC, 0x632B, 0xCE37, 0xDEB8, 0xDEB7, 0xCE57, 0xC5F5,
  0xD698, 0xE6F9, 0xE6FA, 0x9CB0, 0x3A29, 0x6B6E, 0x638F, 0x5B0C, 0x6B6E, 0x73AF, 0xB4B1, 0xCD33,
  0xC4B1, 0xC490, 0xAC6F, 0x9BAC, 0x93AC, 0x8B4B, 0x72C9, 0x7267, 0x6248, 0x5A06, 0x51E6, 0x59E5,
  0x51E6, 0x59C6, 0x5A27, 0x6A68, 0x72A9, 0x832A, 0x9C0E, 0x9BED, 0x5AEC, 0x5AAB, 0x73D0, 0x632D,
  0x73D0, 0x7BD0, 0x9D15, 0x634E, 0x7C11, 0xB597, 0x9D57, 0xA556, 0xC67A, 0xD6BB, 0x948F, 0x83CC,
  0x72EA, 0x4143, 0x6268, 0x7AC9, 0x5A27, 0x4143, 0x30E2, 0x30A1, 0x2841, 0x2000, 0x3061, 0x3040,
  0x38E2, 0x4103, 0x30E3, 0x4964, 0x6A49, 0x8B2C, 0xB471, 0xB450, 0x8B8C, 0x7AC9, 0x9B8C, 0xB44F,
  0xB42F, 0xB3EE, 0xA3CE, 0xA38C, 0xA3CE, 0xCCB1, 0xDD33, 0xD4F2, 0x0020, 0x0000, 0x0020, 0x0000,
  0x0020, 0x0000, 0x0020, 0x0000, 0x0020, 0x0000, 0x0020, 0x0000, 0x0020, 0x0000, 0x0020, 0x0000,
  0x0000, 0x0020, 0x0000, 0x0020, 0x0000, 0x0020, 0x0000, 0x0020, 0x0000, 0x0020, 0x0000, 0x0020,
  0x0000, 0x0020, 0x0000, 0x0020, 0xACF0, 0xA511, 0x944D, 0x840C, 0x7B6B, 0x840E, 0x52EB, 0x428A,
  0x7BF0, 0x636E, 0x4A47, 0xC616, 0xDE97, 0xDEB7, 0xCE15, 0xC615, 0xDE97, 0xDEF9, 0xE6D8, 0x8C4F,
  0x4208, 0x6BAF, 0x52AB, 0x73AF, 0x632D, 0x6BAF, 0xAC6F, 0xC553, 0xCCB0, 0xC4B0, 0xCCD1, 0xB44F,
  0xA3CD, 0x938C, 0x82E9, 0x7288, 0x7267, 0x6A47, 0x6206, 0x6226, 0x6206, 0x6247, 0x7288, 0x72C9,
  0x82E9, 0x8B6B, 0x9C50, 0x732C, 0x52AB, 0x530C, 0x7BF0, 0x634D, 0x738F, 0x634E, 0x8411, 0x8C72,
  0x5ACB, 0xA556, 0xA556, 0x94F4, 0xB5D8, 0xCE9B, 0xD6BA, 0x8C92, 0x7B6B, 0x4A06, 0x51A4, 0x72E9,
  0x8309, 0x6246, 0x4984, 0x30A1, 0x3061, 0x3061, 0x3861, 0x40E4, 0x5945, 0x5986, 0x928B, 0xB3F0,
  0xCC71, 0xCCB2, 0xCC90, 0xBC6F, 0xBC4E, 0x9B6B, 0x8B09, 0x9BED, 0xA3ED, 0x9BCC, 0x9B8C, 0x938C,
  0xBC4F, 0xCCD1, 0xDD12, 0xDD12, 0x0000, 0x0020, 0x0000, 0x0020, 0x0000, 0x0020, 0x0000, 0x0020,
  0x0000, 0x0020, 0x0000, 0x0020, 0x0000, 0x0020, 0x0000, 0x0020, 0x0020, 0x0000, 0x0020, 0x0000,
  0x0020, 0x0000, 0x0020, 0x0000, 0x0020, 0x0000, 0x0020, 0x0000, 0x0020, 0x0000, 0x0020, 0x0000,
  0x738B, 0x946F, 0x840D, 0x8BEC, 0x83EE, 0x62E9, 0x4AAB, 0x52CB, 0x636F, 0x52CC, 0x31A5, 0xBDB5,
  0xCE76, 0xDE77, 0xC616, 0xC5D5, 0xCE77, 0xDE98, 0xD6B8, 0x7B6B, 0x5B0D, 0x4A4A, 0x6B8F, 0x8431,
  0x530D, 0x634D, 0x9BEE, 0xC512, 0xC4B1, 0xCCB0, 0xC4D1, 0xC4B1, 0xAC50, 0xA3CD, 0x8B6C, 0x82EA,
  0x7AEA, 0x7AA9, 0x72C9, 0x72A8, 0x6A88, 0x72A9, 0x7B0B, 0x830B, 0x8B4B, 0xA40E, 0x83CE, 0x6289,
  0x52EC, 0x632D, 0x73F0, 0x6B4E, 0x73D0, 0x6B4E, 0x52ED, 0x94B4, 0x5B0D, 0x7BD0, 0x9D56, 0x9D15,
  0xA577, 0xB5D8, 0xCE9A, 0xDEFC, 0xAD12, 0x734B, 0x49A5, 0x6226, 0x72E9, 0x6A67, 0x6248, 0x59C5,
  0x59C7, 0x6208, 0x728A, 0x934D, 0x9B6E, 0xABCF, 0xBC52, 0xC431, 0xC451, 0xC451, 0xBC70, 0xC470,
  0xB44F, 0xA3AC, 0x8B4B, 0x934A, 0x938C, 0x934B, 0x936C, 0xA3ED, 0xC4B1, 0xCCD1, 0xD4F2, 0xDCD2,
  0x0020, 0x0000, 0x0020, 0x0000, 0x0020, 0x0000, 0x0020, 0x0000, 0x0020, 0x0000, 0x0020, 0x0000,
  0x0020, 0x0000, 0x0020, 0x0000, 0x0000, 0x0020, 0x0000, 0x0020, 0x0000, 0x0020, 0x0000, 0x0020,
  0x0000, 0x0020, 0x0000, 0x0020, 0x0000, 0x0020, 0x0000, 0x0020, 0x942C, 0xC5F4, 0xACB0, 0x734A,
  0x7BEF, 0x4A89, 0x4AAB, 0x636E, 0x6B8F, 0x4AAB, 0x2923, 0xB594, 0xCE35, 0xCE56, 0xC5F5, 0xBDD4,
  0xD656, 0xCE77, 0xAD53, 0x6B6C, 0x39E8, 0x4A6A, 0x8451, 0x7C31, 0x5B0C, 0x5B4E, 0x8BEE, 0xACF3,
  0xC48F, 0xC4B0, 0xC490, 0xC4B1, 0xCCD1, 0xB470, 0xA3AD, 0x936C, 0x936B, 0x936B, 0x9B6B, 0x8B4B,
  0x8B0A, 0x8B6C, 0x934B, 0x93AC, 0x9BEE, 0x9C2F, 0x632D, 0x5AEC, 0x632D, 0x7410, 0x73AF, 0x634E,
  0x7BF0, 0x634E, 0x4A6A, 0x8431, 0x8410, 0x52CC, 0x9CF4, 0x94F4, 0x9CF4, 0xADB7, 0xBE19, 0xC67A,
  0xDF1C, 0x8CB3, 0x3964, 0x39A5, 0x6A47, 0x6A88, 0x6A67, 0x5A06, 0x61E6, 0x6A27, 0x7A48, 0x8AEB,
  0x9B2C, 0x932C, 0xA36C, 0xABCE, 0xB40E, 0xB42F, 0xBC2E, 0xBC70, 0xB40E, 0xABCD, 0x9B8B, 0x8B4B,
  0x8B4A, 0x8B6B, 0xA38C, 0xB470, 0xCC70, 0xCCB1, 0xDCD1, 0xD4D1, 0x0000, 0x0020, 0x0000, 0x0020,
  0x0000, 0x0020, 0x0000, 0x0020, 0x0000, 0x0020, 0x0000, 0x0020, 0x0000, 0x0020, 0x0000, 0x0020,
  0x0020, 0x0000, 0x0020, 0x0000, 0x0020, 0x0000, 0x0020, 0x0000, 0x0020, 0x0000, 0x0020, 0x0000,
  0x0020, 0x0000, 0x0020, 0x0000, 0xA4F0, 0xA48F, 0x9C90, 0x6AC8, 0x5B0C, 0x4248, 0x426A, 0x634E,
  0x6BAF, 0x424A, 0x2944, 0xAD53, 0xB593, 0xC5F4, 0xB594, 0xBDB4, 0xC636, 0xBDB4, 0x8C50, 0x39C6,
  0x3A09, 0x7BF0, 0x73F0, 0x5AEC, 0x5B2D, 0x636E, 0x83AE, 0xA491, 0xC4B0, 0xBC6F, 0xBC90, 0xC490,
  0xBCB1, 0xBC70, 0xAC2F, 0xA3CD, 0xA40E, 0xAC2E, 0xA40E, 0x9BAD, 0x9BEE, 0xA40E, 0xA40E, 0xA40E,
  0x9C2F, 0x830B, 0x5B0D, 0x5AEC, 0x6BD0, 0x8CB3, 0x6B8F, 0x5AEC, 0x6B8F, 0x6B4E, 0x426B, 0x6B4E,
  0x8452, 0x52AB, 0x636F, 0x94B4, 0x8473, 0x9D15, 0xA598, 0xB5F9, 0xCE9B, 0xD69A, 0x9450, 0x5206,
  0x4964, 0x6226, 0x6227, 0x6206, 0x51A6, 0x59A5, 0x61A7, 0x69A6, 0x61A7, 0x69C7, 0x7228, 0x8289,
  0x8B0B, 0xA36C, 0xB42F, 0xBC4F, 0xB40E, 0xABCD, 0x9BCD, 0x934B, 0x832B, 0x936B, 0xA3EE, 0xBC90,
  0xBC30, 0xCC70, 0xCC91, 0xD491, 0x0020, 0x0000, 0x0020, 0x0000, 0x0020, 0x0000, 0x0020, 0x0000,
  0x0020, 0x0000, 0x0020, 0x0000, 0x0020, 0x0000, 0x0020, 0x0000, 0x0000, 0x0020, 0x0000, 0x0020,
  0x0000, 0x0020, 0x0000, 0x0020, 0x0000, 0x0020, 0x0000, 0x0020, 0x0000, 0x0020, 0x0000, 0x0020,
  0xB4CF, 0x72E8, 0xA4B0, 0xA4D0, 0x52CA, 0x3A49, 0x4249, 0x52EB, 0x5B0C, 0x3A29, 0x18E3, 0x94B2,
  0xAD32, 0xB593, 0xAD32, 0xBE15, 0xC5F5, 0xBDF5, 0x5ACB, 0x2986, 0x634D, 0x7C31, 0x5AEC, 0x5B4D,
  0x73AF, 0x636E, 0x5ACB, 0x6B6E, 0xC4F1, 0xB4B0, 0xC46F, 0xBC4F, 0xBC2F, 0xB42F, 0xBC2E, 0xBC70,
  0xC490, 0xBC90, 0xBC2F, 0xBC50, 0xBC2F, 0xB44F, 0xB470, 0xAC50, 0x630C, 0x4A6A, 0x52CB, 0x52CC,
  0x4229, 0x6B8E, 0x6B6E, 0x5B2D, 0x73AF, 0x5B2D, 0x52AB, 0x4A8B, 0x8411, 0x632E, 0x4A49, 0x94B3,
  0x8C52, 0x8CB4, 0xA556, 0xB5D8, 0xBDF9, 0xBE3A, 0xD6DB, 0x9D56, 0x4144, 0x49A6, 0x6246, 0x5A27,
  0x59E6, 0x51A5, 0x5184, 0x59E6, 0x7247, 0x72A9, 0x7A68, 0x7AC9, 0x932A, 0xA3EE, 0xBC2E, 0xBC70,
  0xBC2E, 0xB42E, 0xA3ED, 0x8B6B, 0x934A, 0x938C, 0xBC2E, 0xBC90, 0xC40F, 0xC450, 0xCC4F, 0xCC70,
  0x0000, 0x0020, 0x0000, 0x0020, 0x0000, 0x0020, 0x0000, 0x0020, 0x0000, 0x0020, 0x0000, 0x0020,
  0x0000, 0x0020, 0x0000, 0x0020, 0x0020, 0x0000, 0x0020, 0x0000, 0x0020, 0x0000, 0x0020, 0x0000,
  0x0020, 0x0000, 0x0020, 0x0000, 0x0020, 0x0000, 0x0020, 0x0000, 0x9C4E, 0x6A87, 0x62C9, 0x7B8B,
  0x3A49, 0x3A28, 0x31E8, 0x4269, 0x52EC, 0x31E8, 0x1924, 0x2965, 0x842E, 0xB573, 0xAD53, 0xCE36,
  0xCE57, 0x9490, 0x2986, 0x632D, 0x636E, 0x6B6E, 0x426A, 0x5B0C, 0x638F, 0x4AAB, 0x632E, 0x4A4A,
  0xA40F, 0xBCB1, 0xBC70, 0xBC2E, 0xABEE, 0xB40E, 0xB44F, 0xC470, 0xBC90, 0xBC4F, 0xBC70, 0xBC2F,
  0xB430, 0xBC2F, 0xAC50, 0x7268, 0x39E8, 0x62EC, 0x3A29, 0x52CC, 0x4A8B, 0x4209, 0x5B2D, 0x632D,
  0x73D0, 0x52AC, 0x4A8B, 0x4209, 0x6B8F, 0x6B4E, 0x3A09, 0x6B6E, 0x8453, 0x7BD1, 0x9D36, 0xA576,
  0xA577, 0xB5B8, 0xA597, 0x94F4, 0x5207, 0x3924, 0x49C5, 0x6226, 0x6248, 0x6207, 0x5A27, 0x6227,
  0x7288, 0x8B0A, 0x9BAD, 0xAC2F, 0xBC91, 0xC4B1, 0xCCF2, 0xC490, 0xC4D1, 0xC4B0, 0x9BCD, 0x934B,
  0x832B, 0x936B, 0xB44F, 0xBC4F, 0xC430, 0xC40F, 0xBC0F, 0xCC2F, 0x0020, 0x0000, 0x0020, 0x0000,
  0x0020, 0x0000, 0x0020, 0x0000, 0x0020, 0x0000, 0x0020, 0x0000, 0x0020, 0x0000, 0x0020, 0x0000,
  0x0000, 0x0020, 0x0000, 0x0020, 0x0000, 0x0020, 0x0000, 0x0020, 0x0000, 0x0020, 0x0000, 0x0020,
  0x0000, 0x0020, 0x0000, 0x0020, 0x7B29, 0x6267, 0x41A5, 0x5268, 0x4248, 0x3A28, 0x31E7, 0x3208,
  0x5AEB, 0x31E8, 0x2966, 0x2966, 0x734B, 0xB5B5, 0xBDB4, 0xD698, 0xCE37, 0x52A9, 0x4A8A, 0x428A,
  0x7BF0, 0x4ACB, 0x52CB, 0x530C, 0x632D, 0x52AB, 0x5AEC, 0x5B2D, 0x734D, 0x9CB2, 0xBC90, 0xB470,
  0xBC0E, 0xB3EE, 0xBC0E, 0xBC6F, 0xBC2E, 0xB42F, 0xAC0E, 0xA40F, 0x9C2F, 0x8BEF, 0x52AB, 0x39E8,
  0x52AB, 0x424A, 0x4229, 0x632D, 0x52AB, 0x3A29, 0x4A49, 0x6B8E, 0x73AF, 0x530D, 0x5ACB, 0x3A09,
  0x6B4D, 0x634E, 0x4208, 0x52EC, 0x8431, 0x73D0, 0x94D4, 0x9D35, 0x9D15, 0x9D36, 0x8C72, 0x7C52,
  0x5A27, 0x3944, 0x4163, 0x49C5, 0x7267, 0x72E9, 0x7AA8, 0x830A, 0xA38C, 0xBC70, 0xD4D2, 0xD513,
  0xDD33, 0xDD74, 0xE573, 0xCCF2, 0xCCD1, 0xBC90, 0x9BAC, 0x830A, 0x82E9, 0x9BCC, 0xBC2F, 0xB42F,
  0xC42F, 0xBC2F, 0xC40E, 0xC44F, 0x0000, 0x0020, 0x0000, 0x0020, 0x0000, 0x0020, 0x0000, 0x0020,
  0x0000, 0x0020, 0x0000, 0x0020, 0x0000, 0x0020, 0x0000, 0x0020, 0x0020, 0x0000, 0x0020, 0x0000,
  0x0020, 0x0000, 0x0020, 0x0000, 0x0020, 0x0000, 0x0020, 0x0000, 0x0020, 0x0000, 0x0020, 0x0000,
  0x940E, 0x834A, 0x62EB, 0x5A69, 0x428A, 0x4249, 0x3208, 0x31C7, 0x52EC, 0x3A29, 0x29A7, 0x4A8A,
  0x632B, 0xAD33, 0xBDD5, 0xD698, 0xB5B5, 0x4A27, 0x29C8, 0x73F0, 0x636E, 0x4A8B, 0x530D, 0x52CC,
  0x6BAF, 0x5AEC, 0x3A4A, 0x6B6E, 0x8410, 0x7BAE, 0xAC0F, 0xBC70, 0xBC2F, 0xB3CD, 0xB40E, 0xB3EE,
  0xABEE, 0xB3CD, 0x9BCE, 0x9BAD, 0x7B8D, 0x5A28, 0x424A, 0x5ACC, 0x31E8, 0x2946, 0x634E, 0x5ACC,
  0x426A, 0x4A6A, 0x39E9, 0x632D, 0x6BB0, 0x4A8B, 0x4AAB, 0x39C8, 0x52CC, 0x630D, 0x39E9, 0x4A4A,
  0x73D0, 0x632E, 0x8CD4, 0x8452, 0x8493, 0x73D0, 0x634F, 0x6B6F, 0x5A69, 0x3923, 0x4164, 0x4143,
  0x5A06, 0x7AC9, 0x830A, 0x934B, 0xABEF, 0xBC2F, 0xC491, 0xCCB2, 0xCCF3, 0xD513, 0xC4D2, 0xCCB1,
  0xC4F2, 0xABEE, 0x834B, 0x7AC9, 0x832A, 0xA3CD, 0xABEE, 0xB42F, 0xBC0F, 0xBBCE, 0xBC0F, 0xC40F,
  0x0020, 0x0000, 0x0020, 0x0000, 0x0020, 0x0000, 0x0020, 0x0000, 0x0020, 0x0000, 0x0020, 0x0000,
  0x0020, 0x0000, 0x0020, 0x0000, 0x0000, 0x0020, 0x0000, 0x0020, 0x0000, 0x0020, 0x0000, 0x0020,
  0x0000, 0x0020, 0x0000, 0x0020, 0x0000, 0x0020, 0x0000, 0x0020, 0x7266, 0xB4B0, 0x738D, 0x52AA,
  0x4249, 0x3A29, 0x3A07, 0x29C7, 0x4269, 0x3A29, 0x31C7, 0x634E, 0x6B4B, 0xA533, 0xC5F4, 0xCE56,
  0xA513, 0x31C6, 0x7C11, 0x7C31, 0x3A08, 0x426A, 0x4249, 0x4ACB, 0x52EB, 0x52CB, 0x4208, 0x4249,
  0x73CF, 0x7C52, 0x8C31, 0x8431, 0xA470, 0x9430, 0x8BEF, 0x7BAE, 0x8C0F, 0x8410, 0x73AF, 0x6B8E,
  0x632D, 0x530C, 0x52AB, 0x31A7, 0x2945, 0x52AB, 0x5B0C, 0x4AAB, 0x4A6A, 0x426A, 0x4A6A, 0x426A,
  0x6B8E, 0x428B, 0x528A, 0x31C8, 0x39E8, 0x5B2D, 0x4208, 0x31E8, 0x632D, 0x5B0D, 0x7C11, 0x4AAB,
  0x630D, 0x52CC, 0x52AB, 0x638F, 0x6ACA, 0x3144, 0x4123, 0x4143, 0x4964, 0x5A27, 0x7247, 0x830A,
  0xAB8D, 0xABEE, 0xB3CD, 0xBC2F, 0xC470, 0xBC50, 0xB3EE, 0xBC70, 0xB44F, 0x8B4B, 0x82EA, 0x7B0A,
  0x934B, 0x93AC, 0xABAD, 0xB42F, 0xB3CD, 0xBC0E, 0xC3EE, 0xC42F, 0x0000, 0x0020, 0x0000, 0x0020,
  0x0000, 0x0020, 0x0000, 0x0020, 0x0000, 0x0020, 0x0000, 0x0020, 0x0000, 0x0020, 0x0000, 0x0020,
  0x0020, 0x0000, 0x0020, 0x0000, 0x0020, 0x0000, 0x0020, 0x0000, 0x0020, 0x0000, 0x0020, 0x0000,
  0x0020, 0x0000, 0x0020, 0x0000, 0xAC6F, 0xA3CD, 0x52AB, 0x528A, 0x4AAB, 0x3A08, 0x3229, 0x31C7,
  0x3A29, 0x52EC, 0x29C8, 0x6B8F, 0x52CA, 0x9CF2, 0xBDD4, 0xBDB4, 0x8451, 0x5ACA, 0x7C52, 0x3A09,
  0x2187, 0x4229, 0x6BD0, 0x5B0D, 0x3A29, 0x4229, 0x3A09, 0x4249, 0x3A4A, 0x73D0, 0x8C51, 0x738E,
  0x9410, 0x9C0F, 0x7B8E, 0x6AEB, 0x736E, 0x8C10, 0x73F0, 0x632D, 0x4ACC, 0x31E8, 0x1905, 0x2125,
  0x424A, 0x5B0C, 0x426A, 0x426A, 0x426A, 0x4249, 0x4AAB, 0x3A29, 0x530D, 0x426A, 0x4AAB, 0x39E8,
  0x29A8, 0x52AB, 0x4A8B, 0x3187, 0x424A, 0x5AEC, 0x4ACC, 0x426A, 0x4AAC, 0x39E8, 0x3A4B, 0x5AED,
  0x6AEB, 0x3965, 0x4144, 0x4123, 0x3944, 0x4164, 0x51A5, 0x6206, 0x8289, 0x92EA, 0x9B4C, 0x9B2B,
  0x9B6D, 0xA36C, 0x9B8D, 0xA38C, 0x7AEA, 0x7A88, 0x7ACA, 0x832B, 0x8B4B, 0x936C, 0xA3AD, 0xABCD,
  0xABAD, 0xB3CE, 0xB3CE, 0xC40F, 0x0020, 0x0000, 0x0020, 0x0000, 0x0020, 0x0000, 0x0020, 0x0000,
  0x0020, 0x0000, 0x0020, 0x0000, 0x0020, 0x0000, 0x0020, 0x0000, 0x0000, 0x0020, 0x0000, 0x0020,
  0x0000, 0x0020, 0x0000, 0x0020, 0x0000, 0x0020, 0x0000, 0x0020, 0x0000, 0x0020, 0x0000, 0x0020,
  0xBD53, 0x942F, 0x426A, 0x3A49, 0x4AAA, 0x4AAA, 0x39C7, 0x31C7, 0x31A6, 0x3A08, 0x39E8, 0x5B4E,
  0x4A48, 0x8450, 0xBDB4, 0xBDD4, 0x6B6D, 0x4A89, 0x528A, 0x1905, 0x52CB, 0x8472, 0x5ACB, 0x2166,
  0x2104, 0x29A7, 0x5AEB, 0x3A49, 0x4208, 0x426A, 0x5AEC, 0x5B4D, 0x6BAF, 0x73F0, 0x73AF, 0x6BD0,
  0x73CF, 0x6BAF, 0x4A6A, 0x2166, 0x2104, 0x2125, 0x3186, 0x4249, 0x5AEC, 0x4ACB, 0x4AAB, 0x4AAB,
  0x4249, 0x3A49, 0x4A6A, 0x3A29, 0x5B0C, 0x428A, 0x4A6A, 0x39E8, 0x3186, 0x4229, 0x4A6A, 0x39E8,
  0x39C7, 0x52CC, 0x4A4A, 0x2967, 0x39A7, 0x2987, 0x3A09, 0x4AAC, 0x62AA, 0x41C7, 0x4943, 0x4943,
  0x4123, 0x3944, 0x4144, 0x4164, 0x59A5, 0x6227, 0x7247, 0x6A68, 0x6A67, 0x6A88, 0x6A68, 0x5A07,
  0x6A47, 0x72A9, 0x7AC9, 0x832B, 0x8B2B, 0x8B6C, 0xABAD, 0xA38D, 0xAB8C, 0xABAD, 0xB3AD, 0xBC2F,
  0x0000, 0x0020, 0x0000, 0x0020, 0x0000, 0x0020, 0x0000, 0x0020, 0x0000, 0x0020, 0x0000, 0x0020,
  0x0000, 0x0020, 0x0000, 0x0020, 0x0020, 0x0000, 0x0020, 0x0000, 0x0020, 0x0000, 0x0020, 0x0000,
  0x0020, 0x0000, 0x0020, 0x0000, 0x0020, 0x0000, 0x0020, 0x0000, 0x7B8D, 0x6289, 0x42AB, 0x4AAB,
  0x3A6A, 0x3A29, 0x4249, 0x31A7, 0x1904, 0x2965, 0x426B, 0x5B2D, 0x4228, 0x9491, 0xC637, 0xC5D5,
  0x632D, 0x5ACB, 0x1925, 0x52CB, 0x6BAF, 0x31C8, 0x2166, 0x2946, 0x3A09, 0x52CB, 0x428A, 0x52AB,
  0x52EC, 0x6B4D, 0x636E, 0x4A8B, 0x428B, 0x52CC, 0x428B, 0x3A09, 0x29C8, 0x1925, 0x10E4, 0x2966,
  0x39E8, 0x4208, 0x4A6B, 0x52AB, 0x530D, 0x4AAB, 0x426B, 0x4A6A, 0x3A29, 0x31E8, 0x428B, 0x31C7,
  0x52EC, 0x4A6A, 0x422A, 0x31C8, 0x2967, 0x39E8, 0x424A, 0x39E8, 0x31E8, 0x4249, 0x3A09, 0x18C4,
  0x2967, 0x2967, 0x29C8, 0x52AC, 0x62CB, 0x41A6, 0x4964, 0x4943, 0x3944, 0x3923, 0x3924, 0x3923,
  0x3924, 0x4123, 0x4944, 0x4944, 0x4964, 0x4964, 0x51A5, 0x59E6, 0x6A88, 0x7288, 0x72CA, 0x82EA,
  0x830B, 0x9B8C, 0xA3AD, 0x9B6C, 0xA38D, 0xABAD, 0xBC0F, 0xC40F, 0x0020, 0x0000, 0x0020, 0x0000,
  0x0020, 0x0000, 0x0020, 0x0000, 0x0020, 0x0000, 0x0020, 0x0000, 0x0020, 0x0000, 0x0020, 0x0000,
  0x0000, 0x0020, 0x0000, 0x0020, 0x0000, 0x0020, 0x0000, 0x0020, 0x0000, 0x0020, 0x0000, 0x0020,
  0x0000, 0x0020, 0x0000, 0x0020, 0x73AE, 0x52AA, 0x4AAA, 0x4AEC, 0x4A8A, 0x3A49, 0x4229, 0x31C7,
  0x10A2, 0x2124, 0x5AEC, 0x428A, 0x2124, 0x6B8E, 0xA534, 0x8471, 0x4A69, 0x2165, 0x4229, 0x5B0C,
  0x2986, 0x428A, 0x632D, 0x636E, 0x8C92, 0x6BD0, 0x634D, 0x6BCF, 0x6B6D, 0x6BCF, 0x7C10, 0x6BCF,
  0x6B6E, 0x5B2D, 0x4229, 0x2966, 0x2104, 0x2966, 0x4208, 0x424A, 0x3A08, 0x3A49, 0x52CB, 0x5B0C,
  0x52CB, 0x428A, 0x4A6A, 0x424A, 0x39E8, 0x31C7, 0x4229, 0x39E8, 0x4269, 0x4AAB, 0x4A6A, 0x31C8,
  0x2966, 0x31E8, 0x4A49, 0x3A09, 0x39E8, 0x426A, 0x4229, 0x2146, 0x2925, 0x2966, 0x3187, 0x4AAB,
  0x2904, 0x2925, 0x59A4, 0x5184, 0x5164, 0x4144, 0x3923, 0x3944, 0x4123, 0x3944, 0x4964, 0x4984,
  0x5184, 0x51C5, 0x59E5, 0x5A06, 0x6A47, 0x72A8, 0x7AA9, 0x7ACA, 0x932B, 0x9BAD, 0xA34C, 0x9B6D,
  0xAB6C, 0xB3EE, 0xC40E, 0xC42F, 0x0000, 0x0020, 0x0000, 0x0020, 0x0000, 0x0020, 0x0000, 0x0020,
  0x0000, 0x0020, 0x0000, 0x0020, 0x0000, 0x0020, 0x0000, 0x0020, 0x0020, 0x0000, 0x0020, 0x0000,
  0x0020, 0x0000, 0x0020, 0x0000, 0x0020, 0x0000, 0x0020, 0x0000, 0x0020, 0x0000, 0x0020, 0x0000,
  0x73CF, 0x5289, 0x42AB, 0x4AAB, 0x3A49, 0x3A29, 0x31E8, 0x2966, 0x1904, 0x3186, 0x4ACC, 0x31C8,
  0x1904, 0x4A6A, 0x5B2C, 0x7BEF, 0x31E8, 0x2965, 0x52CC, 0x4209, 0x5B4E, 0x52EC, 0x4ACC, 0x8431,
  0x7431, 0x8452, 0x7C72, 0x7C31, 0x636E, 0x4A8B, 0x3A29, 0x31E8, 0x31E8, 0x2966, 0x1905, 0x2105,
  0x2987, 0x4208, 0x422A, 0x4209, 0x426A, 0x4AAB, 0x4ACC, 0x52EC, 0x4AAB, 0x4A6A, 0x426A, 0x39E8,
  0x31C8, 0x39C8, 0x424A, 0x31A7, 0x426A, 0x5B0C, 0x426B, 0x31A7, 0x2146, 0x31A7, 0x422A, 0x4209,
  0x3A29, 0x39C8, 0x3A09, 0x2105, 0x1905, 0x2966, 0x2146, 0x18C4, 0x0841, 0x20C3, 0x51A5, 0x5985,
  0x51A6, 0x4964, 0x3944, 0x3923, 0x3944, 0x4144, 0x4164, 0x4964, 0x49A5, 0x51A5, 0x51C6, 0x59E6,
  0x6247, 0x7288, 0x72A9, 0x82EA, 0x9B8D, 0x9B4C, 0x9B6D, 0x9B4C, 0xA38D, 0xBC2F, 0xBBEE, 0xBBEE,
  0x0020, 0x0000, 0x0020, 0x0000, 0x0020, 0x0000, 0x0020, 0x0000, 0x0020, 0x0000, 0x0020, 0x0000,
  0x0020, 0x0000, 0x0020, 0x0000, 0x0000, 0x0020, 0x0000, 0x0020, 0x0000, 0x0020, 0x0000, 0x0020,
  0x0000, 0x0020, 0x0000, 0x0020, 0x0000, 0x0020, 0x0000, 0x0020, 0x7C30, 0x4ACB, 0x4249, 0x426A,
  0x4A8A, 0x3A28, 0x31C6, 0x2145, 0x2103, 0x31A6, 0x31A7, 0x2966, 0x630B, 0xA555, 0x9D13, 0x7C30,
  0x2145, 0x3A29, 0x4228, 0x530C, 0x5B0C, 0x636E, 0x8C72, 0x638E, 0x31A7, 0x4A6A, 0x528A, 0x4249,
  0x3186, 0x18E4, 0x10A2, 0x1904, 0x2965, 0x31C7, 0x31A7, 0x31C7, 0x3A08, 0x3A29, 0x4229, 0x4249,
  0x4A8A, 0x5B4D, 0x52CB, 0x4AAB, 0x4A6A, 0x426A, 0x4229, 0x31E8, 0x31A7, 0x3A29, 0x4209, 0x31C7,
  0x3A08, 0x5B2D, 0x52AB, 0x31C8, 0x2966, 0x29A7, 0x4208, 0x4229, 0x39E8, 0x31C7, 0x2987, 0x10E5,
  0x2925, 0x2145, 0x18A3, 0x0842, 0x0800, 0x0841, 0x51A5, 0x51C6, 0x5985, 0x5185, 0x4964, 0x4144,
  0x4143, 0x4184, 0x4964, 0x4964, 0x5184, 0x51A5, 0x59E5, 0x6247, 0x7288, 0x72A8, 0x82A9, 0x934C,
  0xA36C, 0xA36D, 0xAB6C, 0xA38D, 0xBBCE, 0xB3CE, 0xBBCD, 0xBBEE, 0x0000, 0x0020, 0x0000, 0x0020,
  0x0000, 0x0020, 0x0000, 0x0020, 0x0000, 0x0020, 0x0000, 0x0020, 0x0000, 0x0020, 0x0000, 0x0020,
  0x0020, 0x0000, 0x0020, 0x0000, 0x0020, 0x0000, 0x0020, 0x0000, 0x0020, 0x0000, 0x0020, 0x0000,
  0x0020, 0x0000, 0x0020, 0x0000, 0x7C31, 0x4269, 0x428A, 0x3A09, 0x3A49, 0x3A28, 0x29A7, 0x2145,
  0x1904, 0x2966, 0x0883, 0x2105, 0x5B2C, 0x94D3, 0xB5F8, 0x8451, 0x29C8, 0x426A, 0x3A4A, 0x3A29,
  0x426A, 0x6B8F, 0x5B2D, 0x31C7, 0x2967, 0x18E4, 0x10C3, 0x1082, 0x10C4, 0x18E4, 0x1925, 0x2125,
  0x2166, 0x31A7, 0x31E8, 0x29A7, 0x3209, 0x3A29, 0x3A29, 0x424A, 0x52EC, 0x52CB, 0x4AAB, 0x4A8B,
  0x426A, 0x4249, 0x3A4A, 0x31A7, 0x31E8, 0x424A, 0x3A09, 0x2987, 0x31E8, 0x52AB, 0x4AAC, 0x31C8,
  0x2146, 0x2987, 0x31A7, 0x39E8, 0x29A7, 0x3187, 0x29A8, 0x1926, 0x1905, 0x1083, 0x0842, 0x0821,
  0x0841, 0x0821, 0x4144, 0x51A5, 0x51A5, 0x5985, 0x51A6, 0x4964, 0x4164, 0x4984, 0x51C6, 0x59E6,
  0x5A07, 0x6227, 0x6A89, 0x72A9, 0x72A9, 0x7AC9, 0x8B0B, 0x9B6C, 0x9B6D, 0xA36C, 0xABCE, 0xB3EE,
  0xB3CE, 0xB3AD, 0xBBEF, 0xBBEE, 0x0020, 0x0000, 0x0020, 0x0000, 0x0020, 0x0000, 0x0020, 0x0000,
  0x0020, 0x0000, 0x0020, 0x0000, 0x0020, 0x0000, 0x0020, 0x0000, 0x0000, 0x0020, 0x0000, 0x0020,
  0x0000, 0x0020, 0x0000, 0x0020, 0x0000, 0x0020, 0x0000, 0x0020, 0x0000, 0x0020, 0x0000, 0x0020,
  0x5B2C, 0x3A49, 0x4A69, 0x3A49, 0x4208, 0x4249, 0x3186, 0x2165, 0x18E3, 0x2965, 0x1082, 0x2986,
  0x4A48, 0x3A07, 0x3A28, 0x4269, 0x4249, 0x5B4E, 0x52CB, 0x428A, 0x4269, 0x3208, 0x2966, 0x29A7,
  0x31A7, 0x2987, 0x31A6, 0x3A08, 0x4248, 0x29C7, 0x2124, 0x2165, 0x2945, 0x2986, 0x31A7, 0x31C7,
  0x39E8, 0x3A49, 0x4A6A, 0x4AAB, 0x52CB, 0x4AAB, 0x4A6A, 0x4AAB, 0x4A6A, 0x3A49, 0x3A08, 0x31E8,
  0x4249, 0x428A, 0x31C7, 0x29A7, 0x2966, 0x4A8B, 0x4A49, 0x31C8, 0x2966, 0x31A7, 0x29A8, 0x2188,
  0x1929, 0x324E, 0x5A2B, 0x3968, 0x28A2, 0x20C3, 0x20A2, 0x20A3, 0x1882, 0x1041, 0x30C1, 0x51C6,
  0x59A4, 0x59C5, 0x59A5, 0x5184, 0x4964, 0x4985, 0x59C5, 0x6227, 0x7A88, 0x830A, 0x932B, 0x9B8D,
  0x9B4B, 0x934B, 0x9B0B, 0xA36C, 0xAB4C, 0xAB8D, 0xBBEE, 0xB3CE, 0xBBAD, 0xB3CE, 0xBBCD, 0xBC2F,
  0x0000, 0x0020, 0x0000, 0x0020, 0x0000, 0x0020, 0x0000, 0x0020, 0x0000, 0x0020, 0x0000, 0x0020,
  0x0000, 0x0020, 0x0000, 0x0020, 0x0020, 0x0000, 0x0020, 0x0000, 0x0020, 0x0000, 0x0020, 0x0000,
  0x0020, 0x0000, 0x0020, 0x0000, 0x0020, 0x0000, 0x0020, 0x0000, 0x4AEC, 0x428A, 0x3A29, 0x3A28,
  0x29A7, 0x4229, 0x31C7, 0x2945, 0x1904, 0x18E3, 0x10C4, 0x2966, 0x8450, 0xA513, 0xADB6, 0x52CA,
  0x21A8, 0x426A, 0x426A, 0x52CB, 0x428B, 0x4A8B, 0x4A8B, 0x4249, 0x4A8B, 0x52AB, 0x5B0C, 0x5ACB,
  0x4ACB, 0x31E8, 0x2986, 0x2945, 0x1925, 0x2966, 0x29A7, 0x31A7, 0x29C7, 0x3A09, 0x52EC, 0x4A6A,
  0x428B, 0x4229, 0x3A4A, 0x424A, 0x426A, 0x3A09, 0x31E9, 0x3A09, 0x428B, 0x4229, 0x29A7, 0x2966,
  0x2167, 0x4229, 0x4AAB, 0x31A7, 0x2126, 0x2966, 0x320A, 0x3A2B, 0x42B0, 0x29ED, 0x2907, 0x28C6,
  0x28E4, 0x3104, 0x20E4, 0x20A3, 0x18A3, 0x1041, 0x2061, 0x51A5, 0x59A5, 0x59C5, 0x51C6, 0x59A5,
  0x4985, 0x4964, 0x51C6, 0x6A48, 0x8B2B, 0x936C, 0x9BAD, 0xA3EE, 0xA3AD, 0xA36C, 0x9B2C, 0x9B2C,
  0xA36D, 0xB3AE, 0xB3CE, 0xB3AD, 0xB3CE, 0xBBAD, 0xB3EE, 0xC40F, 0x0020, 0x0000, 0x0020, 0x0000,
  0x0020, 0x0000, 0x0020, 0x0000, 0x0020, 0x0000, 0x0020, 0x0000, 0x0020, 0x0000, 0x0020, 0x0000,
  0x0000, 0x0020, 0x0000, 0x0020, 0x0000, 0x0020, 0x0000, 0x0020, 0x0000, 0x0020, 0x0000, 0x0020,
  0x0000, 0x0020, 0x0000, 0x0020, 0x634D, 0x4ACB, 0x4228, 0x3A08, 0x39C6, 0x31A7, 0x3165, 0x2124,
  0x2103, 0x18E3, 0x20E3, 0x2144, 0x31E7, 0x3228, 0x4AAA, 0x29C7, 0x31A6, 0x3A49, 0x31C7, 0x31E8,
  0x52AB, 0x6BAF, 0x8472, 0x7C31, 0x6B6E, 0x4ACC, 0x52AB, 0x3A49, 0x4A69, 0x3A29, 0x39E7, 0x29A7,
  0x2124, 0x2986, 0x31A7, 0x31A7, 0x4208, 0x52AB, 0x4A6A, 0x3A08, 0x3A08, 0x3A49, 0x4A6A, 0x426A,
  0x4229, 0x31E8, 0x3A08, 0x3A4A, 0x4A8B, 0x3A4A, 0x31C7, 0x2166, 0x2966, 0x2187, 0x3A6E, 0x2A2D,
  0x2230, 0x3AF4, 0x3B16, 0x3B57, 0x4AF3, 0x198E, 0x4104, 0x38C4, 0x2904, 0x2104, 0x20C3, 0x18C3,
  0x1882, 0x0862, 0x1840, 0x3945, 0x59A5, 0x59C6, 0x59C5, 0x59E6, 0x59A5, 0x5185, 0x59A5, 0x6227,
  0x82A9, 0x936C, 0xA38D, 0xA3CE, 0xA38D, 0xA3AD, 0x9B0B, 0x9B2C, 0xB3AD, 0xB3CE, 0xBBCD, 0xB3EE,
  0xBBCD, 0xB3EE, 0xBBED, 0xBC0E, 0x0000, 0x0020, 0x0000, 0x0020, 0x0000, 0x0020, 0x0000, 0x0020,
  0x0000, 0x0020, 0x0000, 0x0020, 0x0000, 0x0020, 0x0000, 0x0020, 0x0020, 0x0000, 0x0020, 0x0000,
  0x0020, 0x0000, 0x0020, 0x0000, 0x0020, 0x0000, 0x0020, 0x0000, 0x0020, 0x0000, 0x0020, 0x0000,
  0x428B, 0x426A, 0x3A29, 0x4208, 0x29A7, 0x2966, 0x2124, 0x20E3, 0x18C3, 0x1061, 0x0020, 0x0841,
  0x3229, 0x530C, 0x428A, 0x29A6, 0x3209, 0x4249, 0x428A, 0x3A09, 0x29A7, 0x4A8B, 0x6BB0, 0x7C31,
  0x7411, 0x6B6E, 0x428B, 0x3A09, 0x3A29, 0x4229, 0x3A29, 0x3A29, 0x31C8, 0x2966, 0x3A09, 0x4209,
  0x424A, 0x4229, 0x3A29, 0x39E8, 0x426A, 0x426A, 0x426A, 0x4229, 0x3A29, 0x31C8, 0x3209, 0x4A8B,
  0x42AB, 0x3A09, 0x29C8, 0x2966, 0x1926, 0x31A8, 0x4311, 0x63D3, 0x5BF8, 0x53B7, 0x3B78, 0x32F5,
  0x3A93, 0x218E, 0x38E5, 0x38A3, 0x18A3, 0x0821, 0x0821, 0x0801, 0x0001, 0x0801, 0x1841, 0x28C3,
  0x5185, 0x59A5, 0x59E6, 0x59A5, 0x51C6, 0x59A5, 0x4985, 0x59A6, 0x7248, 0x930B, 0x9B8D, 0xA3AD,
  0xA3AE, 0x9B4C, 0x9B6D, 0xAB8D, 0xA38D, 0xAB6C, 0xABAD, 0xB38D, 0xB3CE, 0xBBCE, 0xB3CE, 0xBBEE,
  0x0020, 0x0000, 0x0020, 0x0000, 0x0020, 0x0000, 0x0020, 0x0000, 0x0020, 0x0000, 0x0020, 0x0000,
  0x0020, 0x0000, 0x0020, 0x0000,
};

// Source: mom.jpg
constexpr uint16_t MOM_PHOTO_RGB565[] PROGMEM = {
  0x0000, 0x0020, 0x0000, 0x0020, 0x0000, 0x0020, 0x0000, 0x0020, 0x0000, 0x0020, 0x0000, 0x0020,
  0x0000, 0x0020, 0x0000, 0x0020, 0x0000, 0x0020, 0x0000, 0x0020, 0x0000, 0x0020, 0x0000, 0x0020,
  0x0000, 0x0020, 0x0000, 0x0020, 0x0000, 0x0020, 0x0000, 0x0020, 0x0000, 0x0020, 0x0000, 0x0020,
  0x0000, 0x0020, 0x0000, 0x0020, 0x0000, 0x0020, 0x0000, 0x0020, 0x0000, 0x0020, 0x0000, 0x0020,
  0x0000, 0x0020, 0x0000, 0x0020, 0x0000, 0x0020, 0x0000, 0x0020, 0x0000, 0x0020, 0x0000, 0x0020,
  0x0000, 0x0020, 0x0000, 0x0020, 0x0000, 0x0020, 0x0000, 0x0020, 0x0000, 0x0020, 0x0000, 0x0020,
  0x0000, 0x0020, 0x0000, 0x0020, 0x0000, 0x0020, 0x0000, 0x0020, 0x0000, 0x0020, 0x0000, 0x0020,
  0x0000, 0x0020, 0x0000, 0x0020, 0x0000, 0x0020, 0x0000, 0x0020, 0x0000, 0x0020, 0x0000, 0x0020,
  0x0000, 0x0020, 0x0000, 0x0020, 0x0000, 0x0020, 0x0000, 0x0020, 0x0000, 0x0020, 0x0000, 0x0020,
  0x0000, 0x0020, 0x0000, 0x0020, 0x0000, 0x0020, 0x0000, 0x0020, 0x0000, 0x0020, 0x0000, 0x0020,
  0x0000, 0x0020, 0x0000, 0x0020, 0x0000, 0x0020, 0x0000, 0x0020, 0x0020, 0x0000, 0x0020, 0x0000,
  0x0020, 0x0000, 0x0020, 0x0000, 0x0020, 0x0000, 0x0020, 0x0000, 0x0020, 0x0000, 0x0020, 0x0000,
  0x0020, 0x0000, 0x0020, 0x0000, 0x0020, 0x0000, 0x0020, 0x0000, 0x0020, 0x0000, 0x0020, 0x0000,
  0x0020, 0x0000, 0x0020, 0x0000, 0x0020, 0x0000, 0x0020, 0x0000, 0x0020, 0x0000, 0x0020, 0x0000,
  0x0020, 0x0000, 0x0020, 0x0000, 0x0020, 0x0000, 0x0020, 0x0000, 0x0020, 0x0000, 0x0020, 0x0000,
  0x0020, 0x0000, 0x0020, 0x0000, 0x0020, 0x0000, 0x0020, 0x0000, 0x0020, 0x0000, 0x0020, 0x0000,
  0x0020, 0x0000, 0x0020, 0x0000, 0x0020, 0x0000, 0x0020, 0x0000, 0x0020, 0x0000, 0x0020, 0x0000,
  0x0020, 0x0000, 0x0020, 0x0000, 0x0020, 0x0000, 0x0020, 0x0000, 0x0020, 0x0000, 0x0020, 0x0000,
  0x0020, 0x0000, 0x0020, 0x0000, 0x0020, 0x0000, 0x0020, 0x0000, 0x0020, 0x0000, 0x0020, 0x0000,
  0x0020, 0x0000, 0x0020, 0x0000, 0x0020, 0x0000, 0x0020, 0x0000, 0x0020, 0x0000, 0x0020, 0x0000,
  0x0020, 0x0000, 0x0020, 0x0000, 0x0020, 0x0000, 0x0020, 0x0000, 0x0020, 0x0000, 0x0020, 0x0000,
  0x0020, 0x0000, 0x0020, 0x0000, 0x0000, 0x0020, 0x0000, 0x0020, 0x0000, 0x0020, 0x0000, 0x0020,
  0x0000, 0x0020, 0x0000, 0x0020, 0x0000, 0x0020, 0x0000, 0x0020, 0x0000, 0x0020, 0x0000, 0x0020,
  0x0000, 0x0020, 0x0000, 0x0020, 0x0000, 0x0020, 0x0000, 0x0020, 0x0000, 0x0020, 0x0000, 0x0020,
  0x0000, 0x0020, 0x0000, 0x0020, 0x0000, 0x0020, 0x0000, 0x0020, 0x0000, 0x0020, 0x0000, 0x0020,
  0x0000, 0x0020, 0x0000, 0x0020, 0x0000, 0x0020, 0x0000, 0x0020, 0x0000, 0x0020, 0x0000, 0x0020,
  0x0000, 0x0020, 0x0000, 0x0020, 0x0000, 0x0020, 0x0000, 0x0020, 0x0000, 0x0020, 0x0000, 0x0020,
  0x0000, 0x0020, 0x0000, 0x0020, 0x0000, 0x0020, 0x0000, 0x0020, 0x0000, 0x0020, 0x0000, 0x0020,
  0x0000, 0x0020, 0x0000, 0x0020, 0x0000, 0x0020, 0x0000, 0x0020, 0x0000, 0x0020, 0x0000, 0x0020,
  0x0000, 0x0020, 0x0000, 0x0020, 0x0000, 0x0020, 0x0000, 0x0020, 0x0000, 0x0020, 0x0000, 0x0020,
  0x0000, 0x0020, 0x0000, 0x0020, 0x0000, 0x0020, 0x0000, 0x0020, 0x0000, 0x0020, 0x0000, 0x0020,
  0x0000, 0x0020, 0x0000, 0x0020, 0x0000, 0x0020, 0x0000, 0x0020, 0x0000, 0x0020, 0x0000, 0x0020,
  0x0020, 0x0000, 0x0020, 0x0000, 0x0020, 0x0000, 0x0020, 0x0000, 0x0020, 0x0000, 0x0020, 0x0000,
  0x0020, 0x0000, 0x0020, 0x0000, 0x0020, 0x0000, 0x0020, 0x0000, 0x0020, 0x0000, 0x0020, 0x0000,
  0x0020, 0x0000, 0x0020, 0x0000, 0x0020, 0x0000, 0x0020, 0x0000, 0x0020, 0x0000, 0x0020, 0x0000,
  0x0020, 0x0000, 0x0020, 0x0000, 0x0020, 0x0000, 0x0020, 0x0000, 0x0020, 0x0000, 0x0020, 0x0000,
  0x0020, 0x0000, 0x0020, 0x0000, 0x0020, 0x0000, 0x0020, 0x0000, 0x0020, 0x0000, 0x0020, 0x0000,
  0x0020, 0x0000, 0x0020, 0x0000, 0x0020, 0x0000, 0x0020, 0x0000, 0x0020, 0x0000, 0x0020, 0x0000,
  0x0020, 0x0000, 0x0020, 0x0000, 0x0020, 0x0000, 0x0020, 0x0000, 0x0020, 0x0000, 0x0020, 0x0000,
  0x0020, 0x0000, 0x0020, 0x0000, 0x0020, 0x0000, 0x0020, 0x0000, 0x0020, 0x0000, 0x0020, 0x0000,
  0x0020, 0x0000, 0x0020, 0x0000, 0x0020, 0x0000, 0x0020, 0x0000, 0x0020, 0x0000, 0x0020, 0x0000,
  0x0020, 0x0000, 0x0020, 0x0000, 0x0020, 0x0000, 0x0020, 0x0000, 0x0020, 0x0000, 0x0020, 0x0000,
  0x0020, 0x0000, 0x0020, 0x0000, 0x0020, 0x0000, 0x0020, 0x0000, 0x0000, 0x0020, 0x0000, 0x0020,
  0x0000, 0x0020, 0x0000, 0x0020, 0x0000, 0x0020, 0x0000, 0x0020, 0x0000, 0x0020, 0x0000, 0x0020,
  0x0000, 0x0020, 0x0000, 0x0020, 0x0000, 0x0020, 0x0000, 0x0020, 0x0000, 0x0020, 0x0000, 0x0020,
  0x0000, 0x0020, 0x0000, 0x0020, 0x0000, 0x0020, 0x0000, 0x0020, 0x0000, 0x0020, 0x0000, 0x0020,
  0x0000, 0x0020, 0x0000, 0x0020, 0x0000, 0x0020, 0x0000, 0x0020, 0x0000, 0x0020, 0x0000, 0x0020,
  0x0000, 0x0020, 0x0000, 0x0020, 0x0000, 0x0020, 0x0000, 0x0020, 0x0000, 0x0020, 0x0000, 0x0020,
  0x0000, 0x0020, 0x0000, 0x0020, 0x0000, 0x0020, 0x0000, 0x0020, 0x0000, 0x0020, 0x0000, 0x0020,
  0x0000, 0x0020, 0x0000, 0x0020, 0x0000, 0x0020, 0x0000, 0x0020, 0x0000, 0x0020, 0x0000, 0x0020,
  0x0000, 0x0020, 0x0000, 0x0020, 0x0000, 0x0020, 0x0000, 0x0020, 0x0000, 0x0020, 0x0000, 0x0020,
  0x0000, 0x0020, 0x0000, 0x0020, 0x0000, 0x0020, 0x0000, 0x0020, 0x0000, 0x0020, 0x0000, 0x0020,
  0x0000, 0x0020, 0x0000, 0x0020, 0x0000, 0x0020, 0x0000, 0x0020, 0x0000, 0x0020, 0x0000, 0x0020,
  0x0000, 0x0020, 0x0000, 0x0020, 0x0020, 0x0000, 0x0020, 0x0000, 0x0020, 0x0000, 0x0020, 0x0000,
  0x0020, 0x0000, 0x0020, 0x0000, 0x0020, 0x0000, 0x0020, 0x0000, 0x0020, 0x0000, 0x0020, 0x0000,
  0x0020, 0x0000, 0x0020, 0x0000, 0x0020, 0x0000, 0x0020, 0x0000, 0x0020, 0x0000, 0x0020, 0x0000,
  0x0020, 0x0000, 0x0020, 0x0000, 0x0020, 0x0000, 0x0020, 0x0000, 0x0020, 0x0000, 0x0020, 0x0000,
  0x0020, 0x0000, 0x0020, 0x0000, 0x0020, 0x0000, 0x0020, 0x0000, 0x0020, 0x0000, 0x0020, 0x0000,
  0x0020, 0x0000, 0x0020, 0x0000, 0x0020, 0x0000, 0x0020, 0x0000, 0x0020, 0x0000, 0x0020, 0x0000,
  0x0020, 0x0000, 0x0020, 0x0000, 0x0020, 0x0000, 0x0020, 0x0000, 0x0020, 0x0000, 0x0020, 0x0000,
  0x0020, 0x0000, 0x0020, 0x0000, 0x0020, 0x0000, 0x0020, 0x0000, 0x0020, 0x0000, 0x0020, 0x0000,
  0x0020, 0x0000, 0x0020, 0x0000, 0x0020, 0x0000, 0x0020, 0x0000, 0x0020, 0x0000, 0x0020, 0x0000,
  0x0020, 0x0000, 0x0020, 0x0000, 0x0020, 0x0000, 0x0020, 0x0000, 0x0020, 0x0000, 0x0020, 0x0000,
  0x0020, 0x0000, 0x0020, 0x0000, 0x0020, 0x0000, 0x0020, 0x0000, 0x0020, 0x0000, 0x0020, 0x0000,
  0x0000, 0x0020, 0x0000, 0x0020, 0x0000, 0x0020, 0x0000, 0x0020, 0x0000, 0x0020, 0x0000, 0x0020,
  0x0000, 0x0020, 0x0000, 0x0020, 0x0000, 0x0020, 0x0000, 0x0020, 0x0000, 0x0020, 0x0000, 0x0020,
  0x0000, 0x0020, 0x0000, 0x0020, 0x0000, 0x0020, 0x0000, 0x0020, 0x0000, 0x0020, 0x0000, 0x0020,
  0x0000, 0x0020, 0x0000, 0x0020, 0x0000, 0x0020, 0x0000, 0x0020, 0x0000, 0x0020, 0x0000, 0x0020,
  0x0000, 0x0020, 0x0000, 0x0020, 0x0000, 0x0020, 0x0000, 0x0020, 0x0000, 0x0020, 0x0000, 0x0020,
  0x0000, 0x0020, 0x0000, 0x0020, 0x0000, 0x0020, 0x0000, 0x0020, 0x0000, 0x0020, 0x0000, 0x0020,
  0x0000, 0x0020, 0x0000, 0x0020, 0x0000, 0x0020, 0x0000, 0x0020, 0x0000, 0x0020, 0x0000, 0x0020,
  0x0000, 0x0020, 0x0000, 0x0020, 0x0000, 0x0020, 0x0000, 0x0020, 0x0000, 0x0020, 0x0000, 0x0020,
  0x0000, 0x0020, 0x0000, 0x0020, 0x0000, 0x0020, 0x0000, 0x0020, 0x0000, 0x0020, 0x0000, 0x0020,
  0x0000, 0x0020, 0x0000, 0x0020, 0x0000, 0x0020, 0x0000, 0x0020, 0x0000, 0x0020, 0x0000, 0x0020,
  0x0000, 0x0020, 0x0000, 0x0020, 0x0000, 0x0020, 0x0000, 0x0020, 0x0020, 0x0000, 0x0020, 0x0000,
  0x0020, 0x0000, 0x0020, 0x0000, 0x0020, 0x0000, 0x0020, 0x0000, 0x0020, 0x0000, 0x0020, 0x0000,
  0x0020, 0x0000, 0x0020, 0x0000, 0x0020, 0x0000, 0x0020, 0x0000, 0x0020, 0x0000, 0x0020, 0x0000,
  0x0020, 0x0000, 0x0020, 0x0000, 0x0020, 0x0000, 0x0020, 0x0000, 0x0020, 0x0000, 0x0020, 0x0000,
  0x0020, 0x0000, 0x0020, 0x0000, 0x0020, 0x0000, 0x0020, 0x0000, 0x0020, 0x0000, 0x0020, 0x0000,
  0x0020, 0x0000, 0x0020, 0x0000, 0x0020, 0x0000, 0x0020, 0x0000, 0x0020, 0x0000, 0x0020, 0x0000,
  0x0020, 0x0000, 0x0020, 0x0000, 0x0020, 0x0000, 0x0020, 0x0000, 0x0020, 0x0000, 0x0020, 0x0000,
  0x0020, 0x0000, 0x0020, 0x0000, 0x0020, 0x0000, 0x0020, 0x0000, 0x0020, 0x0000, 0x0020, 0x0000,
  0x0020, 0x0000, 0x0020, 0x0000, 0x0020, 0x0000, 0x0020, 0x0000, 0x0020, 0x0000, 0x0020, 0x0000,
  0x0020, 0x0000, 0x0020, 0x0000, 0x0020, 0x0000, 0x0020, 0x0000, 0x0020, 0x0000, 0x0020, 0x0000,
  0x0020, 0x0000, 0x0020, 0x0000, 0x0020, 0x0000, 0x0020, 0x0000, 0x0020, 0x0000, 0x0020, 0x0000,
  0x0020, 0x0000, 0x0020, 0x0000, 0x0000, 0x0020, 0x0000, 0x0020, 0x0000, 0x0020, 0x0000, 0x0020,
  0x0000, 0x0020, 0x0000, 0x0020, 0x0000, 0x0020, 0x0000, 0x0020, 0x0000, 0x0020, 0x0000, 0x0020,
  0x0000, 0x0020, 0x0000, 0x0020, 0x0000, 0x0020, 0x0000, 0x0020, 0x0000, 0x0020, 0x0000, 0x0020,
  0x0000, 0x0020, 0x0000, 0x0020, 0x0000, 0x0020, 0x0000, 0x0020, 0x0000, 0x0020, 0x0000, 0x0020,
  0x0000, 0x0020, 0x0000, 0x0020, 0x0000, 0x0020, 0x0000, 0x0020, 0x0000, 0x0020, 0x0000, 0x0020,
  0x0000, 0x0020, 0x0000, 0x0020, 0x0000, 0x0020, 0x0000, 0x0020, 0x0000, 0x0020, 0x0000, 0x0020,
  0x0000, 0x0020, 0x0000, 0x0020, 0x0000, 0x0020, 0x0000, 0x0020, 0x0000, 0x0020, 0x0000, 0x0020,
  0x0000, 0x0020, 0x0000, 0x0020, 0x0000, 0x0020, 0x0000, 0x0020, 0x0000, 0x0020, 0x0000, 0x0020,
  0x0000, 0x0020, 0x0000, 0x0020, 0x0000, 0x0020, 0x0000, 0x0020, 0x0000, 0x0020, 0x0000, 0x0020,
  0x0000, 0x0020, 0x0000, 0x0020, 0x0000, 0x0020, 0x0000, 0x0020, 0x0000, 0x0020, 0x0000, 0x0020,
  0x0000, 0x0020, 0x0000, 0x0020, 0x0000, 0x0020, 0x0000, 0x0020, 0x0000, 0x0020, 0x0000, 0x0020,
  0x0020, 0x0000, 0x0020, 0x0000, 0x0020, 0x0000, 0x0020, 0x0000, 0x0020, 0x0000, 0x0020, 0x0000,
  0x0020, 0x0000, 0x0020, 0x0000, 0x0020, 0x0000, 0x0020, 0x0000, 0x0020, 0x0000, 0x0020, 0x0000,
  0x0020, 0x0000, 0x0020, 0x0000, 0x0020, 0x0000, 0x0020, 0x0000, 0x0020, 0x0000, 0x0020, 0x0000,
  0x0020, 0x0000, 0x0020, 0x0000, 0x0020, 0x0000, 0x0020, 0x0000, 0x0020, 0x0000, 0x0020, 0x0000,
  0x0020, 0x0000, 0x0020, 0x0000, 0x0020, 0x0000, 0x0020, 0x0000, 0x0020, 0x0000, 0x0020, 0x0000,
  0x0020, 0x0000, 0x0020, 0x0000, 0x0020, 0x0000, 0x0020, 0x0000, 0x0020, 0x0000, 0x0020, 0x0000,
  0x0020, 0x0000, 0x0020, 0x0000, 0x0020, 0x0000, 0x0020, 0x0000, 0x0020, 0x0000, 0x0020, 0x0000,
  0x0020, 0x0000, 0x0020, 0x0000, 0x0020, 0x0000, 0x0020, 0x0000, 0x0020, 0x0000, 0x0020, 0x0000,
  0x0020, 0x0000, 0x0020, 0x0000, 0x0020, 0x0000, 0x0020, 0x0000, 0x0020, 0x0000, 0x0020, 0x0000,
  0x0020, 0x0000, 0x0020, 0x0000, 0x0020, 0x0000, 0x0020, 0x0000, 0x0020, 0x0000, 0x0020, 0x0000,
  0x0020, 0x0000, 0x0020, 0x0000, 0x0020, 0x0000, 0x0020, 0x0000, 0x0000, 0x0020, 0x0000, 0x0020,
  0x0000, 0x0020, 0x0000, 0x0020, 0x0000, 0x0020, 0x0000, 0x0020, 0x0000, 0x0020, 0x0000, 0x0020,
  0x0000, 0x0020, 0x0000, 0x0020, 0x0000, 0x0020, 0x0000, 0x0020, 0x0000, 0x0020, 0x0000, 0x0020,
  0x0000, 0x0020, 0x0000, 0x0020, 0x0000, 0x0020, 0x0000, 0x0020, 0x0000, 0x0020, 0x0000, 0x0020,
  0x0000, 0x0020, 0x0000, 0x0020, 0x0000, 0x0020, 0x0000, 0x0020, 0x0000, 0x0020, 0x0000, 0x0020,
  0x0000, 0x0020, 0x0000, 0x0020, 0x0000, 0x0020, 0x0000, 0x0020, 0x0000, 0x0020, 0x0000, 0x0020,
  0x0000, 0x0020, 0x0000, 0x0020, 0x0000, 0x0020, 0x0000, 0x0020, 0x0000, 0x0020, 0x0000, 0x0020,
  0x0000, 0x0020, 0x0000, 0x0020, 0x0000, 0x0020, 0x0000, 0x0020, 0x0000, 0x0020, 0x0000, 0x0020,
  0x0000, 0x0020, 0x0000, 0x0020, 0x0000, 0x0020, 0x0000, 0x0020, 0x0000, 0x0020, 0x0000, 0x0020,
  0x0000, 0x0020, 0x0000, 0x0020, 0x0000, 0x0020, 0x0000, 0x0020, 0x0000, 0x0020, 0x0000, 0x0020,
  0x0000, 0x0020, 0x0000, 0x0020, 0x0000, 0x0020, 0x0000, 0x0020, 0x0000, 0x0020, 0x0000, 0x0020,
  0x0000, 0x0020, 0x0000, 0x0020, 0x0020, 0x0000, 0x0020, 0x0000, 0x0020, 0x0000, 0x0020, 0x0000,
  0x0020, 0x0000, 0x0020, 0x0000, 0x0020, 0x0000, 0x0020, 0x0000, 0x0020, 0x0000, 0x0020, 0x0000,
  0x0020, 0x0000, 0x0020, 0x0000, 0x0020, 0x0000, 0x0020, 0x0000, 0x0020, 0x0000, 0x0020, 0x0000,
  0x0020, 0x0000, 0x0020, 0x0000, 0x0020, 0x0000, 0x0020, 0x0000, 0x0020, 0x0000, 0x0020, 0x0000,
  0x0020, 0x0000, 0x0020, 0x0000, 0x0020, 0x0000, 0x0020, 0x0000, 0x0020, 0x0000, 0x0020, 0x0000,
  0x0020, 0x0000, 0x0020, 0x0000, 0x0020, 0x0000, 0x0020, 0x0000, 0x0020, 0x0000, 0x0020, 0x0000,
  0x0020, 0x0000, 0x0020, 0x0000, 0x0020, 0x0000, 0x0020, 0x0000, 0x0020, 0x0000, 0x0020, 0x0000,
  0x0020, 0x0000, 0x0020, 0x0000, 0x0020, 0x0000, 0x0020, 0x0000, 0x0020, 0x0000, 0x0020, 0x0000,
  0x0020, 0x0000, 0x0020, 0x0000, 0x0020, 0x0000, 0x0020, 0x0000, 0x0020, 0x0000, 0x0020, 0x0000,
  0x0020, 0x0000, 0x0020, 0x0000, 0x0020, 0x0000, 0x0020, 0x0000, 0x0020, 0x0000, 0x0020, 0x0000,
  0x0020, 0x0000, 0x0020, 0x0000, 0x0020, 0x0000, 0x0020, 0x0000, 0x0020, 0x0000, 0x0020, 0x0000,
  0x0000, 0x0020, 0x0000, 0x0020, 0x0000, 0x0020, 0x0000, 0x0020, 0x0000, 0x0020, 0x0000, 0x0020,
  0x0000, 0x0020, 0x0000, 0x0020, 0x0000, 0x0020, 0x0000, 0x0020, 0x0000, 0x0020, 0x0000, 0x0020,
  0x0000, 0x0020, 0x0000, 0x0020, 0x0000, 0x0020, 0x0000, 0x0020, 0x0000, 0x0020, 0x0000, 0x0020,
  0x0000, 0x0020, 0x0000, 0x0020, 0x0000, 0x0020, 0x0000, 0x0020, 0x0000, 0x0020, 0x0000, 0x0020,
  0x0000, 0x0020, 0x0000, 0x0020, 0x0000, 0x0020, 0x0000, 0x0020, 0x0000, 0x0020, 0x0000, 0x0020,
  0x0000, 0x0020, 0x0000, 0x0020, 0x0000, 0x0020, 0x0000, 0x0020, 0x0000, 0x0020, 0x0000, 0x0020,
  0x0000, 0x0020, 0x0000, 0x0020, 0x0000, 0x0020, 0x0000, 0x0020, 0x0000, 0x0020, 0x0000, 0x0020,
  0x0000, 0x0020, 0x0000, 0x0020, 0x0000, 0x0020, 0x0000, 0x0020, 0x0000, 0x0020, 0x0000, 0x0020,
  0x0000, 0x0020, 0x0000, 0x0020, 0x0000, 0x0020, 0x0000, 0x0020, 0x0000, 0x0020, 0x0000, 0x0020,
  0x0000, 0x0020, 0x0000, 0x0020, 0x0000, 0x0020, 0x0000, 0x0020, 0x0000, 0x0020, 0x0000, 0x0020,
  0x0000, 0x0020, 0x0000, 0x0020, 0x0000, 0x0020, 0x0000, 0x0020, 0x0020, 0x0000, 0x0020, 0x0000,
  0x0020, 0x0000, 0x0020, 0x0000, 0x0020, 0x0000, 0x0020, 0x0000, 0x0020, 0x0000, 0x0020, 0x0000,
  0x0020, 0x0000, 0x0020, 0x0000, 0x0020, 0x0000, 0x0020, 0x0000, 0x0020, 0x0000, 0x0020, 0x0000,
  0x0020, 0x0000, 0x0020, 0x0000, 0x0020, 0x0000, 0x0020, 0x0000, 0x0020, 0x0000, 0x0020, 0x0000,
  0x0020, 0x0000, 0x0020, 0x0000, 0x0020, 0x0000, 0x0020, 0x0000, 0x0020, 0x0000, 0x0020, 0x0000,
  0x0020, 0x0000, 0x0020, 0x0000, 0x0020, 0x0000, 0x0020, 0x0000, 0x0020, 0x0000, 0x0020, 0x0000,
  0x0020, 0x0000, 0x0020, 0x0000, 0x0020, 0x0000, 0x0020, 0x0000, 0x0020, 0x0000, 0x0020, 0x0000,
  0x0020, 0x0000, 0x0020, 0x0000, 0x0020, 0x0000, 0x0020, 0x0000, 0x0020, 0x0000, 0x0020, 0x0000,
  0x0020, 0x0000, 0x0020, 0x0000, 0x0020, 0x0000, 0x0020, 0x0000, 0x0020, 0x0000, 0x0020, 0x0000,
  0x0020, 0x0000, 0x0020, 0x0000, 0x0020, 0x0000, 0x0020, 0x0000, 0x0020, 0x0000, 0x0020, 0x0000,
  0x0020, 0x0000, 0x0020, 0x0000, 0x0020, 0x0000, 0x0020, 0x0000, 0x0020, 0x0000, 0x0020, 0x0000,
  0x0020, 0x0000, 0x0020, 0x0000, 0x0000, 0x0020, 0x0000, 0x0020, 0x0000, 0x0020, 0x0000, 0x0020,
  0x0000, 0x0020, 0x0000, 0x0020, 0x0000, 0x0020, 0x0000, 0x0020, 0x0000, 0x0020, 0x0000, 0x0020,
  0x0000, 0x0020, 0x0000, 0x0020, 0x0000, 0x0020, 0x0000, 0x0020, 0x0000, 0x0020, 0x0000, 0x0020,
  0x0000, 0x0020, 0x0000, 0x0020, 0x0000, 0x0020, 0x0000, 0x0020, 0x0000, 0x0020, 0x0000, 0x0020,
  0x0000, 0x0020, 0x0000, 0x0020, 0x0000, 0x0020, 0x0000, 0x0020, 0x0000, 0x0020, 0x0000, 0x0020,
  0x0000, 0x0020, 0x0000, 0x0020, 0x0000, 0x0020, 0x0000, 0x0020, 0x0000, 0x0020, 0x0000, 0x0020,
  0x0000, 0x0020, 0x0000, 0x0020, 0x0000, 0x0020, 0x0000, 0x0020, 0x0000, 0x0020, 0x0000, 0x0020,
  0x0000, 0x0020, 0x0000, 0x0020, 0x0000, 0x0020, 0x0000, 0x0020, 0x0000, 0x0020, 0x0000, 0x0020,
  0x0000, 0x0020, 0x0000, 0x0020, 0x0000, 0x0020, 0x0000, 0x0020, 0x0000, 0x0020, 0x0000, 0x0020,
  0x0000, 0x0020, 0x0000, 0x0020, 0x0000, 0x0020, 0x0000, 0x0020, 0x0000, 0x0020, 0x0000, 0x0020,
  0x0000, 0x0020, 0x0000, 0x0020, 0x0000, 0x0020, 0x0000, 0x0020, 0x0000, 0x0020, 0x0000, 0x0020,
  0x0020, 0x0000, 0x0020, 0x0000, 0x0020, 0x0000, 0x0020, 0x0000, 0x0020, 0x0000, 0x0020, 0x0000,
  0x0020, 0x0000, 0x0020, 0x0000, 0x0020, 0x0000, 0x0020, 0x0000, 0x0020, 0x0000, 0x0020, 0x0000,
  0x0020, 0x0000, 0x0020, 0x0000, 0x0020, 0x0000, 0x0020, 0x0000, 0x0020, 0x0000, 0x0020, 0x0000,
  0x0020, 0x0000, 0x0020, 0x0000, 0x0020, 0x0000, 0x0020, 0x0000, 0x0020, 0x0000, 0x0020, 0x0000,
  0x0020, 0x0000, 0x0020, 0x0000, 0x0020, 0x0000, 0x0020, 0x0000, 0x0020, 0x0000, 0x0020, 0x0000,
  0x0020, 0x0000, 0x0020, 0x0000, 0x0020, 0x0000, 0x0020, 0x0000, 0x0020, 0x0000, 0x0020, 0x0000,
  0x0020, 0x0000, 0x0020, 0x0000, 0x0020, 0x0000, 0x0020, 0x0000, 0x0020, 0x0000, 0x0020, 0x0000,
  0x0020, 0x0000, 0x0020, 0x0000, 0x0020, 0x0000, 0x0020, 0x0000, 0x0020, 0x0000, 0x0020, 0x0000,
  0x0020, 0x0000, 0x0020, 0x0000, 0x0020, 0x0000, 0x0020, 0x0000, 0x0020, 0x0000, 0x0020, 0x0000,
  0x0020, 0x0000, 0x0020, 0x0000, 0x0020, 0x0000, 0x0020, 0x0000, 0x0020, 0x0000, 0x0020, 0x0000,
  0x0020, 0x0000, 0x0020, 0x0000, 0x0020, 0x0000, 0x0020, 0x0000, 0xEFBE, 0xF7FF, 0xFFFF, 0xFFFF,
  0xFFFF, 0xFFFF, 0xFFFF, 0xFFFF, 0xFFFF, 0xFFFF, 0xFFFF, 0xFFFF, 0xFFFF, 0xFFFF, 0xFFFF, 0xFFFF,
  0xFFFF, 0xFFFF, 0xFFFF, 0xFFFF, 0xFFFF, 0xFFFF, 0xFFFF, 0xFFFF, 0xFFFF, 0xFFFF, 0xFFFF, 0xFFFF,
  0xFFFF, 0xFFFF, 0xFFFF, 0xFFFF, 0xFFFF, 0xFFFF, 0xFFFF, 0xFFFF, 0xFFFF, 0xFFFF, 0xFFFF, 0xFFFF,
  0xFFFF, 0xFFFF, 0xFFFF, 0xFFFF, 0xFFFF, 0xFFFF, 0xFFFF, 0xFFFF, 0xFFFF, 0xFFFF, 0xFFFF, 0xFFFF,
  0xFFFF, 0xFFFF, 0xFFFF, 0xFFFF, 0xFFFF, 0xFFFF, 0xFFFF, 0xFFFF, 0xFFFF, 0xFFFF, 0xFFFF, 0xFFFF,
  0xFFFF, 0xFFFF, 0xFFFF, 0xFFFF, 0xFFFF, 0xFFFF, 0xF7FF, 0xEFDF, 0xEFBF, 0xEFBF, 0xEFBF, 0xE7BF,
  0xEF9F, 0xE7BF, 0xEF9F, 0xE79F, 0xE77E, 0xE79F, 0xE77E, 0xE77F, 0xE77E, 0xE77F, 0xE77E, 0xE77F,
  0xE77E, 0xE79E, 0xE79E, 0xE79E, 0xE79E, 0xE7BF, 0xE79E, 0xE79F, 0xF7DF, 0xB618, 0x6B2C, 0x8451,
  0x83EF, 0x8430, 0x7BAE, 0x634D, 0x840F, 0x634D, 0x62EB, 0x5AEB, 0x8C70, 0x8C91, 0x736C, 0x8C71,
  0x6B4B, 0x94B1, 0xE71A, 0xBDF6, 0x9C90, 0xA512, 0x9C90, 0xA512, 0x6B4B, 0x31A5, 0x946F, 0xD6B9,
  0xAD32, 0x8C2F, 0x946F, 0x632B, 0x5B4D, 0x94D3, 0xFFFF, 0xFFFF, 0xFFFF, 0xFFFF, 0xFFFF, 0xFFFF,
  0xFFFF, 0xFFFF, 0xFFFF, 0xFFFF, 0xFFFF, 0xFFFF, 0xFFFF, 0xFFFF, 0xFFFF, 0xFFFF, 0xFFFF, 0xFFFF,
  0xFFFF, 0xFFFF, 0xFFFF, 0xFFFF, 0xFFFF, 0xFFFF, 0xFFFF, 0xFFFF, 0xFFFF, 0xFFFF, 0xFFFF, 0xFFFF,
  0xFFFF, 0xFFFF, 0xFFFF, 0xFFFF, 0xFFFF, 0xFFFF, 0xFFFF, 0xFFFF, 0xFFFF, 0xFFFF, 0xFFFF, 0xFFFF,
  0xFFFF, 0xFFFF, 0xFFFF, 0xFFFF, 0xFFFF, 0xFFFF, 0xFFFF, 0xFFFF, 0xFFFF, 0xFFFF, 0xFFFF, 0xFFFF,
  0xFFFF, 0xFFFF, 0xFFFF, 0xFFFF, 0xFFFF, 0xFFFF, 0xFFFF, 0xFFFF, 0xFFFF, 0xFFFF, 0xFFFF, 0xFFFF,
  0xFFFF, 0xFFFF, 0xF7FF, 0xF7BF, 0xEFDF, 0xEFBF, 0xE7BF, 0xEFBF, 0xE7BF, 0xEF9F, 0xE7BF, 0xE79F,
  0xE79F, 0xE77F, 0xE77F, 0xE77F, 0xDF7F, 0xE77F, 0xDF7F, 0xE77E, 0xE79F, 0xE77E, 0xE79F, 0xE79E,
  0xE79F, 0xE79E, 0xE7BF, 0xE79E, 0xEFDF, 0xD6DC, 0x94B3, 0x9492, 0x9D14, 0x8410, 0x5B0D, 0x6B4D,
  0x634D, 0x7BEF, 0xB5B6, 0xAD75, 0xA554, 0x8410, 0x634C, 0x736D, 0x4A68, 0x9CF2, 0xBDD6, 0x9470,
  0x736C, 0xB594, 0x9CB1, 0x5A89, 0x31A6, 0x8C50, 0xB5B5, 0xAD53, 0xA513, 0x8C2F, 0x52CA, 0x8C0F,
  0x4A6A, 0x52EC, 0xB5B6, 0xFFFF, 0xFFFF, 0xFFFF, 0xF7DE, 0xFFFF, 0xFFFF, 0xFFFF, 0xFFFF, 0xF7FF,
  0xFFFF, 0xFFFF, 0xFFFF, 0xFFFF, 0xFFFF, 0xFFFF, 0xFFFF, 0xFFFF, 0xFFFF, 0xFFFF, 0xFFFF, 0xFFFF,
  0xFFFF, 0xFFFF, 0xFFFF, 0xFFFF, 0xFFFF, 0xFFFF, 0xFFFF, 0xFFFF, 0xFFFF, 0xFFFF, 0xFFFF, 0xFFFF,
  0xFFFF, 0xFFFF, 0xFFFF, 0xFFFF, 0xFFFF, 0xFFFF, 0xFFFF, 0xFFFF, 0xFFFF, 0xFFFF, 0xFFFF, 0xFFFF,
  0xFFFF, 0xFFFF, 0xFFFF, 0xFFFF, 0xFFFF, 0xFFFF, 0xFFFF, 0xFFFF, 0xFFFF, 0xFFFF, 0xFFFF, 0xFFFF,
  0xFFFF, 0xFFFF, 0xFFFF, 0xFFFF, 0xFFFF, 0xFFFF, 0xFFFF, 0xFFFF, 0xFFFF, 0xFFFF, 0xFFFF, 0xEFDF,
  0xEFBF, 0xEFDF, 0xEFBF, 0xEFDF, 0xEFBF, 0xEFDF, 0xEFBF, 0xE7BF, 0xEF9F, 0xE79F, 0xE77E, 0xE79F,
  0xE77E, 0xE77F, 0xE77E, 0xE79E, 0xE79E, 0xE79F, 0xEF9E, 0xE79F, 0xE79E, 0xE7BF, 0xEF9E, 0xEFBF,
  0xF7BE, 0xAD96, 0x8C51, 0x7C30, 0x6B6D, 0x52EB, 0x736D, 0x634D, 0x630C, 0x6B6D, 0x840F, 0x73AE,
  0x9470, 0x7BEF, 0x62EA, 0x5289, 0x9471, 0x840F, 0x7BCD, 0xAD74, 0xC5F5, 0x8C4F, 0x5288, 0x39C6,
  0x5268, 0x6B6D, 0x6B4B, 0x9CF2, 0x8C0E, 0x9CD1, 0xB553, 0xBDD5, 0x530D, 0x4A6A, 0x6B8E, 0xC658,
  0xEFBF, 0xFFFF, 0xE79E, 0xF7FF, 0xFFFF, 0xE73C, 0xEF9E, 0xF7BE, 0xF7DF, 0xDEFB, 0xFFFF, 0xFFFF,
  0xFFFF, 0xFFFF, 0xFFFF, 0xFFFF, 0xFFFF, 0xFFFF, 0xFFFF, 0xFFFF, 0xFFFF, 0xFFFF, 0xFFFF, 0xFFFF,
  0xFFFF, 0xFFFF, 0xFFFF, 0xFFFF, 0xFFFF, 0xFFFF, 0xFFFF, 0xFFFF, 0xFFFF, 0xFFFF, 0xFFFF, 0xFFFF,
  0xFFFF, 0xFFFF, 0xFFFF, 0xFFFF, 0xFFFF, 0xFFFF, 0xFFFF, 0xFFFF, 0xFFFF, 0xFFFF, 0xFFFF, 0xFFFF,
  0xFFFF, 0xFFFF, 0xFFFF, 0xFFFF, 0xFFFF, 0xFFFF, 0xFFFF, 0xFFFF, 0xFFFF, 0xFFFF, 0xFFFF, 0xFFFF,
  0xFFFF, 0xFFFF, 0xFFFF, 0xFFFF, 0xFFFF, 0xFFFF, 0xF7FF, 0xF7DF, 0xEFDF, 0xEFBF, 0xE7BF, 0xEFBF,
  0xEFDF, 0xEFBF, 0xE7BF, 0xEF9F, 0xE79F, 0xE77F, 0xE79F, 0xE77F, 0xE77F, 0xE77E, 0xE79F, 0xE77E,
  0xE79F, 0xE79F, 0xE79F, 0xE79E, 0xE7BF, 0xE79F, 0xE7BF, 0xE79F, 0xA576, 0x7BF0, 0x6B8E, 0x630C,
  0x5B2D, 0x6B6D, 0x73AE, 0x5AEB, 0x5AEC, 0x6B2C, 0x7BEF, 0x738D, 0x8C92, 0x738D, 0x5B0C, 0x8430,
  0xBDF7, 0x9C92, 0x6B6C, 0x9490, 0x9CD1, 0x630A, 0x5ACA, 0x41E6, 0x5AEB, 0x7BAE, 0x8C70, 0x7BAD,
  0xB5B5, 0xC5F6, 0xA4F2, 0xAD12, 0x52CB, 0x426A, 0x52AA, 0x94D2, 0xCE77, 0xE73B, 0xD699, 0xD6BA,
  0xE6FB, 0xEF7D, 0xE71C, 0xC659, 0xF7BE, 0xE77D, 0xFFFF, 0xFFFF, 0xFFFF, 0xFFFF, 0xFFFF, 0xFFFF,
  0xFFFF, 0xFFFF, 0xFFFF, 0xFFFF, 0xFFFF, 0xFFFF, 0xFFFF, 0xFFFF, 0xFFFF, 0xFFFF, 0xFFFF, 0xFFFF,
  0xFFFF, 0xFFFF, 0xFFFF, 0xFFFF, 0xFFFF, 0xFFFF, 0xFFFF, 0xFFFF, 0xFFFF, 0xFFFF, 0xFFFF, 0xFFFF,
  0xFFFF, 0xFFFF, 0xFFFF, 0xFFFF, 0xFFFF, 0xFFFF, 0xFFFF, 0xFFFF, 0xFFFF, 0xFFFF, 0xFFFF, 0xFFFF,
  0xFFFF, 0xFFFF, 0xFFFF, 0xFFFF, 0xFFFF, 0xFFFF, 0xFFFF, 0xFFFF, 0xFFFF, 0xFFFF, 0xFFFF, 0xFFFF,
  0xFFFF, 0xFFFF, 0xFFFF, 0xF7FF, 0xF7BF, 0xEFDF, 0xEFBF, 0xEFDF, 0xEFBF, 0xEFDF, 0xEFBF, 0xEFDF,
  0xEFBF, 0xE7BF, 0xEF9E, 0xE79F, 0xEF9E, 0xE79F, 0xE79E, 0xE7BF, 0xEF9E, 0xE7BF, 0xEF9E, 0xE79F,
  0xEF9E, 0xE7BF, 0xF7BE, 0xC679, 0x83EF, 0x7BEF, 0x738E, 0x6B6E, 0x6B2C, 0x5AEB, 0x5ACA, 0x6B6D,
  0x7BAE, 0x73AE, 0x736D, 0x7BEF, 0xA4D2, 0x9491, 0xB594, 0xCE98, 0xBDB5, 0x9491, 0x9470, 0x6B6D,
  0x9490, 0x738C, 0x5AA8, 0x630A, 0x8C2F, 0x73AD, 0x9490, 0xCE57, 0xE6D9, 0xB5B4, 0xC5D5, 0xCE57,
  0x5B2D, 0x4AAB, 0x4249, 0x6B6D, 0x94D2, 0xA512, 0x8451, 0x7BEF, 0xC659, 0xF79E, 0xD6FC, 0xE75D,
  0xFFFF, 0xFFFF, 0xFFFF, 0xFFFF, 0xEFBF, 0xF7DF, 0xFFFF, 0xFFFF, 0xFFFF, 0xFFFF, 0xFFFF, 0xFFFF,
  0xFFFF, 0xFFFF, 0xFFFF, 0xFFFF, 0xFFFF, 0xFFFF, 0xFFFF, 0xFFFF, 0xFFFF, 0xFFFF, 0xFFFF, 0xFFFF,
  0xFFFF, 0xFFFF, 0xFFFF, 0xFFFF, 0xFFFF, 0xFFFF, 0xFFFF, 0xFFFF, 0xFFFF, 0xFFFF, 0xFFFF, 0xFFFF,
  0xFFFF, 0xFFFF, 0xFFFF, 0xFFFF, 0xFFFF, 0xFFFF, 0xFFFF, 0xFFFF, 0xFFFF, 0xFFFF, 0xFFFF, 0xFFFF,
  0xFFFF, 0xFFFF, 0xFFFF, 0xFFFF, 0xFFFF, 0xFFFF, 0xFFFF, 0xFFFF, 0xFFFF, 0xFFFF, 0xF7FF, 0xF7DF,
  0xEFDF, 0xF7DF, 0xEFFF, 0xF7DF, 0xEFFF, 0xEFDF, 0xEFDF, 0xEFBF, 0xE7BF, 0xEF9F, 0xE79F, 0xE79E,
  0xE79F, 0xE79E, 0xE79F, 0xE79F, 0xE7BF, 0xEF9F, 0xE79F, 0xE79E, 0xE79F, 0xEFBF, 0xD73D, 0xA535,
  0x8451, 0x6B4D, 0x4AAB, 0x630C, 0x632D, 0x6B2D, 0x634D, 0x5AEB, 0x6BAE, 0x9CF3, 0x8C71, 0x8C71,
  0x7BEF, 0x7BAE, 0xA554, 0x9491, 0x73AD, 0x8C2F, 0xA514, 0x7BAE, 0x73AD, 0x6B4B, 0x6B6C, 0xA4F2,
  0x842F, 0x9490, 0xCE57, 0xDE98, 0xB5B5, 0xC616, 0xCE57, 0xC5F5, 0x6B6D, 0x6B8E, 0x5AEB, 0x5B2C,
  0x840E, 0x8C6F, 0x73AE, 0x6B8D, 0xAD55, 0xEF9E, 0xEF9E, 0xF7FF, 0xFFFF, 0xDF3C, 0xD6B9, 0xB5B6,
  0xE71C, 0xEF9E, 0xF7BE, 0xFFFF, 0xFFFF, 0xF7DF, 0xFFFF, 0xFFFF, 0xFFFF, 0xFFFF, 0xFFFF, 0xFFFF,
  0xFFFF, 0xFFFF, 0xFFFF, 0xFFFF, 0xFFFF, 0xFFFF, 0xFFFF, 0xFFFF, 0xFFFF, 0xFFFF, 0xFFFF, 0xFFFF,
  0xFFFF, 0xFFFF, 0xFFFF, 0xFFFF, 0xFFFF, 0xFFFF, 0xFFFF, 0xFFFF, 0xFFFF, 0xFFFF, 0xFFFF, 0xFFFF,
  0xFFFF, 0xFFFF, 0xFFFF, 0xFFFF, 0xFFFF, 0xFFFF, 0xFFFF, 0xFFFF, 0xFFFF, 0xFFFF, 0xFFFF, 0xFFFF,
  0xFFFF, 0xFFFF, 0xFFFF, 0xFFFF, 0xFFFF, 0xFFFF, 0xFFFF, 0xF7FF, 0xFFFF, 0xF7FF, 0xFFFF, 0xF7FF,
  0xF7FF, 0xF7FF, 0xF7DF, 0xEFDF, 0xEFBF, 0xEFBF, 0xEFBF, 0xE7BF, 0xEF9E, 0xE79F, 0xEF9E, 0xE7BF,
  0xEF9E, 0xE7BF, 0xEF9E, 0xE79F, 0xEF9E, 0xE7BF, 0xC618, 0x7C31, 0x7BEF, 0x6B8E, 0x5ACB, 0x7C10,
  0x736D, 0x7C10, 0x6B4C, 0x73CE, 0x7BCE, 0x94B2, 0xAD34, 0x8C71, 0x6B2C, 0x840F, 0xAD54, 0x7BCE,
  0x9470, 0xC637, 0x9490, 0x6B8C, 0x8C4F, 0x7C0E, 0x7BAD, 0x7BEE, 0xAD32, 0xC616, 0xC5D5, 0xB5B4,
  0xBDB4, 0xCE77, 0xD698, 0xCE57, 0x636E, 0x6B6E, 0x52EC, 0x5ACB, 0x73CD, 0x840E, 0x6BAE, 0x5AEB,
  0x94F4, 0xFFFF, 0xF7FF, 0xF7DF, 0xFFFF, 0xCE59, 0xAD96, 0xBDB6, 0xCE9A, 0xD69A, 0xEF9E, 0xF79E,
  0xEF9E, 0xF7BE, 0xF7FF, 0xFFFF, 0xFFFF, 0xFFFF, 0xFFFF, 0xFFFF, 0xFFFF, 0xFFFF, 0xFFFF, 0xFFFF,
  0xFFFF, 0xFFFF, 0xFFFF, 0xFFFF, 0xFFFF, 0xFFFF, 0xFFFF, 0xFFFF, 0xFFFF, 0xFFFF, 0xFFFF, 0xFFFF,
  0xFFFF, 0xFFFF, 0xFFFF, 0xFFFF, 0xFFFF, 0xFFFF, 0xFFFF, 0xFFFF, 0xFFFF, 0xFFFF, 0xFFFF, 0xFFFF,
  0xFFFF, 0xFFFF, 0xFFFF, 0xFFFF, 0xFFFF, 0xFFFF, 0xFFFF, 0xFFFF, 0xFFFF, 0xFFFF, 0xFFFF, 0xFFFF,
  0xFFFF, 0xFFFF, 0xFFFF, 0xFFFF, 0xF7FF, 0xFFFF, 0xFFFF, 0xFFFF, 0xF7FF, 0xF7FF, 0xEFFF, 0xF7DF,
  0xEFDF, 0xEFDF, 0xEFDF, 0xEFBF, 0xE7BF, 0xE79E, 0xE7BF, 0xE79F, 0xE79F, 0xE79F, 0xE79F, 0xE79E,
  0xE79F, 0xEFBF, 0x94F4, 0x7BF0, 0x8C92, 0x6B4D, 0x5B0D, 0x7BF0, 0x5AEC, 0x6B4D, 0x634D, 0x9CB2,
  0x7BCF, 0x8C30, 0x6B8E, 0x8410, 0x8C91, 0xC617, 0xC638, 0xAD54, 0xB5B5, 0xB574, 0x840F, 0xAD33,
  0xA554, 0x8C2F, 0x8C50, 0x9490, 0x9CF2, 0x944F, 0x94B1, 0xBD94, 0xBDF6, 0xD677, 0xBE16, 0xBDB5,
  0x6B6D, 0x5B0C, 0x52CB, 0x530C, 0x6B4C, 0x73CE, 0x6B6C, 0x52EB, 0x9CD3, 0xF7FF, 0xF79E, 0xF7DF,
  0xEF9D, 0xC658, 0xCE38, 0xDF1B, 0xD6BA, 0xE77D, 0xE71B, 0xE73C, 0xF7BE, 0xF7BF, 0xF7FF, 0xFFFF,
  0xFFFF, 0xFFFF, 0xFFFF, 0xFFFF, 0xFFFF, 0xFFFF, 0xFFFF, 0xFFFF, 0xFFFF, 0xFFFF, 0xFFFF, 0xFFFF,
  0xFFFF, 0xFFFF, 0xFFFF, 0xFFFF, 0xFFFF, 0xFFFF, 0xFFFF, 0xFFFF, 0xFFFF, 0xFFFF, 0xFFFF, 0xFFFF,
  0xFFFF, 0xFFFF, 0xFFFF, 0xFFFF, 0xFFFF, 0xFFFF, 0xFFFF, 0xFFFF, 0xFFFF, 0xFFFF, 0xFFFF, 0xFFFF,
  0xFFFF, 0xFFFF, 0xFFFF, 0xFFFF, 0xFFFF, 0xFFFF, 0xFFFF, 0xFFFF, 0xFFFF, 0xFFFF, 0xFFFF, 0xFFFF,
  0xFFFF, 0xFFFF, 0xFFFF, 0xFFFF, 0xFFFF, 0xFFFF, 0xFFFF, 0xF7FF, 0xF7DF, 0xF7FF, 0xF7FF, 0xEFDF,
  0xEFBF, 0xE7BF, 0xEF9E, 0xE7BF, 0xEF9E, 0xE79F, 0xEF9E, 0xE79F, 0xEF9E, 0xEFDF, 0xBDD6, 0x8471,
  0x8C51, 0x5B0C, 0x5AEB, 0x7BF0, 0x840F, 0xA534, 0x9491, 0x94B2, 0x7BAE, 0x6B4D, 0x83EF, 0x632C,
  0x6B2C, 0x9D13, 0xB594, 0xAD74, 0xB594, 0x9CD2, 0xCE37, 0xAD74, 0xAD32, 0xBDF6, 0xC5F5, 0xC616,
  0xB532, 0xB594, 0xB552, 0xA4F1, 0xC5D5, 0xCE57, 0xCE56, 0xD698, 0x5B0D, 0x5ACB, 0x4AAB, 0x5B0C,
  0x634D, 0x7BCF, 0x6BAE, 0x6B4D, 0xAD96, 0xE73D, 0xE77E, 0xEF7E, 0xD6DB, 0xCE99, 0x94D3, 0xCE38,
  0xE77E, 0xFFDF, 0xD6DB, 0xC638, 0xDF3D, 0xFFFF, 0xFFFF, 0xFFFF, 0xFFFF, 0xFFFF, 0xFFFF, 0xFFFF,
  0xFFFF, 0xFFFF, 0xFFFF, 0xFFFF, 0xFFFF, 0xFFFF, 0xFFFF, 0xFFFF, 0xFFFF, 0xFFFF, 0xFFFF, 0xFFFF,
  0xFFFF, 0xFFFF, 0xFFFF, 0xFFFF, 0xFFFF, 0xFFFF, 0xFFFF, 0xFFFF, 0xFFFF, 0xFFFF, 0xFFFF, 0xFFFF,
  0xFFFF, 0xFFFF, 0xFFFF, 0xFFFF, 0xFFFF, 0xFFFF, 0xFFFF, 0xFFFF, 0xFFFF, 0xFFFF, 0xFFFF, 0xFFFF,
  0xFFFF, 0xFFFF, 0xFFFF, 0xFFFF, 0xFFFF, 0xFFFF, 0xFFFF, 0xFFFF, 0xFFFF, 0xFFFF, 0xFFFF, 0xFFFF,
  0xFFFF, 0xFFFF, 0xF7FF, 0xF7FF, 0xF7FF, 0xF7FF, 0xF7FF, 0xEFBF, 0xE7BF, 0xEF9F, 0xE79F, 0xE79F,
  0xE79F, 0xE79E, 0xE79F, 0xE79E, 0xE7BF, 0xEFBF, 0xA555, 0x94B2, 0x8451, 0x5AEC, 0x636E, 0x8410,
  0x8C71, 0x9492, 0x634D, 0x8410, 0xA534, 0x7BAE, 0x6B4D, 0x528A, 0x8450, 0xB595, 0x9491, 0xA513,
  0xC637, 0xD699, 0xB5D6, 0xB595, 0xCE98, 0xBDB5, 0xBDF6, 0xCE37, 0xA512, 0xDE77, 0xDED9, 0xD657,
  0xAD53, 0xAD53, 0xA532, 0xE6F9, 0x52AB, 0x4AAB, 0x52AB, 0x4A8B, 0x62EB, 0x73AE, 0x736C, 0x73AD,
  0x8C71, 0xEF9E, 0xEF3C, 0xC638, 0xB574, 0xAD74, 0xA512, 0xB5D5, 0xDEDA, 0xD6DB, 0xCE79, 0xCE9A,
  0xE75D, 0xFFFF, 0xFFFF, 0xFFFF, 0xFFFF, 0xFFFF, 0xFFFF, 0xFFFF, 0xFFFF, 0xFFFF, 0xFFFF, 0xFFFF,
  0xFFFF, 0xFFFF, 0xFFFF, 0xFFFF, 0xFFFF, 0xFFFF, 0xFFFF, 0xFFFF, 0xFFFF, 0xFFFF, 0xFFFF, 0xFFFF,
  0xFFFF, 0xFFFF, 0xFFFF, 0xFFFF, 0xFFFF, 0xFFFF, 0xFFFF, 0xFFFF, 0xFFFF, 0xFFFF, 0xFFFF, 0xF7FF,
  0xFFFF, 0xFFFF, 0xFFFF, 0xFFFF, 0xFFFF, 0xFFFF, 0xFFFF, 0xFFFF, 0xFFFF, 0xFFFF, 0xFFFF, 0xFFFF,
  0xFFFF, 0xFFFF, 0xFFFF, 0xFFFF, 0xFFFF, 0xFFFF, 0xFFFF, 0xFFFF, 0xFFFF, 0xFFFF, 0xFFFF, 0xF7FF,
  0xFFFF, 0xF7FF, 0xF7FF, 0xEFDF, 0xEFBF, 0xE79F, 0xEF9E, 0xE7BF, 0xEF9E, 0xE7BF, 0xEF9E, 0xEFBF,
  0xEF7E, 0xADB7, 0xA4F3, 0x8430, 0x83EF, 0x73AE, 0x9CF3, 0x634D, 0x9CF3, 0xA534, 0x528A, 0x8C51,
  0xBDD6, 0x73AE, 0x6B4C, 0x738E, 0xBDB6, 0x9CF3, 0x7BCE, 0xA554, 0xD698, 0xC637, 0xD677, 0xD6B9,
  0xBDD5, 0xA512, 0xBD94, 0x9490, 0xB573, 0xEF5A, 0xD636, 0xA512, 0xDE97, 0xC616, 0xCE36, 0xCE57,
  0x52CB, 0x52AB, 0x4AAB, 0x4A6A, 0x5AEB, 0x736D, 0x73AD, 0x738C, 0x52EC, 0xD6BA, 0xEF7E, 0xA513,
  0xBE17, 0xAD54, 0xB5D6, 0x9CD1, 0xB596, 0xD69A, 0xE75D, 0xE73C, 0xDF1C, 0xF79E, 0xF7FF, 0xFFFF,
  0xF7FF, 0xFFFF, 0xF7FF, 0xFFFF, 0xF7FF, 0xFFFF, 0xF7FF, 0xFFFF, 0xF7FF, 0xFFFF, 0xFFFF, 0xFFFF,
  0xFFFF, 0xFFFF, 0xFFFF, 0xFFFF, 0xFFFF, 0xFFFF, 0xFFFF, 0xFFFF, 0xFFFF, 0xFFFF, 0xFFFF, 0xFFFF,
  0xFFFF, 0xFFFF, 0xFFFF, 0xFFFF, 0xFFFF, 0xFFFF, 0xFFFF, 0xFFFF, 0xF7FF, 0xFFFF, 0xF7FF, 0xFFFF,
  0xF7FF, 0xFFFF, 0xFFFF, 0xFFFF, 0xFFFF, 0xFFFF, 0xFFFF, 0xFFFF, 0xFFFF, 0xFFFF, 0xFFFF, 0xFFFF,
  0xFFFF, 0xFFFF, 0xFFFF, 0xFFFF, 0xFFFF, 0xFFFF, 0xFFFF, 0xFFFF, 0xFFFF, 0xFFFF, 0xF7FF, 0xEF9F,
  0xE79F, 0xE77E, 0xE79F, 0xE79E, 0xE79F, 0xEF9F, 0xE7BF, 0xE77E, 0x9D35, 0x8C72, 0x94D3, 0x738E,
  0x94B3, 0x8410, 0x6B6E, 0x8410, 0x9CF3, 0x7BEF, 0x7C10, 0x7BCF, 0x9CD3, 0x8C51, 0xA534, 0xAD34,
  0x8451, 0x7BCE, 0xBE18, 0xBDB6, 0xCE58, 0xDEFA, 0xC637, 0xD6B9, 0xAD94, 0xA4F2, 0x9470, 0xA4F1,
  0xE71A, 0xD677, 0xAD33, 0xE6F9, 0xCE57, 0xB573, 0xCE57, 0x9CD1, 0x5ACB, 0x4A6A, 0x52AB, 0x4A8B,
  0x5ACB, 0x6BAE, 0x6B6B, 0x73AD, 0x630B, 0x8471, 0xFFFF, 0xCE99, 0xAD54, 0xB5D6, 0xC5F7, 0xAD75,
  0xBDD7, 0xC638, 0xEF5D, 0xEF9E, 0xE73C, 0xEFBF, 0xFFFF, 0xFFFF, 0xFFFF, 0xFFFF, 0xFFFF, 0xFFFF,
  0xFFFF, 0xF7FF, 0xFFFF, 0xF7FF, 0xFFFF, 0xFFFF, 0xFFFF, 0xFFFF, 0xFFFF, 0xFFFF, 0xFFFF, 0xFFFF,
  0xFFFF, 0xFFFF, 0xFFFF, 0xFFFF, 0xFFFF, 0xFFFF, 0xFFFF, 0xFFFF, 0xFFFF, 0xFFFF, 0xFFFF, 0xFFFF,
  0xFFFF, 0xFFFF, 0xFFFF, 0xFFFF, 0xFFFF, 0xFFFF, 0xFFFF, 0xFFFF, 0xFFFF, 0xFFFF, 0xFFFF, 0xFFFF,
  0xFFFF, 0xFFFF, 0xFFFF, 0xFFFF, 0xFFFF, 0xFFFF, 0xFFFF, 0xFFFF, 0xFFFF, 0xFFFF, 0xFFFF, 0xFFFF,
  0xFFFF, 0xFFFF, 0xFFFF, 0xFFFF, 0xFFFF, 0xF7FF, 0xEFDF, 0xE7BF, 0xEF9E, 0xE79F, 0xEF9E, 0xE79F,
  0xE79E, 0xE79F, 0xF7DF, 0xA576, 0x83EF, 0x8410, 0x8C51, 0x8C71, 0x7BEF, 0x634C, 0x6B6D, 0x7C10,
  0x6B2C, 0x7BEF, 0x83EF, 0x8450, 0x7BCE, 0x6B8D, 0xA513, 0x9CD2, 0xAD33, 0xCE78, 0xE6F9, 0xDF1A,
  0xE71A, 0xE73B, 0xFFBD, 0xA533, 0x734B, 0xA532, 0xAD32, 0xE6F9, 0xDE98, 0xBDB4, 0xE6B8, 0xCE57,
  0xA4D0, 0xD677, 0xCE36, 0xBDD4, 0x5B0C, 0x5AEC, 0x426A, 0x4A6A, 0x4AAA, 0x6B4D, 0x634C, 0x6B6C,
  0x73EF, 0x7BEF, 0xAD96, 0xBE17, 0xBE17, 0xB595, 0xAD55, 0x840F, 0x7BF0, 0xA514, 0xBE18, 0xDEDB,
  0xE77E, 0xF7DF, 0xEF9E, 0xCE59, 0xEFBF, 0xEF9E, 0xFFFF, 0xFFFF, 0xF7FF, 0xFFFF, 0xF7FF, 0xFFFF,
  0xF7FF, 0xFFFF, 0xF7FF, 0xFFFF, 0xF7FF, 0xFFFF, 0xF7FF, 0xFFFF, 0xFFFF, 0xFFFF, 0xFFFF, 0xFFFF,
  0xFFFF, 0xFFFF, 0xFFFF, 0xFFFF, 0xFFFF, 0xFFFF, 0xFFFF, 0xFFFF, 0xFFFF, 0xFFFF, 0xFFFF, 0xFFFF,
  0xF7FF, 0xFFFF, 0xF7FF, 0xFFFF, 0xF7FF, 0xFFFF, 0xF7FF, 0xFFFF, 0xFFFF, 0xFFFF, 0xFFFF, 0xFFFF,
  0xFFFF, 0xFFFF, 0xFFFF, 0xFFFF, 0xFFFF, 0xFFFF, 0xFFFF, 0xFFFF, 0xFFFF, 0xFFFF, 0xFFFF, 0xFFFF,
  0xF7FF, 0xFFFF, 0xEFFF, 0xEFBF, 0xE7BF, 0xE79F, 0xE79F, 0xE77E, 0xE79F, 0xEF9F, 0xDF5E, 0x7C31,
  0x632D, 0x8410, 0x94D3, 0x632D, 0x7C10, 0x8451, 0x94D3, 0x7BAF, 0x73AF, 0x83EF, 0x5B0C, 0xA514,
  0x9D14, 0x8C30, 0x9D14, 0xCE38, 0xCE78, 0xC617, 0xA533, 0xAD33, 0xDEFA, 0xCE36, 0x8450, 0x62EA,
  0x94B1, 0xD678, 0xCE57, 0xD657, 0xC616, 0xBDB4, 0xB594, 0x8C0E, 0x9CB0, 0x9CB0, 0xDEF9, 0xD657,
  0x632C, 0x5AEC, 0x528A, 0x4A8B, 0x4A69, 0x52CB, 0x738D, 0x5B0B, 0x73CD, 0x846F, 0x7C0E, 0xB5F5,
  0xC617, 0xC638, 0x83CF, 0x5AAA, 0x9BF0, 0x93F0, 0xC5F7, 0xE73D, 0xF79E, 0xFFFF, 0xB534, 0x8C31,
  0xE71B, 0xFFFF, 0xFFFF, 0xFFFF, 0xFFFF, 0xFFFF, 0xFFFF, 0xFFFF, 0xFFFF, 0xF7FF, 0xFFFF, 0xF7FF,
  0xFFFF, 0xFFFF, 0xFFFF, 0xFFFF, 0xFFFF, 0xFFFF, 0xFFFF, 0xFFFF, 0xFFFF, 0xFFFF, 0xFFFF, 0xFFFF,
  0xFFFF, 0xFFFF, 0xFFFF, 0xFFFF, 0xFFFF, 0xFFFF, 0xFFFF, 0xFFFF, 0xFFFF, 0xF7FF, 0xFFFF, 0xF7FF,
  0xFFFF, 0xF7FF, 0xFFFF, 0xFFFF, 0xFFFF, 0xFFFF, 0xFFFF, 0xFFFF, 0xFFFF, 0xFFFF, 0xFFFF, 0xFFFF,
  0xFFFF, 0xFFFF, 0xFFFF, 0xFFFF, 0xFFFF, 0xFFFF, 0xFFFF, 0xFFFF, 0xFFFF, 0xF7FF, 0xF7DF, 0xEFDF,
  0xEFBF, 0xE7BF, 0xEF9E, 0xE79F, 0xE77E, 0xEFDF, 0xC618, 0x6B8E, 0x73AE, 0x8C72, 0x6B4C, 0x6BAE,
  0xAD54, 0x94D3, 0x9492, 0x73CF, 0x8C30, 0x8451, 0x6B4C, 0x9D13, 0xAD54, 0xAD75, 0xBDD5, 0xC658,
  0xB594, 0x8C91, 0x840E, 0xAD74, 0xBDB5, 0x5AEA, 0x734B, 0x738D, 0x8BED, 0x9CD1, 0xBD93, 0xBDD5,
  0x9C8F, 0xAD12, 0x8C0D, 0xBDB4, 0xCE36, 0xA532, 0xDED8, 0xCE56, 0x5B0C, 0x5ACB, 0x52AC, 0x52AB,
  0x52CB, 0x528A, 0x6BAE, 0x73AE, 0x5B2A, 0x6B8C, 0x73EE, 0x8C70, 0xA534, 0xBDD6, 0x8C10, 0x83AE,
  0xA472, 0x9C11, 0xB5D7, 0xE6FC, 0xE75D, 0xE75D, 0xBDD7, 0x83EF, 0xEFBF, 0xF7BE, 0xF7FF, 0xFFFF,
  0xF7FF, 0xFFFF, 0xF7FF, 0xFFFF, 0xF7FF, 0xFFFF, 0xF7FF, 0xFFFF, 0xFFFF, 0xFFFF, 0xFFFF, 0xFFFF,
  0xFFFF, 0xFFFF, 0xFFFF, 0xFFFF, 0xFFFF, 0xFFFF, 0xFFFF, 0xFFFF, 0xFFFF, 0xFFFF, 0xFFFF, 0xFFFF,
  0xFFFF, 0xFFFF, 0xFFFF, 0xFFFF, 0xF7FF, 0xFFFF, 0xF7FF, 0xFFFF, 0xFFFF, 0xFFFF, 0xFFFF, 0xFFFF,
  0xFFFF, 0xFFFF, 0xFFFF, 0xFFFF, 0xFFFF, 0xFFFF, 0xFFFF, 0xFFFF, 0xFFFF, 0xFFFF, 0xFFFF, 0xFFFF,
  0xFFFF, 0xFFFF, 0xFFFF, 0xFFFF, 0xF7FF, 0xF7BF, 0xEFDF, 0xEFBF, 0xE7BF, 0xEF9F, 0xE79F, 0xE79E,
  0xE79F, 0xF7DF, 0x9D14, 0x6B6E, 0x8CB3, 0x73AE, 0x7C10, 0x94B2, 0x9CF3, 0xA514, 0x94B3, 0x6B6D,
  0x7BF0, 0x7BCF, 0x8471, 0x8C51, 0x7BEF, 0x9CB2, 0xA554, 0x9CF2, 0x8CB1, 0xAD74, 0xCE99, 0xAD54,
  0x8C70, 0x9CD2, 0x9CF2, 0x83EE, 0x9CB1, 0xBD94, 0xD698, 0x944F, 0x9CD1, 0xC5F5, 0xD677, 0xE6D9,
  0xBDF6, 0xDE98, 0xE73B, 0xC5D5, 0x73AE, 0x6B8E, 0x630B, 0x52EB, 0x632D, 0x52CB, 0x5AEB, 0x7C0F,
  0x630B, 0x52CA, 0x9491, 0xBE17, 0xBD53, 0xA4D1, 0x8B8D, 0x836D, 0x93CE, 0xA451, 0xD69A, 0xDEFB,
  0xE77D, 0xEFBE, 0xD658, 0x8C50, 0xFFFF, 0xF7FF, 0xF7FF, 0xFFFF, 0xFFFF, 0xFFFF, 0xFFFF, 0xF7FF,
  0xFFFF, 0xF7FF, 0xFFFF, 0xF7FF, 0xFFFF, 0xFFFF, 0xFFFF, 0xFFFF, 0xFFFF, 0xFFFF, 0xFFFF, 0xFFFF,
  0xFFFF, 0xFFFF, 0xFFFF, 0xFFFF, 0xFFFF, 0xFFFF, 0xFFFF, 0xFFFF, 0xFFFF, 0xF7FF, 0xEFBF, 0xDF7F,
  0xF7FF, 0xF7FF, 0xFFFF, 0xFFFF, 0xFFFF, 0xFFFF, 0xFFFF, 0xFFFF, 0xFFFF, 0xFFFF, 0xFFFF, 0xFFFF,
  0xFFFF, 0xFFFF, 0xFFFF, 0xFFFF, 0xFFFF, 0xFFFF, 0xFFFF, 0xFFFF, 0xFFFF, 0xFFFF, 0xFFFF, 0xFFFF,
  0xFFFF, 0xF7FF, 0xF7DF, 0xEFDF, 0xEFBF, 0xEFBF, 0xEF9E, 0xE79F, 0xF7DF, 0xD6DC, 0x7BEF, 0x8451,
  0x8430, 0x73EF, 0x9CD2, 0x8451, 0xA513, 0x8C71, 0x8C71, 0x7C10, 0x6B4D, 0x8C92, 0x9CD2, 0x6B6D,
  0x83EF, 0x7BEF, 0x83EE, 0xA513, 0xC617, 0xC637, 0x62EB, 0x7BCE, 0xD698, 0xB5B4, 0xBD94, 0xC5F5,
  0xACF1, 0xDE98, 0xBD93, 0xAD12, 0xCDF5, 0xC5F5, 0xD636, 0xC616, 0xE6D8, 0xC616, 0xB573, 0xD677,
  0x636E, 0x5AEB, 0x636E, 0x6B8E, 0x634E, 0x52AB, 0x4249, 0x5AEB, 0x6B8E, 0x528A, 0xAD96, 0xE71B,
  0xAD33, 0x838D, 0x83AE, 0xA450, 0x8BCF, 0x9C30, 0xD6DB, 0xD69A, 0xC69A, 0xDF3C, 0xAD55, 0x8C10,
  0xDF1D, 0xF7DF, 0xF7FF, 0xFFFF, 0xF7FF, 0xFFFF, 0xF7FF, 0xFFFF, 0xF7FF, 0xFFFF, 0xF7FF, 0xF7FF,
  0xF7FF, 0xFFFF, 0xFFFF, 0xFFFF, 0xFFFF, 0xFFFF, 0xFFFF, 0xFFFF, 0xF7FF, 0xFFFF, 0xFFFF, 0xFFFF,
  0xFFFF, 0xFFFF, 0xFFFF, 0xFFFF, 0xFFFF, 0xF7BF, 0xD73E, 0xE79F, 0xF7FF, 0xFFFF, 0xF7FF, 0xFFFF,
  0xFFFF, 0xFFFF, 0xFFFF, 0xFFFF, 0xFFFF, 0xFFFF, 0xFFFF, 0xFFFF, 0xFFFF, 0xFFFF, 0xFFFF, 0xFFFF,
  0xFFFF, 0xFFFF, 0xFFFF, 0xFFFF, 0xFFFF, 0xFFFF, 0xFFFF, 0xFFFF, 0xFFFF, 0xFFFF, 0xF7FF, 0xF7DF,
  0xEFDF, 0xEFBF, 0xE7BF, 0xE79F, 0xF7FF, 0x9CF4, 0x636E, 0x94D3, 0x8C92, 0x6B4D, 0x7C10, 0x9CB2,
  0x8451, 0x73AE, 0x8C92, 0x8430, 0x94B3, 0x9CB2, 0x7BF0, 0x8410, 0x8C71, 0x83EF, 0x94D3, 0xBDD6,
  0x7C0F, 0x4228, 0x94B2, 0xC5F7, 0xAD94, 0xCE57, 0xD698, 0x9C90, 0xB574, 0xCDF5, 0x840E, 0xA4B0,
  0xAD32, 0xBDB4, 0xAD73, 0xCDF5, 0xBDB5, 0x9C90, 0xA4F2, 0xA4F1, 0x73AE, 0x634D, 0x62EB, 0x634D,
  0x9430, 0x8C0F, 0x6B4D, 0x52CB, 0x630B, 0x5B0B, 0x736D, 0x8451, 0x736E, 0x5ACC, 0x8BCD, 0xB554,
  0xB4F1, 0x940E, 0x7432, 0x7473, 0x638F, 0x6C11, 0x7BAE, 0xAD35, 0xEF9D, 0xEFDE, 0xFFFF, 0xF7FF,
  0xFFFF, 0xF7FF, 0xFFFF, 0xFFFF, 0xFFFF, 0xFFFF, 0xFFFF, 0xF7FF, 0xEFBF, 0xEFDF, 0xF7BF, 0xF7FF,
  0xFFFF, 0xFFFF, 0xFFFF, 0xF7FF, 0xFFFF, 0xFFFF, 0xFFFF, 0xFFFF, 0xFFFF, 0xFFFF, 0xFFFF, 0xFFFF,
  0xFFFF, 0xEFBF, 0xEF9E, 0xF7FF, 0xF7FF, 0xF7FF, 0xFFFF, 0xFFFF, 0xFFFF, 0xFFFF, 0xFFFF, 0xF7FF,
  0xFFFF, 0xEFBF, 0xE77E, 0xEFFF, 0xFFFF, 0xFFFF, 0xFFFF, 0xFFFF, 0xFFFF, 0xFFFF, 0xFFFF, 0xFFFF,
  0xFFFF, 0xFFFF, 0xFFFF, 0xFFFF, 0xFFFF, 0xFFFF, 0xFFFF, 0xF7FF, 0xF7DF, 0xEFDF, 0xEF9E, 0xEFDF,
  0xEF5D, 0x8472, 0x8430, 0x9CF3, 0x8C71, 0x8430, 0x8430, 0x94D3, 0xA4F3, 0x8C92, 0x840F, 0x7C10,
  0x83EF, 0x5B0C, 0x630B, 0x840F, 0xAD34, 0x9D13, 0x840F, 0x4A69, 0x4A27, 0x9CF3, 0xC5D5, 0x8C70,
  0xD677, 0xCE57, 0xBD93, 0xB573, 0xDE77, 0x9CB0, 0x83AC, 0x8C0E, 0xC5D4, 0xD677, 0xE6D8, 0xCE36,
  0xA4D0, 0xBD94, 0xCDF5, 0xCE57, 0x6B6E, 0x6B8E, 0x52CB, 0x6B2C, 0x9CB3, 0xA4D3, 0x7BF0, 0x5ACB,
  0x634D, 0x5AEB, 0x634D, 0x6B4D, 0x4209, 0x41E8, 0x736C, 0x9C50, 0xA491, 0xA450, 0x536F, 0x5B90,
  0x4AED, 0x52ED, 0xA514, 0xEF1C, 0xEFFF, 0xFFFF, 0xF7FF, 0xFFFF, 0xF7FF, 0xFFFF, 0xF7FF, 0xFFFF,
  0xF7FF, 0xFFFF, 0xF7FF, 0xF7DF, 0xDF9F, 0xE77F, 0xEFDF, 0xFFFF, 0xFFFF, 0xFFFF, 0xF7FF, 0xFFFF,
  0xFFFF, 0xFFFF, 0xFFFF, 0xFFFF, 0xFFFF, 0xFFFF, 0xFFFF, 0xFFFF, 0xF7FF, 0xF7FF, 0xEFFF, 0xF7FF,
  0xFFFF, 0xFFFF, 0xFFFF, 0xFFFF, 0xFFFF, 0xFFFF, 0xFFFF, 0xFFFF, 0xF7FF, 0xFFFF, 0xEFDF, 0xE77F,
  0xEFBF, 0xFFFF, 0xFFFF, 0xFFDF, 0xEFBF, 0xF7FF, 0xFFFF, 0xFFFF, 0xFFFF, 0xFFFF, 0xFFFF, 0xFFFF,
  0xFFFF, 0xFFFF, 0xFFFF, 0xFFFF, 0xF7FF, 0xF7DF, 0xE7BF, 0xF7FF, 0xBE39, 0x9CD3, 0x9CF4, 0x8430,
  0x6B8E, 0x634D, 0x8431, 0x8C51, 0x8431, 0x9492, 0x9D14, 0xAD55, 0x634D, 0x7BCF, 0x94B2, 0x94B2,
  0x9CF3, 0x8C50, 0x636D, 0x738D, 0xA534, 0x9CB2, 0x6B6C, 0xCE37, 0xCE98, 0xB573, 0xC616, 0xD657,
  0xC616, 0xB573, 0xA4F2, 0xAD12, 0xCE36, 0xDE77, 0xAD53, 0xA4D1, 0xC616, 0xF75B, 0xDEB8, 0xAD12,
  0x6B6D, 0x7C30, 0x738E, 0x8451, 0xA450, 0x940F, 0x9430, 0x62EB, 0x634C, 0x530B, 0x7BCF, 0x73AE,
  0x424A, 0x52ED, 0x9471, 0x8C51, 0x9C0E, 0xACB1, 0x84B4, 0x534F, 0x428B, 0x532E, 0xEF7E, 0xEFBF,
  0xDF5E, 0xE7DF, 0xF7FF, 0xF7FF, 0xFFFF, 0xFFFF, 0xFFFF, 0xFFFF, 0xFFFF, 0xFFFF, 0xF7FF, 0xEFDF,
  0xEFBF, 0xE7BF, 0xF7FF, 0xFFFF, 0xFFFF, 0xFFFF, 0xFFFF, 0xFFFF, 0xFFFF, 0xFFFF, 0xFFFF, 0xFFFF,
  0xFFFF, 0xFFFF, 0xF7FF, 0xF7FF, 0xFFFF, 0xFFFF, 0xFFFF, 0xFFFF, 0xFFFF, 0xFFFF, 0xFFFF, 0xFFFF,
  0xFFFF, 0xFFFF, 0xFFFF, 0xFFFF, 0xFFFF, 0xFFFF, 0xFFFF, 0xFFFF, 0xFFFF, 0xFFFF, 0xFFFF, 0xFFFF,
  0xFFFF, 0xFFFF, 0xFFFF, 0xFFFF, 0xFFFF, 0xFFFF, 0xFFFF, 0xFFFF, 0xFFFF, 0xFFFF, 0xFFFF, 0xFFFF,
  0xFFFF, 0xF7FF, 0xF7FF, 0xF7FF, 0xAD55, 0x6B8E, 0x6B8E, 0x52EC, 0x5ACA, 0x94D3, 0x9CD3, 0x7C10,
  0xB5B6, 0x73CF, 0x8C30, 0x8C71, 0x7BEF, 0xA555, 0x8430, 0x73CE, 0x5AEB, 0x6B8D, 0x9491, 0xA554,
  0x840E, 0x52C9, 0xB594, 0xD6D9, 0xB574, 0xBDF6, 0xE6D9, 0xDED9, 0x944F, 0x630A, 0xA4B0, 0xC616,
  0xBD93, 0x8C4F, 0xAD12, 0xD698, 0xFFBC, 0xD698, 0x9C6F, 0xD636, 0x52EC, 0x7BCF, 0x7C10, 0x5ACB,
  0x730B, 0x9C30, 0x8C51, 0x6B0C, 0x4ACB, 0x634C, 0x9CF4, 0x5AAA, 0x320A, 0x634E, 0x738E, 0x83EF,
  0x8BAD, 0x93CD, 0x534F, 0x532E, 0x42CD, 0x5B6F, 0xD71D, 0xDF3D, 0xD75F, 0xDF5F, 0xE79F, 0xEFBF,
  0xF7FF, 0xFFFF, 0xF7FF, 0xFFFF, 0xFFFF, 0xFFFF, 0xEFFF, 0xEFBF, 0xE7BF, 0xEFBF, 0xF7FF, 0xFFFF,
  0xFFFF, 0xFFFF, 0xFFFF, 0xFFFF, 0xFFFF, 0xFFFF, 0xFFFF, 0xFFFF, 0xFFFF, 0xFFFF, 0xF7FF, 0xFFFF,
  0xFFFF, 0xFFFF, 0xFFFF, 0xFFFF, 0xFFFF, 0xFFFF, 0xFFFF, 0xFFFF, 0xFFFF, 0xFFFF, 0xFFFF, 0xFFFF,
  0xFFFF, 0xFFFF, 0xFFFF, 0xFFFF, 0xFFFF, 0xFFFF, 0xFFFF, 0xFFFF, 0xFFFF, 0xFFFF, 0xFFFF, 0xFFFF,
  0xFFFF, 0xFFFF, 0xFFFF, 0xFFFF, 0xFFFF, 0xFFFF, 0xF7FF, 0xF7FF, 0xF7FF, 0xFFFF, 0xF7FF, 0xFFFF,
  0x94D3, 0x7BEF, 0x7C31, 0x738E, 0x8CB3, 0x8C51, 0x7BEF, 0x9CB3, 0x634D, 0x94B2, 0x8C72, 0x7BAE,
  0x634D, 0x7BCE, 0x73EF, 0x5ACB, 0x634D, 0x8C51, 0x8C92, 0x7BCE, 0x4A68, 0x9470, 0xD6B9, 0xCE57,
  0xDEFA, 0xE6FA, 0xBDB5, 0x8C2F, 0x8C2F, 0x736C, 0x840E, 0xDE98, 0xB553, 0xDE98, 0xE6FA, 0xD657,
  0xA4F2, 0x4A06, 0xB573, 0xF73A, 0x62EB, 0x7C0F, 0xB513, 0x734C, 0x72EA, 0x9430, 0x7B8E, 0x6B6D,
  0x6B4D, 0x73AF, 0x936D, 0x7269, 0x9431, 0x8C30, 0x630C, 0x7C10, 0x8BEF, 0x6AEB, 0x31E9, 0x428C,
  0x4B0E, 0x63F1, 0xCE9A, 0xD6FB, 0xE77E, 0xDF7E, 0xE77E, 0xE79F, 0xEFBF, 0xF7FF, 0xFFFF, 0xF7FF,
  0xFFFF, 0xF7FF, 0xFFFF, 0xEFDF, 0xEF9E, 0xEFBF, 0xFFDE, 0xFFFF, 0xFFFF, 0xFFFF, 0xFFFF, 0xFFFF,
  0xFFFF, 0xFFFF, 0xFFFF, 0xFFFF, 0xFFFF, 0xFFFF, 0xFFFF, 0xFFFF, 0xFFFF, 0xFFFF, 0xFFFF, 0xFFFF,
  0xFFFF, 0xFFFF, 0xFFFF, 0xFFFF, 0xFFFF, 0xFFFF, 0xFFFF, 0xFFFF, 0xFFFF, 0xFFFF, 0xFFFF, 0xFFFF,
  0xFFFF, 0xFFFF, 0xFFFF, 0xFFFF, 0xFFFF, 0xFFFF, 0xFFFF, 0xFFFF, 0xFFFF, 0xFFFF, 0xFFFF, 0xFFFF,
  0xFFFF, 0xFFFF, 0xFFFF, 0xF7FF, 0xFFFF, 0xFFFF, 0xFFFF, 0xFFFF, 0xBDF7, 0x7BEF, 0x7BCF, 0x94D3,
  0x9CB2, 0x6B6D, 0x7BEF, 0x6BAE, 0x52AA, 0x7C10, 0x738D, 0x634D, 0x9CD3, 0x6B8E, 0x31A6, 0x6B6D,
  0xB574, 0xAD95, 0x9491, 0x4248, 0x6B4B, 0xD6B9, 0xEF1A, 0xCE78, 0xBD94, 0x9CF1, 0xB532, 0xB574,
  0xA4B1, 0x736C, 0x942E, 0xC5B5, 0xDE56, 0xBD94, 0x93ED, 0xACD0, 0x7B8C, 0xC5D5, 0xF73A, 0x942F,
  0x73CF, 0x738E, 0x9C91, 0x9430, 0x83CE, 0x836D, 0x73AF, 0x83F0, 0x8451, 0x6B6D, 0x8B4D, 0x8B0C,
  0x8C51, 0x7B8E, 0x52EC, 0x73CF, 0x8C30, 0x5A69, 0x320B, 0x3A4B, 0x328C, 0x6BF2, 0xD71C, 0xDF1C,
  0xE7BF, 0xEFBF, 0xEFFF, 0xEFBF, 0xE79F, 0xEFBF, 0xF7FF, 0xF7DF, 0xEFFF, 0xF7DF, 0xEFFF, 0xEFBF,
  0xE79F, 0xEFBF, 0xFFFF, 0xFFFF, 0xFFFF, 0xFFFF, 0xFFFF, 0xFFFF, 0xFFFF, 0xFFFF, 0xFFFF, 0xFFFF,
  0xF7FF, 0xFFFF, 0xF7FF, 0xFFFF, 0xFFFF, 0xFFFF, 0xFFFF, 0xFFFF, 0xFFFF, 0xFFFF, 0xFFFF, 0xFFFF,
  0xF7FF, 0xFFFF, 0xF7FF, 0xFFFF, 0xFFFF, 0xFFFF, 0xFFFF, 0xFFFF, 0xFFFF, 0xFFFF, 0xFFFF, 0xFFFF,
  0xFFFF, 0xFFFF, 0xFFFF, 0xFFFF, 0xFFFF, 0xFFFF, 0xFFFF, 0xFFFF, 0xFFFF, 0xFFFF, 0xF7FF, 0xFFFF,
  0xFFFF, 0xFFFF, 0xFFFF, 0xFFFF, 0xBE18, 0x738E, 0x73AF, 0x94B2, 0x9CF3, 0x7BEF, 0x632D, 0x738E,
  0x73EF, 0x94B2, 0x94D3, 0x83EF, 0x6BAF, 0x31C7, 0x632D, 0xA514, 0x9D14, 0x7BAE, 0x52CA, 0xA4F3,
  0xDF1B, 0xD699, 0x842F, 0x9CB1, 0xBDD5, 0xDE98, 0xCE37, 0x944F, 0x6B4B, 0x6B0A, 0x8C0E, 0x8BCD,
  0x942F, 0x7B4B, 0xB512, 0xBD53, 0xFF9C, 0xCE16, 0x62A9, 0x8BCD, 0x83CE, 0x842F, 0x72CA, 0x5A48,
  0x6AC9, 0x9C91, 0x9C0E, 0x838D, 0xA492, 0x83CF, 0x7B2D, 0x5249, 0x732C, 0xA514, 0x83AD, 0x83CE,
  0x83F0, 0x4208, 0x320A, 0x3A6C, 0x42AC, 0x63D1, 0xBE18, 0xBE59, 0xEF7D, 0xFFFF, 0xFFFF, 0xFFFF,
  0xFFFF, 0xEFBF, 0xF7DF, 0xF7FF, 0xF7BF, 0xEFDF, 0xF7DF, 0xEFDF, 0xF7FF, 0xF7FF, 0xFFFF, 0xFFFF,
  0xFFFF, 0xFFFF, 0xFFFF, 0xFFFF, 0xFFFF, 0xFFFF, 0xFFFF, 0xFFFF, 0xFFFF, 0xFFFF, 0xFFFF, 0xF7FF,
  0xFFFF, 0xFFFF, 0xFFFF, 0xFFFF, 0xFFFF, 0xFFFF, 0xFFFF, 0xFFFF, 0xF7FF, 0xF7FF, 0xF7DF, 0xEFDF,
  0xF7FF, 0xF7FF, 0xFFFF, 0xF7FF, 0xF7FF, 0xF7FF, 0xF7FF, 0xF7FF, 0xFFFF, 0xFFFF, 0xFFFF, 0xFFFF,
  0xFFFF, 0xFFFF, 0xFFFF, 0xFFFF, 0xFFFF, 0xF7FF, 0xFFFF, 0xF7FF, 0xFFFF, 0xFFFF, 0xFFFF, 0xFFFF,
  0xFFFF, 0xBDF7, 0x6B6D, 0x73CE, 0x840F, 0x5B0C, 0x62EB, 0x9CF3, 0x94B1, 0xBDF7, 0xAD74, 0x94B2,
  0x6B2B, 0x8430, 0xAD33, 0x9CF2, 0x738C, 0x5ACA, 0xBDB5, 0xC637, 0xBD94, 0x842F, 0xA4D1, 0xDED9,
  0xD656, 0xB553, 0x836B, 0x8BED, 0xACF1, 0x944F, 0xB4F0, 0xC573, 0xAC8F, 0x9C4E, 0xDE15, 0xCDF5,
  0xA4B0, 0x6B0A, 0xBD52, 0xBD93, 0x6B6D, 0x9470, 0x7B6D, 0x72EA, 0x6AEB, 0x9C70, 0x8BEE, 0x6227,
  0x6AEC, 0x732C, 0x7B8F, 0x7B4E, 0x8C10, 0xA4D3, 0x7B8D, 0x942F, 0x738F, 0x39A7, 0x320B, 0x3A2B,
  0x3A6C, 0x5B6F, 0xD73D, 0xE77D, 0xEFBF, 0xFFDF, 0xFFFF, 0xFFFF, 0xF7FF, 0xF7DF, 0xEFFF, 0xEFBF,
  0xEFDF, 0xEFBF, 0xEFDF, 0xF7BF, 0xEFFF, 0xEFBF, 0xEFDF, 0xF7FF, 0xF7FF, 0xF7DF, 0xFFFF, 0xFFFF,
  0xFFFF, 0xFFFF, 0xF7FF, 0xF7FF, 0xF7FF, 0xF7FF, 0xF7FF, 0xF7FF, 0xF7FF, 0xFFFF, 0xFFFF, 0xFFFF,
  0xFFFF, 0xFFFF, 0xFFFF, 0xFFFF, 0xF7FF, 0xF7FF, 0xEFDF, 0xEFBF, 0xEFFF, 0xF7FF, 0xF7FF, 0xF7FF,
  0xF7FF, 0xEFBF, 0xEFDF, 0xF7DF, 0xF7FF, 0xFFFF, 0xFFFF, 0xFFFF, 0xF7FF, 0xFFFF, 0xF7FF, 0xFFFF,
  0xF7FF, 0xFFFF, 0xF7FF, 0xFFFF, 0xF7FF, 0xFFFF, 0xFFFF, 0xFFFF, 0xF7FF, 0xD69A, 0x94D3, 0x8C71,
  0x8451, 0x738E, 0x9CF3, 0x8C51, 0xBE38, 0xB595, 0x7C30, 0x738E, 0x8450, 0x9CD2, 0xAD74, 0x8C4F,
  0x73AD, 0xAD33, 0x8C91, 0x9CB1, 0xC5F6, 0xB574, 0xC5F6, 0xBDB4, 0xB594, 0x9C90, 0x942F, 0xBD53,
  0x83AD, 0x6288, 0xBD73, 0xBD11, 0xA4B0, 0xCD93, 0xB532, 0x836B, 0xA4D1, 0xCDD5, 0xB573, 0xACD0,
  0x734B, 0x7BCD, 0x834B, 0x6ACA, 0x72C9, 0x93EE, 0x734C, 0x62CA, 0x6ACB, 0x6B2D, 0x7B8E, 0x6B2D,
  0x4A6A, 0x2187, 0x72CA, 0xB513, 0x62EC, 0x3187, 0x31EA, 0x320B, 0x3A29, 0x4AED, 0xD699, 0xF7BE,
  0xFFFF, 0xF7FF, 0xF7FF, 0xF7FF, 0xF7DF, 0xEFDF, 0xF7BF, 0xEFDF, 0xEFBF, 0xEFBF, 0xEFBF, 0xEFBF,
  0xEFBF, 0xEFDF, 0xEFBF, 0xEFFF, 0xF7FF, 0xF7FF, 0xF7FF, 0xEFFF, 0xF7DF, 0xF7FF, 0xF7FF, 0xF7FF,
  0xF7FF, 0xF7FF, 0xFFFF, 0xF7FF, 0xFFFF, 0xF7FF, 0xF7FF, 0xF7FF, 0xFFFF, 0xFFFF, 0xFFFF, 0xFFFF,
  0xFFFF, 0xFFFF, 0xFFFF, 0xFFFF, 0xFFFF, 0xF7FF, 0xF7DF, 0xEFFF, 0xF7FF, 0xEFFF, 0xF7FF, 0xF7FF,
  0xFFFF, 0xFFFF, 0xFFFF, 0xFFFF, 0xFFFF, 0xF7FF, 0xFFFF, 0xF7FF, 0xFFFF, 0xF7FF, 0xFFFF, 0xFFFF,
  0xFFFF, 0xFFFF, 0xFFFF, 0xEFBE, 0xAD54, 0x94F3, 0x94B2, 0x8450, 0x8C70, 0x9D13, 0xBDB6, 0x94D2,
  0xA513, 0x94D2, 0x736C, 0xA554, 0x8C2F, 0x94B1, 0x946F, 0x5AEA, 0x840E, 0x94B1, 0xC5B4, 0xCE36,
  0xA4D0, 0xBDB4, 0xC594, 0xBD94, 0xBD12, 0xA4B0, 0xACB0, 0x942E, 0x940D, 0xACD1, 0xC573, 0xBD73,
  0xC593, 0xCDF5, 0xACD1, 0xBD94, 0xF75A, 0xC5F5, 0xD657, 0xC5F5, 0x840F, 0x8C0E, 0x6ACA, 0x5A27,
  0x62A9, 0x836C, 0x630B, 0x5A69, 0x62EC, 0x83AF, 0x9492, 0x5A8B, 0x638F, 0x4AAB, 0xC554, 0xC554,
  0x7BF1, 0x39A7, 0x21CA, 0x31EA, 0x320A, 0x634F, 0x8431, 0xA534, 0xB5F8, 0xE75D, 0xF7FF, 0xF7FF,
  0xEFFF, 0xEFBF, 0xEFBF, 0xEF9F, 0xE7BF, 0xEF9F, 0xE7BF, 0xEF9E, 0xE7BF, 0xEFBF, 0xEFDF, 0xF7DF,
  0xF7FF, 0xF7DF, 0xEFDF, 0xEFBF, 0xEFBF, 0xF7BF, 0xEFFF, 0xF7FF, 0xF7FF, 0xFFFF, 0xFFFF, 0xFFFF,
  0xF7FF, 0xF7DF, 0xEFFF, 0xF7FF, 0xFFFF, 0xFFFF, 0xFFFF, 0xFFFF, 0xFFFF, 0xFFFF, 0xFFFF, 0xFFFF,
  0xFFFF, 0xFFFF, 0xEFDF, 0xEFBF, 0xEFDF, 0xF7DF, 0xF7FF, 0xFFFF, 0xFFFF, 0xFFFF, 0xFFFF, 0xFFFF,
  0xF7FF, 0xF7FF, 0xF7FF, 0xF7FF, 0xF7FF, 0xF7FF, 0xF7FF, 0xFFFF, 0xFFFF, 0xFFFF, 0xFFFF, 0xBDF7,
  0x8CB2, 0x8C51, 0x8CB2, 0x8450, 0x73CE, 0x9CF3, 0x9D14, 0x7BCE, 0x9D13, 0x7BEF, 0x94D3, 0x9CF3,
  0x5B0B, 0x840F, 0x8C70, 0xAD53, 0xCE78, 0xD698, 0xD698, 0xB553, 0xB594, 0xCDF5, 0xCE16, 0xBD74,
  0xBD53, 0xA490, 0xB512, 0xCDD5, 0xC5B4, 0xC573, 0xD636, 0xD615, 0xDE97, 0xBD73, 0xBD94, 0xC5B4,
  0x738C, 0x83CD, 0x9490, 0x7B6B, 0x8C2F, 0x840F, 0x5228, 0x4A49, 0x5A69, 0x7B8E, 0x5A27, 0x5A68,
  0xAC4F, 0xB4B1, 0x9C71, 0x5AAA, 0x62EB, 0x7C10, 0x8C0F, 0x630C, 0x9CD2, 0x8C92, 0x4249, 0x29A7,
  0x3A09, 0x4ACC, 0x5ACB, 0x8451, 0x9CD2, 0xA554, 0xEF7D, 0xFFFF, 0xF7BF, 0xEFBF, 0xEF9E, 0xEFBF,
  0xEF9E, 0xEFBF, 0xEF9E, 0xE79F, 0xEFBE, 0xEFBF, 0xEFBF, 0xEFDF, 0xF7FF, 0xF7FF, 0xEFDF, 0xE7BF,
  0xEF9E, 0xE7BF, 0xEF9E, 0xEFBF, 0xEFBF, 0xEFDF, 0xEFDF, 0xEFDF, 0xEF9F, 0xE79F, 0xEF9F, 0xE7BF,
  0xF7BF, 0xF7FF, 0xFFFF, 0xFFFF, 0xFFFF, 0xF7FF, 0xFFFF, 0xFFFF, 0xFFFF, 0xFFFF, 0xF7FF, 0xEFDF,
  0xEFBF, 0xEFDF, 0xEFBF, 0xEFDF, 0xF7FF, 0xF7FF, 0xFFFF, 0xF7FF, 0xF7FF, 0xEFFF, 0xF7FF, 0xF7FF,
  0xFFFF, 0xF7FF, 0xFFFF, 0xFFFF, 0xFFFF, 0xFFFF, 0xFFFF, 0xAD95, 0x8C51, 0x8451, 0x8C71, 0x7C10,
  0x738D, 0x8450, 0x9CB1, 0x9D13, 0xA513, 0x94D2, 0xCE37, 0x94B1, 0xA4F2, 0xAD74, 0xB574, 0xB5D5,
  0xCE36, 0xAD74, 0xBD52, 0xCDD4, 0xDE36, 0xE698, 0xB511, 0xBD53, 0xBD11, 0xCDD4, 0xDE56, 0xBDB4,
  0xBD93, 0xAD53, 0xD636, 0xCE16, 0xDDF6, 0xD616, 0xE657, 0xBD33, 0x72CA, 0x7B4C, 0xB4D1, 0xCDD5,
  0x9492, 0x62EB, 0x41E8, 0x4A29, 0x5249, 0x62AB, 0x6AEB, 0xA4B1, 0xAC91, 0x93AD, 0x736D, 0x6B0B,
  0x6B8E, 0x736D, 0x62EC, 0x736D, 0x8430, 0x94B2, 0x94F5, 0x5B0D, 0x4ACC, 0x5B0D, 0x52CB, 0x634D,
  0x8451, 0x8C71, 0x9D35, 0xDEFC, 0xF7FF, 0xF7DF, 0xEFDF, 0xEF9F, 0xE79F, 0xEF9E, 0xE79F, 0xEF9E,
  0xE7BF, 0xEFBF, 0xEFDF, 0xEFDF, 0xEFFF, 0xF7FF, 0xEFFF, 0xEFBF, 0xE79F, 0xE77E, 0xE79F, 0xE77E,
  0xDF7F, 0xE75E, 0xDF7F, 0xDF5E, 0xDF7F, 0xDF5E, 0xDF7F, 0xE79F, 0xE7BF, 0xEFBF, 0xF7FF, 0xF7FF,
  0xE7BF, 0xEFBE, 0xEFDF, 0xF7FF, 0xEFDF, 0xEFBF, 0xEFDF, 0xEF9F, 0xE7BF, 0xEF9F, 0xE7BF, 0xE77F,
  0xE7BF, 0xEFDF, 0xEFFF, 0xF7DF, 0xEFDF, 0xEFBF, 0xEFFF, 0xFFFF, 0xFFFF, 0xFFFF, 0xFFFF, 0xFFFF,
  0xFFFF, 0xFFFF, 0xFFFF, 0xA554, 0x73F0, 0x6B6D, 0x7C10, 0x6B6D, 0x7C30, 0x840F, 0x8CB2, 0x9491,
  0x73AE, 0x842F, 0xAD75, 0xA4F2, 0x9CF2, 0xB574, 0xAD74, 0xB5B5, 0xA512, 0xA4F2, 0xBD94, 0xCDB4,
  0xBD74, 0x72E9, 0x9C70, 0xCDB5, 0xBD73, 0xDE56, 0xB573, 0xCE15, 0xCE36, 0xBDB4, 0xD678, 0xD636,
  0xCDB5, 0xACB1, 0x8BAD, 0x9C0E, 0xB514, 0xACB2, 0xBD74, 0xCDB5, 0xAD54, 0x9D13, 0x6B2C, 0x31C7,
  0x7B0A, 0xB513, 0xDDD4, 0xC573, 0x8BEE, 0x5AA9, 0x7BCE, 0x8C92, 0x8C30, 0x73CE, 0x6B8D, 0x7C10,
  0x8C50, 0x8430, 0x94B1, 0x9CF3, 0x738E, 0x6BAE, 0x73AE, 0x6BAE, 0x8430, 0x8C71, 0x9491, 0x94D2,
  0xAD55, 0xC658, 0xE75D, 0xEFDF, 0xEF9E, 0xE7BF, 0xEF9E, 0xE79E, 0xEF9E, 0xEFDF, 0xF7FF, 0xF7FF,
  0xFFFF, 0xFFFF, 0xF7FF, 0xEFDF, 0xEF9E, 0xE79F, 0xE77E, 0xE79F, 0xE75D, 0xE77E, 0xE75E, 0xDF7E,
  0xDF5D, 0xDF5E, 0xE77E, 0xE79F, 0xEF9F, 0xE7BF, 0xEFBF, 0xEFDF, 0xEF9E, 0xE7BF, 0xEFBE, 0xEFDF,
  0xEFBF, 0xE7BF, 0xEF9E, 0xE7BF, 0xEF9E, 0xE79F, 0xE79E, 0xE7BF, 0xEFBF, 0xEFDF, 0xEFBF, 0xE7BF,
  0xEF9E, 0xE7BF, 0xEFBE, 0xFFFF, 0xFFFF, 0xFFFF, 0xFFFF, 0xFFFF, 0xFFFF, 0xF7FF, 0xFFFF, 0x9D34,
  0x6B6D, 0x634D, 0x738D, 0x73AE, 0x73AD, 0x636D, 0x8C4F, 0xB5B5, 0xBDB5, 0xBE16, 0xD678, 0xC637,
  0x9CB1, 0xA533, 0xB594, 0xAD74, 0x9C90, 0xAD74, 0xCDF5, 0xACF2, 0x8BCC, 0xAD11, 0xCDD5, 0xB553,
  0xC5D5, 0xBDD5, 0xC5D4, 0xC5F5, 0xA4B0, 0xE6F9, 0xE678, 0xB512, 0x832B, 0x5A28, 0x9C2F, 0xC594,
  0x9C0E, 0x8BCE, 0xC553, 0xCDD5, 0x9D13, 0xAD75, 0xA514, 0x9CD3, 0xC595, 0xBD13, 0xA42F, 0x830A,
  0x62EB, 0x942F, 0x8430, 0x8410, 0x94B2, 0x8430, 0x73EF, 0x8410, 0x94D3, 0x8C71, 0x94D3, 0x94D2,
  0x8451, 0x6B8E, 0x73F0, 0x6B6D, 0x73CF, 0x94B2, 0x8CB2, 0x94B2, 0x8CB2, 0x8430, 0x9D56, 0xEFBF,
  0xE79F, 0xE77E, 0xE79F, 0xE77E, 0xE79F, 0xEFBF, 0xF7FF, 0xFFFF, 0xF7FF, 0xFFFF, 0xEFFF, 0xEFBF,
  0xE7BF, 0xE77E, 0xDF9F, 0xE77F, 0xEFDF, 0xF7DF, 0xEFDF, 0xDF3E, 0xE79F, 0xE79F, 0xD73E, 0xDF3E,
  0xDF7F, 0xE77E, 0xDF7F, 0xE77F, 0xE79F, 0xE77E, 0xE79F, 0xE79E, 0xE79F, 0xE79F, 0xE7BF, 0xEF9F,
  0xE79F, 0xE77F, 0xE79F, 0xEFBF, 0xEFDF, 0xEF9F, 0xE79F, 0xE79E, 0xE79F, 0xE79E, 0xEFBF, 0xFFFF,
  0xFFFF, 0xFFFF, 0xFFFF, 0xFFFF, 0xF7FF, 0xF7DF, 0xF7DF, 0x94B2, 0x6B8E, 0x6B6E, 0x5B0C, 0x738E,
  0x6BAE, 0x73AE, 0xAD74, 0xCE37, 0xBDF6, 0xDEB9, 0xD6B9, 0xBDD6, 0xC617, 0xCE37, 0xBDF7, 0x9CD2,
  0x8C50, 0x9C91, 0x9CB1, 0x730A, 0xAD32, 0xE698, 0xCE16, 0xDE77, 0xD698, 0xC5F5, 0xBDD5, 0xA4F1,
  0xAD53, 0xCE36, 0xBD53, 0xA470, 0xA471, 0xCD75, 0xD637, 0xACB1, 0x730B, 0x93EF, 0x9C2F, 0xBCF2,
  0x6B2C, 0x7C0F, 0x840F, 0x9D13, 0xB574, 0x6B6C, 0x734B, 0x630B, 0x7BCE, 0x9CF3, 0x738D, 0x6B8D,
  0x8C50, 0x94D2, 0x842F, 0x73AE, 0x8450, 0x8471, 0x8430, 0x8C71, 0x9CD2, 0x8471, 0x7BEF, 0x73CF,
  0x7BEF, 0x7C10, 0x8430, 0x8C71, 0x8430, 0x7C0F, 0xA534, 0xEFBE, 0xEF9E, 0xE79E, 0xE77E, 0xE79E,
  0xEF9E, 0xE7BF, 0xF7DF, 0xF7FF, 0xFFFF, 0xF7FF, 0xF7DF, 0xEFDF, 0xEFBE, 0xF7FF, 0xF7BE, 0xF7DF,
  0xFFFF, 0xFFFF, 0xFFFF, 0xFFFF, 0xFFFF, 0xFFFF, 0xFFFF, 0xE77E, 0xDF3D, 0xDF7F, 0xE77E, 0xDF7E,
  0xE77E, 0xE77E, 0xE77D, 0xE77E, 0xE77D, 0xE79E, 0xE77E, 0xE7BF, 0xEF9E, 0xE7BF, 0xEF9E, 0xE7BF,
  0xEF9E, 0xE79E, 0xE77E, 0xE79E, 0xEF9E, 0xE79E, 0xF7BF, 0xF7FF, 0xFFFF, 0xFFFF, 0xFFFF, 0xFFFF,
  0xFFFF, 0xF7FF, 0xFFDE, 0x8C92, 0x738D, 0x7C30, 0x8C70, 0x8C91, 0xAD53, 0xB595, 0xB574, 0xBDF5,
  0xBDD5, 0xBDF6, 0x9CD1, 0xAD74, 0xE71A, 0xB5D5, 0xA4F1, 0xAD94, 0xA4F1, 0x8C4F, 0x734B, 0x9CD1,
  0xD636, 0xDE98, 0xDEB8, 0xDED9, 0xC5B4, 0x9490, 0x6B0A, 0x8C2E, 0xC5B4, 0xE71A, 0xE697, 0xE6D8,
  0xD574, 0xB4D2, 0x8C0E, 0x7BAD, 0x8BCD, 0xAD12, 0xBD53, 0xD636, 0x8C71, 0x7BCF, 0x6B8E, 0x8C51,
  0x9CD2, 0xB594, 0x9CF3, 0xB574, 0xA514, 0xA4F3, 0x8451, 0x738D, 0x8451, 0x9491, 0x8471, 0x8430,
  0x634D, 0x738E, 0x73EF, 0x738E, 0x73F0, 0x8C71, 0x8471, 0x6B6D, 0x634D, 0x738E, 0x6B8E, 0x8410,
  0x8471, 0x8C71, 0x9D35, 0xEF7E, 0xE7BF, 0xE79E, 0xE79E, 0xE77E, 0xE79F, 0xEF9E, 0xE7BF, 0xF7DF,
  0xF7FF, 0xEFBF, 0xEFDF, 0xEF9F, 0xF7FF, 0xFFFF, 0xFFFF, 0xFFFF, 0xFFFF, 0xFFFF, 0xFFFF, 0xFFFF,
  0xFFFF, 0xFFFF, 0xFFFF, 0xFFFF, 0xDF5E, 0xE75E, 0xDF7F, 0xE77E, 0xDF7E, 0xE75E, 0xDF5E, 0xDF5D,
  0xDF5E, 0xE75D, 0xDF7E, 0xE77E, 0xE79F, 0xE79E, 0xE79F, 0xE77E, 0xDF7E, 0xE75E, 0xDF7E, 0xE77E,
  0xE79E, 0xE79E, 0xEFBF, 0xF7DF, 0xF7FF, 0xFFFF, 0xF7FF, 0xF7FF, 0xF7FF, 0xF7FF, 0xF7FF, 0xAD75,
  0x8471, 0xA534, 0xA534, 0xAD75, 0xBE17, 0xBDB5, 0xAD54, 0xAD33, 0xA533, 0x7BAD, 0x7BEE, 0xD698,
  0xBE17, 0x738D, 0xBDF6, 0xBDD5, 0xAD53, 0xB553, 0x8C50, 0x8C0E, 0x9CD1, 0xB553, 0x9CF2, 0x7B8C,
  0x6B4B, 0x83CD, 0x9CB0, 0xDE77, 0xF77C, 0xE6D9, 0xD677, 0xDE77, 0xACB1, 0x93AD, 0x9CD1, 0xACF2,
  0x8BEF, 0xA491, 0xB513, 0xD616, 0x9CB1, 0x94B2, 0x5AEB, 0x6B8E, 0x9CB2, 0x9D14, 0xA4F2, 0x9CD2,
  0x9490, 0x9491, 0x842F, 0x634C, 0x840F, 0x8C71, 0x840F, 0x6BAE, 0x5AEB, 0x5B2C, 0x73AE, 0x94D3,
  0xBDF7, 0xC679, 0xDEDA, 0xD6DA, 0xCE59, 0xCE7A, 0xC618, 0xA555, 0xA513, 0x8C71, 0xB5B6, 0xFFFF,
  0xEF9E, 0xEFBF, 0xEF7E, 0xE79E, 0xEF9E, 0xEFBF, 0xEFBE, 0xEFDF, 0xEFBE, 0xEFFF, 0xFFFF, 0xFFFF,
  0xFFFF, 0xFFFF, 0xFFFF, 0xFFFF, 0xF7DF, 0xEFDF, 0xF7BF, 0xF7FF, 0xFFFF, 0xF7FF, 0xFFFF, 0xF7FF,
  0xF7DF, 0xF7FF, 0xF7FF, 0xE79E, 0xE77D, 0xDF7E, 0xE75D, 0xDF5D, 0xDF5D, 0xDF7E, 0xE77E, 0xE79E,
  0xE79E, 0xE79E, 0xE77D, 0xDF7E, 0xE75D, 0xDF5D, 0xE75D, 0xE79E, 0xE77D, 0xE79E, 0xE77E, 0xE7BF,
  0xEF9E, 0xF7FF, 0xF7FF, 0xEFDF, 0xEFDF, 0xEFBF, 0xF7BE, 0xBE18, 0xA533, 0x9D33, 0xAD53, 0xAD94,
  0xAD74, 0xAD94, 0xB574, 0xA533, 0xC5D5, 0x8C6F, 0xAD53, 0xCE78, 0x738D, 0x9CF3, 0x8C2F, 0xA513,
  0xC616, 0x9CF2, 0x732B, 0x5ACA, 0x7B6C, 0x738C, 0x7BAC, 0x8C2E, 0xCE15, 0xDEB8, 0xDE97, 0xD677,
  0xE6D8, 0xD697, 0xEEF9, 0xD636, 0xD5D5, 0xC574, 0xACD1, 0x8BEE, 0x7B4B, 0x944F, 0xACB1, 0xACF2,
  0x6B8E, 0x7BCF, 0x6B6E, 0x5AAB, 0x73AE, 0xA514, 0x8C71, 0x7BAE, 0x634C, 0x840F, 0x8C71, 0x736D,
  0x7BEF, 0x9492, 0x6B8E, 0x52CA, 0x636E, 0xAD55, 0xDF1C, 0xE73D, 0xE75D, 0xE71C, 0xDF1C, 0xE71C,
  0xDF1C, 0xDEFB, 0xD6FC, 0xDEFB, 0xD6DB, 0xBE18, 0xC65A, 0xF79E, 0xE79F, 0xEF7E, 0xE79F, 0xEF7E,
  0xE79F, 0xEF9E, 0xE7BF, 0xEFBF, 0xEFDF, 0xEFBF, 0xF7FF, 0xF7FF, 0xF7FF, 0xFFDF, 0xEFDF, 0xEFBE,
  0xE79F, 0xEF9E, 0xE79F, 0xE77E, 0xEFBF, 0xEF9F, 0xE79F, 0xEF7E, 0xE79E, 0xEFBF, 0xE7BF, 0xE77E,
  0xDF7E, 0xDF5D, 0xDF5E, 0xDF3D, 0xDF5E, 0xE75E, 0xE79E, 0xE77E, 0xDF7E, 0xDF5D, 0xDF5E, 0xDF3D,
  0xDF5D, 0xDF3D, 0xDF5E, 0xE75E, 0xDF7E, 0xE77E, 0xDF7E, 0xE79E, 0xEFBF, 0xEFBF, 0xEFDF, 0xEFBE,
  0xE7BF, 0xEF9E, 0xE77E, 0xA514, 0x9D13, 0xAD75, 0xAD95, 0xC637, 0xBE17, 0xAD33, 0xB595, 0xB594,
  0xD6B9, 0xBDB5, 0x8C70, 0x7BCD, 0x630C, 0x6B4C, 0x31A5, 0x7BAD, 0x5AEA, 0x4A47, 0x52AA, 0x6B0B,
  0x630B, 0xA4D1, 0xD6B8, 0xE6B9, 0xC616, 0xC5F5, 0xC616, 0xC5F5, 0xE6F9, 0xD636, 0xBDB4, 0xC594,
  0xC5B6, 0xC595, 0xA4B1, 0x940F, 0xA4B1, 0xBD74, 0xCDF7, 0xC595, 0x7BCD, 0x94B1, 0xA4F1, 0x94D1,
  0x7BAE, 0x6B8E, 0x738D, 0x7BEF, 0x736C, 0x94D2, 0x8C50, 0x73AE, 0x8C50, 0x73AE, 0x73AE, 0x9D14,
  0xD6BA, 0xE77D, 0xE71C, 0xDF3C, 0xE71C, 0xDF1C, 0xDEDB, 0xD6DB, 0xDEDB, 0xD6DB, 0xCE9A, 0xC67A,
  0xCE59, 0xCEBA, 0xD69A, 0xD6DB, 0xE73C, 0xEFBE, 0xEF9E, 0xE79E, 0xEF7E, 0xE79E, 0xEF7E, 0xE79F,
  0xEF9E, 0xE79E, 0xEF9E, 0xEFBF, 0xEFBE, 0xEFBF, 0xEF9E, 0xE79E, 0xE77D, 0xE79E, 0xE77D, 0xE77E,
  0xEF9E, 0xE79E, 0xE77D, 0xDF7E, 0xE75D, 0xDF7E, 0xE75D, 0xDF5D, 0xE75D, 0xDF5D, 0xDF5D, 0xDF5D,
  0xDF3D, 0xDF5D, 0xE77E, 0xE77E, 0xE73D, 0xDF5D, 0xE75D, 0xDF5D, 0xDF5D, 0xDF5D, 0xE75D, 0xDF7E,
  0xE75D, 0xE77E, 0xE75D, 0xE77E, 0xEF9E, 0xEFDF, 0xEF9E, 0xE79E, 0xEF9E, 0xEFBF, 0xCE78, 0x9CF3,
  0x9CF2, 0xA533, 0xBDD5, 0xBE16, 0xB594, 0xBE16, 0xD698, 0xCE98, 0xDE97, 0xDEF9, 0xA4F1, 0x8C4F,
  0x840E, 0x5AEA, 0x738C, 0x630A, 0x5AA9, 0x842F, 0x83AC, 0x9C90, 0xC5D4, 0xE6F9, 0xD677, 0xD698,
  0xDE97, 0xDEB8, 0xCDD5, 0xBD94, 0xC5B5, 0xAD12, 0xCDB5, 0xC595, 0xC574, 0xBD74, 0xA4B1, 0xB554,
  0x9C70, 0x9CB1, 0xA4B1, 0xA4D1, 0x73CD, 0x9CD1, 0xADB4, 0xA512, 0x8C92, 0x7BCF, 0x7BEF, 0x83EF,
  0x6B8E, 0x8C50, 0x73AE, 0x7BCE, 0x7BEF, 0x9CB2, 0xDEFC, 0xEF7D, 0xE75D, 0xE73D, 0xE75D, 0xE71C,
  0xDF3D, 0xDEFB, 0xC67A, 0xC638, 0xD6DB, 0xDEDB, 0xD6DB, 0xD6DB, 0xCE9B, 0xCE59, 0xC65A, 0xC659,
  0xBE7A, 0xCE9A, 0xDF5E, 0xE77E, 0xDF7E, 0xE75E, 0xE77E, 0xE77E, 0xE77E, 0xEF9E, 0xE79F, 0xEF9E,
  0xE79F, 0xE75E, 0xDF7E, 0xDF5D, 0xDF5E, 0xDF5D, 0xDF5E, 0xE75D, 0xDF7E, 0xE75E, 0xDF5E, 0xDF3D,
  0xDF5E, 0xDF5D, 0xDF5E, 0xDF5D, 0xDF5D, 0xDF3D, 0xDF5E, 0xDF3D, 0xD73D, 0xDF1D, 0xDF5E, 0xE75E,
  0xDF5E, 0xE73D, 0xDF5E, 0xDF5D, 0xDF7E, 0xE77E, 0xDF7E, 0xDF5D, 0xDF5E, 0xE75D, 0xDF5E, 0xE75D,
  0xDF7E, 0xE79E, 0xE79F, 0xE77E, 0xE77E, 0xE75D, 0xA575, 0x94B2, 0xA534, 0xA513, 0xA554, 0x9CF2,
  0xBE17, 0xC637, 0xC617, 0xAD33, 0xB5D5, 0xBDB4, 0x842F, 0x736B, 0x94B1, 0xA512, 0x7BEE, 0x83EE,
  0xA513, 0xBD95, 0xA4D1, 0xBD94, 0xC5F6, 0xCE15, 0xCE57, 0xDE98, 0xCE77, 0xE6F9, 0xC5F6, 0xB533,
  0xB554, 0xC5B5, 0xC5D6, 0xBD53, 0xACF3, 0x940F, 0x7BAE, 0x83CE, 0x7B8D, 0x7B8C, 0xA513, 0xAD13,
  0x6B6C, 0x738D, 0x9490, 0x8C50, 0x630B, 0x73CF, 0xAD73, 0xA573, 0x738C, 0x73CD, 0x738D, 0x73AE,
  0xAD75, 0xEF9E, 0xE73C, 0xD71C, 0xDF1C, 0xDF3C, 0xE73C, 0xDF3D, 0xDF1B, 0xD6BB, 0xCE79, 0xCE9A,
  0xD6BA, 0xCEBA, 0xCE79, 0xC67A, 0xB5F7, 0xB618, 0xCE59, 0xC659, 0xC639, 0xBE18, 0xC618, 0xDF1C,
  0xE77E, 0xDF5E, 0xE75D, 0xDF7E, 0xE75D, 0xE79E, 0xE79E, 0xE79E, 0xE75D, 0xDF5D, 0xDF5D, 0xDF5D,
  0xDF3D, 0xDF5D, 0xDF3D, 0xDF5D, 0xDF5D, 0xDF7E, 0xDF5D, 0xDF5D, 0xDF3D, 0xDF5D, 0xDF3D, 0xDF5D,
  0xDF3D, 0xDF5D, 0xDF3D, 0xDF5D, 0xDF1C, 0xD73D, 0xDF3D, 0xDF7E, 0xE75D, 0xDF5D, 0xE73D, 0xDF5D,
  0xE75D, 0xDF5D, 0xDF5D, 0xDF5D, 0xE75D, 0xDF5D, 0xE73D, 0xDF5D, 0xE75D, 0xDF7E, 0xE77D, 0xDF7D,
  0xEF7D, 0xD6FB, 0xA513, 0x7BEF, 0x73AE, 0x7C10, 0x7BCE, 0x73CE, 0x738D, 0x5B2B, 0x6B6B, 0x7BEE,
  0xAD73, 0xBE16, 0xAD53, 0x94D1, 0xAD12, 0x9CD1, 0xA4D0, 0xAD32, 0xCE15, 0xE6F9, 0xD5F5, 0xB512,
  0xCDF5, 0xE71A, 0xDEB8, 0xB594, 0xB531, 0x9C8F, 0xBD52, 0xC5D5, 0xACD1, 0x942F, 0xA490, 0x9C70,
  0x8BCD, 0x7B6C, 0x8BCD, 0x9C90, 0x942F, 0x83EE, 0xACD1, 0x8BEE, 0x73AD, 0x83EE, 0x842F, 0x9491,
  0x6B6E, 0x8410, 0xA574, 0xAD53, 0x8C70, 0x840E, 0x634C, 0xAD54, 0xE77E, 0xDEDB, 0xD71C, 0xE73D,
  0xDF5D, 0xE73D, 0xE75D, 0xE73D, 0xDF3D, 0xDEFC, 0xD6DB, 0xDEFC, 0xD6FC, 0xD6DB, 0xCEFC, 0xC659,
  0xADB7, 0xB5F7, 0xBE39, 0xC639, 0xBE39, 0xC639, 0xBE39, 0xB5B7, 0xD6FC, 0xE77E, 0xDF5E, 0xDF5D,
  0xDF5E, 0xE77E, 0xDF7E, 0xDF5D, 0xDF5E, 0xDF3D, 0xD73D, 0xDF1D, 0xD73D, 0xDF1C, 0xD73D, 0xDF1C,
  0xDF5E, 0xDF5D, 0xDF5E, 0xDF3D, 0xD73D, 0xDF1D, 0xD73D, 0xDF3D, 0xDF5E, 0xDF3D, 0xD73D, 0xDF1C,
  0xD71D, 0xD71C, 0xD73D, 0xDF3D, 0xDF5D, 0xE73D, 0xDF5D, 0xDF3D, 0xD73D, 0xDF3D, 0xD73D, 0xDF3D,
  0xDF5E, 0xDF3D, 0xDF5D, 0xDF3D, 0xDF5E, 0xDF5D, 0xDF5E, 0xDF3D, 0xE79E, 0xD6BA, 0x9D13, 0x8C71,
  0x73CF, 0x52CA, 0x4269, 0x528A, 0x636D, 0x8450, 0xAD74, 0xDEB9, 0xE73B, 0xD698, 0xCE78, 0xC617,
  0xBDF6, 0xBDD5, 0xAD53, 0xD636, 0xDEB9, 0xC5D5, 0xBD73, 0xC573, 0xBDD5, 0xC5D5, 0xB574, 0xAD12,
  0xA4F1, 0xBD93, 0xCE16, 0xACD1, 0x9450, 0x942F, 0xA4D2, 0xACB1, 0xA4D2, 0x8BCE, 0x7BAE, 0x7B6C,
  0x8C0F, 0x8C0E, 0x9CB1, 0xA490, 0x9470, 0x8C70, 0x8C2F, 0x840F, 0x8C30, 0x73AE, 0x8C70, 0x94D1,
  0xB593, 0x8C90, 0x8C30, 0xEF7D, 0xEF5B, 0xEF9C, 0xF77B, 0xEF7C, 0xEF3A, 0xE71A, 0xEED9, 0xE6D9,
  0xE6B8, 0xDED9, 0xE6D9, 0xE6F9, 0xE71A, 0xE73B, 0xE71B, 0xD6DA, 0xC638, 0xBE38, 0xCE9A, 0xC659,
  0xBE18, 0xB5F8, 0xBDD7, 0xBDF7, 0xB5B6, 0xE75C, 0xE77D, 0xDF5D, 0xE75D, 0xDF7E, 0xE75D, 0xDF5D,
  0xDF3D, 0xD73D, 0xDF3C, 0xD73D, 0xDF1C, 0xD71C, 0xD71C, 0xDF5D, 0xDF5D, 0xDF5D, 0xDF3D, 0xD73D,
  0xDF1C, 0xD73D, 0xDF3C, 0xD73D, 0xDF1C, 0xD73D, 0xDF1C, 0xD71C, 0xD71C, 0xD73D, 0xDF1C, 0xD73D,
  0xDF3D, 0xDF5D, 0xDF5D, 0xD73D, 0xDF1C, 0xD73D, 0xDF3C, 0xDF5D, 0xE75C, 0xDF5D, 0xE73D, 0xDF5D,
  0xDF5D, 0xDF5D, 0xDF5D, 0xDF5D, 0xEF7D, 0xCEDB, 0x9CD2, 0x8C71, 0x94D2, 0x8450, 0x8C2F, 0x94D2,
  0xB573, 0xB5D5, 0xC5F5, 0xD6D9, 0xD698, 0xC637, 0xC637, 0xC637, 0xBDB4, 0xC616, 0xD636, 0xCE36,
  0xB553, 0xAD53, 0xBDB5, 0xA513, 0x5AA9, 0x4A48, 0x9C8F, 0xB552, 0xB531, 0xB532, 0xC5B3, 0xBD93,
  0xC5B3, 0xC5D4, 0xBD53, 0xACF2, 0x9C4F, 0xA4B1, 0xBD12, 0xBD33, 0xC553, 0xB533, 0x942E, 0x9C90,
  0x73AD, 0x5AEA, 0x73AE, 0x840F, 0x8C51, 0x8C51, 0x5B0B, 0x840F, 0xAD94, 0xA512, 0xDEFB, 0xEF7D,
  0xD6DA, 0xCE58, 0xC5F6, 0xBDD5, 0xBDB5, 0xBD94, 0xB574, 0xBD73, 0xB594, 0xBD94, 0xBDB4, 0xBDB4,
  0xBDF6, 0xC5F6, 0xC659, 0xD679, 0xCE9A, 0xC659, 0xC67A, 0xC659, 0xBE39, 0xB5F8, 0xB5D7, 0xB596,
  0xB5B7, 0xBDF7, 0xDF7E, 0xDF3D, 0xDF5E, 0xDF5D, 0xDF5D, 0xDF1D, 0xD71D, 0xDF1C, 0xD71D, 0xD6FC,
  0xD71C, 0xD6FC, 0xD71D, 0xDF3D, 0xD73D, 0xDF1D, 0xD73D, 0xD71C, 0xD71D, 0xD71C, 0xD71D, 0xD6FC,
  0xD71D, 0xD6FC, 0xD71D, 0xD71C, 0xD71D, 0xDF1C, 0xD71D, 0xDF1D, 0xD73D, 0xDF3D, 0xD73D, 0xDF1C,
  0xD71D, 0xD71C, 0xD73D, 0xDF3D, 0xDF5D, 0xDF3D, 0xDF5D, 0xDF3D, 0xDF5D, 0xDF3D, 0xDF5E, 0xDF3D,
  0xE79E, 0xCE9A, 0x8450, 0x842F, 0x94F3, 0xAD75, 0xBE38, 0xB595, 0xAD95, 0xCE57, 0xCE78, 0xDEB8,
  0xCE99, 0xC637, 0xC658, 0xCE57, 0xC616, 0xD677, 0xAD53, 0xAD32, 0xC5F6, 0x62EA, 0x4A48, 0x4A07,
  0x5289, 0x9450, 0xBD94, 0xCDD4, 0xB573, 0xBD73, 0xDE98, 0xD656, 0xC5F5, 0xCDF5, 0xACF2, 0xA4B1,
  0x9C70, 0x9C2F, 0x9C70, 0xA470, 0x9C70, 0xA470, 0x9C90, 0xA4B1, 0x736C, 0x5B0B, 0x5B0B, 0x634C,
  0x9491, 0x7BEF, 0x734B, 0x8C4F, 0xCDB4, 0xC5F4, 0xD5D4, 0xBD72, 0xC531, 0xBD32, 0xC532, 0xC532,
  0xC512, 0xBD12, 0xC4F1, 0xBCF2, 0xC4F1, 0xC512, 0xCD32, 0xCD53, 0xCD53, 0xC553, 0xC532, 0xBD53,
  0xBD73, 0xC5D5, 0xCE16, 0xC637, 0xC638, 0xBE18, 0xB5D7, 0xADD7, 0xB595, 0xB5B6, 0xD6DB, 0xE77D,
  0xE75D, 0xDF5D, 0xDF3C, 0xD73D, 0xDF1C, 0xD71C, 0xD6FC, 0xCF1C, 0xD6FB, 0xD71C, 0xDF1C, 0xD73D,
  0xDF1C, 0xD73D, 0xDF1C, 0xD73D, 0xDF1C, 0xD73D, 0xD71C, 0xD71C, 0xDF1C, 0xD71C, 0xDF1C, 0xD73D,
  0xD71C, 0xD71C, 0xDF1C, 0xD73D, 0xDF3D, 0xD73D, 0xDF1C, 0xD73D, 0xDF1C, 0xD71C, 0xDF1C, 0xD73D,
  0xDF3D, 0xDF5D, 0xDF3D, 0xDF5D, 0xDF3D, 0xDF5D, 0xDF3D, 0xDF5D, 0xE75D, 0xDF7E, 0x94B2, 0x73EF,
  0x9CD2, 0xA534, 0xAD33, 0xA553, 0xBDF6, 0xCE78, 0xD6B9, 0xCE78, 0xDED9, 0xD6B9, 0xCE36, 0xCE78,
  0xDE97, 0xCE77, 0xCE16, 0xB5B4, 0x6B2C, 0x3186, 0x2945, 0x4A69, 0x9C4F, 0xB553, 0xD615, 0xCE36,
  0xC5B3, 0xAD11, 0xB531, 0xACF1, 0xBD72, 0xB532, 0x8BCD, 0x940E, 0x93EE, 0x942F, 0xACD1, 0xA4B1,
  0xA44F, 0x9C70, 0xA4B0, 0xACF2, 0x8430, 0x6B2C, 0x29A6, 0x31A6, 0x632D, 0xA514, 0xBDD6, 0xC5F6,
  0xB573, 0xB532, 0xB532, 0xBD31, 0xB4D0, 0xA42E, 0x93CD, 0x8B4B, 0x832B, 0x830A, 0x830A, 0x82EA,
  0x7B0A, 0x830A, 0x834B, 0x8B4B, 0x93CD, 0xA40E, 0xACB1, 0xBCF1, 0xB533, 0xB512, 0xAD53, 0xB574,
  0xB5F7, 0xC618, 0xBE39, 0xB5B7, 0xB5D7, 0xAD75, 0xBE59, 0xE75D, 0xD73D, 0xDF3D, 0xD73D, 0xDF3D,
  0xD73D, 0xD6FC, 0xCEFC, 0xD6FC, 0xD71D, 0xD71C, 0xD71D, 0xD6FC, 0xD71C, 0xD6FC, 0xD71D, 0xD71C,
  0xD71D, 0xD71C, 0xD71D, 0xD71C, 0xD71D, 0xD71C, 0xD71D, 0xDF1C, 0xD71D, 0xD6FC, 0xD71D, 0xD71C,
  0xD71D, 0xD71C, 0xD71D, 0xD6FC, 0xD71D, 0xD71C, 0xD71D, 0xD71C, 0xD73D, 0xDF1D, 0xD73D, 0xDF1D,
  0xD73D, 0xDF3D, 0xDF5D, 0xDF3D, 0xDF5D, 0xDF5D, 0xDF3C, 0x94D2, 0x8450, 0x9CD2, 0x9CF2, 0xAD53,
  0x9CF2, 0x6B2B, 0x7C0F, 0x73AD, 0x94B1, 0xB5B5, 0xC637, 0xDEB9, 0xDED9, 0xE6F9, 0xE71A, 0xC5F6,
  0x632D, 0x630B, 0x52AB, 0x5ACB, 0xACF2, 0xC594, 0xCE36, 0x9C90, 0x8C0E, 0x944E, 0xA4D0, 0xA4B0,
  0x9C90, 0xBD73, 0xBD54, 0xACD2, 0x9C91, 0x9C4F, 0xA4B1, 0x9C70, 0x940F, 0x9C0F, 0x8C0E, 0x940E,
  0x9CB1, 0x840F, 0x6B2B, 0x630A, 0xACAF, 0xCDD4, 0xC511, 0xB4F0, 0xBCF1, 0xB4D1, 0xA40E, 0x832B,
  0x7AA9, 0x7289, 0x7269, 0x72AA, 0x82CA, 0x82EB, 0x8AEB, 0x8B0C, 0x92CB, 0x8AEB, 0x92CB, 0x8ACB,
  0x82CB, 0x7AAA, 0x82AA, 0x830C, 0x936D, 0xA410, 0xB4D1, 0xB4F2, 0xB4D0, 0xBD32, 0xC5F5, 0xCE37,
  0xB5B6, 0xB5B7, 0xBDF7, 0xDF3C, 0xDF3C, 0xD73D, 0xDF3D, 0xD73D, 0xD71C, 0xD71C, 0xD6FC, 0xCF1C,
  0xD6FC, 0xCEFC, 0xD6FB, 0xCF1C, 0xD6FC, 0xD71C, 0xD6FC, 0xCF1C, 0xD6FC, 0xD71C, 0xDF1C, 0xD71C,
  0xDF1C, 0xD71C, 0xDF1C, 0xD73D, 0xDF1C, 0xD71C, 0xDF1C, 0xD71C, 0xD71C, 0xD71C, 0xD6FC, 0xD71C,
  0xDF1C, 0xD73D, 0xDF1C, 0xD71C, 0xDF1C, 0xD73D, 0xDF3C, 0xD73D, 0xDF1C, 0xD73D, 0xDF3D, 0xDF5D,
  0xDF5D, 0xD73D, 0xEF7D, 0xC679, 0x9CF1, 0xA574, 0x9491, 0x7C0F, 0x83EE, 0x73AD, 0x62EA, 0x8C70,
  0xC5F5, 0xDED9, 0xEF3A, 0xEF7C, 0xEF3A, 0xE71A, 0xDE97, 0xC5F5, 0xBD94, 0x9CD1, 0xA4B0, 0x83EE,
  0x944F, 0xAD12, 0x946F, 0x83ED, 0x7B8B, 0x9490, 0xC5B3, 0x9C8F, 0x940D, 0x83CC, 0x836B, 0x734B,
  0x93ED, 0xA490, 0xACB1, 0xA4B1, 0xBD32, 0xBD74, 0xBD53, 0xAD12, 0x7BEE, 0x738D, 0x9D13, 0xC5F6,
  0xBD53, 0xB4D1, 0xBD11, 0xBCD0, 0x9C2E, 0x832A, 0x72A9, 0x72A9, 0x7ACA, 0x7ACA, 0x7ACB, 0x7ACA,
  0x7ACB, 0x82AA, 0x82CB, 0x8ACB, 0x8AEB, 0x92EB, 0x8B0C, 0x92EC, 0x830C, 0x8AEC, 0x830C, 0x82EB,
  0x7ACB, 0x7A8A, 0x730B, 0x93CD, 0xA4B1, 0xACB0, 0x9CD2, 0xB554, 0xBE39, 0xB596, 0xADB7, 0xDEFC,
  0xD73D, 0xD71C, 0xCF1D, 0xD6FC, 0xCEFC, 0xCEDC, 0xCEFC, 0xCEDB, 0xCEDC, 0xCEDC, 0xCEFC, 0xD6FC,
  0xD71D, 0xD6FC, 0xCEFC, 0xCEDB, 0xCEFC, 0xD6FC, 0xCEFC, 0xD6FC, 0xCEFC, 0xD6FC, 0xD71C, 0xD6FC,
  0xD71D, 0xD6FC, 0xD71C, 0xD6FC, 0xCF1C, 0xD6FC, 0xCEFC, 0xD6FC, 0xD71C, 0xD6FC, 0xD71D, 0xD71C,
  0xD71D, 0xD71C, 0xD71D, 0xD71C, 0xD71D, 0xD71C, 0xD73D, 0xDF3D, 0xD75E, 0xD71D, 0xDF5D, 0xAD96,
  0x8C91, 0xAD74, 0x9D13, 0xA534, 0xBE17, 0xCE38, 0xBDF6, 0xD699, 0xDF1A, 0xDEB8, 0xEF7C, 0xD698,
  0xCE57, 0xCE57, 0xBDD5, 0xA4D1, 0x9CB1, 0xB574, 0x9CB1, 0x732B, 0x7BAD, 0x7B6B, 0x738C, 0x8C2E,
  0x9CF1, 0xA4D1, 0x948F, 0x83CC, 0x8C0D, 0x944E, 0xB553, 0xBD73, 0xBD33, 0xCD74, 0xBD54, 0xC554,
  0xACD2, 0xACB1, 0x9C91, 0x8BEE, 0x8C4F, 0x8C90, 0xD5F5, 0xACF1, 0xBD31, 0xBD32, 0xACD1, 0x83AD,
  0x62AA, 0x5A8A, 0x6A48, 0x6A89, 0x7248, 0x6A48, 0x6A48, 0x6228, 0x59E7, 0x5A08, 0x5A08, 0x6269,
  0x82CA, 0x8B2C, 0x930B, 0x930B, 0x92EB, 0x930C, 0x92EB, 0x8B0C, 0x8B0C, 0x830C, 0x7ACB, 0x6A6A,
  0x6AAA, 0x93F0, 0xACB0, 0xA490, 0xACD1, 0xC5D5, 0xB595, 0xD6BA, 0xD71D, 0xCEFC, 0xCEDC, 0xCEDC,
  0xCEDB, 0xC6DC, 0xCEBB, 0xC6DB, 0xCEDB, 0xD73D, 0xD71C, 0xD71C, 0xD71C, 0xCEFC, 0xCEDB, 0xC6DB,
  0xCEDB, 0xCEDC, 0xCEDB, 0xC6DB, 0xCEDB, 0xCEFC, 0xD6FC, 0xCEFC, 0xD6FB, 0xCEFC, 0xD6DB, 0xCEFC,
  0xD6FB, 0xCEFC, 0xD6FB, 0xCF1C, 0xD6FB, 0xD71C, 0xD6FC, 0xD71C, 0xD71C, 0xD71C, 0xD71C, 0xD71C,
  0xD71C, 0xD73C, 0xDF1C, 0xD73D, 0xDF1C, 0xD73D, 0xEF5C, 0xD6DB, 0x9CD2, 0xB5B5, 0xCE77, 0xD6D9,
  0xDEB8, 0xCE77, 0xCE56, 0xCE57, 0xCE36, 0xCE77, 0xD657, 0xAD53, 0xAD11, 0xCE56, 0xC5D4, 0xB573,
  0xACF1, 0x738C, 0x5A88, 0x736C, 0x9C6F, 0x83CE, 0x83CC, 0x8C2E, 0x83AB, 0x840D, 0xA4AF, 0x944E,
  0xACD0, 0xCDF5, 0xC5B4, 0xBD74, 0xBD33, 0xA4B1, 0xAC90, 0x83AC, 0x7B6B, 0x8C0E, 0xA4B0, 0x736C,
  0x9D13, 0x7BCE, 0x940E, 0xACD1, 0xACB0, 0xC532, 0x9C70, 0x5A27, 0x3166, 0x41A6, 0x6249, 0x6A69,
  0x728A, 0x7ACA, 0x7AEB, 0x7AEB, 0x6ACB, 0x6A69, 0x624A, 0x5A08, 0x6A69, 0x82CB, 0x8AEB, 0x92CB,
  0x8AEC, 0x92EB, 0x8AEC, 0x8AEB, 0x82EC, 0x82AB, 0x72AC, 0x72AB, 0x628A, 0x5A28, 0x7B4B, 0xA470,
  0x9C90, 0xA490, 0xA555, 0xCE79, 0xCF1D, 0xCEDC, 0xC6DC, 0xCEDC, 0xC6DC, 0xCEDC, 0xC6DC, 0xCEDC,
  0xCF1C, 0xD71C, 0xCEFC, 0xCEDB, 0xC6DC, 0xC6BB, 0xC6BB, 0xC69B, 0xC6BB, 0xCEBB, 0xC6BB, 0xC6BB,
  0xC6DB, 0xCEDB, 0xCEDC, 0xCEBB, 0xC6DC, 0xCEBB, 0xC6BB, 0xCEBB, 0xCEFC, 0xCEDB, 0xCEFC, 0xCEDB,
  0xCEFC, 0xCEDB, 0xCEFC, 0xD6FC, 0xCEFC, 0xD6FC, 0xCEFC, 0xD6FC, 0xCF1C, 0xD6FC, 0xD71D, 0xDF3D,
  0xDF5E, 0xD6FC, 0xC679, 0xAD96, 0x8430, 0xAD54, 0xBE17, 0xBDF6, 0xC637, 0xC616, 0xC657, 0xCE37,
  0xDED9, 0xCE16, 0xAD33, 0xBD94, 0xD698, 0xEF1A, 0xCE57, 0x9C90, 0x7BED, 0x83CD, 0x7BCE, 0x5247,
  0x62CA, 0x6AEA, 0x7BCD, 0x944F, 0xB5B4, 0xCE15, 0xD636, 0xD636, 0xBD73, 0xB512, 0x944F, 0x7B6C,
  0x8BEE, 0x9C2F, 0xA4B1, 0xACB1, 0xACF2, 0x940E, 0x7BAD, 0x41C5, 0x9CB1, 0x8430, 0x83EF, 0x9CF3,
  0xA4F2, 0xBDF6, 0xBD73, 0x736C, 0x4965, 0x5A49, 0x82CA, 0x7AEA, 0x8AEA, 0x830B, 0x830B, 0x832C,
  0x832C, 0x7B2C, 0x830B, 0x7B0B, 0x6A8A, 0x6249, 0x72AB, 0x7B0D, 0x82EB, 0x7B0C, 0x7ACB, 0x728A,
  0x6A69, 0x6249, 0x6249, 0x6249, 0x626A, 0x626A, 0x5208, 0x62EC, 0xA44F, 0xA4B1, 0xA46F, 0xBD53,
  0xD6FC, 0xCEDB, 0xCEDB, 0xCEFC, 0xD6FC, 0xD71C, 0xD6FC, 0xD71C, 0xD71C, 0xCF1C, 0xCEDB, 0xC6DB,
  0xC6BA, 0xC6BB, 0xCEBB, 0xC6DB, 0xCEDB, 0xCEFC, 0xCEBB, 0xC6BB, 0xC6BA, 0xC6BB, 0xCEDB, 0xC6DB,
  0xCEBB, 0xC6BB, 0xC6BA, 0xC6DB, 0xD6DB, 0xCEFC, 0xCEDB, 0xC6DB, 0xCEDB, 0xC6DB, 0xCEDB, 0xCEFC,
  0xCEFB, 0xCEFC, 0xCEFB, 0xCF1C, 0xD6FB, 0xD73C, 0xDF1B, 0xCE9A, 0xB575, 0x9D13, 0x9470, 0x8C71,
  0x9CD1, 0xA574, 0xC5F5, 0xBE16, 0xBDD5, 0xBDF6, 0xCE36, 0xD6D9, 0xC5D5, 0xAD54, 0xA4F2, 0xA512,
  0xC5D5, 0xAD74, 0x83ED, 0x8C4F, 0xA4D0, 0x9CB0, 0x944F, 0x5AC9, 0x83EC, 0xA511, 0xBD92, 0xBDB3,
  0xCE35, 0xE6F9, 0xE698, 0xCE16, 0xB532, 0xA4D1, 0x9C4E, 0x9C8F, 0xC5B3, 0xD656, 0xB531, 0x8C2D,
  0x7309, 0x5247, 0x5226, 0x630A, 0x73AE, 0x7BCE, 0x9CF3, 0xA4F3, 0xA554, 0xCE37, 0xC5D6, 0x942F,
  0x5A4A, 0x72CB, 0x7AEB, 0x830B, 0x830B, 0x8B0B, 0x7AEB, 0x72AA, 0x6A8A, 0x6A69, 0x6A8A, 0x72AA,
  0x72EC, 0x6229, 0x51C8, 0x6229, 0x6A49, 0x6208, 0x6249, 0x7AAB, 0x72EC, 0x7ACC, 0x6ACB, 0x72AB,
  0x6AAB, 0x6A6A, 0x5A8B, 0x5209, 0x62A9, 0x93EE, 0xA4B1, 0x9C2F, 0xA5B7, 0xDF1C, 0xCEFD, 0xD71D,
  0xD73D, 0xD71C, 0xCEFC, 0xCEDB, 0xC6FC, 0xCEDB, 0xC6DC, 0xC6BB, 0xC6BB, 0xC6BB, 0xC6DC, 0xCEFC,
  0xC6FC, 0xCEDB, 0xC6DB, 0xC69B, 0xC6BB, 0xC6BB, 0xC6DC, 0xC6BB, 0xBEBB, 0xC6BB, 0xC6DC, 0xC6BB,
  0xC6DC, 0xCEBB, 0xC6BB, 0xC6BB, 0xC6BB, 0xC6BB, 0xC6BB, 0xCEBB, 0xC6DC, 0xCEDB, 0xC6FC, 0xD71C,
  0xD71C, 0xBE39, 0xAD96, 0x9CF3, 0x9D13, 0xA4F3, 0xA554, 0xB5B6, 0xAD74, 0xB594, 0xCE78, 0xBDD5,
  0xBE16, 0xCE78, 0xBDD6, 0xD698, 0x842F, 0x6B2B, 0x52AA, 0x5A89, 0x5ACA, 0x8C2F, 0xC616, 0xD677,
  0xB574, 0x83ED, 0x5AEA, 0x62EA, 0x9CD0, 0xBDB4, 0xBDB4, 0xBD72, 0xA512, 0xAD11, 0x83ED, 0x940E,
  0x944F, 0x942E, 0x944F, 0x8BCC, 0x7B8B, 0x6AE9, 0x6AE9, 0x6AE9, 0x6AEA, 0x7B6B, 0x840E, 0x942F,
  0xB595, 0x7BEE, 0x9470, 0x8C71, 0xBDB5, 0xDEDA, 0xCDB4, 0xACF2, 0x8B0B, 0x834C, 0x830B, 0x7B0B,
  0x72CB, 0x5A29, 0x524A, 0x4209, 0x39A7, 0x39C8, 0x4A08, 0x524A, 0x628A, 0x5A49, 0x4166, 0x41A7,
  0x4186, 0x41A7, 0x6AAB, 0x730C, 0x72EC, 0x6AEC, 0x72EC, 0x734D, 0x830B, 0x7B0B, 0x72AA, 0x6AAB,
  0x524A, 0x41E8, 0x730A, 0xA4B1, 0x9C70, 0xD678, 0xDF3C, 0xDF5D, 0xDF3D, 0xD71C, 0xD6DB, 0xCEDB,
  0xCEDB, 0xCEFB, 0xCEDB, 0xCEFB, 0xD6DB, 0xCEFC, 0xCEDB, 0xCEDB, 0xCEDB, 0xC6DB, 0xC6BB, 0xC6BB,
  0xCEBB, 0xCEFC, 0xCEDB, 0xC6BB, 0xC69A, 0xC6BB, 0xC6BB, 0xC6BB, 0xC69A, 0xC6BB, 0xC69A, 0xBE9B,
  0xC69B, 0xBE9B, 0xC69A, 0xC6BB, 0xD6DB, 0xC69A, 0xD6BA, 0xD6BA, 0xB595, 0x94D2, 0x9CB1, 0xA533,
  0xB5B5, 0xAD95, 0xB574, 0xAD95, 0xB594, 0xB5D5, 0xBDD5, 0x9CF2, 0x6B6C, 0x94D2, 0xCE57, 0x94B1,
  0x5AA9, 0x73AD, 0x5AAA, 0x4A69, 0x5268, 0x7BCD, 0xC5F5, 0x9CD1, 0x736C, 0x632B, 0x5A89, 0x39E7,
  0x5A88, 0x8C2F, 0x944E, 0x9CB0, 0x8BED, 0x62EA, 0x734B, 0x630A, 0x4A25, 0x5267, 0x83AB, 0x7B8B,
  0x734A, 0x83CC, 0x9C6E, 0x944D, 0x8BEC, 0xA4F0, 0x9C6F, 0x9C6F, 0xCE79, 0xA534, 0x7BEF, 0xAD34,
  0xD6B9, 0xDEB9, 0xACD2, 0x940E, 0x9BEF, 0x938D, 0x832C, 0x7AA9, 0x5209, 0x6229, 0x5AAC, 0x4A29,
  0x39E9, 0x39A7, 0x39A8, 0x49E8, 0x5A6A, 0x5208, 0x5A4A, 0x6ACC, 0x524A, 0x49C8, 0x62AB, 0x626A,
  0x524A, 0x51E9, 0x5229, 0x626A, 0x72CB, 0x830C, 0x72EC, 0x72AB, 0x5AAC, 0x41C8, 0x62CA, 0xA491,
  0x8C2F, 0xCE17, 0xE79F, 0xDF5D, 0xD75E, 0xD71C, 0xCEFC, 0xCEDC, 0xCEFC, 0xD6FC, 0xCEFC, 0xCEDB,
  0xCEFC, 0xD6FC, 0xCEFC, 0xCEDB, 0xCEFC, 0xCEBB, 0xC6BB, 0xC6BB, 0xC6BB, 0xC6BB, 0xC6BB, 0xC69A,
  0xBE7B, 0xBE7A, 0xB67A, 0xBE5A, 0xB67A, 0xBE5A, 0xBE7A, 0xBE5A, 0xBE7B, 0xBE5A, 0xBEBB, 0xBE7A,
  0x9D76, 0x94F3, 0xA575, 0x9CF3, 0x8471, 0x73AE, 0x7BEF, 0x8C50, 0x94F3, 0xA534, 0xAD75, 0xAD74,
  0xAD94, 0xB5B5, 0x842F, 0x5AA9, 0x5B2C, 0x8C50, 0xBDF6, 0x7BCE, 0x7BCE, 0x7BAD, 0x7C10, 0x9CB2,
  0x9D13, 0xA512, 0x842F, 0x734B, 0x6B4C, 0x5268, 0x31A6, 0x62EB, 0x7BEE, 0x840E, 0x7BCD, 0x83ED,
  0x736C, 0x734B, 0x62EA, 0x630A, 0x840E, 0xB573, 0xBDB4, 0xBD52, 0xC5F5, 0xC5B4, 0xC5F5, 0xCDF4,
  0xCE15, 0xDE97, 0xDEB8, 0xD616, 0x9471, 0xC638, 0xC5F7, 0xC618, 0xDEB8, 0xCE78, 0xD5D5, 0xC553,
  0xBC90, 0xBC90, 0x9B6C, 0x8B0B, 0x82CA, 0x7AEB, 0x8B0C, 0x7AEB, 0x728A, 0x6249, 0x5A08, 0x5A29,
  0x72AA, 0x72AA, 0x92CA, 0x8ACA, 0x7ACA, 0x6A49, 0x5A8A, 0x4A29, 0x4A08, 0x41E8, 0x49C8, 0x41E8,
  0x51E8, 0x62CB, 0x830C, 0x7B0C, 0x72CB, 0x5A29, 0x7B6C, 0x8C0F, 0x9CF4, 0xDF5D, 0xDF7E, 0xD77E,
  0xE77D, 0xDF5E, 0xDF3D, 0xD73D, 0xD71D, 0xDF7E, 0xDF3D, 0xCF1D, 0xD71D, 0xD73D, 0xD71C, 0xD73D,
  0xD73D, 0xCEFC, 0xCEDB, 0xC6BB, 0xC69A, 0xBE9B, 0xBE7A, 0xBE7A, 0xBE5A, 0xBE9A, 0xC67A, 0xBE7A,
  0xBE5A, 0xBE7A, 0xBE5A, 0xB65B, 0xC679, 0xC69A, 0xBDF7, 0x94F3, 0x842F, 0x94B2, 0x8450, 0x73CE,
  0x73AD, 0x7C0F, 0x8430, 0x7C30, 0x8C70, 0x9D34, 0x9CF2, 0x9D13, 0xA512, 0x9D12, 0xA512, 0xB5D5,
  0xC616, 0xBE16, 0xAD32, 0xA553, 0xCE56, 0xB5B4, 0xAD53, 0xB5B5, 0xBDD5, 0xB594, 0xAD53, 0x9CF2,
  0x736B, 0x4A68, 0x83ED, 0xAD94, 0xB573, 0x9CD1, 0xBD94, 0x83ED, 0x8BED, 0x9490, 0x9CAF, 0xB593,
  0xCDF4, 0xCE56, 0xC5F4, 0xC615, 0xB572, 0xAD52, 0xD655, 0xDED7, 0xE6D8, 0xEF5A, 0xF77A, 0xDEB8,
  0x5AEC, 0x738E, 0x8431, 0xBDD7, 0xBDF6, 0xCE57, 0xEEB9, 0xDDF6, 0xC4F2, 0xCCF2, 0xB451, 0x9B6D,
  0x830C, 0x7AAA, 0x728A, 0x6A49, 0x624A, 0x6229, 0x628B, 0x72EC, 0x72AB, 0x830C, 0x9B4D, 0x92EB,
  0x7AEB, 0x6A69, 0x5AAC, 0x5A6A, 0x526B, 0x62AB, 0x62CC, 0x62AB, 0x5A6A, 0x5208, 0x6A8A, 0x7AEB,
  0x7B4D, 0x626A, 0x6B2C, 0xACF3, 0xCEDC, 0xD6FC, 0xC6BC, 0xC6DC, 0xD75E, 0xD6FC, 0xC6DC, 0xC6BB,
  0xC6DC, 0xC6BB, 0xC6BB, 0xC69B, 0xBE9B, 0xC67A, 0xBE9B, 0xC6BB, 0xC6BB, 0xC67A, 0xBE9B, 0xC69B,
  0xBE9B, 0xC69B, 0xBE7B, 0xBE7A, 0xC6DC, 0xCEDC, 0xC6FC, 0xC67A, 0xBE7B, 0xBE7B, 0xBE7C, 0xBE7B,
  0xB639, 0x8CD4, 0x7C30, 0x7BEF, 0x7C0F, 0x7C0F, 0x7C30, 0x7BCE, 0x73EF, 0x8430, 0x73EF, 0x7C0F,
  0x7C10, 0x840F, 0x8C71, 0x9CF2, 0xC658, 0xAD53, 0x9D13, 0xA513, 0xAD74, 0xAD74, 0x94B1, 0xC616,
  0xBDD5, 0xA4F2, 0xAD94, 0xA512, 0x6B8D, 0x736C, 0x7BEE, 0x6B2B, 0x7BCE, 0xA4D1, 0xBE17, 0xC616,
  0xB594, 0xAD32, 0xB5B4, 0x8C2E, 0xA4F2, 0xA4B0, 0x9CD1, 0xC5F5, 0xD677, 0xD656, 0xDED8, 0xD636,
  0xCE56, 0xE6F8, 0xEF59, 0xF759, 0xEF5A, 0xF77A, 0xDEB8, 0xB573, 0x5269, 0x73AE, 0xA4F2, 0xBDF7,
  0xDEB9, 0xDEB9, 0xEE16, 0xDDF5, 0xDDB4, 0xC512, 0xD4D2, 0xB42F, 0xA32C, 0x92CA, 0x82A9, 0x7AAA,
  0x82A9, 0x82CA, 0x8B0B, 0x7ACA, 0x8ACA, 0xA3AE, 0xA36C, 0x9B4C, 0x8B0B, 0x7269, 0x6A6A, 0x6A8A,
  0x6A48, 0x6249, 0x7249, 0x6A69, 0x7249, 0x6A6A, 0x726A, 0x6A8A, 0x834C, 0x72EB, 0x62EB, 0xC638,
  0xC6FD, 0xBEDC, 0xBEBC, 0xB6BC, 0xC6DC, 0xBEBC, 0xBE9B, 0xB69C, 0xB67B, 0xAE7B, 0xB65B, 0xAE5B,
  0xAE1A, 0xA63B, 0xAE1A, 0xA63B, 0xAE1A, 0xAE3B, 0xAE3A, 0xAE3B, 0xAE3A, 0xAE5B, 0xB67B, 0xAE5B,
  0xB65B, 0xAE5B, 0xB65A, 0xAE7B, 0xBE7A, 0xB67B, 0xBE59, 0xB659, 0x844D, 0x73EC, 0x94AF, 0x73EC,
  0x73CD, 0x8470, 0x842E, 0x740E, 0x7BEF, 0x73EE, 0x73CE, 0x8450, 0x8C50, 0x8C71, 0x9CF2, 0xBE16,
  0xD698, 0xCE78, 0x9490, 0x8C90, 0x83EE, 0x8C50, 0x8C2F, 0x842F, 0x8C2F, 0x9CF2, 0x9CD1, 0x4A68,
  0x5AA8, 0x840E, 0x9CB0, 0xB594, 0xCE36, 0xCE77, 0xC5B4, 0xAD53, 0x9CB0, 0xB593, 0xACF1, 0x946F,
  0x9C8F, 0xC5F5, 0xCDF4, 0xC5F5, 0xD655, 0xDE77, 0xD635, 0xCE35, 0xDE76, 0xE719, 0xF739, 0xDEB8,
  0xC594, 0xA4D0, 0xA4D0, 0xD656, 0x4AAA, 0x6B4C, 0xAD75, 0xDEBA, 0xDEFA, 0xD658, 0xDDF6, 0xDDD5,
  0xE616, 0xE5F6, 0xCCD3, 0xBC0F, 0xA34D, 0xA30C, 0x934D, 0x9B4D, 0x936D, 0x932C, 0x82EB, 0x82CB,
  0xABCF, 0xB40F, 0xB410, 0xAB8D, 0x8B2D, 0x82CB, 0x5A29, 0x72AB, 0x72AB, 0x728A, 0x728B, 0x726A,
  0x6A6B, 0x728A, 0x72AB, 0x7ACC, 0x8BAE, 0x8B6D, 0x73AE, 0xC5D7, 0xC6FD, 0xBEDC, 0xB6DD, 0xB69C,
  0xB69C, 0xB67B, 0xAE7C, 0xB65B, 0xAE7B, 0xAE5B, 0xAE5B, 0xAE3A, 0xA61B, 0xA5FA, 0xA61B, 0xA5FA,
  0xA61B, 0xA5FA, 0x9DFA, 0xA5F9, 0xA61A, 0xA5FA, 0xA61A, 0xAE1A, 0xA61A, 0xA5FA, 0xA61A, 0xA5FA,
  0xAE1A, 0xAE19, 0xB65A, 0x9535, 0x740D, 0x8C8E, 0x7C4E, 0x846E, 0x7C4F, 0x844F, 0x8450, 0x842F,
  0x8471, 0x8430, 0x7C30, 0x8450, 0x94F3, 0xAD54, 0xB5F6, 0xC637, 0xC658, 0xD678, 0xBDF6, 0xA533,
  0x7BEF, 0x738D, 0x5B0B, 0x736C, 0x8C70, 0x5AA9, 0x4227, 0x738D, 0xB5D5, 0xCE57, 0xDED9, 0xD698,
  0xC637, 0xB593, 0x9CB1, 0xB573, 0xB594, 0xC5D5, 0x9CB0, 0x7BAC, 0xB553, 0xDE77, 0xCE16, 0xB552,
  0xA4F1, 0xC593, 0xDE97, 0xD615, 0xC615, 0xEF19, 0xE719, 0xDE77, 0xB573, 0x6B0A, 0xCE15, 0xE6B8,
  0x62EA, 0x7BEE, 0x9C90, 0xC617, 0xE616, 0xD5D5, 0xED94, 0xE5D4, 0xEDB5, 0xFE78, 0xFE38, 0xBC50,
  0xA30B, 0x9ACA, 0x92CA, 0x92CA, 0x92CA, 0x8ACB, 0x8AAA, 0x932C, 0xB3CE, 0xC471, 0xCC70, 0xB3CE,
  0x9B4C, 0x930B, 0x7A89, 0x728A, 0x82CA, 0x82EB, 0x8ACB, 0x82EC, 0x82CB, 0x82CB, 0x82EB, 0x832C,
  0x9BCE, 0x9C0F, 0x944F, 0xC5F6, 0xCEFB, 0xC6DB, 0xC6BC, 0xBEBC, 0xBE9B, 0xB69C, 0xBE7B, 0xB67B,
  0xB67B, 0xAE5B, 0xAE3A, 0xAE3A, 0xAE1A, 0xA61A, 0xA61A, 0xA61A, 0xAE19, 0xA5F9, 0xA5F9, 0xA61A,
  0xAE1A, 0xA61A, 0xA61A, 0xA61A, 0xA61A, 0xA61A, 0xA5FA, 0xA61A, 0xAE18, 0x9576, 0xAD71, 0x846D,
  0x844B, 0x846C, 0x7C2C, 0x742D, 0x844E, 0x7C4F, 0x8CAE, 0x8CF0, 0x9CF1, 0x9CF1, 0xA512, 0x8CB1,
  0x94B1, 0xB5D5, 0xCE77, 0xD6B9, 0xD698, 0xCE77, 0xCE57, 0xAD94, 0x8C4F, 0x738C, 0x946F, 0xD6B8,
  0xC5F5, 0x7BCD, 0xA4F1, 0xDEB9, 0xE6D9, 0xD698, 0xC5F5, 0xBDD5, 0xC5F5, 0xCE36, 0xC5B4, 0xCE57,
  0xC5D4, 0xAD53, 0xAD11, 0x8C2E, 0xD676, 0xDED8, 0xCE15, 0xB573, 0xACF0, 0x8BED, 0x83AB, 0x8BED,
  0x942E, 0xA4D0, 0x940E, 0x83AC, 0x7B4A, 0x5A67, 0x8BEC, 0xA4F0, 0x842F, 0x738D, 0x738D, 0xAD33,
  0xCD95, 0xCD54, 0xE5B5, 0xE594, 0xDD95, 0xE595, 0xE575, 0xCCB2, 0xB3CE, 0xA30C, 0x92EB, 0x92AA,
  0x8ACB, 0x8A8A, 0x82CB, 0xBC30, 0xCCB2, 0xC450, 0xBC0F, 0xB3CE, 0xA38E, 0x9B2C, 0x7AAB, 0x7AAA,
  0x7A8A, 0x7AAA, 0x7AAB, 0x82CB, 0x82CB, 0x82CB, 0x834D, 0x93AE, 0x93EF, 0xA410, 0x840F, 0xBDB5,
  0xCEFC, 0xCEFC, 0xC6FD, 0xC6DC, 0xB6BD, 0xB67C, 0xB67C, 0xB65B, 0xAE5B, 0xAE3A, 0xA61A, 0xAE1A,
  0xA61A, 0xA5D9, 0x9DFA, 0xA61A, 0xA61A, 0xA5FA, 0xA61A, 0xA61A, 0xA61A, 0xA5FA, 0xA61A, 0xA61A,
  0xA61B, 0xAE1A, 0xA63B, 0xA61B, 0xAE39, 0xAE39, 0x8CAF, 0x8C8E, 0x846C, 0x7C0B, 0x63CB, 0x6BAB,
  0x73EE, 0x6BAC, 0x744D, 0x848E, 0x9D32, 0xB594, 0xB5D6, 0xBDD6, 0xBE17, 0xCE58, 0xC637, 0xD698,
  0xC637, 0xCE57, 0xD6B9, 0xDED9, 0xD6DA, 0xCE57, 0xCE57, 0xC616, 0xBDF6, 0xD657, 0xCE57, 0xB553,
  0xB5B5, 0xBDB4, 0xC616, 0xD677, 0xD698, 0xBDB4, 0xC5F6, 0xCE16, 0xAD33, 0xC5D5, 0x9CD1, 0xBD94,
  0xD6B8, 0xE6F9, 0xD677, 0xD656, 0xCE36, 0xBD73, 0xAD32, 0x942E, 0x736B, 0x7B4A, 0x734B, 0x7B4B,
  0x736C, 0x8BED, 0xACF1, 0x8BED, 0x83EE, 0x842F, 0x944F, 0x9490, 0xCD32, 0xD5B4, 0xF5B4, 0xE553,
  0xED12, 0xE4F2, 0xDC70, 0xCC2F, 0xC3CE, 0xBB8D, 0xB34C, 0xA32B, 0x9B0B, 0x8AAA, 0xB3EE, 0xBC30,
  0x8ACA, 0xABEF, 0xBBCE, 0xB3CE, 0xA38D, 0xA38D, 0x9B2C, 0x8289, 0x8AAA, 0x8ACB, 0x8A89, 0x8269,
  0x8289, 0x8ACB, 0x932C, 0xAC30, 0xAC70, 0xA450, 0x8B6C, 0xBD12, 0xDE79, 0xDEBA, 0xC6FC, 0xBEFC,
  0xBE9B, 0xB67B, 0xB63A, 0xAE3A, 0xAE1A, 0xA61A, 0xA5F9, 0x9DF9, 0xA5B8, 0x9DB9, 0x9DB8, 0x9DD9,
  0x9DB8, 0x9DD9, 0x9DB8, 0x9DD9, 0x9DB8, 0x9DD9, 0x9DB8, 0x9DF9, 0xA5F9, 0xA5FA, 0xA5F9, 0x9DF9,
  0xADB4, 0x8D11, 0x7C2B, 0x7C4B, 0x8CAC, 0x84AD, 0x73EC, 0x6BEC, 0x73EC, 0x6BED, 0x7C4D, 0x848E,
  0xB5B3, 0xAD93, 0xC616, 0xCE78, 0xCE77, 0xC637, 0xC616, 0xC657, 0xC5F5, 0xCE98, 0xD698, 0xD6B9,
  0xD657, 0xD6B8, 0xC5D4, 0xAD32, 0xD656, 0xBDF5, 0x9CB0, 0x9CD1, 0xDE98, 0xE71A, 0xE6D9, 0xDEF9,
  0xD698, 0xDED9, 0xD657, 0x94B0, 0xAD32, 0x9CD1, 0xB573, 0xDEB8, 0xDEB8, 0xD6B8, 0xDED7, 0xDEF9,
  0xF739, 0xE719, 0xEEF8, 0xD676, 0xDE56, 0xC5F5, 0xCDD4, 0xCDF5, 0xC592, 0xCDD3, 0xBD72, 0x83EC,
  0x738D, 0x83EE, 0x9CD2, 0xAD33, 0xBCF2, 0xDDD5, 0xED94, 0xDD12, 0xDCD2, 0xDC91, 0xCC30, 0xC3CE,
  0xBBAE, 0xB34C, 0xAB4C, 0xA2EA, 0x92EB, 0x9AEB, 0xA3AE, 0x92EA, 0x6A08, 0xA36D, 0xB3CE, 0xB38D,
  0x7A8A, 0x7A69, 0xA3AE, 0x8AAA, 0x8ACB, 0x92EB, 0x9B0C, 0x9B0C, 0x930C, 0x92EB, 0x8B2C, 0x9B8E,
  0xACB2, 0xAC71, 0x93EE, 0xB491, 0xB576, 0xDE9A, 0xBEDC, 0xB67A, 0xB67B, 0xB65A, 0xAE5B, 0xAE3A,
  0xA61A, 0xA5FA, 0x9DFA, 0xA5D9, 0x9DD9, 0x9DB8, 0x9DB9, 0x9D98, 0x95B9, 0x9D98, 0x95B9, 0x9DB8,
  0x95B9, 0x9DB8, 0x95B9, 0x9D98, 0x95B9, 0x9D98, 0x95B9, 0x9DB8, 0x9D73, 0x742E, 0x73EA, 0x7C0B,
  0x744B, 0x7C2B, 0x7C8F, 0x6BAB, 0x6C0D, 0x94D0, 0x7C6D, 0x848E, 0x9511, 0xA552, 0xC658, 0xD698,
  0xC658, 0xC616, 0xC637, 0xBDD5, 0xCE78, 0xCE57, 0xD6D9, 0xDEFA, 0xC616, 0xC616, 0xC5F6, 0xB573,
  0xB5B4, 0xDEB8, 0xEF5C, 0xDEB9, 0xE71A, 0xE6F9, 0xEF5B, 0xEF3A, 0xDEFA, 0xAD33, 0x7BCD, 0x7BAD,
  0x6B4B, 0xAD12, 0xE71A, 0xDE97, 0xDED9, 0xD697, 0xE73A, 0xEF5A, 0xEF7B, 0xDEB8, 0xC5F5, 0xC5D4,
  0xCE15, 0xCDF5, 0xC5F5, 0xBD73, 0xBD72, 0xACCF, 0x83EC, 0xA48F, 0x5288, 0x842E, 0xA512, 0x9CF2,
  0xB4D1, 0xDE36, 0xED93, 0xDD32, 0xDC90, 0xCC2F, 0xCBEE, 0xBBAD, 0xB36C, 0xAB4C, 0x9B0A, 0x92EA,
  0x92EA, 0x934C, 0xABEE, 0xAC2F, 0xBC4F, 0xB40E, 0xA38C, 0xA38D, 0x9B4C, 0x8B0B, 0x8ACA, 0x82EB,
  0x92CA, 0x8ACB, 0xA30B, 0xA34C, 0xAB4C, 0xA32C, 0xA32C, 0xA36C, 0xAC4F, 0xB4B1, 0xC42F, 0xB3CD,
  0x9CB3, 0xD69B, 0xBE9B, 0xB69C, 0xB65B, 0xB65B, 0xB65B, 0xAE3A, 0xAE1A, 0xA61A, 0xA5F9, 0xA5F9,
  0xA5D9, 0x9DD9, 0x9DB8, 0x9DD9, 0x9D98, 0x95B8, 0x9DB8, 0x9DD9, 0x9DB8, 0x9DB8, 0x9DB8, 0x95B9,
  0x9DB8, 0x9DD9, 0x9DB9, 0x9DDA, 0x9D52, 0x84AF, 0x7C4B, 0x742B, 0x740B, 0x6C0C, 0x6BCB, 0x63CB,
  0x846E, 0x9531, 0x846D, 0x740C, 0xAD73, 0xC657, 0xC616, 0xBDF6, 0xAD73, 0xAD94, 0xAD73, 0xBDF5,
  0xDED9, 0xE75B, 0xEF5B, 0xD698, 0xDE98, 0xD678, 0xC5D4, 0xB5B4, 0xD677, 0xE71A, 0xDED9, 0xD6B9,
  0xDE98, 0xC637, 0xC5F5, 0x94B0, 0x8C2E, 0x6B6B, 0x7BAC, 0x6B4B, 0x5AA9, 0x5ACA, 0xCE15, 0xD677,
  0xDE97, 0xEF3A, 0xCE15, 0xC615, 0xA4CF, 0x8C4E, 0xAD10, 0xBDB3, 0xC5B3, 0xBDB4, 0xC5B3, 0xBD93,
  0xB551, 0x9CAF, 0xC5D3, 0xBD93, 0x8C70, 0x8C2E, 0x9CD2, 0x738C, 0xACB1, 0xE637, 0xE594, 0xDCF1,
  0xD450, 0xCBEE, 0xBB8D, 0xB34C, 0xA30B, 0x9A89, 0x8289, 0x8AA9, 0x8AEB, 0xA38D, 0xB470, 0xC4B1,
  0xBC91, 0xABAD, 0x9B4C, 0xA36C, 0x934D, 0x930B, 0x82EB, 0x82CA, 0x8ACB, 0x92CB, 0x9AEB, 0xAB4C,
  0xAB6D, 0xAB4C, 0x9B4C, 0xA34C, 0xA430, 0xBCD2, 0xB3EE, 0xB3AD, 0xCE5A, 0xDE9B, 0xB69C, 0xB67B,
  0xB67C, 0xB63B, 0xAE5B, 0xAE1A, 0xA63B, 0xAE1A, 0xA61A, 0xA5F9, 0x9DD9, 0x9DB8, 0x95B9, 0x9DB8,
  0x95B9, 0x9DB9, 0x9DD9, 0x9DB8, 0x9DD9, 0x9DB9, 0x95B9, 0x9DB9, 0x9DD9, 0x9DB9, 0x95BA, 0x9DDA,
  0x9D93, 0x7C6E, 0x7C6C, 0x7C6C, 0x5B8A, 0x638A, 0x5349, 0x4AC7, 0x8CF0, 0x9D51, 0x742D, 0x94F0,
  0xADB5, 0xA553, 0xAD94, 0xA512, 0x9D12, 0xBDF6, 0xC637, 0xDED9, 0xD6B9, 0xDED9, 0xCE98, 0xDEB9,
  0xCE58, 0xC5F6, 0xC636, 0xC5D5, 0xDEDA, 0xBDD5, 0xC637, 0xC616, 0xD698, 0xB594, 0x8C70, 0x8C0E,
  0x842F, 0x7BAC, 0x73AD, 0x736C, 0x632C, 0x3185, 0x630A, 0xC5D5, 0xD698, 0xAD32, 0x630A, 0xC615,
  0xAD52, 0xBD73, 0xCE36, 0xCE35, 0xD6B8, 0xD656, 0xC5F5, 0xCDF5, 0xBDB4, 0xC5B3, 0xCE36, 0xB552,
  0x5AA9, 0x6B6C, 0x946F, 0x8C70, 0xAC4F, 0xE636, 0xED73, 0xD511, 0xD48F, 0xBC0E, 0xB36C, 0x9AEA,
  0x8288, 0x7A89, 0x82A9, 0x8B0B, 0xA38D, 0xBC50, 0xCCB1, 0xC4B1, 0xC44F, 0xABAD, 0xAB8D, 0xA36D,
  0x9B4B, 0x932B, 0x8AEA, 0x82CA, 0x8ACA, 0x8AEB, 0x8AAA, 0x9B2C, 0xAB6D, 0xAB6D, 0xAB6C, 0xA38D,
  0xA40E, 0xBCF2, 0xA4F3, 0xCE9A, 0xCEFC, 0xBEDB, 0xC6BB, 0xBE9B, 0xBE7B, 0xAE5B, 0xB63A, 0xAE3A,
  0xB639, 0xAE19, 0xAE19, 0xA61A, 0xA5D8, 0x9DD8, 0x9DB8, 0x9DB8, 0x9DB8, 0x9DD9, 0xA5D8, 0x9DD8,
  0xA5D8, 0x9DF9, 0x9DB8, 0x9DD9, 0xA5D7, 0x9DF8, 0xADF4, 0xA5F4, 0xAD91, 0x846D, 0x848E, 0x6BEB,
  0x6389, 0x63CB, 0x63AA, 0x5B8B, 0x6BEB, 0x6C0C, 0x740C, 0x740D, 0x8C50, 0x9D13, 0xAD73, 0xA553,
  0xBDF6, 0xC657, 0xDEB8, 0xD6D9, 0xDEB8, 0xDEF9, 0xD677, 0xBDF5, 0xD656, 0xC616, 0xCDF5, 0xD678,
  0xC5F6, 0xB594, 0xCE36, 0xE71A, 0xF75B, 0xC636, 0xB573, 0xAD33, 0x946F, 0x83EE, 0x9CB0, 0x9CD0,
  0x6B0A, 0x5AC9, 0x62E9, 0xD6B8, 0xE6D8, 0xCE77, 0xAD31, 0xD677, 0xE6D8, 0xE6F8, 0xE6D8, 0xEF3A,
  0xF75A, 0xF79C, 0xFF7B, 0xEF5B, 0xFF7B, 0xF77B, 0xEEF9, 0xD697, 0x2964, 0x3164, 0x630A, 0x8C6F,
  0xAC90, 0xE616, 0xE593, 0xD4F1, 0xD4B1, 0xBBED, 0xAB4C, 0x8A48, 0x7248, 0x8AAA, 0x8B2C, 0xA3AE,
  0xB430, 0xBC50, 0xBC91, 0xBC50, 0xB40F, 0xBBEF, 0xB40F, 0xAB8D, 0x9B6D, 0x932B, 0x8B0C, 0x930B,
  0x8B2C, 0x8AEB, 0x82AA, 0x8AAA, 0x9B2C, 0xAB4D, 0xA38D, 0xAB6D, 0xA40F, 0xCD54, 0xCE9A, 0xD6BA,
  0xBEDC, 0xBE9B, 0xB69C, 0xBE7B, 0xAE7B, 0xB65B, 0xAE3A, 0xAE1A, 0xA619, 0xADF9, 0xA61A, 0xA5FA,
  0x9DF9, 0x9D98, 0x95B8, 0x9DB8, 0x9DD9, 0x9DB9, 0x9DD9, 0xA5D9, 0xA5F9, 0xA5D9, 0x9DD9, 0x9DD9,
  0x9DD8, 0x9576, 0x9DB4, 0x9D73, 0x8CCF, 0x844D, 0x742D, 0x7C2D, 0x6C2C, 0x742C, 0x5B8B, 0x6BAB,
  0x6BEC, 0x638A, 0x6BEC, 0x636A, 0x73CE, 0x9D13, 0xADB5, 0xC637, 0xBE37, 0xCE58, 0xDEFA, 0xE6FA,
  0xE71A, 0xCE36, 0xAD53, 0xCE36, 0xBDF5, 0xB573, 0xC5F6, 0xBDB5, 0xAD94, 0xA4F2, 0xD6B9, 0xBDB5,
  0xA512, 0x9CB1, 0xA512, 0x736C, 0x7BCD, 0x83CD, 0x94B0, 0x7BAC, 0x738C, 0x4A06, 0x840E, 0xD697,
  0xDED9, 0xDE98, 0xCE57, 0xD657, 0xBDB4, 0xBD93, 0xB593, 0xCE35, 0xCE57, 0xCE16, 0xCE36, 0xC5D5,
  0xAD32, 0x9C8F, 0x7BCD, 0x7BAC, 0x2924, 0x31A6, 0x39E6, 0x7C0F, 0xCD52, 0xDDF5, 0xED73, 0xD511,
  0xDCB0, 0xC42E, 0xB38C, 0x92C9, 0x82A8, 0x6A47, 0x51A6, 0x4986, 0x7ACA, 0x93AE, 0xA3CD, 0x9BCD,
  0x9B6C, 0x936C, 0x932B, 0x934B, 0x8B2A, 0x8B4B, 0x830B, 0x72CA, 0x7269, 0x72EB, 0x8AEA, 0x7AA9,
  0x92EA, 0x9B6C, 0xAB6C, 0xA38D, 0xA470, 0xD638, 0xB6BC, 0xB6DD, 0xC6DB, 0xBEBB, 0xB67B, 0xB67B,
  0xB65B, 0xAE3B, 0xB618, 0xB639, 0xADF8, 0xAE19, 0xAE19, 0xA5F9, 0xA5D7, 0x9DB7, 0xA5B6, 0x9DB7,
  0xA5B5, 0xA5B6, 0x9DB7, 0x9DF8, 0x9DD8, 0x9DD9, 0x9DB9, 0x9DD9, 0xADF6, 0x9554, 0x9D0C, 0x9D4D,
  0x8CAB, 0x6BC8, 0x6BCB, 0x6C0C, 0x5308, 0x5B8A, 0x73EC, 0x5B8A, 0x636A, 0x740D, 0x6B8C, 0x634B,
  0x7BCE, 0xAD95, 0xA532, 0xA553, 0xCE57, 0xDF1A, 0xE6F9, 0xC657, 0x8C2E, 0xA512, 0xDE98, 0xA512,
  0x944F, 0xAD53, 0xB573, 0xA512, 0xB574, 0x8C4F, 0xA4F1, 0x94B1, 0x9C90, 0xA512, 0x7BAC, 0x73AC,
  0x83ED, 0x83ED, 0x7B8B, 0x738C, 0x83EC, 0x9CD0, 0xB552, 0xA4F1, 0x9CB0, 0x94B0, 0x8C0D, 0x8C4F,
  0x944E, 0x8C4E, 0x942E, 0x948F, 0x9C8F, 0x9CB0, 0x9C8F, 0x9CB0, 0xA4AF, 0xB573, 0xBDB4, 0xCE36,
  0x2104, 0x3165, 0x2144, 0x7BEE, 0xA44F, 0xD594, 0xE593, 0xD4F1, 0xD4D1, 0xCC4F, 0xBC2F, 0xAB8C,
  0x936C, 0x8B0A, 0x72AB, 0x5186, 0x72AA, 0xBCB1, 0xCD53, 0xD553, 0xD574, 0xC4B1, 0xB470, 0xBC90,
  0xA40F, 0xA3EE, 0x7B2C, 0x5185, 0x30C3, 0x59C7, 0x830B, 0x8B0B, 0x932C, 0xA34C, 0xA36D, 0xAB6D,
  0xA4D2, 0xD638, 0xAEBD, 0xB69C, 0xB67B, 0xB65A, 0xAE5B, 0xB65B, 0xAE5B, 0xAE1A, 0xAE18, 0xADF8,
  0xA5D8, 0xADF8, 0xA61A, 0xA5D8, 0xA5D8, 0xA5D8, 0x9DB7, 0x9D97, 0x9DB6, 0xA5B6, 0x9DD8, 0x9DB7,
  0x95B8, 0x9DB8, 0x95B9, 0x9DB9, 0xA5D6, 0x9D74, 0x9D4D, 0x8CAB, 0x8CED, 0x8CAB, 0x746D, 0x5B49,
  0x534A, 0x4AE8, 0x5329, 0x52E8, 0x4AE9, 0x638B, 0x5B2B, 0x7C0E, 0x8471, 0xAD54, 0x842F, 0xBDF5,
  0xBE16, 0xC5F6, 0x8C70, 0x6B4B, 0x842F, 0xAD53, 0x73AD, 0x6B4B, 0x7BEE, 0x840E, 0x7BCD, 0x736C,
  0x840E, 0x5288, 0x4A48, 0x83EE, 0xA512, 0x8C2F, 0x738C, 0x5AC9, 0x73AD, 0x840E, 0x73AD, 0x6309,
  0x8C2E, 0xCE36, 0xBDD5, 0xC5F5, 0xC637, 0xA4F1, 0x6B4B, 0xB553, 0xBDD5, 0xC5D4, 0xAD32, 0xB573,
  0xB573, 0xAD11, 0xB593, 0xCE35, 0xE6F9, 0xEF19, 0xEF5B, 0xEF3A, 0x39A6, 0x2124, 0x39A6, 0x4A69,
  0xA42E, 0xCDD5, 0xE552, 0xD511, 0xD4D0, 0xCCB0, 0xCC4F, 0xBC0E, 0xABAC, 0xB40E, 0xC4B0, 0xBCD1,
  0xA3AD, 0xAC0F, 0xCCD2, 0xCCD2, 0xDD13, 0xC4B1, 0xC470, 0xBC70, 0xA38D, 0x8B0B, 0x6A48, 0x6207,
  0x7AA9, 0x832B, 0x9B4B, 0x9BAC, 0xAB8C, 0xA38C, 0xAB8C, 0xA3AD, 0xB533, 0xDEDA, 0xD71B, 0xCEDA,
  0xCE56, 0xC676, 0xBE78, 0xBE99, 0xC658, 0xB637, 0xBE16, 0xB616, 0xBE37, 0xBE78, 0xB617, 0xB617,
  0xADB5, 0xADB5, 0xADD5, 0xADF6, 0xB617, 0xBE78, 0xC699, 0xB658, 0xB638, 0xA618, 0xA5D7, 0xA5F8,
  0xADF4, 0x9DB3, 0xA550, 0x8CAE, 0x7C4A, 0x7C8C, 0x740B, 0x5B69, 0x4287, 0x42C9, 0x5B49, 0x5B8A,
  0x6BCC, 0x6BED, 0x94B0, 0x8490, 0x840E, 0x8C70, 0xBDF4, 0xC635, 0x9CD0, 0x844E, 0x7BCA, 0x9D30,
  0xCE56, 0xA531, 0x83ED, 0x8C50, 0xAD11, 0xB5B4, 0x9CB0, 0xB5B4, 0xB573, 0x630A, 0x8C2E, 0xAD73,
  0xB573, 0x632A, 0x6B0A, 0x83EE, 0x8C0D, 0x7BAC, 0x7BAC, 0x948F, 0xC5F4, 0xCE56, 0xDE77, 0x9CB0,
  0x8C2E, 0x7BCD, 0x8C0D, 0x9CD1, 0xB532, 0xBDD4, 0xAD11, 0x9CB0, 0x9C8F, 0xCE56, 0xE6F8, 0xDED8,
  0xDE97, 0xDEB8, 0xF73A, 0xDEB8, 0x4A8A, 0x3186, 0x31A7, 0x39A6, 0x836C, 0xC574, 0xE573, 0xD4F1,
  0xD4D1, 0xD4B0, 0xCC90, 0xC42E, 0xB40E, 0xC46F, 0xC512, 0xD533, 0xD575, 0xD534, 0xD514, 0xC491,
  0xBC51, 0xBC0F, 0xABEE, 0xA38D, 0x934C, 0x930B, 0x834C, 0x934D, 0x8B6D, 0x934C, 0x9B8C, 0xA3CD,
  0xA38D, 0xA36C, 0xA3AD, 0xABCD, 0xB554, 0xBDB5, 0xB617, 0xB5F7, 0xA573, 0xBDF5, 0xBE9A, 0xBE79,
  0xB658, 0xB617, 0xB637, 0xB5F6, 0xAE17, 0xB617, 0xB658, 0xB5F7, 0xADF6, 0xADB5, 0xADF6, 0xADD6,
  0xA5F6, 0xB617, 0xAE38, 0xAE17, 0xAE39, 0xAE38, 0xA639, 0xAE39, 0xA5F5, 0x9D72, 0x8CCF, 0x8C8D,
  0x6BEA, 0x6BC9, 0x7C8E, 0x638A, 0x4AE9, 0x4288, 0x5B8A, 0x63AB, 0x5B6B, 0x636A, 0x7C2F, 0x73CD,
  0x8450, 0xAD74, 0xA532, 0xA511, 0x846F, 0x6B6B, 0x94CF, 0xAD92, 0x8CAF, 0x9CF0, 0x9CF2, 0xA512,
  0xC637, 0xC5D5, 0xBDD5, 0xBD94, 0x8C70, 0x7BAD, 0x842F, 0xA4F2, 0xA553, 0x8C2F, 0x8C70, 0x83CD,
  0x736C, 0x736B, 0x8C4F, 0xBD94, 0xBDB4, 0xCE36, 0xD698, 0xBD94, 0x7BCD, 0x736B, 0x7BAD, 0x8C2E,
  0x9CB0, 0x83CD, 0x5AC9, 0x62C9, 0x7BCC, 0x83EC, 0x738C, 0x7B8B, 0x6B6B, 0x734A, 0x840E, 0x83ED,
  0x840E, 0x5AEA, 0x39C6, 0x52AA, 0x41A6, 0x8C10, 0xE593, 0xCD31, 0xD4D0, 0xD4D0, 0xCC6F, 0xC46F,
  0xC42E, 0xCCB0, 0xDD32, 0xDD73, 0xE593, 0xE5D5, 0xE553, 0xCCD1, 0xC42F, 0xBC0F, 0xBBEE, 0xB3CE,
  0xB3AD, 0xABCD, 0xA36C, 0x9B6C, 0xA36C, 0x9B6C, 0xA38C, 0xA3CD, 0xAB8C, 0xA3AC, 0xA3ED, 0xB490,
  0xB570, 0xAD50, 0xAD52, 0xB5D4, 0xAD52, 0xA553, 0xAD94, 0xBE57, 0xBE36, 0xB636, 0xB5F6, 0xADF6,
  0xB5D6, 0xADD6, 0xB5D4, 0xBE36, 0xBDF4, 0xB615, 0xB5D4, 0xB5D5, 0xBDF4, 0xBE36, 0xBE14, 0xBE15,
  0xBE76, 0xB655, 0xB634, 0xBE75, 0xADD3, 0xA5D3, 0x8C8E, 0x73EB, 0x94CD, 0x7C6C, 0x73EA, 0x740B,
  0x63AA, 0x63CB, 0x6BCB, 0x5B8B, 0x5B29, 0x6BEC, 0x842E, 0x7C2F, 0x73CD, 0x6BAC, 0x5B09, 0x6BAC,
  0x8C6E, 0x846E, 0x7BCC, 0x634A, 0x736A, 0x73CC, 0x842D, 0x844E, 0xA4F1, 0x9CF1, 0xA4D1, 0x9CD1,
  0xB594, 0xA512, 0x9490, 0xB594, 0x734B, 0x73AD, 0x83CD, 0x6B6B, 0x62CA, 0x39C6, 0x7BAC, 0xBDF5,
  0xCE15, 0xCE56, 0xD656, 0xCE56, 0xCE15, 0xDEB8, 0xD656, 0xDEB8, 0xDEB7, 0xBDD4, 0xA4F1, 0xBDB4,
  0xD635, 0xC5F4, 0x9CAF, 0x840D, 0x83CC, 0x8C4E, 0x9C6E, 0x736A, 0x94D1, 0x8C2F, 0x5AEB, 0x3185,
  0x39A6, 0x8C0F, 0xDD93, 0xD511, 0xD4D1, 0xCC90, 0xCC90, 0xCC4F, 0xC470, 0xDCF2, 0xDD94, 0xE573,
  0xDD94, 0xE594, 0xDD54, 0xD4F2, 0xCCB2, 0xCC70, 0xC430, 0xC40F, 0xB3EF, 0xAB8D, 0x9B8D, 0xA36C,
  0x9B6C, 0x9B6C, 0xA38D, 0xABAD, 0xA3AD, 0xABAD, 0xA44F, 0xC512, 0xAD71, 0xC613, 0x9CF1, 0x8C4E,
  0x73AC, 0x6B2A, 0x8490, 0xC657, 0xBE57, 0xB5F6, 0xADD6, 0xB5F6, 0xADD6, 0xADB5, 0xADD5, 0xADB4,
  0xADB4, 0xB5B4, 0xADB4, 0xAD94, 0xB5F5, 0xB5D4, 0xB5F4, 0xBDF4, 0xA5D4, 0xADD4, 0xA5F4, 0xADD3,
  0xB656, 0xADD3, 0x846E, 0x8C8E, 0x8CCE, 0x7C2B, 0x5348, 0x5327, 0x5369, 0x4AE7, 0x4B29, 0x4AC8,
  0x63CC, 0x73EC, 0x5B4B, 0x6B8C, 0x6BCD, 0x3A06, 0x3A06, 0x73AC, 0x844E, 0x842D, 0x7C0D, 0x6B6B,
  0x844E, 0x9CD0, 0x94B0, 0x8C4E, 0xAD53, 0xA512, 0x9490, 0x8C4F, 0x7BEE, 0x7BCD, 0xC616, 0x944F,
  0x4A68, 0x738C, 0x6B6B, 0x62E9, 0x630B, 0x39A5, 0x842E, 0xC5F5, 0xC615, 0xC5D4, 0xA512, 0xB553,
  0xCE36, 0xEEF9, 0xD697, 0xD656, 0xCE56, 0xB573, 0xB573, 0xCE36, 0xDED8, 0xD676, 0xC636, 0xDE97,
  0xD677, 0xC5D4, 0xBDF4, 0xBD93, 0x946F, 0x9490, 0x946F, 0x5B0A, 0x4A27, 0x9491, 0xDDB4, 0xCD32,
  0xD4D0, 0xC4B0, 0xCC6F, 0xC48F, 0xD4D1, 0xE573, 0xE594, 0xE5B4, 0xE594, 0xE5B4, 0xDD53, 0xD512,
  0xD4B1, 0xCC90, 0xC42F, 0xBC0E, 0xB3EE, 0xA3AD, 0xABAC, 0xA3AD, 0xA38C, 0x9B8C, 0xA38C, 0xA3AD,
  0xABCD, 0xAC0E, 0xB552, 0xC5F5, 0xBD92, 0x8C6E, 0x6B09, 0x8C6F, 0x9CB0, 0x8C4E, 0x9CF1, 0xC657,
  0xBE15, 0xB5F4, 0xB5B4, 0xBE16, 0xB5D3, 0xADB3, 0xBDB2, 0xB5D3, 0xB5D5, 0xB5F6, 0xB5D3, 0xB5F4,
  0xBDD2, 0xB5D2, 0xB5D0, 0xADB0, 0xA54D, 0xADF0, 0x9D2D, 0x952D, 0xAD8E, 0x9D6E, 0x9CEC, 0x950C,
  0x848A, 0x84AB, 0x73EB, 0x4B08, 0x5309, 0x4AC8, 0x636B, 0x5B4A, 0x4AA7, 0x4AE8, 0x4A86, 0x5B49,
  0x73CC, 0x4287, 0x52C9, 0x636C, 0x6B8B, 0x7C2E, 0x73AB, 0x636A, 0x94AF, 0x8C8F, 0x738A, 0xAD93,
  0x9CD1, 0x4247, 0x4A47, 0x7BEE, 0x83ED, 0xBDB4, 0xD657, 0x7BCD, 0x5A88, 0x73AD, 0x7BAC, 0x7BCD,
  0x7BAC, 0x840E, 0xB573, 0xC636, 0xCE15, 0xCE56, 0xCE16, 0xC616, 0xD656, 0xC616, 0xBD93, 0xBDB4,
  0xBD93, 0x9CD1, 0xBD93, 0xC615, 0xB552, 0x7BCD, 0x83CC, 0x6B4A, 0x6B09, 0x83ED, 0x8C2E, 0x6B4A,
  0x9490, 0x9CB1, 0x8C70, 0x738C, 0x5289, 0xAD34, 0xE5F5, 0xCD12, 0xCCF1, 0xCC90, 0xC44F, 0xCC6F,
  0xD512, 0xE573, 0xE5B5, 0xEDD5, 0xEDF6, 0xE5B4, 0xE594, 0xDD32, 0xD4D2, 0xCC90, 0xC470, 0xC42F,
  0xB40E, 0xB3EE, 0xABEE, 0xA38C, 0x9B8C, 0xA38C, 0xA38D, 0xABAD, 0xA3EE, 0xBC70, 0xC616, 0xCE36,
  0x9CF1, 0x736A, 0x9CF1, 0x9CD0, 0x8C4F, 0x9490, 0x842F, 0x9CD1, 0xC657, 0xB5B4, 0xA574, 0xB5D4,
  0xB5D4, 0xBE14, 0xB5D3, 0xB592, 0xADD5, 0xB5D5, 0xB5D4, 0xBDD4, 0xB5D2, 0xC613, 0xA5B0, 0xA54E,
  0xA58F, 0xB5D0, 0xA58F, 0x9D4D, 0xA5AF, 0xAD8F, 0x952D, 0x8CAB, 0x848B, 0x7C29, 0x5349, 0x636A,
  0x532A, 0x4AC8, 0x530A, 0x5B2A, 0x5329, 0x6BAB, 0x73EC, 0x94CF, 0x5B6B, 0x3205, 0x4248, 0x5AEA,
  0x5B2A, 0x4226, 0x4AC9, 0x8C6F, 0xA572, 0x73AB, 0x6B8B, 0x842D, 0x4AA9, 0x31A5, 0x8C70, 0xC617,
  0xB594, 0xB573, 0xB595, 0x6B2B, 0x5AEA, 0x630A, 0x9490, 0x7BAD, 0x8C4F, 0xAD53, 0xCE77, 0xD677,
  0xC616, 0xCE16, 0xB574, 0x8C0E, 0xAD32, 0x9CB0, 0xA512, 0xB552, 0xA4F2, 0x83CD, 0x7BAD, 0x6B2A,
  0x5288, 0x7B6B, 0x9CF1, 0xA4F1, 0x9CB0, 0xB573, 0x9490, 0x83ED, 0x83ED, 0x842F, 0x7BAD, 0x4228,
  0x4184, 0xC5D6, 0xF614, 0xD551, 0xCCD1, 0xBC90, 0xC44F, 0xC490, 0xD4F1, 0xDD73, 0xEDB4, 0xEDD5,
  0xF5D4, 0xEDD5, 0xF594, 0xDD33, 0xDCB1, 0xD4B1, 0xD470, 0xC42F, 0xC40E, 0xBC0E, 0xB3AD, 0xA36C,
  0xA38C, 0xA3AC, 0xA3AC, 0xA3CD, 0xA490, 0xCDF6, 0xC615, 0xCE77, 0x9CD1, 0x73AD, 0x9490, 0x7BED,
  0x7BCC, 0x6B6B, 0x736B, 0x7BED, 0xAD11, 0xB592, 0xAD92, 0xADB3, 0xB5B2, 0xB5D3, 0xBDB1, 0xB591,
  0xB590, 0xBDF2, 0xBDCF, 0xBDCF, 0xAD6E, 0xADAF, 0xAD8E, 0xAD8F, 0xA56F, 0x9D4F, 0xA570, 0xB612,
  0xAD90, 0xADD1, 0x8C8C, 0x950E, 0x7409, 0x63C9, 0x6BA9, 0x8CEE, 0x846E, 0x5B6A, 0x4287, 0x42A8,
  0x5B08, 0x848E, 0x94CC, 0x9D6E, 0x848B, 0x7409, 0x740A, 0x3A85, 0x2163, 0x3A47, 0x738B, 0x846E,
  0x842D, 0x846E, 0x5AE7, 0x4A86, 0x52A7, 0x73EC, 0xAD53, 0x94B1, 0x83CD, 0x9490, 0xA4F1, 0x738C,
  0x5AAA, 0x840F, 0x5AC9, 0x4A68, 0xC5F5, 0xC636, 0xCE56, 0xBDD4, 0xB552, 0xB573, 0x946F, 0x8C4F,
  0xCE36, 0xC5F6, 0xAD32, 0x8C4F, 0x734B, 0x62EA, 0x6B0A, 0x5AC9, 0x9CB0, 0xC636, 0xE6F9, 0xDEF9,
  0xD677, 0xD6D8, 0xE6F9, 0xDED9, 0x8C50, 0x7BAD, 0x4228, 0x3145, 0x3965, 0xD617, 0xEE35, 0xDD52,
  0xD512, 0xC490, 0xB40E, 0xBC2F, 0xCCD1, 0xDD12, 0xDD74, 0xE574, 0xE5B4, 0xE573, 0xE554, 0xDD12,
  0xD4B2, 0xD470, 0xCC70, 0xC42F, 0xBC0F, 0xBBCE, 0xA38D, 0xA36C, 0xA3AD, 0xA3AD, 0xA3CD, 0xB40E,
  0xBD74, 0xCDF6, 0xBDF6, 0xC616, 0xADB5, 0x6B2B, 0x4A68, 0x5AA9, 0x73AC, 0x6B4A, 0x5B0A, 0x9490,
  0xBDF5, 0xD697, 0xC676, 0xCE76, 0xCE76, 0xB5B3, 0xAD91, 0xB570, 0xA52F, 0xBDB1, 0xB5AF, 0xB56E,
  0xAD8F, 0xB58F, 0xA56E, 0xAD8F, 0xADD1, 0xA56F, 0xA5B1, 0xBE33, 0x9D50, 0x94AD, 0x94EF, 0x8C8D,
  0x7C6C, 0x6BC9, 0x63CA, 0x6389, 0x742D, 0x5309, 0x42A8, 0x4288, 0x52E8, 0x6BAB, 0x5B66, 0x6346,
  0x848C, 0x7C2A, 0x744C, 0x6BEA, 0x4AEA, 0x636B, 0x73CC, 0x7BED, 0x9D11, 0x6B6A, 0x636A, 0x94AF,
  0x7C2D, 0x7BEC, 0x94D2, 0x8C4F, 0x7BEE, 0x9470, 0x8450, 0x4A27, 0x6B4D, 0x5ACA, 0x2965, 0x8C4F,
  0xC636, 0xC5F5, 0xBDF5, 0xCE16, 0xBDB5, 0xAD12, 0x9CF2, 0x8C0E, 0x738C, 0x62C9, 0x5268, 0x5247,
  0x4207, 0x8C0E, 0xBDD5, 0x944F, 0xA532, 0xCE36, 0xBDF5, 0xBDB4, 0xC636, 0xD698, 0xC616, 0x8C2E,
  0x8C2E, 0x5AEA, 0x2944, 0x2965, 0x72E9, 0xE678, 0xF5F4, 0xDD92, 0xD511, 0xD531, 0xC44F, 0xB42E,
  0xCCAF, 0xCCF1, 0xDD11, 0xDD32, 0xED32, 0xDD12, 0xE4B1, 0xD470, 0xCC2F, 0xCC50, 0xCC2F, 0xC3EE,
  0xB3AD, 0xAB8D, 0xA38C, 0xA3CD, 0xA3CD, 0x9BCD, 0xA40E, 0xB4B1, 0xC5D5, 0xBDF6, 0xBDF4, 0xBE15,
  0xB593, 0x630A, 0x6B2A, 0x52C9, 0x736B, 0x7BCD, 0x736B, 0x842E, 0x8C2E, 0x844E, 0x8C4E, 0x9D11,
  0xB593, 0xB5D4, 0xBDF4, 0xBE15, 0xBDB2, 0xBDF3, 0xB570, 0xA52F, 0xB590, 0xB5D1, 0xBDF1, 0xC673,
  0xBE33, 0xA592, 0xA572, 0x94F1, 0x840F, 0x6B8D, 0x9CF1, 0xA573, 0x8C8C, 0x6BA9, 0x638A, 0x4AE8,
  0x636A, 0x4AE8, 0x52E9, 0x4AC8, 0x7BEC, 0x4AA8, 0x5307, 0x5328, 0x5B28, 0x63AA, 0x7C0B, 0x7C4C,
  0x844C, 0x638A, 0x6B6A, 0x634A, 0x840F, 0x4228, 0x4A86, 0x6BCB, 0x73AA, 0x6349, 0x4A48, 0x528A,
  0x41E6, 0x39C6, 0x41E6, 0x4228, 0x3165, 0x1903, 0x62C9, 0xBDF6, 0xC5B4, 0xB574, 0xCE37, 0x8C70,
  0x630A, 0x52C9, 0x5AC9, 0x5288, 0x736B, 0x8C4F, 0x946F, 0x9CD1, 0xAD12, 0xBDD5, 0xBDB4, 0xA4F1,
  0xB573, 0xAD53, 0xC5F5, 0xDEB8, 0xDEB8, 0xBDF6, 0x8C0D, 0xA511, 0x52A9, 0x8C2F, 0x9D14, 0xC638,
  0xD617, 0xE657, 0xEDF4, 0xDD51, 0xCD11, 0xDD31, 0xCCF2, 0xC46F, 0xBC8F, 0xC4B0, 0xC490, 0xCCB0,
  0xD4D1, 0xD4B0, 0xD491, 0xD430, 0xC40F, 0xCC0F, 0xC40F, 0xBB8D, 0xAB6D, 0xAB4C, 0xA3CD, 0xA3AD,
  0x938C, 0xA3CD, 0x9BEE, 0xBCB1, 0xBDF6, 0xC5F6, 0xBE36, 0xBDF5, 0xB594, 0x9CB0, 0x94B1, 0x7BAD,
  0x5AEA, 0x62EA, 0x634B, 0x4A46, 0x52A8, 0x4A47, 0x4267, 0x52A8, 0x73CC, 0x948F, 0x94B0, 0x9CD0,
  0xC614, 0xDED7, 0xE737, 0xDEB5, 0xC653, 0xB5B0, 0xB5D1, 0xBDF1, 0xB614, 0xCE95, 0xA593, 0x844E,
  0x73CE, 0x8C50, 0xADB5, 0xAD53, 0x84AD, 0x6368, 0x3A86, 0x4286, 0x4287, 0x4287, 0x4AC9, 0x5B4A,
  0x73ED, 0x6B8B, 0x6BEB, 0x638A, 0x4AE7, 0x5B28, 0x5B28, 0x5B07, 0x4AC7, 0x5B28, 0x636A, 0x6B6A,
  0x4A49, 0x31A6, 0x31E4, 0x636A, 0x5B49, 0x4A86, 0x39E7, 0x4A28, 0x7C0F, 0x83EE, 0x5B0C, 0x3186,
  0x2165, 0x8C71, 0xA553, 0x83EE, 0xA4F2, 0xA4F2, 0x73AE, 0x3144, 0x3185, 0x5AA9, 0x7BEE, 0x840E,
  0x94B0, 0xB573, 0x9CF1, 0x946F, 0x73AD, 0x8C2F, 0x9CF1, 0x8C2E, 0x9490, 0xBD94, 0xC636, 0xB573,
  0x9CD1, 0xA512, 0xB5B4, 0xBDB4, 0xBDB7, 0xD6BB, 0xDEFB, 0xDF1C, 0xDDD5, 0xE677, 0xF5D3, 0xE593,
  0xDCF1, 0xDD32, 0xDD31, 0xCCF1, 0xCC8F, 0xC48F, 0xBC2E, 0xB42E, 0xC42E, 0xBC2F, 0xBBCD, 0xB3AD,
  0xBBAD, 0xB3CE, 0xB3AC, 0xAB8C, 0xA36C, 0xA38C, 0x9B8C, 0x936C, 0x9B8C, 0x9BCD, 0x93CD, 0xC594,
  0xC5F5, 0xC616, 0xCE57, 0xC636, 0xBDF4, 0x94B0, 0x94AF, 0x7C2D, 0x6B4B, 0x52A9, 0x5AA8, 0x4A67,
  0x41E5, 0x4227, 0x4A47, 0x4A67, 0x5287, 0x634A, 0x6B6B, 0x842E, 0xAD52, 0xBDF5, 0xD656, 0xDEF9,
  0xE719, 0xE73A, 0xDED8, 0xDED8, 0xD697, 0xCE97, 0xB594, 0x842F, 0x5AC9, 0x94D2, 0xC5F6, 0xB5B5,
  0xA531, 0x844D, 0x9CD1, 0x94D1, 0x73AC, 0x4247, 0x52A7, 0x6BCC, 0x5B09, 0x844E, 0x6B8B, 0x5B4A,
  0x52A8, 0x4267, 0x3A06, 0x4268, 0x4A87, 0x4AE8, 0x6369, 0x63AB, 0x5B08, 0x638A, 0x7BCD, 0x73AD,
  0x634A, 0x4A88, 0x52A8, 0x6BAC, 0x9CB1, 0x738D, 0x39C6, 0x31A6, 0x738D, 0xB5B5, 0x5AA9, 0x6B6C,
  0x5AA9, 0x4227, 0x3185, 0x3A07, 0x62EA, 0x6B4C, 0x736B, 0x738C, 0x7BAC, 0x9490, 0x83ED, 0x6B4B,
  0x5AA9, 0x5AEA, 0x83ED, 0x840E, 0x7BAC, 0xA512, 0xAD11, 0x842E, 0x948F, 0xB5B4, 0xA4F2, 0x7BEE,
  0xDEFC, 0xAD56, 0xC67A, 0xCE9A, 0xE657, 0xE637, 0xEDD4, 0xE572, 0xD4F1, 0xDD32, 0xD552, 0xD511,
  0xCCD0, 0xC44F, 0xB42E, 0xABAC, 0xA38C, 0xAB6C, 0xA32B, 0xA30A, 0x9B0B, 0xA30B, 0x9B4B, 0xA32B,
  0x934C, 0x9B2B, 0x8B4B, 0x936B, 0x938D, 0x934B, 0x940F, 0xDE37, 0xC657, 0xC5F6, 0xC637, 0xCE57,
  0xAD94, 0x5AE9, 0x5AE9, 0x6309, 0x5AEA, 0x5289, 0x6B6C, 0x52A8, 0x39E6, 0x39E6, 0x4227, 0x5AC9,
  0x6B6B, 0x738C, 0x634B, 0x83EE, 0x840E, 0x7BED, 0x842E, 0x8C4F, 0xA512, 0xB573, 0xC636, 0xC616,
  0xC656, 0xCE56, 0xC658, 0xB5B5, 0x9D13, 0xC616, 0xC637, 0xB595, 0x94F0, 0x8C8E, 0xADB5, 0xB5D5,
  0x94F2, 0x8C90, 0x740D, 0x7BED, 0x52E9, 0x3A26, 0x4287, 0x4A66, 0x4AA9, 0x3A06, 0x3206, 0x4247,
  0x29E5, 0x4287, 0x42A7, 0x3A45, 0x6BAB, 0x7C2D, 0x6B6C, 0x5268, 0x530A, 0x5B0A, 0x52E9, 0x634A,
  0x52A9, 0x2944, 0x4229, 0x7BAE, 0x52CA, 0x41E7, 0x632C, 0x7BCE, 0x73AD, 0x62CA, 0x4228, 0x4A49,
  0x4A89, 0x738D, 0x6B6C, 0x6B4B, 0x73AD, 0x7BAD, 0x632B, 0x7BAD, 0x6B6C, 0x62EA, 0x8C70, 0x944F,
  0x7BAD, 0x83EE, 0x73AD, 0x8C2E, 0xAD53, 0x946F, 0x630A, 0x39A5, 0xCE7A, 0xA535, 0xCE38, 0xC638,
  0xEDF5, 0xEE15, 0xED73, 0xDD52, 0xDD31, 0xDD73, 0xE572, 0xD552, 0xD4F0, 0xC48F, 0xBC0D, 0xA3AC,
  0xA34A, 0x9B4A, 0xA32A, 0x9B4A, 0x9B2A, 0x9B4B, 0x9B2A, 0x934B, 0x934A, 0x8B4B, 0x934A, 0x934B,
  0x934B, 0x8B0A, 0xAD12, 0xE6D9, 0xDEB8, 0xBE16, 0xBD93, 0xC5F5, 0xA4F1, 0x6309, 0x83CB, 0x6308,
  0x41E5, 0x5AA8, 0x738B, 0x52A8, 0x4A67, 0x4A87, 0x5267, 0x5AE9, 0x7BCC, 0x842E, 0x842D, 0x73AC,
  0x62E8, 0x6B4A, 0x7BAC, 0x73AB, 0x7BCC, 0x8C4F, 0x946F, 0x8C90, 0xAD32, 0xB594, 0xA531, 0xAD93,
  0xC616, 0xBDF6, 0xC615, 0xBDF5, 0xC616, 0xAD94, 0x94AF, 0x8C8E, 0x9CF0, 0xB5B4, 0x8C6F, 0x73CD,
  0x8C4E, 0x8C8F, 0x73AC, 0x3A46, 0x4A68, 0x31E7, 0x31C6, 0x4268, 0x5AE9, 0x4267, 0x4246, 0x31E4,
  0x52C8, 0x2184, 0x4A68, 0x3A27, 0x4226, 0x52C9, 0x52A7, 0x4AA7, 0x4226, 0x4A88, 0x5AEB, 0x39E7,
  0x39A6, 0x7C10, 0x7B8C, 0x738D, 0x734C, 0x630B, 0x4207, 0x4248, 0x6B2B, 0x840F, 0x8C2E, 0x94B0,
  0xA512, 0x9490, 0x6B4B, 0x6B6C, 0x7BAC, 0x738C, 0x9CB1, 0xA512, 0x6B2B, 0x6B4B, 0x9C8F, 0x8C8F,
  0xAD53, 0x8C4F, 0x39C6, 0x1904, 0xCE9B, 0x9CF4, 0xBDF8, 0xBD96, 0xDDB4, 0xEDF5, 0xE573, 0xDD11,
  0xD511, 0xDD31, 0xD552, 0xDD52, 0xCCF1, 0xC46F, 0xB40E, 0xA38B, 0x9B6B, 0x9B4A, 0x932A, 0x9B0A,
  0x930A, 0x9B0A, 0x932B, 0x932A, 0x8B4B, 0x8B2A, 0x8B2B, 0x8B2A, 0x8B2B, 0x8B0A, 0xB554, 0xDE78,
  0xD6B9, 0xDEB8, 0xCE57, 0xDE77, 0xCE57, 0xBDD5, 0xB592, 0xB551, 0xBDF5, 0xB594, 0x5B0A, 0x5288,
  0x52C9, 0x630A, 0x5B0A, 0x6309, 0x6B8C, 0x6B4B, 0x5AE9, 0x5AE9, 0x52C8, 0x62E9, 0x632A, 0x7BAC,
  0x6B4B, 0x738B, 0x73CD, 0x7BCD, 0x7C0E, 0x8C4F, 0xA553, 0xA512, 0xA553, 0xAD73, 0xA533, 0xAD73,
  0xB5D6, 0xBDD5, 0x848E, 0x7BEC, 0xA553, 0xA512, 0x8490, 0x4A87, 0x636B, 0x844E, 0x638B, 0x4226,
  0x3A08, 0x31C6, 0x31C6, 0x2144, 0x31E5, 0x39E6, 0x4AC8, 0x634A, 0x52C9, 0x2984, 0x29A6, 0x31A6,
  0x3206, 0x4A67, 0x29A3, 0x4A87, 0x3A27, 0x29A4, 0x1925, 0x2125, 0x3A28, 0x5AAA, 0x6B4C, 0x736C,
  0x4228, 0x5AAA, 0x52AA, 0x6B4D, 0x6B8D, 0x736C, 0x94B1, 0x9CD1, 0x632B, 0x5ACA, 0x3A07, 0x5ACA,
  0x842F, 0x6B4B, 0x4A48, 0x5268, 0x31C6, 0x5268, 0x7C0E, 0x4A26, 0x4A68, 0x5247, 0x31A6, 0x3186,
  0xCE59, 0x9CF4, 0xCE38, 0xA514, 0xE573, 0xEDD5, 0xED72, 0xD511, 0xD4D0, 0xD531, 0xDD31, 0xD531,
  0xD4F0, 0xC4AF, 0xBC0D, 0xABCC, 0xAB8B, 0x9B6A, 0xA34A, 0x9B2A, 0x9B2A, 0x932A, 0x9B2A, 0x932A,
  0x932A, 0x8B2A, 0x8B2A, 0x8B2A, 0x82EA, 0x938C, 0xC5F5, 0xCE57, 0xCE36, 0xC657, 0xDE96, 0xDED8,
  0xEED6, 0xDE95, 0xDE55, 0xD676, 0xE696, 0xD655, 0xA4AF, 0x6B4A, 0x5AC8, 0x4A87, 0x5AA8, 0x634B,
  0x736B, 0x632A, 0x6309, 0x5AE9, 0x6B09, 0x6309, 0x5AA7, 0x5AE9, 0x6B29, 0x6B6A, 0x6309, 0x6309,
  0x6B29, 0x7C0D, 0x9CD0, 0x7BEC, 0x842D, 0x8CAF, 0x94AF, 0x844E, 0x94AF, 0xA552, 0xB5B4, 0xAD93,
  0xAD52, 0xB5B4, 0xA531, 0x636A, 0x5B29, 0x5B49, 0x5ACA, 0x39E7, 0x2102, 0x2964, 0x4206, 0x52A9,
  0x39C6, 0x3A27, 0x4A67, 0x52C8, 0x4A48, 0x3A07, 0x4A48, 0x4A69, 0x52A8, 0x4267, 0x3A25, 0x52E9,
  0x4A88, 0x3A06, 0x2103, 0x31A6, 0x2965, 0x2986, 0x39C6, 0x31A6, 0x2103, 0x2124, 0x2945, 0x2145,
  0x2103, 0x2145, 0x3185, 0x2965, 0x18C2, 0x2124, 0x39C5, 0x52A9, 0x39C6, 0x2124, 0x2923, 0x31A6,
  0x39A4, 0x52A8, 0x734B, 0x6B4B, 0x6B2B, 0x632B, 0x738C, 0x7BED, 0xBDF8, 0x8C31, 0xB596, 0xBD76,
  0xE5B4, 0xE573, 0xDD12, 0xD4D0, 0xCCD0, 0xD4D0, 0xCD11, 0xD4F0, 0xCCF1, 0xC48F, 0xB42E, 0xABAC,
  0xA36B, 0xA34A, 0x9B4B, 0x9B2A, 0x932B, 0x9B2A, 0x932B, 0x930A, 0x8B0A, 0x8AEA, 0x8B2A, 0x8AEA,
  0x7ACA, 0x9BCD, 0xBDF6, 0xD698, 0xBDF6, 0xAD73, 0xC5F5, 0xE6D8, 0xDEB7, 0xE696, 0xCE35, 0xCDF4,
  0xC5F4, 0xBD72, 0xBD93, 0xBD93, 0xAD53, 0x83ED, 0x842E, 0x9490, 0x7BED, 0x6B2A, 0x5AC9, 0x4A26,
  0x4A88, 0x5267, 0x5AC9, 0x62E9, 0x5AC8, 0x5AC8, 0x4A47, 0x4A26, 0x5288, 0x5AA8, 0x52C8, 0x632A,
  0x73ED, 0x9CF1, 0x6B8C, 0x6B8B, 0x844F, 0x94B0, 0xB5D5, 0xCE57, 0xB5F5, 0xAD73, 0x9511, 0x73CC,
  0x638B, 0x52A7, 0x39E7, 0x5ACA, 0x7BEE, 0x9CD2, 0xA533, 0xB5B5, 0x8471, 0x2944, 0x4AA8, 0x4A67,
  0x31C7, 0x2104, 0x2145, 0x3186, 0x3A27, 0x4246, 0x5309, 0x4266, 0x29C5, 0x2984, 0x31E7, 0x3A08,
  0x31C7, 0x3186, 0x2145, 0x2945, 0x2986, 0x31C7, 0x31A7, 0x2945, 0x2145, 0x2104, 0x1904, 0x2124,
  0x2965, 0x39A6, 0x5AEA, 0x738D, 0x5ACB, 0x4A48, 0x52AA, 0x5AEB, 0x840E, 0x9490, 0x9490, 0x8C0E,
  0x94D2, 0x94B1, 0x94B1, 0xA512, 0x9C93, 0x8C52, 0xACD3, 0xD659, 0xEDB3, 0xDD52, 0xDCF1, 0xCC90,
  0xC42E, 0xB3CD, 0xC44E, 0xCCD1, 0xD4B0, 0xC46F, 0xB3CC, 0xA38B, 0xA32A, 0x9B2A, 0x9B2A, 0x9B4A,
  0x9B2A, 0x932A, 0x930A, 0x930A, 0x8B09, 0x8B0A, 0x8B09, 0x82E9, 0x82E9, 0xAC4F, 0x8C0F, 0xB596,
  0xC636, 0xAD94, 0xB593, 0xCE77, 0xE6B7, 0xDEB7, 0xDE55, 0xE696, 0xD614, 0xC5F3, 0xD614, 0xC5D3,
  0xCDF4, 0xBD92, 0x944E, 0xA4F0, 0xC5D4, 0xC5F4, 0xC5B3, 0xA511, 0x83ED, 0x6B4A, 0x62E9, 0x52A8,
  0x5AA8, 0x52C8, 0x5287, 0x4A87, 0x5AC8, 0x52A8, 0x5287, 0x840E, 0x9490, 0x8C6F, 0x842D, 0x73CC,
  0x846D, 0x7C4D, 0x840E, 0xC677, 0x9CF1, 0x7C0E, 0x5AE9, 0x5AE9, 0x6B4A, 0x636B, 0x946F, 0xC657,
  0xCE55, 0xBE15, 0xBDD3, 0xC655, 0xA512, 0x29A4, 0x3185, 0x31C6, 0x5AC9, 0x52A8, 0x4A47, 0x4A68,
  0x5288, 0x4A68, 0x4A47, 0x4247, 0x4A47, 0x5AEA, 0x5269, 0x4228, 0x4A27, 0x4248, 0x4A47, 0x4247,
  0x4207, 0x39E7, 0x4207, 0x4A69, 0x4A27, 0x4228, 0x4227, 0x3A07, 0x4207, 0x39E7, 0x4207, 0x4A48,
  0x5A88, 0x6B4B, 0x734B, 0x632A, 0x83ED, 0x842E, 0x9C8F, 0x946F, 0x8C2F, 0x73AD, 0x83ED, 0x842F,
  0x9CD4, 0x9CD4, 0x9472, 0xCE18, 0xE594, 0xDD12, 0xCCD1, 0xC44E, 0xB3CD, 0xB3AC, 0xC490, 0xD4F1,
  0xCCD0, 0xB3ED, 0x9B4B, 0x9B2A, 0x932A, 0x9B09, 0x932A, 0x9B0A, 0x932A, 0x930A, 0x8B0A, 0x8AC9,
  0x82EA, 0x8AE9, 0x7AC9, 0x82C9, 0x7B0A, 0xAC2F, 0xC618, 0x9451, 0xAD94, 0x9CF1, 0xB5B4, 0xBDB4,
  0xDE97, 0xC5D3, 0x9C6E, 0xCDD4, 0xDE96, 0xD655, 0xD655, 0xD614, 0xCE15, 0xC5B3, 0xA511, 0xA4F0,
  0xA4F0, 0x944E, 0x9CD0, 0xBD93, 0xB573, 0xACF1, 0x9490, 0x840E, 0x7BCD, 0x5267, 0x4206, 0x4A47,
  0x4A67, 0x4A47, 0x4A88, 0x6B4A, 0x5B2A, 0x736C, 0x846F, 0x73CC, 0x7C2D, 0x73CB, 0x5B2A, 0x8C6F,
  0x94D2, 0xC637, 0xC637, 0xBDB5, 0xBE36, 0xCE56, 0xCE78, 0xC5F5, 0xAD73, 0xB593, 0xAD93, 0xC615,
  0xC678, 0x7BEE, 0x2986, 0x4A28, 0x52C9, 0x5AC9, 0x5B0B, 0x630A, 0x4A68, 0x5AC9, 0x4268, 0x5268,
  0x5AEA, 0x5AC9, 0x4249, 0x39C6, 0x3A07, 0x4A69, 0x5B2B, 0x5B0A, 0x3A08, 0x4228, 0x4A69, 0x52AA,
  0x52CA, 0x4A48, 0x3A28, 0x4208, 0x3A08, 0x41E7, 0x3A08, 0x39E7, 0x4A68, 0x7BAD, 0x73AC, 0x736B,
  0x5AE9, 0x62C9, 0x840E, 0x944F, 0x630B, 0x4A27, 0x4A68, 0x5268, 0xC618, 0x9CF4, 0x83F0, 0xAD55,
  0xE573, 0xCCF1, 0xCC6F, 0xBC2F, 0xBBED, 0xB3ED, 0xCC8F, 0xD511, 0xCC6F, 0xA36B, 0x92E9, 0x92EA,
  0x9B09, 0x9309, 0x9B09, 0x930A, 0x92E9, 0x930A, 0x92E9, 0x8AE9, 0x8AC9, 0x82C9, 0x82A8, 0x7AC9,
  0x830A, 0xA40E, 0xCE17, 0x9C92, 0x9CF3, 0xCE79, 0x9CD1, 0x9CF1, 0xCE15, 0xDE97, 0xDE34, 0xDE96,
  0xDE76, 0xDE96, 0xDE55, 0xDE55, 0xE675, 0xCE14, 0xD614, 0xDE96, 0xDE55, 0xC5D3, 0xA4AF, 0x946E,
  0x8BCC, 0x83AC, 0xA4D0, 0xA511, 0x9CAF, 0x8C2D, 0x5AA9, 0x39C5, 0x4206, 0x4A68, 0x62E9, 0x6B6B,
  0x632A, 0x6B6B, 0x6B4A, 0x6B8B, 0x73AC, 0x846F, 0x9490, 0xB5D5, 0xCE57, 0xBDF6, 0xCE56, 0xCE77,
  0xCE57, 0xC637, 0xC5F4, 0xB5B3, 0xB5B2, 0xB5D3, 0xAD70, 0xBE33, 0xB592, 0x94CF, 0x5A47, 0x5A88,
  0x6287, 0x5A47, 0x5A86, 0x62E8, 0x5AA7, 0x5286, 0x5AA6, 0x6308, 0x840A, 0x6B68, 0x62E7, 0x6328,
  0x7348, 0x7BCA, 0x840A, 0x948C, 0x7329, 0x736A, 0x62E9, 0x5AC9, 0x6B0A, 0x5268, 0x5247, 0x5268,
  0x5A88, 0x5AA9, 0x62C9, 0x5AC9, 0x4A26, 0x39E6, 0x734B, 0x73AC, 0x736B, 0x632A, 0x4A06, 0x4A47,
  0x4206, 0x4A68, 0x5A88, 0x6B6C, 0xAD76, 0x9CB3, 0x7BF0, 0x9CD3, 0xCCD1, 0xCCF1, 0xCCB1, 0xC42F,
  0xBC0E, 0xC40E, 0xC46F, 0xD4D1, 0xABAD, 0x92A8, 0x8AA9, 0x92C9, 0x92E9, 0x92C9, 0x8AC9, 0x8AC9,
  0x8AE9, 0x92E9, 0x8AC9, 0x8AC9, 0x7AC9, 0x82A8, 0x7AA9, 0x82C9, 0x830A, 0x9BCD, 0xBDB7, 0x83CF,
  0x52AB, 0xAD96, 0xBE16, 0x840E, 0x9CAF, 0xE6D8, 0xEED8, 0xE696, 0xD655, 0xE6B7, 0xDE97, 0xE676,
  0xE6B7, 0xE696, 0xDEB7, 0xE696, 0xDEB7, 0xDE96, 0xD656, 0xD614, 0xB532, 0xACF1, 0xB573, 0xC5D4,
  0xA511, 0x8C0D, 0x8C70, 0x6B2B, 0x4A48, 0x4A47, 0x4A67, 0x5AC9, 0x6B8C, 0x73AC, 0x73CD, 0xA511,
  0xBE16, 0xC615, 0xAD94, 0xBDF5, 0xAD95, 0xAD53, 0xAD74, 0xB5B4, 0xAD94, 0xCE37, 0xC656, 0xC635,
  0xB5D3, 0xB5B2, 0xADB2, 0xB5B1, 0xC655, 0x8C4D, 0x41C5, 0x5A47, 0x7B6C, 0x730A, 0x62E9, 0x6B29,
  0x842D, 0x736A, 0x736A, 0x9CAE, 0x94CE, 0x948D, 0x94AF, 0x9CAF, 0x9CEF, 0x946D, 0xA52F, 0x9CAD,
  0x9CD0, 0x83EC, 0x842E, 0x83CD, 0x83EE, 0x83AD, 0x73AD, 0x83EE, 0x7BAD, 0x83CD, 0x842F, 0x83EE,
  0x7BCE, 0x5AA9, 0x5AC9, 0x62E9, 0x630B, 0x7BAC, 0x736C, 0x6B2B, 0x5ACA, 0x5AA9, 0x5AEA, 0x736C,
  0xAD35, 0xB5B7, 0x7BF0, 0x8CB3, 0xB490, 0xC533, 0xD4D0, 0xC48F, 0xCC6F, 0xC44F, 0xD4B0, 0xC44F,
  0x8A88, 0x7A47, 0x8A88, 0x8AC9, 0x8AA8, 0x82A8, 0x92C8, 0x92E9, 0x92E9, 0x8AE9, 0x8288, 0x82A8,
  0x82A8, 0x82C9, 0x82E9, 0x832A, 0x830A, 0x9BED, 0x9CB2, 0x736D, 0x8431, 0x73CF, 0xB596, 0xBE18,
  0x9470, 0xD698, 0xF717, 0xE6B6, 0xE6B6, 0xE6D7, 0xE6B6, 0xDE96, 0xE696, 0xDEB7, 0xE696, 0xDE96,
  0xE696, 0xDE76, 0xD614, 0xD655, 0xE675, 0xD655, 0xDE75, 0xD635, 0xD634, 0xCDF4, 0xACF0, 0xA4CF,
  0x7B4A, 0x734A, 0x83CC, 0x7BCC, 0xA4F1, 0xB594, 0xB594, 0xC616, 0xAD32, 0xC636, 0xC616, 0xC616,
  0xB593, 0xAD73, 0xBDB3, 0xB5D3, 0xBDD4, 0xB5B4, 0xC613, 0xC654, 0xB570, 0xBDF3, 0xB591, 0xAD71,
  0x948E, 0x52E8, 0x8C4E, 0x9D11, 0x8C0D, 0x6309, 0x6AC7, 0x83AB, 0xA46C, 0x9C4B, 0xACAC, 0xBD2E,
  0xAD0C, 0xAD2D, 0xC5B0, 0xCDF1, 0xC56F, 0xBD6F, 0xB52E, 0xA4AD, 0xB50F, 0xB52F, 0xB530, 0xACF0,
  0xB4CF, 0x9C4D, 0x8BAA, 0x8BAA, 0x7BA9, 0x7BAA, 0x8BEB, 0x946D, 0x942C, 0x8BEB, 0x83CB, 0x7BAB,
  0x62C8, 0x5AA8, 0x62C9, 0x4A47, 0x39A5, 0x4227, 0x5AC9, 0x5AEA, 0x94D4, 0xBDD7, 0x7C11, 0x8C72,
  0xA42F, 0xB4B1, 0xCCD1, 0xC44E, 0xC470, 0xCC6F, 0xCCB1, 0x9B0A, 0x7227, 0x8268, 0x82A9, 0x8AA9,
  0x8289, 0x8A88, 0x932B, 0x9B2A, 0x930A, 0x8A88, 0x82A9, 0x8AA8, 0x82E9, 0x82C9, 0x7AE9, 0x82E9,
  0x832B, 0x8B6B, 0x62EC, 0x6B2D, 0x7C10, 0x630C, 0x8452, 0xA535, 0xA533, 0xDE99, 0xEF18, 0xF6F7,
  0xE6D7, 0xEEF8, 0xE6F8, 0xE6B7, 0xDEB7, 0xE696, 0xDE97, 0xDE76, 0xDE97, 0xD614, 0xCDF4, 0xDE55,
  0xDE96, 0xDE75, 0xDE96, 0xDE76, 0xDE76, 0xDE76, 0xD656, 0xC593, 0xBD93, 0xB511, 0xC5F5, 0xD677,
  0xAD94, 0x946F, 0x8C70, 0x9490, 0xAD74, 0xBDD5, 0xBDF6, 0xAD53, 0xAD73, 0x9CD1, 0xB5D4, 0xBDF4,
  0xAD93, 0x9CF1, 0xAD92, 0xA510, 0x8C8D, 0xAD50, 0x94EF, 0x8C4C, 0x6B8B, 0x5AC8, 0x8C6F, 0xCE56,
  0xCE56, 0xB532, 0xACF0, 0xACD0, 0xA48D, 0xBD2F, 0xC570, 0xACAC, 0x8C4A, 0xA4EC, 0xBD8F, 0xBD6F,
  0xC5B1, 0xCDB0, 0xBD90, 0xACCD, 0x9C6D, 0xACAE, 0x9C8E, 0x9C4D, 0xBD51, 0xBD31, 0xB510, 0xACAE,
  0x9CCE, 0x946D, 0x8BEC, 0x940C, 0xB551, 0xBD51, 0xAD32, 0x9CAF, 0xAD53, 0x9C90, 0x7BCE, 0x83ED,
  0x6B4C, 0x6B4C, 0x632B, 0x41C5, 0x94B2, 0xB5D7, 0x8C51, 0x7C30, 0xB513, 0x9C91, 0xD4F1, 0xC4B0,
  0xCCAF, 0xD4F1, 0xB3CD, 0x7A47, 0x8267, 0x82A9, 0x92C9, 0x8AC9, 0x92C9, 0x9B4B, 0xAB8C, 0x9B4B,
  0x8AC8, 0x82A8, 0x8AC9, 0x8AE9, 0x8B09, 0x830A, 0x82C8, 0x832A, 0x730B, 0x62CA, 0x6B4D, 0x73CF,
  0x738E, 0x6B6E, 0x738E, 0x94D3, 0x9CF4, 0xAD97, 0xE6D8, 0xE71A, 0xEED6, 0xE6D6, 0xEEF7, 0xE6F8,
  0xE6B6, 0xE6B7, 0xE6B6, 0xE6D7, 0xEEF7, 0xE6D7, 0xE6B6, 0xE6B6, 0xE695, 0xDE96, 0xDE95, 0xDEB6,
  0xE6B6, 0xD675, 0xD634, 0xE6F8, 0xDED8, 0xCE36, 0xAD52, 0x9CF1, 0x948F, 0x842E, 0x9CB0, 0xA512,
  0x9CF1, 0xAD93, 0xB593, 0xAD73, 0xA512, 0xA553, 0xC5F4, 0xC656, 0x9CAF, 0x9CD0, 0x8C6D, 0x8C6D,
  0x8C0A, 0x840B, 0x838A, 0x6B08, 0x8BA8, 0xA4AC, 0xACED, 0xCE53, 0xCE56, 0xDEF9, 0xE6F8, 0xDEB8,
  0xC571, 0xB530, 0xBD2D, 0xC58F, 0xC52D, 0xB50D, 0xACCD, 0xB50E, 0xC590, 0xC590, 0xCDB0, 0xB54F,
  0xAC8D, 0xACEE, 0xAC8D, 0x9C4C, 0x940C, 0x9CAF, 0xB4EE, 0xACCE, 0xB52E, 0xB54F, 0xBD2F, 0xB50F,
  0xCD90, 0xCDD1, 0xC56F, 0xBD90, 0xB551, 0x6B49, 0x8BAB, 0x83AB, 0x9C6F, 0xA4D0, 0x944E, 0x946F,
  0x94D3, 0xAD55, 0x8C93, 0x6B4D, 0xA4D3, 0x9451, 0xC490, 0xCCB0, 0xD532, 0xCC90, 0x8289, 0x7A27,
  0x7A88, 0x8AC9, 0x8AEA, 0x92EA, 0xA36C, 0xB3CD, 0xA38C, 0x92E9, 0x82A9, 0x8AA9, 0x932B, 0x930A,
  0x832A, 0x82C9, 0x7AE9, 0x82E9, 0x5A69, 0x62AA, 0x634E, 0x630D, 0x6B6E, 0x738E, 0x8472, 0xAD56,
  0x8452, 0x738F, 0xB594, 0xF75A, 0xEF17, 0xEEF7, 0xE6F8, 0xEEF8, 0xE6D7, 0xEED7, 0xEF39, 0xF738,
  0xEF18, 0xEEF7, 0xE6D7, 0xEEF7, 0xEEF7, 0xD634, 0xD655, 0xE6B6, 0xDE96, 0xE696, 0xE6D8, 0xDE56,
  0x9490, 0x946F, 0xA553, 0xBDD4, 0x94B0, 0xB573, 0xC616, 0xAD53, 0xADB4, 0xA512, 0x9D12, 0xA512,
  0xA533, 0xAD32, 0x94B0, 0x83ED, 0x7BED, 0x8C4E, 0x6B8A, 0x73AA, 0x7BAA, 0x8C0B, 0x8C0D, 0x83AB,
  0x8BEA, 0xC590, 0xBDD1, 0xCE12, 0xC636, 0xC615, 0xC5F5, 0xC5D4, 0xD634, 0xC591, 0x9C4A, 0xB4EC,
  0xCDB0, 0xBCED, 0xBD90, 0xD5F2, 0xB50E, 0xBD2E, 0xC5B1, 0xC590, 0xACEF, 0xB4EF, 0xB510, 0xD5F3,
  0xAD11, 0xA4AF, 0xB50F, 0xB4EE, 0xAD2F, 0x9C8C, 0xA4AE, 0xA48D, 0xA4AD, 0xACCE, 0xA4CD, 0xACCD,
  0x9CB0, 0x944E, 0x7B8B, 0x9C4E, 0xA4F1, 0x6B09, 0x738C, 0x8C0E, 0x9CB3, 0x9492, 0x83F0, 0x5AEC,
  0x83EF, 0x9D14, 0xABED, 0xCD12, 0xDD11, 0x9B6B, 0x7A47, 0x7A68, 0x8AA8, 0x932A, 0x9B2A, 0xA3AC,
  0xC42E, 0xC44F, 0xA36B, 0x8AC9, 0x8AC9, 0x9B6B, 0x9B4B, 0x934B, 0x8B09, 0x82E9, 0x7B2B, 0x6AA9,
  0x528A, 0x6B6E, 0x6B2D, 0x5AEC, 0x630C, 0x7C10, 0xB596, 0xA576, 0xA4F4, 0x73CF, 0x9492, 0xDF1C,
  0xEEF8, 0xE6F9, 0xF717, 0xF738, 0xF718, 0xE6F7, 0xEEF7, 0xEF17, 0xEEF7, 0xE6F7, 0xEEF7, 0xEF17,
  0xEEF7, 0xE6D7, 0xD634, 0xE6F7, 0xE695, 0xE6B6, 0xDE96, 0xCE56, 0xB573, 0x9CD0, 0x8C2D, 0xA4F0,
  0xAD11, 0xA511, 0xC5D4, 0x9CD0, 0x9C8F, 0x9CB0, 0x9CB0, 0x9CD0, 0xA4B0, 0x840E, 0x7B4A, 0x7B6B,
  0x9C0B, 0x93EB, 0xAC4B, 0xD5D1, 0xC590, 0xA48D, 0xBCEE, 0x9C0A, 0xB4CD, 0xC570, 0xBCCF, 0x93CB,
  0xB4CF, 0xC592, 0xA4D0, 0xB573, 0xACF0, 0xAD11, 0xACAD, 0x944C, 0xB4CD, 0xC590, 0xC56F, 0xCDD1,
  0xD5B1, 0xCDD1, 0xDE32, 0xD5F1, 0xC54E, 0xCDB0, 0xC56F, 0xD612, 0xBD70, 0xBD71, 0x942C, 0x8BEB,
  0x8C0C, 0x944E, 0x8BEC, 0x7BAC, 0x8BCB, 0x83CC, 0x83CC, 0x948F, 0xA4F0, 0x9CAF, 0x9C4E, 0xB552,
  0xA4AF, 0x8C2D, 0x8BEC, 0x8C2D, 0x94D4, 0x736E, 0x5AEC, 0x62EC, 0x73CF, 0xA514, 0xB450, 0xCCD2,
  0xC490, 0x92C8, 0x7A68, 0x8288, 0x934B, 0x9B4B, 0xABCD, 0xC470, 0xD4D1, 0xBC0E, 0x92EA, 0x8A88,
  0x934C, 0xA3AD, 0x938C, 0x9B4B, 0x830A, 0x8AE9, 0x730B, 0x72CA, 0x634E, 0x6B6E, 0x5B0D, 0x6B2D,
  0x5B0C, 0x5ACB, 0x6BAF, 0x8411, 0x94B3, 0x73AF, 0x8CB3, 0xCE59, 0xE719, 0xEF19, 0xEEF8, 0xF738,
  0xF759, 0xF738, 0xEF18, 0xEED7, 0xE6F8, 0xEEF7, 0xE6D7, 0xEEF7, 0xE6F7, 0xE6D7, 0xE6F7, 0xE6B6,
  0xDE96, 0xDE75, 0xE6D8, 0xD656, 0xD697, 0xD677, 0xC615, 0xC5F4, 0xBDF5, 0xBDB4, 0xCE56, 0xC5F5,
  0x9CD1, 0xBD94, 0xCE57, 0xAD32, 0x9490, 0x83ED, 0x946F, 0xA48F, 0x9C4D, 0x9C2C, 0xBD2F, 0xCD70,
  0x9C8D, 0x9C6C, 0xC550, 0xCD4F, 0xD5D2, 0xBCEE, 0xACAF, 0xC510, 0xB531, 0xB510, 0xBDD5, 0xBD94,
  0xBD94, 0xA4B0, 0xA4AE, 0xBD2F, 0xB4EE, 0xAC6C, 0xC5B1, 0xC54F, 0xC591, 0xDDF2, 0xEEB5, 0xDE12,
  0xB50E, 0xC54F, 0xCDD1, 0xB50E, 0xACEF, 0xACCE, 0xACEF, 0x9C6D, 0x8C2E, 0xB511, 0xAD11, 0xACF1,
  0xB552, 0xACD0, 0xAD52, 0xAD11, 0xAD52, 0xB552, 0xA4F0, 0xACD0, 0x9CAF, 0xACF0, 0x9C8F, 0x944E,
  0x8C71, 0x630C, 0x62CB, 0x6B6D, 0x6B6E, 0x9D14, 0xB4D2, 0xA491, 0xBC0E, 0x9B4B, 0x8268, 0x8AEA,
  0xA34B, 0xABEE, 0xC490, 0xD532, 0xD4B1, 0xA36C, 0x8AA9, 0x932B, 0xABCD, 0xA3CD, 0xA3CC, 0x9BAC,
  0x7B4C, 0x734C, 0x6B6D, 0x6B6E, 0x736E, 0x6B4D, 0x7BEF, 0x8C72, 0x5AEB, 0x4249, 0x4A49, 0x6B8E,
  0x94B3, 0x6BAF, 0xAD76, 0xAD76, 0xC619, 0xF7BF, 0xF77B, 0xDF1A, 0xEED7, 0xEF38, 0xEF17, 0xE6F7,
  0xE6B6, 0xDEB6, 0xF6F6, 0xF738, 0xEED6, 0xE6F7, 0xF717, 0xEF17, 0xEED7, 0xEF38, 0xCDF3, 0x8C2C,
  0xA48E, 0xD655, 0xD613, 0xCDF3, 0xDE54, 0xDE55, 0xDE34, 0xCDD3, 0xD614, 0xCDF4, 0xC5B3, 0xC5F4,
  0xCDD3, 0xCE14, 0xD5D3, 0xBD51, 0xC572, 0xC5B3, 0xE675, 0xA48E, 0xBD30, 0xB4EF, 0xC54F, 0xCDD1,
  0xD635, 0xAD32, 0xC5B4, 0xC5B4, 0xBD72, 0xB552, 0xBDB3, 0xB573, 0xAD11, 0xBDB4, 0xB532, 0xA511,
  0xBD92, 0xB532, 0xACCE, 0xACCF, 0xBD72, 0xB572, 0xCDF3, 0xDE75, 0xC570, 0xBD70, 0xBD30, 0xB50F,
  0xAC4E, 0xBD31, 0xFEF7, 0xE655, 0xC5B3, 0xBD93, 0xB552, 0xA511, 0xAD10, 0xA4D0, 0xAD11, 0xAD52,
  0xA4F1, 0xA512, 0xAD11, 0xA532, 0xAD10, 0xAD31, 0xBD91, 0xA4CE, 0x8C92, 0x5ACC, 0x4A8A, 0x6B2D,
  0x634E, 0x94B3, 0xACD3, 0x93EF, 0xA38C, 0x9B2B, 0x8289, 0x9B2B, 0xABEE, 0xCC91, 0xD553, 0xE574,
  0xBC2F, 0x9B0A, 0x932B, 0xB3EE, 0xBC70, 0xB42F, 0xA3EE, 0x934B, 0x734C, 0x838D, 0x634E, 0x6B2D,
  0x632D, 0x738F, 0x634E, 0x5AEC, 0x4A8B, 0x738E, 0x73D0, 0x8C72, 0x94D4, 0x6B8E, 0xB5D8, 0x7BF0,
  0x634E, 0xAD56, 0xBE17, 0xE71A, 0xF779, 0xEEF7, 0xEF18, 0xF758, 0xEF18, 0xEED7, 0xE6D7, 0xE6B6,
  0xE6F7, 0xF718, 0xF779, 0xF738, 0xEF38, 0xEEF7, 0xD696, 0xD634, 0xDE76, 0xD655, 0xD614, 0xDE34,
  0xEEF7, 0xEED7, 0xE696, 0xE696, 0xD655, 0xDE35, 0xD676, 0xE6B7, 0xDE97, 0xD5F4, 0xD614, 0xDDF3,
  0xD615, 0xD614, 0xD614, 0xD614, 0xDE75, 0xC551, 0xA44C, 0xC52F, 0xC5F5, 0xC5B3, 0xC5F5, 0xD615,
  0xC615, 0xC5D4, 0xCE36, 0xC5F5, 0xBDB5, 0xBD94, 0xB553, 0xB553, 0xB573, 0xBD93, 0xBD51, 0xBD51,
  0xBDB3, 0xCDD3, 0xC5B2, 0xC5B2, 0xCE13, 0xCDF2, 0xBD71, 0xACCE, 0xA46E, 0xCD72, 0xBD10, 0xB4AF,
  0xAD12, 0xB552, 0xC5F5, 0xBD94, 0xAD52, 0xAD11, 0x9CD1, 0xAD32, 0xA4F1, 0xAD11, 0xA512, 0xA4F1,
  0x9CF0, 0xA4F0, 0xBDB2, 0xAD10, 0x8C51, 0x528A, 0x528A, 0x5ACB, 0x736E, 0x8431, 0x9CB3, 0x9CD3,
  0x9B8D, 0x934C, 0x92C9, 0xABCE, 0xCCD1, 0xDD73, 0xEDB5, 0xD533, 0xB3CD, 0xA38C, 0xB3EE, 0xCCD2,
  0xBCB1, 0xB470, 0x8C10, 0x6B4D, 0x6B8E, 0x7C31, 0x738E, 0x634D, 0x6B6E, 0x8451, 0x52AA, 0x426A,
  0x738E, 0xAD76, 0xC618, 0xB5F8, 0x8C51, 0x94D4, 0xA535, 0x4A8B, 0x5ACB, 0x8C72, 0xCE5A, 0xC67A,
  0xBDB6, 0xDF1C, 0xF77D, 0xE71B, 0xDEFB, 0xEF5D, 0xEF1A, 0xE73B, 0xF738, 0xF759, 0xF718, 0xEF38,
  0xF738, 0xF738, 0xF738, 0xE6D7, 0xE695, 0xDE75, 0xDE55, 0xEF18, 0xEEF7, 0xEF18, 0xF738, 0xEF18,
  0xF738, 0xF759, 0xEEF7, 0xEF18, 0xE6D7, 0xE6F8, 0xE6D7, 0xD697, 0xDE76, 0xDEB7, 0xDE97, 0xDEB7,
  0xC5D4, 0xBDD4, 0xBD93, 0xC5F5, 0xCDF5, 0xC5F5, 0xBDB4, 0xC5F5, 0xCE35, 0xD697, 0xC5F5, 0x9CD1,
  0xB573, 0xBDB4, 0xB553, 0xBDD4, 0xC5D5, 0xA512, 0xC5B3, 0xBDB4, 0xBD72, 0xC615, 0xD613, 0xAD10,
  0xBD4F, 0xBD91, 0xC591, 0xB530, 0xBD31, 0xB531, 0xA4B0, 0xAD53, 0xC5D4, 0xBDD4, 0xC5D4, 0xBDB4,
  0xBD93, 0xB594, 0xA4F1, 0xA511, 0xA4F0, 0xAD52, 0xB552, 0xA511, 0xAD11, 0xAD53, 0xB531, 0xAD52,
  0x8431, 0x4208, 0x4A8A, 0x4A49, 0x6B6E, 0x7BCF, 0x8411, 0x8C31, 0xA3CE, 0x932C, 0xA36C, 0xC470,
  0xD553, 0xEDD5, 0xE5B5, 0xD4F2, 0xBC50, 0xC470, 0xCCD2, 0xCCD2, 0xBCB2, 0xA3EE, 0x6B4D, 0x732D,
  0x7C11, 0x8431, 0x6B6E, 0x62EC, 0x7C31, 0x738E, 0x52EC, 0x632D, 0x9D35, 0xAD55, 0xBE19, 0xA555,
  0x8C93, 0xAD76, 0x8452, 0x7BF0, 0xBE19, 0xC619, 0xA576, 0x9CF4, 0xB5B7, 0xD679, 0xC618, 0xCE58,
  0xCE9A, 0xC618, 0xC617, 0xCE37, 0xE6F8, 0xF739, 0xEF38, 0xEF18, 0xEF38, 0xF718, 0xEF39, 0xF738,
  0xF739, 0xF718, 0xE6D7, 0xFF38, 0xEF38, 0xEEF7, 0xE6F8, 0xE6B6, 0xE6D8, 0xEF18, 0xE718, 0xEF18,
  0xE6F8, 0xE6D7, 0xDEF8, 0xDEB7, 0xDEB8, 0xE6D8, 0xDED8, 0xDEB8, 0xE6F9, 0xDE97, 0xCE77, 0xCE36,
  0xC616, 0xCE16, 0xBDD5, 0xC5F5, 0xC615, 0xBDB3, 0xB574, 0xB573, 0xAD33, 0xB553, 0xBDB4, 0xBD94,
  0xAD53, 0xA4F1, 0xC5D4, 0xBD93, 0xC615, 0xCE35, 0xCE14, 0xCDF3, 0xCE13, 0xCDD1, 0xCE13, 0xC5B2,
  0xC5B3, 0xC593, 0xBDB5, 0xACF1, 0xAD32, 0xB532, 0xBDB4, 0xBDB4, 0xAD73, 0xBD73, 0xAD53, 0xB573,
  0xB594, 0xBDB4, 0xBDD5, 0xB573, 0xA512, 0xACF1, 0xAD72, 0xB572, 0x0000, 0x0020, 0x0000, 0x0020,
  0x0000, 0x0020, 0x0000, 0x0020, 0x0000, 0x0020, 0x0000, 0x0020, 0x0000, 0x0020, 0x0000, 0x0020,
  0x0000, 0x0020, 0x0000, 0x0020, 0x0000, 0x0020, 0x0000, 0x0020, 0x0000, 0x0020, 0x0000, 0x0020,
  0x0000, 0x0020, 0x0000, 0x0020, 0x0000, 0x0020, 0x0000, 0x0020, 0x0000, 0x0020, 0x0000, 0x0020,
  0x0000, 0x0020, 0x0000, 0x0020, 0x0000, 0x0020, 0x0000, 0x0020, 0x0000, 0x0020, 0x0000, 0x0020,
  0x0000, 0x0020, 0x0000, 0x0020, 0x0000, 0x0020, 0x0000, 0x0020, 0x0000, 0x0020, 0x0000, 0x0020,
  0x0000, 0x0020, 0x0000, 0x0020, 0x0000, 0x0020, 0x0000, 0x0020, 0x0000, 0x0020, 0x0000, 0x0020,
  0x0000, 0x0020, 0x0000, 0x0020, 0x0000, 0x0020, 0x0000, 0x0020, 0x0000, 0x0020, 0x0000, 0x0020,
  0x0000, 0x0020, 0x0000, 0x0020, 0x0000, 0x0020, 0x0000, 0x0020, 0x0000, 0x0020, 0x0000, 0x0020,
  0x0000, 0x0020, 0x0000, 0x0020, 0x0000, 0x0020, 0x0000, 0x0020, 0x0000, 0x0020, 0x0000, 0x0020,
  0x0000, 0x0020, 0x0000, 0x0020, 0x0000, 0x0020, 0x0000, 0x0020, 0x0000, 0x0020, 0x0000, 0x0020,
  0x0000, 0x0020, 0x0000, 0x0020, 0x0020, 0x0000, 0x0020, 0x0000, 0x0020, 0x0000, 0x0020, 0x0000,
  0x0020, 0x0000, 0x0020, 0x0000, 0x0020, 0x0000, 0x0020, 0x0000, 0x0020, 0x0000, 0x0020, 0x0000,
  0x0020, 0x0000, 0x0020, 0x0000, 0x0020, 0x0000, 0x0020, 0x0000, 0x0020, 0x0000, 0x0020, 0x0000,
  0x0020, 0x0000, 0x0020, 0x0000, 0x0020, 0x0000, 0x0020, 0x0000, 0x0020, 0x0000, 0x0020, 0x0000,
  0x0020, 0x0000, 0x0020, 0x0000, 0x0020, 0x0000, 0x0020, 0x0000, 0x0020, 0x0000, 0x0020, 0x0000,
  0x0020, 0x0000, 0x0020, 0x0000, 0x0020, 0x0000, 0x0020, 0x0000, 0x0020, 0x0000, 0x0020, 0x0000,
  0x0020, 0x0000, 0x0020, 0x0000, 0x0020, 0x0000, 0x0020, 0x0000, 0x0020, 0x0000, 0x0020, 0x0000,
  0x0020, 0x0000, 0x0020, 0x0000, 0x0020, 0x0000, 0x0020, 0x0000, 0x0020, 0x0000, 0x0020, 0x0000,
  0x0020, 0x0000, 0x0020, 0x0000, 0x0020, 0x0000, 0x0020, 0x0000, 0x0020, 0x0000, 0x0020, 0x0000,
  0x0020, 0x0000, 0x0020, 0x0000, 0x0020, 0x0000, 0x0020, 0x0000, 0x0020, 0x0000, 0x0020, 0x0000,
  0x0020, 0x0000, 0x0020, 0x0000, 0x0020, 0x0000, 0x0020, 0x0000, 0x0020, 0x0000, 0x0020, 0x0000,
  0x0000, 0x0020, 0x0000, 0x0020, 0x0000, 0x0020, 0x0000, 0x0020, 0x0000, 0x0020, 0x0000, 0x0020,
  0x0000, 0x0020, 0x0000, 0x0020, 0x0000, 0x0020, 0x0000, 0x0020, 0x0000, 0x0020, 0x0000, 0x0020,
  0x0000, 0x0020, 0x0000, 0x0020, 0x0000, 0x0020, 0x0000, 0x0020, 0x0000, 0x0020, 0x0000, 0x0020,
  0x0000, 0x0020, 0x0000, 0x0020, 0x0000, 0x0020, 0x0000, 0x0020, 0x0000, 0x0020, 0x0000, 0x0020,
  0x0000, 0x0020, 0x0000, 0x0020, 0x0000, 0x0020, 0x0000, 0x0020, 0x0000, 0x0020, 0x0000, 0x0020,
  0x0000, 0x0020, 0x0000, 0x0020, 0x0000, 0x0020, 0x0000, 0x0020, 0x0000, 0x0020, 0x0000, 0x0020,
  0x0000, 0x0020, 0x0000, 0x0020, 0x0000, 0x0020, 0x0000, 0x0020, 0x0000, 0x0020, 0x0000, 0x0020,
  0x0000, 0x0020, 0x0000, 0x0020, 0x0000, 0x0020, 0x0000, 0x0020, 0x0000, 0x0020, 0x0000, 0x0020,
  0x0000, 0x0020, 0x0000, 0x0020, 0x0000, 0x0020, 0x0000, 0x0020, 0x0000, 0x0020, 0x0000, 0x0020,
  0x0000, 0x0020, 0x0000, 0x0020, 0x0000, 0x0020, 0x0000, 0x0020, 0x0000, 0x0020, 0x0000, 0x0020,
  0x0000, 0x0020, 0x0000, 0x0020, 0x0000, 0x0020, 0x0000, 0x0020, 0x0020, 0x0000, 0x0020, 0x0000,
  0x0020, 0x0000, 0x0020, 0x0000, 0x0020, 0x0000, 0x0020, 0x0000, 0x0020, 0x0000, 0x0020, 0x0000,
  0x0020, 0x0000, 0x0020, 0x0000, 0x0020, 0x0000, 0x0020, 0x0000, 0x0020, 0x0000, 0x0020, 0x0000,
  0x0020, 0x0000, 0x0020, 0x0000, 0x0020, 0x0000, 0x0020, 0x0000, 0x0020, 0x0000, 0x0020, 0x0000,
  0x0020, 0x0000, 0x0020, 0x0000, 0x0020, 0x0000, 0x0020, 0x0000, 0x0020, 0x0000, 0x0020, 0x0000,
  0x0020, 0x0000, 0x0020, 0x0000, 0x0020, 0x0000, 0x0020, 0x0000, 0x0020, 0x0000, 0x0020, 0x0000,
  0x0020, 0x0000, 0x0020, 0x0000, 0x0020, 0x0000, 0x0020, 0x0000, 0x0020, 0x0000, 0x0020, 0x0000,
  0x0020, 0x0000, 0x0020, 0x0000, 0x0020, 0x0000, 0x0020, 0x0000, 0x0020, 0x0000, 0x0020, 0x0000,
  0x0020, 0x0000, 0x0020, 0x0000, 0x0020, 0x0000, 0x0020, 0x0000, 0x0020, 0x0000, 0x0020, 0x0000,
  0x0020, 0x0000, 0x0020, 0x0000, 0x0020, 0x0000, 0x0020, 0x0000, 0x0020, 0x0000, 0x0020, 0x0000,
  0x0020, 0x0000, 0x0020, 0x0000, 0x0020, 0x0000, 0x0020, 0x0000, 0x0020, 0x0000, 0x0020, 0x0000,
  0x0020, 0x0000, 0x0020, 0x0000, 0x0000, 0x0020, 0x0000, 0x0020, 0x0000, 0x0020, 0x0000, 0x0020,
  0x0000, 0x0020, 0x0000, 0x0020, 0x0000, 0x0020, 0x0000, 0x0020, 0x0000, 0x0020, 0x0000, 0x0020,
  0x0000, 0x0020, 0x0000, 0x0020, 0x0000, 0x0020, 0x0000, 0x0020, 0x0000, 0x0020, 0x0000, 0x0020,
  0x0000, 0x0020, 0x0000, 0x0020, 0x0000, 0x0020, 0x0000, 0x0020, 0x0000, 0x0020, 0x0000, 0x0020,
  0x0000, 0x0020, 0x0000, 0x0020, 0x0000, 0x0020, 0x0000, 0x0020, 0x0000, 0x0020, 0x0000, 0x0020,
  0x0000, 0x0020, 0x0000, 0x0020, 0x0000, 0x0020, 0x0000, 0x0020, 0x0000, 0x0020, 0x0000, 0x0020,
  0x0000, 0x0020, 0x0000, 0x0020, 0x0000, 0x0020, 0x0000, 0x0020, 0x0000, 0x0020, 0x0000, 0x0020,
  0x0000, 0x0020, 0x0000, 0x0020, 0x0000, 0x0020, 0x0000, 0x0020, 0x0000, 0x0020, 0x0000, 0x0020,
  0x0000, 0x0020, 0x0000, 0x0020, 0x0000, 0x0020, 0x0000, 0x0020, 0x0000, 0x0020, 0x0000, 0x0020,
  0x0000, 0x0020, 0x0000, 0x0020, 0x0000, 0x0020, 0x0000, 0x0020, 0x0000, 0x0020, 0x0000, 0x0020,
  0x0000, 0x0020, 0x0000, 0x0020, 0x0000, 0x0020, 0x0000, 0x0020, 0x0000, 0x0020, 0x0000, 0x0020,
  0x0020, 0x0000, 0x0020, 0x0000, 0x0020, 0x0000, 0x0020, 0x0000, 0x0020, 0x0000, 0x0020, 0x0000,
  0x0020, 0x0000, 0x0020, 0x0000, 0x0020, 0x0000, 0x0020, 0x0000, 0x0020, 0x0000, 0x0020, 0x0000,
  0x0020, 0x0000, 0x0020, 0x0000, 0x0020, 0x0000, 0x0020, 0x0000, 0x0020, 0x0000, 0x0020, 0x0000,
  0x0020, 0x0000, 0x0020, 0x0000, 0x0020, 0x0000, 0x0020, 0x0000, 0x0020, 0x0000, 0x0020, 0x0000,
  0x0020, 0x0000, 0x0020, 0x0000, 0x0020, 0x0000, 0x0020, 0x0000, 0x0020, 0x0000, 0x0020, 0x0000,
  0x0020, 0x0000, 0x0020, 0x0000, 0x0020, 0x0000, 0x0020, 0x0000, 0x0020, 0x0000, 0x0020, 0x0000,
  0x0020, 0x0000, 0x0020, 0x0000, 0x0020, 0x0000, 0x0020, 0x0000, 0x0020, 0x0000, 0x0020, 0x0000,
  0x0020, 0x0000, 0x0020, 0x0000, 0x0020, 0x0000, 0x0020, 0x0000, 0x0020, 0x0000, 0x0020, 0x0000,
  0x0020, 0x0000, 0x0020, 0x0000, 0x0020, 0x0000, 0x0020, 0x0000, 0x0020, 0x0000, 0x0020, 0x0000,
  0x0020, 0x0000, 0x0020, 0x0000, 0x0020, 0x0000, 0x0020, 0x0000, 0x0020, 0x0000, 0x0020, 0x0000,
  0x0020, 0x0000, 0x0020, 0x0000, 0x0020, 0x0000, 0x0020, 0x0000, 0x0000, 0x0020, 0x0000, 0x0020,
  0x0000, 0x0020, 0x0000, 0x0020, 0x0000, 0x0020, 0x0000, 0x0020, 0x0000, 0x0020, 0x0000, 0x0020,
  0x0000, 0x0020, 0x0000, 0x0020, 0x0000, 0x0020, 0x0000, 0x0020, 0x0000, 0x0020, 0x0000, 0x0020,
  0x0000, 0x0020, 0x0000, 0x0020, 0x0000, 0x0020, 0x0000, 0x0020, 0x0000, 0x0020, 0x0000, 0x0020,
  0x0000, 0x0020, 0x0000, 0x0020, 0x0000, 0x0020, 0x0000, 0x0020, 0x0000, 0x0020, 0x0000, 0x0020,
  0x0000, 0x0020, 0x0000, 0x0020, 0x0000, 0x0020, 0x0000, 0x0020, 0x0000, 0x0020, 0x0000, 0x0020,
  0x0000, 0x0020, 0x0000, 0x0020, 0x0000, 0x0020, 0x0000, 0x0020, 0x0000, 0x0020, 0x0000, 0x0020,
  0x0000, 0x0020, 0x0000, 0x0020, 0x0000, 0x0020, 0x0000, 0x0020, 0x0000, 0x0020, 0x0000, 0x0020,
  0x0000, 0x0020, 0x0000, 0x0020, 0x0000, 0x0020, 0x0000, 0x0020, 0x0000, 0x0020, 0x0000, 0x0020,
  0x0000, 0x0020, 0x0000, 0x0020, 0x0000, 0x0020, 0x0000, 0x0020, 0x0000, 0x0020, 0x0000, 0x0020,
  0x0000, 0x0020, 0x0000, 0x0020, 0x0000, 0x0020, 0x0000, 0x0020, 0x0000, 0x0020, 0x0000, 0x0020,
  0x0000, 0x0020, 0x0000, 0x0020, 0x0020, 0x0000, 0x0020, 0x0000, 0x0020, 0x0000, 0x0020, 0x0000,
  0x0020, 0x0000, 0x0020, 0x0000, 0x0020, 0x0000, 0x0020, 0x0000, 0x0020, 0x0000, 0x0020, 0x0000,
  0x0020, 0x0000, 0x0020, 0x0000, 0x0020, 0x0000, 0x0020, 0x0000, 0x0020, 0x0000, 0x0020, 0x0000,
  0x0020, 0x0000, 0x0020, 0x0000, 0x0020, 0x0000, 0x0020, 0x0000, 0x0020, 0x0000, 0x0020, 0x0000,
  0x0020, 0x0000, 0x0020, 0x0000, 0x0020, 0x0000, 0x0020, 0x0000, 0x0020, 0x0000, 0x0020, 0x0000,
  0x0020, 0x0000, 0x0020, 0x0000, 0x0020, 0x0000, 0x0020, 0x0000, 0x0020, 0x0000, 0x0020, 0x0000,
  0x0020, 0x0000, 0x0020, 0x0000, 0x0020, 0x0000, 0x0020, 0x0000, 0x0020, 0x0000, 0x0020, 0x0000,
  0x0020, 0x0000, 0x0020, 0x0000, 0x0020, 0x0000, 0x0020, 0x0000, 0x0020, 0x0000, 0x0020, 0x0000,
  0x0020, 0x0000, 0x0020, 0x0000, 0x0020, 0x0000, 0x0020, 0x0000, 0x0020, 0x0000, 0x0020, 0x0000,
  0x0020, 0x0000, 0x0020, 0x0000, 0x0020, 0x0000, 0x0020, 0x0000, 0x0020, 0x0000, 0x0020, 0x0000,
  0x0020, 0x0000, 0x0020, 0x0000, 0x0020, 0x0000, 0x0020, 0x0000, 0x0020, 0x0000, 0x0020, 0x0000,
  0x0000, 0x0020, 0x0000, 0x0020, 0x0000, 0x0020, 0x0000, 0x0020, 0x0000, 0x0020, 0x0000, 0x0020,
  0x0000, 0x0020, 0x0000, 0x0020, 0x0000, 0x0020, 0x0000, 0x0020, 0x0000, 0x0020, 0x0000, 0x0020,
  0x0000, 0x0020, 0x0000, 0x0020, 0x0000, 0x0020, 0x0000, 0x0020, 0x0000, 0x0020, 0x0000, 0x0020,
  0x0000, 0x0020, 0x0000, 0x0020, 0x0000, 0x0020, 0x0000, 0x0020, 0x0000, 0x0020, 0x0000, 0x0020,
  0x0000, 0x0020, 0x0000, 0x0020, 0x0000, 0x0020, 0x0000, 0x0020, 0x0000, 0x0020, 0x0000, 0x0020,
  0x0000, 0x0020, 0x0000, 0x0020, 0x0000, 0x0020, 0x0000, 0x0020, 0x0000, 0x0020, 0x0000, 0x0020,
  0x0000, 0x0020, 0x0000, 0x0020, 0x0000, 0x0020, 0x0000, 0x0020, 0x0000, 0x0020, 0x0000, 0x0020,
  0x0000, 0x0020, 0x0000, 0x0020, 0x0000, 0x0020, 0x0000, 0x0020, 0x0000, 0x0020, 0x0000, 0x0020,
  0x0000, 0x0020, 0x0000, 0x0020, 0x0000, 0x0020, 0x0000, 0x0020, 0x0000, 0x0020, 0x0000, 0x0020,
  0x0000, 0x0020, 0x0000, 0x0020, 0x0000, 0x0020, 0x0000, 0x0020, 0x0000, 0x0020, 0x0000, 0x0020,
  0x0000, 0x0020, 0x0000, 0x0020, 0x0000, 0x0020, 0x0000, 0x0020, 0x0020, 0x0000, 0x0020, 0x0000,
  0x0020, 0x0000, 0x0020, 0x0000, 0x0020, 0x0000, 0x0020, 0x0000, 0x0020, 0x0000, 0x0020, 0x0000,
  0x0020, 0x0000, 0x0020, 0x0000, 0x0020, 0x0000, 0x0020, 0x0000, 0x0020, 0x0000, 0x0020, 0x0000,
  0x0020, 0x0000, 0x0020, 0x0000, 0x0020, 0x0000, 0x0020, 0x0000, 0x0020, 0x0000, 0x0020, 0x0000,
  0x0020, 0x0000, 0x0020, 0x0000, 0x0020, 0x0000, 0x0020, 0x0000, 0x0020, 0x0000, 0x0020, 0x0000,
  0x0020, 0x0000, 0x0020, 0x0000, 0x0020, 0x0000, 0x0020, 0x0000, 0x0020, 0x0000, 0x0020, 0x0000,
  0x0020, 0x0000, 0x0020, 0x0000, 0x0020, 0x0000, 0x0020, 0x0000, 0x0020, 0x0000, 0x0020, 0x0000,
  0x0020, 0x0000, 0x0020, 0x0000, 0x0020, 0x0000, 0x0020, 0x0000, 0x0020, 0x0000, 0x0020, 0x0000,
  0x0020, 0x0000, 0x0020, 0x0000, 0x0020, 0x0000, 0x0020, 0x0000, 0x0020, 0x0000, 0x0020, 0x0000,
  0x0020, 0x0000, 0x0020, 0x0000, 0x0020, 0x0000, 0x0020, 0x0000, 0x0020, 0x0000, 0x0020, 0x0000,
  0x0020, 0x0000, 0x0020, 0x0000, 0x0020, 0x0000, 0x0020, 0x0000, 0x0020, 0x0000, 0x0020, 0x0000,
  0x0020, 0x0000, 0x0020, 0x0000, 0x0000, 0x0020, 0x0000, 0x0020, 0x0000, 0x0020, 0x0000, 0x0020,
  0x0000, 0x0020, 0x0000, 0x0020, 0x0000, 0x0020, 0x0000, 0x0020, 0x0000, 0x0020, 0x0000, 0x0020,
  0x0000, 0x0020, 0x0000, 0x0020, 0x0000, 0x0020, 0x0000, 0x0020, 0x0000, 0x0020, 0x0000, 0x0020,
  0x0000, 0x0020, 0x0000, 0x0020, 0x0000, 0x0020, 0x0000, 0x0020, 0x0000, 0x0020, 0x0000, 0x0020,
  0x0000, 0x0020, 0x0000, 0x0020, 0x0000, 0x0020, 0x0000, 0x0020, 0x0000, 0x0020, 0x0000, 0x0020,
  0x0000, 0x0020, 0x0000, 0x0020, 0x0000, 0x0020, 0x0000, 0x0020, 0x0000, 0x0020, 0x0000, 0x0020,
  0x0000, 0x0020, 0x0000, 0x0020, 0x0000, 0x0020, 0x0000, 0x0020, 0x0000, 0x0020, 0x0000, 0x0020,
  0x0000, 0x0020, 0x0000, 0x0020, 0x0000, 0x0020, 0x0000, 0x0020, 0x0000, 0x0020, 0x0000, 0x0020,
  0x0000, 0x0020, 0x0000, 0x0020, 0x0000, 0x0020, 0x0000, 0x0020, 0x0000, 0x0020, 0x0000, 0x0020,
  0x0000, 0x0020, 0x0000, 0x0020, 0x0000, 0x0020, 0x0000, 0x0020, 0x0000, 0x0020, 0x0000, 0x0020,
  0x0000, 0x0020, 0x0000, 0x0020, 0x0000, 0x0020, 0x0000, 0x0020, 0x0000, 0x0020, 0x0000, 0x0020,
  0x0020, 0x0000, 0x0020, 0x0000, 0x0020, 0x0000, 0x0020, 0x0000, 0x0020, 0x0000, 0x0020, 0x0000,
  0x0020, 0x0000, 0x0020, 0x0000, 0x0020, 0x0000, 0x0020, 0x0000, 0x0020, 0x0000, 0x0020, 0x0000,
  0x0020, 0x0000, 0x0020, 0x0000, 0x0020, 0x0000, 0x0020, 0x0000, 0x0020, 0x0000, 0x0020, 0x0000,
  0x0020, 0x0000, 0x0020, 0x0000, 0x0020, 0x0000, 0x0020, 0x0000, 0x0020, 0x0000, 0x0020, 0x0000,
  0x0020, 0x0000, 0x0020, 0x0000, 0x0020, 0x0000, 0x0020, 0x0000, 0x0020, 0x0000, 0x0020, 0x0000,
  0x0020, 0x0000, 0x0020, 0x0000, 0x0020, 0x0000, 0x0020, 0x0000, 0x0020, 0x0000, 0x0020, 0x0000,
  0x0020, 0x0000, 0x0020, 0x0000, 0x0020, 0x0000, 0x0020, 0x0000, 0x0020, 0x0000, 0x0020, 0x0000,
  0x0020, 0x0000, 0x0020, 0x0000, 0x0020, 0x0000, 0x0020, 0x0000, 0x0020, 0x0000, 0x0020, 0x0000,
  0x0020, 0x0000, 0x0020, 0x0000, 0x0020, 0x0000, 0x0020, 0x0000, 0x0020, 0x0000, 0x0020, 0x0000,
  0x0020, 0x0000, 0x0020, 0x0000, 0x0020, 0x0000, 0x0020, 0x0000, 0x0020, 0x0000, 0x0020, 0x0000,
  0x0020, 0x0000, 0x0020, 0x0000, 0x0020, 0x0000, 0x0020, 0x0000, 0x0000, 0x0020, 0x0000, 0x0020,
  0x0000, 0x0020, 0x0000, 0x0020, 0x0000, 0x0020, 0x0000, 0x0020, 0x0000, 0x0020, 0x0000, 0x0020,
  0x0000, 0x0020, 0x0000, 0x0020, 0x0000, 0x0020, 0x0000, 0x0020, 0x0000, 0x0020, 0x0000, 0x0020,
  0x0000, 0x0020, 0x0000, 0x0020, 0x0000, 0x0020, 0x0000, 0x0020, 0x0000, 0x0020, 0x0000, 0x0020,
  0x0000, 0x0020, 0x0000, 0x0020, 0x0000, 0x0020, 0x0000, 0x0020, 0x0000, 0x0020, 0x0000, 0x0020,
  0x0000, 0x0020, 0x0000, 0x0020, 0x0000, 0x0020, 0x0000, 0x0020, 0x0000, 0x0020, 0x0000, 0x0020,
  0x0000, 0x0020, 0x0000, 0x0020, 0x0000, 0x0020, 0x0000, 0x0020, 0x0000, 0x0020, 0x0000, 0x0020,
  0x0000, 0x0020, 0x0000, 0x0020, 0x0000, 0x0020, 0x0000, 0x0020, 0x0000, 0x0020, 0x0000, 0x0020,
  0x0000, 0x0020, 0x0000, 0x0020, 0x0000, 0x0020, 0x0000, 0x0020, 0x0000, 0x0020, 0x0000, 0x0020,
  0x0000, 0x0020, 0x0000, 0x0020, 0x0000, 0x0020, 0x0000, 0x0020, 0x0000, 0x0020, 0x0000, 0x0020,
  0x0000, 0x0020, 0x0000, 0x0020, 0x0000, 0x0020, 0x0000, 0x0020, 0x0000, 0x0020, 0x0000, 0x0020,
  0x0000, 0x0020, 0x0000, 0x0020, 0x0020, 0x0000, 0x0020, 0x0000, 0x0020, 0x0000, 0x0020, 0x0000,
  0x0020, 0x0000, 0x0020, 0x0000, 0x0020, 0x0000, 0x0020, 0x0000, 0x0020, 0x0000, 0x0020, 0x0000,
  0x0020, 0x0000, 0x0020, 0x0000, 0x0020, 0x0000, 0x0020, 0x0000, 0x0020, 0x0000, 0x0020, 0x0000,
  0x0020, 0x0000, 0x0020, 0x0000, 0x0020, 0x0000, 0x0020, 0x0000, 0x0020, 0x0000, 0x0020, 0x0000,
  0x0020, 0x0000, 0x0020, 0x0000, 0x0020, 0x0000, 0x0020, 0x0000, 0x0020, 0x0000, 0x0020, 0x0000,
  0x0020, 0x0000, 0x0020, 0x0000, 0x0020, 0x0000, 0x0020, 0x0000, 0x0020, 0x0000, 0x0020, 0x0000,
  0x0020, 0x0000, 0x0020, 0x0000, 0x0020, 0x0000, 0x0020, 0x0000, 0x0020, 0x0000, 0x0020, 0x0000,
  0x0020, 0x0000, 0x0020, 0x0000, 0x0020, 0x0000, 0x0020, 0x0000, 0x0020, 0x0000, 0x0020, 0x0000,
  0x0020, 0x0000, 0x0020, 0x0000, 0x0020, 0x0000, 0x0020, 0x0000, 0x0020, 0x0000, 0x0020, 0x0000,
  0x0020, 0x0000, 0x0020, 0x0000, 0x0020, 0x0000, 0x0020, 0x0000, 0x0020, 0x0000, 0x0020, 0x0000,
  0x0020, 0x0000, 0x0020, 0x0000, 0x0020, 0x0000, 0x0020, 0x0000, 0x0020, 0x0000, 0x0020, 0x0000,
  0x0000, 0x0020, 0x0000, 0x0020, 0x0000, 0x0020, 0x0000, 0x0020, 0x0000, 0x0020, 0x0000, 0x0020,
  0x0000, 0x0020, 0x0000, 0x0020, 0x0000, 0x0020, 0x0000, 0x0020, 0x0000, 0x0020, 0x0000, 0x0020,
  0x0000, 0x0020, 0x0000, 0x0020, 0x0000, 0x0020, 0x0000, 0x0020, 0x0000, 0x0020, 0x0000, 0x0020,
  0x0000, 0x0020, 0x0000, 0x0020, 0x0000, 0x0020, 0x0000, 0x0020, 0x0000, 0x0020, 0x0000, 0x0020,
  0x0000, 0x0020, 0x0000, 0x0020, 0x0000, 0x0020, 0x0000, 0x0020, 0x0000, 0x0020, 0x0000, 0x0020,
  0x0000, 0x0020, 0x0000, 0x0020, 0x0000, 0x0020, 0x0000, 0x0020, 0x0000, 0x0020, 0x0000, 0x0020,
  0x0000, 0x0020, 0x0000, 0x0020, 0x0000, 0x0020, 0x0000, 0x0020, 0x0000, 0x0020, 0x0000, 0x0020,
  0x0000, 0x0020, 0x0000, 0x0020, 0x0000, 0x0020, 0x0000, 0x0020, 0x0000, 0x0020, 0x0000, 0x0020,
  0x0000, 0x0020, 0x0000, 0x0020, 0x0000, 0x0020, 0x0000, 0x0020, 0x0000, 0x0020, 0x0000, 0x0020,
  0x0000, 0x0020, 0x0000, 0x0020, 0x0000, 0x0020, 0x0000, 0x0020, 0x0000, 0x0020, 0x0000, 0x0020,
  0x0000, 0x0020, 0x0000, 0x0020, 0x0000, 0x0020, 0x0000, 0x0020, 0x0020, 0x0000, 0x0020, 0x0000,
  0x0020, 0x0000, 0x0020, 0x0000, 0x0020, 0x0000, 0x0020, 0x0000, 0x0020, 0x0000, 0x0020, 0x0000,
  0x0020, 0x0000, 0x0020, 0x0000, 0x0020, 0x0000, 0x0020, 0x0000, 0x0020, 0x0000, 0x0020, 0x0000,
  0x0020, 0x0000, 0x0020, 0x0000, 0x0020, 0x0000, 0x0020, 0x0000, 0x0020, 0x0000, 0x0020, 0x0000,
  0x0020, 0x0000, 0x0020, 0x0000, 0x0020, 0x0000, 0x0020, 0x0000, 0x0020, 0x0000, 0x0020, 0x0000,
  0x0020, 0x0000, 0x0020, 0x0000, 0x0020, 0x0000, 0x0020, 0x0000, 0x0020, 0x0000, 0x0020, 0x0000,
  0x0020, 0x0000, 0x0020, 0x0000, 0x0020, 0x0000, 0x0020, 0x0000, 0x0020, 0x0000, 0x0020, 0x0000,
  0x0020, 0x0000, 0x0020, 0x0000, 0x0020, 0x0000, 0x0020, 0x0000, 0x0020, 0x0000, 0x0020, 0x0000,
  0x0020, 0x0000, 0x0020, 0x0000, 0x0020, 0x0000, 0x0020, 0x0000, 0x0020, 0x0000, 0x0020, 0x0000,
  0x0020, 0x0000, 0x0020, 0x0000, 0x0020, 0x0000, 0x0020, 0x0000, 0x0020, 0x0000, 0x0020, 0x0000,
  0x0020, 0x0000, 0x0020, 0x0000, 0x0020, 0x0000, 0x0020, 0x0000, 0x0020, 0x0000, 0x0020, 0x0000,
  0x0020, 0x0000, 0x0020, 0x0000,
};

// Source: three.jpg
constexpr uint16_t THREE_PHOTO_RGB565[] PROGMEM = {
  0x0000, 0x0020, 0x0000, 0x0020, 0x0000, 0x0020, 0x0000, 0x0020, 0x0000, 0x0020, 0x0000, 0x0020,
  0x0000, 0x0020, 0x0000, 0x0020, 0x0000, 0x0020, 0x0000, 0x0020, 0x0000, 0x0020, 0x0000, 0x0020,
  0x0000, 0x0020, 0x0000, 0x0020, 0x0000, 0x0020, 0x0000, 0x0020, 0x0000, 0x0020, 0x0000, 0x0020,
  0x0000, 0x0020, 0x0000, 0x0020, 0x0000, 0x0020, 0x0000, 0x0020, 0x0000, 0x0020, 0x0000, 0x0020,
  0x0000, 0x0020, 0x0000, 0x0020, 0x0000, 0x0020, 0x0000, 0x0020, 0x0000, 0x0020, 0x0000, 0x0020,
  0x0000, 0x0020, 0x0000, 0x0020, 0x0000, 0x0020, 0x0000, 0x0020, 0x0000, 0x0020, 0x0000, 0x0020,
  0x0000, 0x0020, 0x0000, 0x0020, 0x0000, 0x0020, 0x0000, 0x0020, 0x0000, 0x0020, 0x0000, 0x0020,
  0x0000, 0x0020, 0x0000, 0x0020, 0x0000, 0x0020, 0x0000, 0x0020, 0x0000, 0x0020, 0x0000, 0x0020,
  0x0000, 0x0020, 0x0000, 0x0020, 0x0000, 0x0020, 0x0000, 0x0020, 0x0000, 0x0020, 0x0000, 0x0020,
  0x0000, 0x0020, 0x0000, 0x0020, 0x0000, 0x0020, 0x0000, 0x0020, 0x0000, 0x0020, 0x0000, 0x0020,
  0x0000, 0x0020, 0x0000, 0x0020, 0x0000, 0x0020, 0x0000, 0x0020, 0x0020, 0x0000, 0x0020, 0x0000,
  0x0020, 0x0000, 0x0020, 0x0000, 0x0020, 0x0000, 0x0020, 0x0000, 0x0020, 0x0000, 0x0020, 0x0000,
  0x0020, 0x0000, 0x0020, 0x0000, 0x0020, 0x0000, 0x0020, 0x0000, 0x0020, 0x0000, 0x0020, 0x0000,
  0x0020, 0x0000, 0x0020, 0x0000, 0x0020, 0x0000, 0x0020, 0x0000, 0x0020, 0x0000, 0x0020, 0x0000,
  0x0020, 0x0000, 0x0020, 0x0000, 0x0020, 0x0000, 0x0020, 0x0000, 0x0020, 0x0000, 0x0020, 0x0000,
  0x0020, 0x0000, 0x0020, 0x0000, 0x0020, 0x0000, 0x0020, 0x0000, 0x0020, 0x0000, 0x0020, 0x0000,
  0x0020, 0x0000, 0x0020, 0x0000, 0x0020, 0x0000, 0x0020, 0x0000, 0x0020, 0x0000, 0x0020, 0x0000,
  0x0020, 0x0000, 0x0020, 0x0000, 0x0020, 0x0000, 0x0020, 0x0000, 0x0020, 0x0000, 0x0020, 0x0000,
  0x0020, 0x0000, 0x0020, 0x0000, 0x0020, 0x0000, 0x0020, 0x0000, 0x0020, 0x0000, 0x0020, 0x0000,
  0x0020, 0x0000, 0x0020, 0x0000, 0x0020, 0x0000, 0x0020, 0x0000, 0x0020, 0x0000, 0x0020, 0x0000,
  0x0020, 0x0000, 0x0020, 0x0000, 0x0020, 0x0000, 0x0020, 0x0000, 0x0020, 0x0000, 0x0020, 0x0000,
  0x0020, 0x0000, 0x0020, 0x0000, 0x0000, 0x0020, 0x0000, 0x0020, 0x0000, 0x0020, 0x0000, 0x0020,
  0x0000, 0x0020, 0x0000, 0x0020, 0x0000, 0x0020, 0x0000, 0x0020, 0x0000, 0x0020, 0x0000, 0x0020,
  0x0000, 0x0020, 0x0000, 0x0020, 0x0000, 0x0020, 0x0000, 0x0020, 0x0000, 0x0020, 0x0000, 0x0020,
  0x0000, 0x0020, 0x0000, 0x0020, 0x0000, 0x0020, 0x0000, 0x0020, 0x0000, 0x0020, 0x0000, 0x0020,
  0x0000, 0x0020, 0x0000, 0x0020, 0x0000, 0x0020, 0x0000, 0x0020, 0x0000, 0x0020, 0x0000, 0x0020,
  0x0000, 0x0020, 0x0000, 0x0020, 0x0000, 0x0020, 0x0000, 0x0020, 0x0000, 0x0020, 0x0000, 0x0020,
  0x0000, 0x0020, 0x0000, 0x0020, 0x0000, 0x0020, 0x0000, 0x0020, 0x0000, 0x0020, 0x0000, 0x0020,
  0x0000, 0x0020, 0x0000, 0x0020, 0x0000, 0x0020, 0x0000, 0x0020, 0x0000, 0x0020, 0x0000, 0x0020,
  0x0000, 0x0020, 0x0000, 0x0020, 0x0000, 0x0020, 0x0000, 0x0020, 0x0000, 0x0020, 0x0000, 0x0020,
  0x0000, 0x0020, 0x0000, 0x0020, 0x0000, 0x0020, 0x0000, 0x0020, 0x0000, 0x0020, 0x0000, 0x0020,
  0x0000, 0x0020, 0x0000, 0x0020, 0x0000, 0x0020, 0x0000, 0x0020, 0x0000, 0x0020, 0x0000, 0x0020,
  0x0020, 0x0000, 0x0020, 0x0000, 0x0020, 0x0000, 0x0020, 0x0000, 0x0020, 0x0000, 0x0020, 0x0000,
  0x0020, 0x0000, 0x0020, 0x0000, 0x0020, 0x0000, 0x0020, 0x0000, 0x0020, 0x0000, 0x0020, 0x0000,
  0x0020, 0x0000, 0x0020, 0x0000, 0x0020, 0x0000, 0x0020, 0x0000, 0x0020, 0x0000, 0x0020, 0x0000,
  0x0020, 0x0000, 0x0020, 0x0000, 0x0020, 0x0000, 0x0020, 0x0000, 0x0020, 0x0000, 0x0020, 0x0000,
  0x0020, 0x0000, 0x0020, 0x0000, 0x0020, 0x0000, 0x0020, 0x0000, 0x0020, 0x0000, 0x0020, 0x0000,
  0x0020, 0x0000, 0x0020, 0x0000, 0x0020, 0x0000, 0x0020, 0x0000, 0x0020, 0x0000, 0x0020, 0x0000,
  0x0020, 0x0000, 0x0020, 0x0000, 0x0020, 0x0000, 0x0020, 0x0000, 0x0020, 0x0000, 0x0020, 0x0000,
  0x0020, 0x0000, 0x0020, 0x0000, 0x0020, 0x0000, 0x0020, 0x0000, 0x0020, 0x0000, 0x0020, 0x0000,
  0x0020, 0x0000, 0x0020, 0x0000, 0x0020, 0x0000, 0x0020, 0x0000, 0x0020, 0x0000, 0x0020, 0x0000,
  0x0020, 0x0000, 0x0020, 0x0000, 0x0020, 0x0000, 0x0020, 0x0000, 0x0020, 0x0000, 0x0020, 0x0000,
  0x0020, 0x0000, 0x0020, 0x0000, 0x0020, 0x0000, 0x0020, 0x0000, 0x0000, 0x0020, 0x0000, 0x0020,
  0x0000, 0x0020, 0x0000, 0x0020, 0x0000, 0x0020, 0x0000, 0x0020, 0x0000, 0x0020, 0x0000, 0x0020,
  0x0000, 0x0020, 0x0000, 0x0020, 0x0000, 0x0020, 0x0000, 0x0020, 0x0000, 0x0020, 0x0000, 0x0020,
  0x0000, 0x0020, 0x0000, 0x0020, 0x0000, 0x0020, 0x0000, 0x0020, 0x0000, 0x0020, 0x0000, 0x0020,
  0x0000, 0x0020, 0x0000, 0x0020, 0x0000, 0x0020, 0x0000, 0x0020, 0x0000, 0x0020, 0x0000, 0x0020,
  0x0000, 0x0020, 0x0000, 0x0020, 0x0000, 0x0020, 0x0000, 0x0020, 0x0000, 0x0020, 0x0000, 0x0020,
  0x0000, 0x0020, 0x0000, 0x0020, 0x0000, 0x0020, 0x0000, 0x0020, 0x0000, 0x0020, 0x0000, 0x0020,
  0x0000, 0x0020, 0x0000, 0x0020, 0x0000, 0x0020, 0x0000, 0x0020, 0x0000, 0x0020, 0x0000, 0x0020,
  0x0000, 0x0020, 0x0000, 0x0020, 0x0000, 0x0020, 0x0000, 0x0020, 0x0000, 0x0020, 0x0000, 0x0020,
  0x0000, 0x0020, 0x0000, 0x0020, 0x0000, 0x0020, 0x0000, 0x0020, 0x0000, 0x0020, 0x0000, 0x0020,
  0x0000, 0x0020, 0x0000, 0x0020, 0x0000, 0x0020, 0x0000, 0x0020, 0x0000, 0x0020, 0x0000, 0x0020,
  0x0000, 0x0020, 0x0000, 0x0020, 0x0020, 0x0000, 0x0020, 0x0000, 0x0020, 0x0000, 0x0020, 0x0000,
  0x0020, 0x0000, 0x0020, 0x0000, 0x0020, 0x0000, 0x0020, 0x0000, 0x0020, 0x0000, 0x0020, 0x0000,
  0x0020, 0x0000, 0x0020, 0x0000, 0x0020, 0x0000, 0x0020, 0x0000, 0x0020, 0x0000, 0x0020, 0x0000,
  0x0020, 0x0000, 0x0020, 0x0000, 0x0020, 0x0000, 0x0020, 0x0000, 0x0020, 0x0000, 0x0020, 0x0000,
  0x0020, 0x0000, 0x0020, 0x0000, 0x0020, 0x0000, 0x0020, 0x0000, 0x0020, 0x0000, 0x0020, 0x0000,
  0x0020, 0x0000, 0x0020, 0x0000, 0x0020, 0x0000, 0x0020, 0x0000, 0x0020, 0x0000, 0x0020, 0x0000,
  0x0020, 0x0000, 0x0020, 0x0000, 0x0020, 0x0000, 0x0020, 0x0000, 0x0020, 0x0000, 0x0020, 0x0000,
  0x0020, 0x0000, 0x0020, 0x0000, 0x0020, 0x0000, 0x0020, 0x0000, 0x0020, 0x0000, 0x0020, 0x0000,
  0x0020, 0x0000, 0x0020, 0x0000, 0x0020, 0x0000, 0x0020, 0x0000, 0x0020, 0x0000, 0x0020, 0x0000,
  0x0020, 0x0000, 0x0020, 0x0000, 0x0020, 0x0000, 0x0020, 0x0000, 0x0020, 0x0000, 0x0020, 0x0000,
  0x0020, 0x0000, 0x0020, 0x0000, 0x0020, 0x0000, 0x0020, 0x0000, 0x0020, 0x0000, 0x0020, 0x0000,
  0x0000, 0x0020, 0x0000, 0x0020, 0x0000, 0x0020, 0x0000, 0x0020, 0x0000, 0x0020, 0x0000, 0x0020,
  0x0000, 0x0020, 0x0000, 0x0020, 0x0000, 0x0020, 0x0000, 0x0020, 0x0000, 0x0020, 0x0000, 0x0020,
  0x0000, 0x0020, 0x0000, 0x0020, 0x0000, 0x0020, 0x0000, 0x0020, 0x0000, 0x0020, 0x0000, 0x0020,
  0x0000, 0x0020, 0x0000, 0x0020, 0x0000, 0x0020, 0x0000, 0x0020, 0x0000, 0x0020, 0x0000, 0x0020,
  0x0000, 0x0020, 0x0000, 0x0020, 0x0000, 0x0020, 0x0000, 0x0020, 0x0000, 0x0020, 0x0000, 0x0020,
  0x0000, 0x0020, 0x0000, 0x0020, 0x0000, 0x0020, 0x0000, 0x0020, 0x0000, 0x0020, 0x0000, 0x0020,
  0x0000, 0x0020, 0x0000, 0x0020, 0x0000, 0x0020, 0x0000, 0x0020, 0x0000, 0x0020, 0x0000, 0x0020,
  0x0000, 0x0020, 0x0000, 0x0020, 0x0000, 0x0020, 0x0000, 0x0020, 0x0000, 0x0020, 0x0000, 0x0020,
  0x0000, 0x0020, 0x0000, 0x0020, 0x0000, 0x0020, 0x0000, 0x0020, 0x0000, 0x0020, 0x0000, 0x0020,
  0x0000, 0x0020, 0x0000, 0x0020, 0x0000, 0x0020, 0x0000, 0x0020, 0x0000, 0x0020, 0x0000, 0x0020,
  0x0000, 0x0020, 0x0000, 0x0020, 0x0000, 0x0020, 0x0000, 0x0020, 0x0020, 0x0000, 0x0020, 0x0000,
  0x0020, 0x0000, 0x0020, 0x0000, 0x0020, 0x0000, 0x0020, 0x0000, 0x0020, 0x0000, 0x0020, 0x0000,
  0x0020, 0x0000, 0x0020, 0x0000, 0x0020, 0x0000, 0x0020, 0x0000, 0x0020, 0x0000, 0x0020, 0x0000,
  0x0020, 0x0000, 0x0020, 0x0000, 0x0020, 0x0000, 0x0020, 0x0000, 0x0020, 0x0000, 0x0020, 0x0000,
  0x0020, 0x0000, 0x0020, 0x0000, 0x0020, 0x0000, 0x0020, 0x0000, 0x0020, 0x0000, 0x0020, 0x0000,
  0x0020, 0x0000, 0x0020, 0x0000, 0x0020, 0x0000, 0x0020, 0x0000, 0x0020, 0x0000, 0x0020, 0x0000,
  0x0020, 0x0000, 0x0020, 0x0000, 0x0020, 0x0000, 0x0020, 0x0000, 0x0020, 0x0000, 0x0020, 0x0000,
  0x0020, 0x0000, 0x0020, 0x0000, 0x0020, 0x0000, 0x0020, 0x0000, 0x0020, 0x0000, 0x0020, 0x0000,
  0x0020, 0x0000, 0x0020, 0x0000, 0x0020, 0x0000, 0x0020, 0x0000, 0x0020, 0x0000, 0x0020, 0x0000,
  0x0020, 0x0000, 0x0020, 0x0000, 0x0020, 0x0000, 0x0020, 0x0000, 0x0020, 0x0000, 0x0020, 0x0000,
  0x0020, 0x0000, 0x0020, 0x0000, 0x0020, 0x0000, 0x0020, 0x0000, 0x0020, 0x0000, 0x0020, 0x0000,
  0x0020, 0x0000, 0x0020, 0x0000, 0x0000, 0x0020, 0x0000, 0x0020, 0x0000, 0x0020, 0x0000, 0x0020,
  0x0000, 0x0020, 0x0000, 0x0020, 0x0000, 0x0020, 0x0000, 0x0020, 0x0000, 0x0020, 0x0000, 0x0020,
  0x0000, 0x0020, 0x0000, 0x0020, 0x0000, 0x0020, 0x0000, 0x0020, 0x0000, 0x0020, 0x0000, 0x0020,
  0x0000, 0x0020, 0x0000, 0x0020, 0x0000, 0x0020, 0x0000, 0x0020, 0x0000, 0x0020, 0x0000, 0x0020,
  0x0000, 0x0020, 0x0000, 0x0020, 0x0000, 0x0020, 0x0000, 0x0020, 0x0000, 0x0020, 0x0000, 0x0020,
  0x0000, 0x0020, 0x0000, 0x0020, 0x0000, 0x0020, 0x0000, 0x0020, 0x0000, 0x0020, 0x0000, 0x0020,
  0x0000, 0x0020, 0x0000, 0x0020, 0x0000, 0x0020, 0x0000, 0x0020, 0x0000, 0x0020, 0x0000, 0x0020,
  0x0000, 0x0020, 0x0000, 0x0020, 0x0000, 0x0020, 0x0000, 0x0020, 0x0000, 0x0020, 0x0000, 0x0020,
  0x0000, 0x0020, 0x0000, 0x0020, 0x0000, 0x0020, 0x0000, 0x0020, 0x0000, 0x0020, 0x0000, 0x0020,
  0x0000, 0x0020, 0x0000, 0x0020, 0x0000, 0x0020, 0x0000, 0x0020, 0x0000, 0x0020, 0x0000, 0x0020,
  0x0000, 0x0020, 0x0000, 0x0020, 0x0000, 0x0020, 0x0000, 0x0020, 0x0000, 0x0020, 0x0000, 0x0020,
  0x0020, 0x0000, 0x0020, 0x0000, 0x0020, 0x0000, 0x0020, 0x0000, 0x0020, 0x0000, 0x0020, 0x0000,
  0x0020, 0x0000, 0x0020, 0x0000, 0x0020, 0x0000, 0x0020, 0x0000, 0x0020, 0x0000, 0x0020, 0x0000,
  0x0020, 0x0000, 0x0020, 0x0000, 0x0020, 0x0000, 0x0020, 0x0000, 0x0020, 0x0000, 0x0020, 0x0000,
  0x0020, 0x0000, 0x0020, 0x0000, 0x0020, 0x0000, 0x0020, 0x0000, 0x0020, 0x0000, 0x0020, 0x0000,
  0x0020, 0x0000, 0x0020, 0x0000, 0x0020, 0x0000, 0x0020, 0x0000, 0x0020, 0x0000, 0x0020, 0x0000,
  0x0020, 0x0000, 0x0020, 0x0000, 0x0020, 0x0000, 0x0020, 0x0000, 0x0020, 0x0000, 0x0020, 0x0000,
  0x0020, 0x0000, 0x0020, 0x0000, 0x0020, 0x0000, 0x0020, 0x0000, 0x0020, 0x0000, 0x0020, 0x0000,
  0x0020, 0x0000, 0x0020, 0x0000, 0x0020, 0x0000, 0x0020, 0x0000, 0x0020, 0x0000, 0x0020, 0x0000,
  0x0020, 0x0000, 0x0020, 0x0000, 0x0020, 0x0000, 0x0020, 0x0000, 0x0020, 0x0000, 0x0020, 0x0000,
  0x0020, 0x0000, 0x0020, 0x0000, 0x0020, 0x0000, 0x0020, 0x0000, 0x0020, 0x0000, 0x0020, 0x0000,
  0x0020, 0x0000, 0x0020, 0x0000, 0x0020, 0x0000, 0x0020, 0x0000, 0x0000, 0x0020, 0x0000, 0x0020,
  0x0000, 0x0020, 0x0000, 0x0020, 0x0000, 0x0020, 0x0000, 0x0020, 0x0000, 0x0020, 0x0000, 0x0020,
  0x0000, 0x0020, 0x0000, 0x0020, 0x0000, 0x0020, 0x0000, 0x0020, 0x0000, 0x0020, 0x0000, 0x0020,
  0x0000, 0x0020, 0x0000, 0x0020, 0x0000, 0x0020, 0x0000, 0x0020, 0x0000, 0x0020, 0x0000, 0x0020,
  0x0000, 0x0020, 0x0000, 0x0020, 0x0000, 0x0020, 0x0000, 0x0020, 0x0000, 0x0020, 0x0000, 0x0020,
  0x0000, 0x0020, 0x0000, 0x0020, 0x0000, 0x0020, 0x0000, 0x0020, 0x0000, 0x0020, 0x0000, 0x0020,
  0x0000, 0x0020, 0x0000, 0x0020, 0x0000, 0x0020, 0x0000, 0x0020, 0x0000, 0x0020, 0x0000, 0x0020,
  0x0000, 0x0020, 0x0000, 0x0020, 0x0000, 0x0020, 0x0000, 0x0020, 0x0000, 0x0020, 0x0000, 0x0020,
  0x0000, 0x0020, 0x0000, 0x0020, 0x0000, 0x0020, 0x0000, 0x0020, 0x0000, 0x0020, 0x0000, 0x0020,
  0x0000, 0x0020, 0x0000, 0x0020, 0x0000, 0x0020, 0x0000, 0x0020, 0x0000, 0x0020, 0x0000, 0x0020,
  0x0000, 0x0020, 0x0000, 0x0020, 0x0000, 0x0020, 0x0000, 0x0020, 0x0000, 0x0020, 0x0000, 0x0020,
  0x0000, 0x0020, 0x0000, 0x0020, 0x0020, 0x0000, 0x0020, 0x0000, 0x0020, 0x0000, 0x0020, 0x0000,
  0x0020, 0x0000, 0x0020, 0x0000, 0x0020, 0x0000, 0x0020, 0x0000, 0x0020, 0x0000, 0x0020, 0x0000,
  0x0020, 0x0000, 0x0020, 0x0000, 0x0020, 0x0000, 0x0020, 0x0000, 0x0020, 0x0000, 0x0020, 0x0000,
  0x0020, 0x0000, 0x0020, 0x0000, 0x0020, 0x0000, 0x0020, 0x0000, 0x0020, 0x0000, 0x0020, 0x0000,
  0x0020, 0x0000, 0x0020, 0x0000, 0x0020, 0x0000, 0x0020, 0x0000, 0x0020, 0x0000, 0x0020, 0x0000,
  0x0020, 0x0000, 0x0020, 0x0000, 0x0020, 0x0000, 0x0020, 0x0000, 0x0020, 0x0000, 0x0020, 0x0000,
  0x0020, 0x0000, 0x0020, 0x0000, 0x0020, 0x0000, 0x0020, 0x0000, 0x0020, 0x0000, 0x0020, 0x0000,
  0x0020, 0x0000, 0x0020, 0x0000, 0x0020, 0x0000, 0x0020, 0x0000, 0x0020, 0x0000, 0x0020, 0x0000,
  0x0020, 0x0000, 0x0020, 0x0000, 0x0020, 0x0000, 0x0020, 0x0000, 0x0020, 0x0000, 0x0020, 0x0000,
  0x0020, 0x0000, 0x0020, 0x0000, 0x0020, 0x0000, 0x0020, 0x0000, 0x0020, 0x0000, 0x0020, 0x0000,
  0x0020, 0x0000, 0x0020, 0x0000, 0x0020, 0x0000, 0x0020, 0x0000, 0x0020, 0x0000, 0x0020, 0x0000,
  0x0000, 0x0020, 0x0000, 0x0020, 0x0000, 0x0020, 0x0000, 0x0020, 0x0000, 0x0020, 0x0000, 0x0020,
  0x0000, 0x0020, 0x0000, 0x0020, 0x0000, 0x0020, 0x0000, 0x0020, 0x0000, 0x0020, 0x0000, 0x0020,
  0x0000, 0x0020, 0x0000, 0x0020, 0x0000, 0x0020, 0x0000, 0x0020, 0x0000, 0x0020, 0x0000, 0x0020,
  0x0000, 0x0020, 0x0000, 0x0020, 0x0000, 0x0020, 0x0000, 0x0020, 0x0000, 0x0020, 0x0000, 0x0020,
  0x0000, 0x0020, 0x0000, 0x0020, 0x0000, 0x0020, 0x0000, 0x0020, 0x0000, 0x0020, 0x0000, 0x0020,
  0x0000, 0x0020, 0x0000, 0x0020, 0x0000, 0x0020, 0x0000, 0x0020, 0x0000, 0x0020, 0x0000, 0x0020,
  0x0000, 0x0020, 0x0000, 0x0020, 0x0000, 0x0020, 0x0000, 0x0020, 0x0000, 0x0020, 0x0000, 0x0020,
  0x0000, 0x0020, 0x0000, 0x0020, 0x0000, 0x0020, 0x0000, 0x0020, 0x0000, 0x0020, 0x0000, 0x0020,
  0x0000, 0x0020, 0x0000, 0x0020, 0x0000, 0x0020, 0x0000, 0x0020, 0x0000, 0x0020, 0x0000, 0x0020,
  0x0000, 0x0020, 0x0000, 0x0020, 0x0000, 0x0020, 0x0000, 0x0020, 0x0000, 0x0020, 0x0000, 0x0020,
  0x0000, 0x0020, 0x0000, 0x0020, 0x0000, 0x0020, 0x0000, 0x0020, 0x0020, 0x0000, 0x0020, 0x0000,
  0x0020, 0x0000, 0x0020, 0x0000, 0x0020, 0x0000, 0x0020, 0x0000, 0x0020, 0x0000, 0x0020, 0x0000,
  0x0020, 0x0000, 0x0020, 0x0000, 0x0020, 0x0000, 0x0020, 0x0000, 0x0020, 0x0000, 0x0020, 0x0000,
  0x0020, 0x0000, 0x0020, 0x0000, 0x0020, 0x0000, 0x0020, 0x0000, 0x0020, 0x0000, 0x0020, 0x0000,
  0x0020, 0x0000, 0x0020, 0x0000, 0x0020, 0x0000, 0x0020, 0x0000, 0x0020, 0x0000, 0x0020, 0x0000,
  0x0020, 0x0000, 0x0020, 0x0000, 0x0020, 0x0000, 0x0020, 0x0000, 0x0020, 0x0000, 0x0020, 0x0000,
  0x0020, 0x0000, 0x0020, 0x0000, 0x0020, 0x0000, 0x0020, 0x0000, 0x0020, 0x0000, 0x0020, 0x0000,
  0x0020, 0x0000, 0x0020, 0x0000, 0x0020, 0x0000, 0x0020, 0x0000, 0x0020, 0x0000, 0x0020, 0x0000,
  0x0020, 0x0000, 0x0020, 0x0000, 0x0020, 0x0000, 0x0020, 0x0000, 0x0020, 0x0000, 0x0020, 0x0000,
  0x0020, 0x0000, 0x0020, 0x0000, 0x0020, 0x0000, 0x0020, 0x0000, 0x0020, 0x0000, 0x0020, 0x0000,
  0x0020, 0x0000, 0x0020, 0x0000, 0x0020, 0x0000, 0x0020, 0x0000, 0x0020, 0x0000, 0x0020, 0x0000,
  0x0020, 0x0000, 0x0020, 0x0000, 0x0000, 0x0020, 0x0000, 0x0020, 0x0000, 0x0020, 0x0000, 0x0020,
  0x0000, 0x0020, 0x0000, 0x0020, 0x0000, 0x0020, 0x0000, 0x0020, 0x0000, 0x0020, 0x0000, 0x0020,
  0x0000, 0x0020, 0x0000, 0x0020, 0x0000, 0x0020, 0x0000, 0x0020, 0x0000, 0x0020, 0x0000, 0x0020,
  0x0000, 0x0020, 0x0000, 0x0020, 0x0000, 0x0020, 0x0000, 0x0020, 0x0000, 0x0020, 0x0000, 0x0020,
  0x0000, 0x0020, 0x0000, 0x0020, 0x0000, 0x0020, 0x0000, 0x0020, 0x0000, 0x0020, 0x0000, 0x0020,
  0x0000, 0x0020, 0x0000, 0x0020, 0x0000, 0x0020, 0x0000, 0x0020, 0x0000, 0x0020, 0x0000, 0x0020,
  0x0000, 0x0020, 0x0000, 0x0020, 0x0000, 0x0020, 0x0000, 0x0020, 0x0000, 0x0020, 0x0000, 0x0020,
  0x0000, 0x0020, 0x0000, 0x0020, 0x0000, 0x0020, 0x0000, 0x0020, 0x0000, 0x0020, 0x0000, 0x0020,
  0x0000, 0x0020, 0x0000, 0x0020, 0x0000, 0x0020, 0x0000, 0x0020, 0x0000, 0x0020, 0x0000, 0x0020,
  0x0000, 0x0020, 0x0000, 0x0020, 0x0000, 0x0020, 0x0000, 0x0020, 0x0000, 0x0020, 0x0000, 0x0020,
  0x0000, 0x0020, 0x0000, 0x0020, 0x0000, 0x0020, 0x0000, 0x0020, 0x0000, 0x0020, 0x0000, 0x0020,
  0x0020, 0x0000, 0x0020, 0x0000, 0x0020, 0x0000, 0x0020, 0x0000, 0x0020, 0x0000, 0x0020, 0x0000,
  0x0020, 0x0000, 0x0020, 0x0000, 0x0020, 0x0000, 0x0020, 0x0000, 0x0020, 0x0000, 0x0020, 0x0000,
  0x0020, 0x0000, 0x0020, 0x0000, 0x0020, 0x0000, 0x0020, 0x0000, 0x0020, 0x0000, 0x0020, 0x0000,
  0x0020, 0x0000, 0x0020, 0x0000, 0x0020, 0x0000, 0x0020, 0x0000, 0x0020, 0x0000, 0x0020, 0x0000,
  0x0020, 0x0000, 0x0020, 0x0000, 0x0020, 0x0000, 0x0020, 0x0000, 0x0020, 0x0000, 0x0020, 0x0000,
  0x0020, 0x0000, 0x0020, 0x0000, 0x0020, 0x0000, 0x0020, 0x0000, 0x0020, 0x0000, 0x0020, 0x0000,
  0x0020, 0x0000, 0x0020, 0x0000, 0x0020, 0x0000, 0x0020, 0x0000, 0x0020, 0x0000, 0x0020, 0x0000,
  0x0020, 0x0000, 0x0020, 0x0000, 0x0020, 0x0000, 0x0020, 0x0000, 0x0020, 0x0000, 0x0020, 0x0000,
  0x0020, 0x0000, 0x0020, 0x0000, 0x0020, 0x0000, 0x0020, 0x0000, 0x0020, 0x0000, 0x0020, 0x0000,
  0x0020, 0x0000, 0x0020, 0x0000, 0x0020, 0x0000, 0x0020, 0x0000, 0x0020, 0x0000, 0x0020, 0x0000,
  0x0020, 0x0000, 0x0020, 0x0000, 0x0020, 0x0000, 0x0020, 0x0000, 0x73AF, 0x73D0, 0x73F0, 0x7411,
  0x7C32, 0x7412, 0x7412, 0x7C53, 0x8473, 0x8CF6, 0x8CB4, 0xC6BD, 0xEF9F, 0xDF7F, 0xDF5F, 0xD75F,
  0xDF3F, 0xD75F, 0xDF3F, 0xDF5F, 0xE75F, 0xE77F, 0xE79F, 0xDF7F, 0xDF3F, 0xD73F, 0xD71E, 0xD73F,
  0xE77F, 0xE7BF, 0xE77F, 0xD75F, 0xD71E, 0xCF1F, 0xD71E, 0xD73F, 0xD71E, 0xCF1E, 0xCEFE, 0xCF1E,
  0xD6FE, 0xCF1E, 0xD6FE, 0xCF1F, 0xDF3F, 0xCEFE, 0x7C74, 0x84D6, 0xD6FE, 0xF7FF, 0xCEDC, 0x7432,
  0x7412, 0x6BF2, 0x7C32, 0x7C32, 0x73F1, 0x5B6F, 0x5B0D, 0x73F0, 0x8451, 0x6BAF, 0x6B8E, 0x6BAF,
  0x6B6D, 0x6B8E, 0x73AE, 0x636D, 0x6B6D, 0x6BAE, 0x736D, 0x6B4C, 0x7BAD, 0x634B, 0x62EA, 0x7BEF,
  0x840E, 0x8450, 0x8C4F, 0x844F, 0x7BCD, 0x8C91, 0x840E, 0x842F, 0x842E, 0x6B6C, 0x6B8C, 0x5B0A,
  0x6309, 0x52E9, 0x4A47, 0x31C5, 0x39C5, 0x52C9, 0x6B4B, 0x52A9, 0x5AE9, 0x52C9, 0x62EA, 0x4A88,
  0x7BAD, 0x6B6C, 0x5287, 0x5B09, 0x6B49, 0x7C0C, 0x8C6F, 0x8C8F, 0x946F, 0x842E, 0x5AE9, 0x52C9,
  0x3164, 0x31C5, 0x41E6, 0x52C9, 0x52A8, 0x632A, 0x5AE9, 0x52A8, 0x6B2A, 0x6B8C, 0x83ED, 0x52C9,
  0x6B6B, 0x52A9, 0x39C5, 0x4227, 0x6BAF, 0x73AF, 0x6BD1, 0x73F1, 0x6BF2, 0x7412, 0x6BF2, 0x73F2,
  0x7433, 0x7433, 0x7C74, 0x8494, 0xC69D, 0xE79F, 0xDF5F, 0xDF3F, 0xD75F, 0xDF3F, 0xD73F, 0xDF3F,
  0xDF5F, 0xEF9F, 0xEFDF, 0xEFBF, 0xE79F, 0xDF5F, 0xD75F, 0xEFBF, 0xE7BF, 0xDF3F, 0xD73F, 0xCEFE,
  0xCF1F, 0xCEFE, 0xCF1F, 0xD6FE, 0xCF1F, 0xCEFE, 0xCEFE, 0xCEFE, 0xCEFE, 0xCEFE, 0xCF1F, 0xD71E,
  0xCF3F, 0xD73F, 0x84D6, 0x6BD2, 0x7C54, 0xD6FE, 0xB63A, 0x7412, 0x7433, 0x7C33, 0x6BF1, 0x73F1,
  0x63B0, 0x52ED, 0x5B2D, 0x6B8F, 0x6BD0, 0x6BAF, 0x636E, 0x6B8E, 0x6BAF, 0x6B4D, 0x73F0, 0x6B4D,
  0x6B8E, 0x6B4D, 0x6B4D, 0x738D, 0x7C0F, 0x842F, 0x6B6D, 0x8C30, 0x8C91, 0x8C50, 0x842F, 0x842F,
  0x8430, 0x9CB1, 0x9D13, 0x8C50, 0x73CE, 0x738C, 0x5B0A, 0x5B0A, 0x5B0A, 0x6B4B, 0x4A89, 0x39E6,
  0x4267, 0x6B6B, 0x5B0A, 0x5AC9, 0x5AEA, 0x5AC9, 0x5B0B, 0x4A68, 0x4A89, 0x41E6, 0x4247, 0x6B4B,
  0x740C, 0x94AF, 0x94D1, 0x948F, 0x7BED, 0x4226, 0x31C5, 0x4A68, 0x2964, 0x39C5, 0x52A9, 0x738C,
  0x52C9, 0x632B, 0x5B0A, 0x5AEA, 0x634C, 0x6B4B, 0x73AD, 0x5AC9, 0x52A9, 0x6B6C, 0x5AEA, 0x39E6,
  0x634D, 0x638F, 0x6B6F, 0x6B8F, 0x73D0, 0x7411, 0x7C31, 0x7411, 0x7C32, 0x7C53, 0x8473, 0x7C73,
  0x8C94, 0xC6BD, 0xEF9F, 0xDF7F, 0xE75F, 0xDF5F, 0xDF3F, 0xDF3F, 0xE77F, 0xEFBF, 0xF7DF, 0xEFFF,
  0xF7DF, 0xE7BF, 0xE77F, 0xE79F, 0xDF5F, 0xCF1E, 0xD6FE, 0xCEFE, 0xCEFE, 0xCEFE, 0xCEFE, 0xCF1E,
  0xD71E, 0xCF1E, 0xCEFE, 0xCEFE, 0xCEFE, 0xCF1E, 0xD71E, 0xCF1F, 0xD71E, 0xDF7F, 0xCEFD, 0x7C74,
  0x7433, 0x6C13, 0x7C73, 0x7C73, 0x7C72, 0x7C72, 0x73D0, 0x73F1, 0x6B90, 0x4AED, 0x52CC, 0x5B2E,
  0x6B6E, 0x73CF, 0x738E, 0x6B8E, 0x6B6D, 0x73CF, 0x7BEF, 0x634D, 0x6B4C, 0x6B4D, 0x5ACA, 0x632C,
  0x8C2F, 0x9CD2, 0x8C2F, 0x6B8D, 0x9490, 0x94D1, 0x840E, 0x7BEE, 0x7BCD, 0x6B8C, 0x8C2E, 0x7C0E,
  0x7BED, 0x73AC, 0x632A, 0x5B2B, 0x5288, 0x5B0A, 0x5288, 0x4A68, 0x736B, 0x634B, 0x52A8, 0x4247,
  0x5AC9, 0x632B, 0x630A, 0x4227, 0x4A27, 0x3185, 0x6329, 0x8C8F, 0x8C8E, 0x94F0, 0x840E, 0x52C9,
  0x6B4A, 0x4A88, 0x5288, 0x6B6B, 0x4A67, 0x4A68, 0x5AE9, 0x5AE9, 0x4226, 0x52C9, 0x840E, 0x6B8C,
  0x73AC, 0x52C9, 0x6309, 0x73AC, 0x5AA9, 0x52C9, 0x5AC9, 0x4A47, 0x5B4E, 0x6B8F, 0x6390, 0x634E,
  0x7411, 0x7411, 0x73F1, 0x6BB0, 0x6C12, 0x7412, 0x6C12, 0x8494, 0x8495, 0x8C95, 0xC69D, 0xEF9F,
  0xDF5F, 0xE75F, 0xDF7F, 0xE75F, 0xDF7F, 0xEFBF, 0xEFFF, 0xF7DF, 0xEFDF, 0xEFDF, 0xE7BF, 0xDF5F,
  0xCF1F, 0xCEDE, 0xCEFE, 0xCEDE, 0xC6FE, 0xCEDE, 0xCEFE, 0xCEFE, 0xCF1F, 0xCEFE, 0xCEFF, 0xCEDE,
  0xCEFE, 0xCEFE, 0xCF1F, 0xD6FE, 0xCF1F, 0xDF5F, 0xCF3F, 0x7C74, 0x6C13, 0x7413, 0x6C12, 0x7433,
  0x7C73, 0x7C32, 0x7432, 0x6BB0, 0x5B4F, 0x52CD, 0x4AAC, 0x4A8B, 0x5B0D, 0x6B4E, 0x6B8F, 0x73AF,
  0x6B8E, 0x634D, 0x6BAF, 0x632D, 0x634D, 0x630C, 0x52AA, 0x4A49, 0x630B, 0x8C2F, 0x8C70, 0x7BAD,
  0x6B8D, 0x83EE, 0x6B8D, 0x738D, 0x7BEE, 0x840E, 0x738D, 0x7BAD, 0x8C90, 0x7BCD, 0x6B8D, 0x5AEA,
  0x52C9, 0x52A9, 0x52EA, 0x4A47, 0x73AD, 0x630A, 0x52C9, 0x4A47, 0x5AEA, 0x632B, 0x4A68, 0x4206,
  0x4227, 0x2944, 0x4267, 0x7BED, 0x846F, 0x73AB, 0x3A27, 0x4206, 0x634B, 0x630A, 0x3A06, 0x62EA,
  0x632B, 0x6B2B, 0x634B, 0x52A9, 0x4A68, 0x52A9, 0x5AEA, 0x6B6B, 0x5B0A, 0x5AC9, 0x632B, 0x7BCD,
  0x52CA, 0x4207, 0x52A9, 0x5268, 0x6B4D, 0x636E, 0x738E, 0x73F0, 0x8C51, 0x7C31, 0x8C72, 0x7C52,
  0x6BD1, 0x6BD1, 0x73D1, 0x7412, 0x8473, 0x8CF5, 0x8473, 0xC69C, 0xF7FF, 0xE7BF, 0xE79F, 0xDF7F,
  0xE75F, 0xE77F, 0xE79F, 0xE79F, 0xEFBF, 0xEFFF, 0xF7DF, 0xDF7F, 0xD71E, 0xCF1E, 0xCEFE, 0xCEFE,
  0xCEDD, 0xCEFE, 0xCEFE, 0xCF1E, 0xD71E, 0xCF1F, 0xD6FE, 0xCF1E, 0xD6FE, 0xCF1E, 0xD6FE, 0xCF1F,
  0xDF3F, 0xCF1E, 0x8CD5, 0x7453, 0x6C12, 0x7453, 0x7411, 0x6C11, 0x7C31, 0x7452, 0x7C11, 0x6BD0,
  0x5B0D, 0x52ED, 0x4AAC, 0x426B, 0x5ACB, 0x636E, 0x632C, 0x6B8E, 0x6B4D, 0x6B8E, 0x73AE, 0x636D,
  0x630B, 0x5AEB, 0x5269, 0x4A89, 0x738C, 0x840E, 0x7BAD, 0x6B6C, 0x5AA9, 0x73AD, 0x630A, 0x6B6C,
  0x738C, 0x6B6C, 0x738C, 0x73AD, 0x738C, 0x632B, 0x6B6B, 0x632B, 0x5AEA, 0x4A88, 0x5288, 0x5AEA,
  0x6B6B, 0x52C9, 0x4A26, 0x632A, 0x5AA8, 0x2984, 0x41E5, 0x4A88, 0x4206, 0x39E6, 0x4226, 0x634A,
  0x7BED, 0x6B6B, 0x5288, 0x4247, 0x5AC9, 0x634B, 0x630A, 0x52A9, 0x62E9, 0x634B, 0x630A, 0x4A68,
  0x31A4, 0x73CD, 0x5AA8, 0x4226, 0x4A67, 0x6B6B, 0x6B6B, 0x5AEA, 0x4A46, 0x4A67, 0x62E9, 0x52A9,
  0x6B8F, 0x7BD0, 0x73F0, 0x9493, 0x8452, 0x73AF, 0x7411, 0x8472, 0x63B1, 0x6370, 0x6BD2, 0x73D2,
  0x7432, 0x8494, 0x84B5, 0xA557, 0xA5BA, 0xC67C, 0xCEFF, 0xE79F, 0xDF7F, 0xDF3F, 0xDF5F, 0xDF5F,
  0xDF7F, 0xE77F, 0xEFDF, 0xE77F, 0xD73F, 0xD71F, 0xCF1F, 0xCEFE, 0xCEFE, 0xCEDE, 0xCEFF, 0xCEFE,
  0xCF1F, 0xD6FE, 0xCF1F, 0xCEFE, 0xCEFF, 0xCEFE, 0xCF1F, 0xD6FE, 0xD77F, 0xBE5C, 0x6C12, 0x7C74,
  0x7454, 0x7453, 0x7453, 0x6BD1, 0x6C11, 0x7411, 0x6BD0, 0x6B8F, 0x5B4E, 0x52ED, 0x4AAD, 0x426B,
  0x52EC, 0x5ACC, 0x634D, 0x634D, 0x6BAF, 0x738E, 0x636E, 0x632D, 0x5B2C, 0x5AAA, 0x5B0B, 0x6B4C,
  0x52CA, 0x6B6C, 0x73AD, 0x6B2B, 0x632B, 0x8C50, 0x6B8D, 0x630B, 0x842F, 0x73AD, 0x7C0E, 0x738C,
  0x632B, 0x62EA, 0x5B0B, 0x4A88, 0x4AA9, 0x52A9, 0x52EA, 0x5AEA, 0x634B, 0x4A67, 0x4227, 0x6B6C,
  0x5B0A, 0x52A9, 0x39C6, 0x4A47, 0x3A07, 0x39A5, 0x3A26, 0x5AC9, 0x73ED, 0x5AC9, 0x4227, 0x4227,
  0x4268, 0x630A, 0x73AD, 0x632B, 0x5AEA, 0x5288, 0x5B0B, 0x4A47, 0x39E6, 0x4227, 0x4247, 0x5AC9,
  0x5AEA, 0x630A, 0x634C, 0x5AC9, 0x52C9, 0x4A67, 0x4A68, 0x52A9, 0x8430, 0x8451, 0x8430, 0x8471,
  0x8C51, 0x7C31, 0x73CF, 0x7C51, 0x7C11, 0x6BB0, 0x6BB0, 0x6BD1, 0x7411, 0x8493, 0x94F5, 0x7C94,
  0x7432, 0x7433, 0x7C53, 0x9D98, 0xDF5F, 0xE79F, 0xDF5F, 0xDF5F, 0xDF5F, 0xDF5F, 0xDF5F, 0xDF7F,
  0xDF5F, 0xD75F, 0xDF3F, 0xD73F, 0xDF5F, 0xDF5F, 0xD6FE, 0xCF1F, 0xD71E, 0xD73F, 0xD71E, 0xCF1E,
  0xD6FE, 0xCF1E, 0xD71E, 0xCF1F, 0xDF5F, 0xCF1F, 0x7C53, 0x7433, 0x7C53, 0x7C94, 0x7C31, 0x7431,
  0x7410, 0x6BF0, 0x73D0, 0x6BD0, 0x636E, 0x530D, 0x4A8B, 0x52ED, 0x6BAE, 0x4AAB, 0x4A69, 0x5B0C,
  0x738E, 0x6B8E, 0x632C, 0x632C, 0x5ACA, 0x5AEB, 0x5268, 0x6B8D, 0x5AC9, 0x4A68, 0x5288, 0x6B6C,
  0x736C, 0x6B8C, 0x6B2B, 0x6B6C, 0x7BCD, 0x7C0E, 0x842E, 0x73CD, 0x738C, 0x5AE9, 0x4A47, 0x4268,
  0x5AA9, 0x52CA, 0x5AC9, 0x52A9, 0x630A, 0x52A8, 0x5AC9, 0x6B4B, 0x630A, 0x6B6C, 0x5AA8, 0x5288,
  0x4A26, 0x39E6, 0x4226, 0x39E5, 0x5AC9, 0x4AA8, 0x5AC9, 0x4A88, 0x4A47, 0x5B0A, 0x6B6B, 0x5B0A,
  0x738C, 0x6B8C, 0x6B2B, 0x52A9, 0x842E, 0x7C0E, 0x5267, 0x4227, 0x630A, 0x6B6C, 0x630A, 0x52C9,
  0x62E9, 0x5AC9, 0x4A47, 0x4227, 0x6B8E, 0x7BF0, 0x7C10, 0x738E, 0x73F0, 0x8411, 0x6BD0, 0x73D0,
  0x7411, 0x7BF1, 0x6BD1, 0x6BB0, 0x6BF1, 0x8473, 0x7C73, 0x73F1, 0x7433, 0x7C74, 0x7C95, 0x7433,
  0x8CF7, 0xBE3C, 0xDF7F, 0xDF5F, 0xD75F, 0xDF3F, 0xD75F, 0xDF5F, 0xDF5F, 0xDF5F, 0xDF5F, 0xDF3F,
  0xD75F, 0xE77F, 0xCF1F, 0xCEDE, 0xCF1F, 0xD71E, 0xCF1F, 0xCEFE, 0xCEFF, 0xCEFE, 0xCF1F, 0xD71F,
  0xCF1F, 0xDF7F, 0xA5DA, 0x6BD2, 0x7433, 0x7C53, 0x7432, 0x6BF1, 0x6C11, 0x73F0, 0x63D0, 0x6BD0,
  0x6BB0, 0x5B0E, 0x428B, 0x636E, 0x7410, 0x52CB, 0x4229, 0x632D, 0x6BAF, 0x6B4D, 0x634D, 0x632C,
  0x5AEB, 0x5ACA, 0x5AEB, 0x736D, 0x4A89, 0x4A68, 0x5AEA, 0x632B, 0x634C, 0x630A, 0x634C, 0x736C,
  0x6B6C, 0x7BEE, 0x7BEE, 0x738C, 0x73AD, 0x5AE9, 0x4268, 0x5B0A, 0x6B8D, 0x632B, 0x5AEA, 0x4A68,
  0x52C9, 0x4A27, 0x5B0B, 0x630A, 0x52A9, 0x5AEA, 0x5B0A, 0x5AA9, 0x4A68, 0x4206, 0x39E6, 0x4226,
  0x3A27, 0x4A47, 0x5B0A, 0x5268, 0x4A88, 0x5AC9, 0x632B, 0x736C, 0x6B8C, 0x6B4B, 0x52CA, 0x52A9,
  0x73AD, 0x630A, 0x52A9, 0x4227, 0x31C5, 0x630A, 0x634B, 0x5AA9, 0x5AEA, 0x5268, 0x4227, 0x4227,
  0x8430, 0x8430, 0x7BEF, 0x8451, 0x738E, 0x6B8F, 0x738E, 0x6B8F, 0x73CF, 0x73F0, 0x7C10, 0x8472,
  0x7C31, 0x6BF0, 0x73F1, 0x7C53, 0x7C52, 0x7C93, 0x8473, 0x84B5, 0x8474, 0x7453, 0x9D37, 0xD73F,
  0xE77F, 0xDF5F, 0xDF5F, 0xDF7F, 0xE75F, 0xDF7F, 0xDF5F, 0xDF5F, 0xDF3F, 0xDF5F, 0xD71E, 0xCEFE,
  0xD6FE, 0xCEFE, 0xD6FE, 0xCF1F, 0xD6FE, 0xCF1E, 0xD71E, 0xCF1F, 0xD71E, 0xD75F, 0xDF5F, 0x84B5,
  0x7412, 0x7453, 0x7C52, 0x7412, 0x73F0, 0x6C10, 0x6B8F, 0x638F, 0x73D0, 0x5B2D, 0x52CB, 0x7C31,
  0x738E, 0x52CB, 0x4A49, 0x4A8A, 0x5AEB, 0x5AEB, 0x6B6D, 0x634D, 0x62EB, 0x52AA, 0x5269, 0x5B0B,
  0x630B, 0x5AEA, 0x736B, 0x632B, 0x6B2A, 0x738D, 0x7BAC, 0x73CD, 0x7BED, 0x7C0E, 0x7BCD, 0x73AD,
  0x6B6B, 0x632B, 0x6B2B, 0x6B8C, 0x738C, 0x6B8D, 0x5AEA, 0x52A9, 0x5268, 0x39E6, 0x5AA8, 0x5AE9,
  0x5AA8, 0x4A47, 0x5AC9, 0x5AC9, 0x5288, 0x4A68, 0x4205, 0x52A8, 0x4226, 0x31C5, 0x4206, 0x39E6,
  0x4226, 0x3A06, 0x5AA9, 0x5AEA, 0x5AC9, 0x52A9, 0x4206, 0x4267, 0x6B2B, 0x4A88, 0x5AA8, 0x5288,
  0x4A67, 0x4227, 0x6B4B, 0x634B, 0x5AE9, 0x4227, 0x4A27, 0x4228, 0x73F0, 0x7BEF, 0x8451, 0x9492,
  0x7C11, 0x73AF, 0x73F0, 0x7BF0, 0x6BB0, 0x6BAF, 0x6BD0, 0x8452, 0x7C52, 0x6B8F, 0x63B1, 0x7C32,
  0x7432, 0x7C32, 0x7433, 0x7C74, 0x84B5, 0x7C74, 0x7434, 0x8CB6, 0xD75F, 0xE77F, 0xDF5F, 0xDF5F,
  0xDF5F, 0xDF5F, 0xDF7F, 0xDF5F, 0xD75F, 0xD71F, 0xCF1F, 0xD71E, 0xCEFF, 0xCEDE, 0xCEFF, 0xCEDE,
  0xCEFF, 0xCEFE, 0xCF1F, 0xD6FE, 0xCF1F, 0xD6FE, 0xDF9F, 0xA598, 0x63D2, 0x7433, 0x6C12, 0x73F1,
  0x5B8F, 0x6BAF, 0x638F, 0x5B2E, 0x636F, 0x52CC, 0x5B2D, 0x7C31, 0x634D, 0x4A8A, 0x4A8A, 0x4249,
  0x4249, 0x4A28, 0x52CB, 0x52AA, 0x5B0C, 0x528A, 0x4249, 0x5ACA, 0x632C, 0x62EB, 0x5289, 0x6B4B,
  0x5B0B, 0x736C, 0x73CD, 0x6B6C, 0x842F, 0xA4F2, 0x7BEE, 0x5AEA, 0x5B0A, 0x73AD, 0x6B8D, 0x6B4B,
  0x73AD, 0x73AD, 0x5B0B, 0x5ACA, 0x52C9, 0x5AEA, 0x52A9, 0x5AC9, 0x52A9, 0x630A, 0x5AEA, 0x5AA9,
  0x5AEA, 0x62EA, 0x4A88, 0x4A67, 0x52A9, 0x52A8, 0x4227, 0x4A48, 0x4227, 0x4206, 0x5B0A, 0x5AC9,
  0x52A9, 0x5AC9, 0x4268, 0x52A9, 0x52CA, 0x4A68, 0x4247, 0x3184, 0x4227, 0x4227, 0x4A68, 0x5AEA,
  0x632B, 0x41E6, 0x31A6, 0x4207, 0x5ACB, 0x6B8E, 0x8430, 0x6BAE, 0x8430, 0x8431, 0x7BEF, 0x8431,
  0x7BCF, 0x7BF0, 0x73CF, 0x7411, 0x7C31, 0x6BD0, 0x634F, 0x6BD1, 0x6BD1, 0x7412, 0x7412, 0x6BF2,
  0x7412, 0x7474, 0x7C54, 0x7433, 0x9D57, 0xE7BF, 0xDF5F, 0xD75F, 0xDF3F, 0xDF5F, 0xE75F, 0xDF7F,
  0xDF3F, 0xD73F, 0xD71E, 0xCF1F, 0xD6FE, 0xCEFE, 0xCEDD, 0xC6FE, 0xCEFE, 0xCEFE, 0xD6FE, 0xCF1F,
  0xD71E, 0xCF1F, 0xDF7F, 0xBE9C, 0x73F2, 0x7C74, 0x6BB0, 0x6BF1, 0x6BCF, 0x7431, 0x6B8E, 0x5B4E,
  0x5B0C, 0x4ACC, 0x6B6D, 0x638E, 0x6B4D, 0x5AEC, 0x528A, 0x4249, 0x4A48, 0x4A69, 0x5289, 0x52AA,
  0x630B, 0x52CA, 0x4A28, 0x52CA, 0x5AEA, 0x4A89, 0x630A, 0x630B, 0x738C, 0x7BCD, 0x83ED, 0x840E,
  0x738C, 0x6B4B, 0x736B, 0x5AEA, 0x73AC, 0x6B6C, 0x738C, 0x73AD, 0x7BED, 0x842F, 0x7B8D, 0x4247,
  0x5267, 0x4A88, 0x5AC8, 0x5AE9, 0x5AC8, 0x632A, 0x4A47, 0x632A, 0x6B2B, 0x5B0A, 0x39E5, 0x52A8,
  0x630A, 0x3A26, 0x4A27, 0x73CD, 0x4A26, 0x4247, 0x4A47, 0x39E6, 0x4A27, 0x52A9, 0x4A47, 0x5B0A,
  0x5AA8, 0x52A8, 0x4A46, 0x4247, 0x4A67, 0x52C9, 0x4A47, 0x5B0A, 0x6B6B, 0x3A06, 0x39C5, 0x39E6,
  0x5B0C, 0x6B6D, 0x6B8E, 0x73AE, 0x6BAF, 0x73AF, 0x7BF0, 0x738E, 0x73B0, 0x738F, 0x638F, 0x73AF,
  0x6BD1, 0x6BB0, 0x6390, 0x6B90, 0x7432, 0x73F1, 0x6C13, 0x6BD2, 0x6C13, 0x6BF2, 0x6C34, 0x7454,
  0x6C13, 0xADB9, 0xE7BF, 0xDF3F, 0xD73F, 0xDF3F, 0xD75F, 0xDF5F, 0xDF5F, 0xDF5F, 0xD75F, 0xD71E,
  0xCF1F, 0xCEDE, 0xC6DE, 0xC6DE, 0xC6DE, 0xCEDE, 0xCEFF, 0xCEFE, 0xCF1F, 0xCEFE, 0xD73F, 0xD73F,
  0x7454, 0x7412, 0x6C12, 0x73F1, 0x6C11, 0x6BF0, 0x6BB0, 0x6B8F, 0x5B2E, 0x52EC, 0x6BAF, 0x6B6E,
  0x636E, 0x5AEC, 0x52CB, 0x4249, 0x3A28, 0x4A69, 0x52AA, 0x5ACB, 0x52CB, 0x5289, 0x3A08, 0x4208,
  0x52CA, 0x5289, 0x73AD, 0x630B, 0x4227, 0x736B, 0x7BEE, 0x738C, 0x5ACA, 0x5AC9, 0x634B, 0x738C,
  0x6BAD, 0x630A, 0x6B6C, 0x7BEE, 0x7C0F, 0x738C, 0x52A9, 0x3164, 0x4227, 0x5288, 0x52C9, 0x6B2A,
  0x5AEA, 0x5AE9, 0x52C9, 0x738C, 0x634C, 0x52A9, 0x4A68, 0x5AC9, 0x6BAD, 0x4247, 0x4248, 0x4A68,
  0x5AEA, 0x5288, 0x4227, 0x4227, 0x4248, 0x4A48, 0x4227, 0x4A88, 0x4A68, 0x4A27, 0x52A9, 0x5AC9,
  0x4A89, 0x4A47, 0x6B6C, 0x6B6B, 0x6B6C, 0x4A68, 0x4A69, 0x41E6, 0x6B4D, 0x636E, 0x630C, 0x636E,
  0x632D, 0x6B8E, 0x8410, 0x8431, 0x7BF0, 0x5B2D, 0x73AF, 0x73D0, 0x73AF, 0x73F0, 0x6B8F, 0x636F,
  0x73D1, 0x6BB0, 0x6390, 0x6BD1, 0x73F1, 0x6C12, 0x6BF2, 0x7453, 0x7C54, 0x7454, 0x9D78, 0xD75F,
  0xDF7F, 0xD75F, 0xDF3F, 0xD75F, 0xDF5F, 0xDF5F, 0xDF5F, 0xD75F, 0xDF3F, 0xCF1F, 0xCEDE, 0xCEFE,
  0xCEDE, 0xCEFE, 0xCEFE, 0xCF1F, 0xD6FE, 0xCEFF, 0xD71E, 0xDF9F, 0xA556, 0x7412, 0x73F0, 0x7411,
  0x6BCF, 0x63B0, 0x52CC, 0x636F, 0x6B8E, 0x5B4D, 0x73CF, 0x6BCF, 0x632C, 0x52CB, 0x5269, 0x4A69,
  0x4228, 0x4249, 0x5268, 0x4A69, 0x5268, 0x4248, 0x39A6, 0x4A69, 0x8C4F, 0x842F, 0x842E, 0x73AD,
  0x5267, 0x5AE9, 0x62E9, 0x5AC9, 0x5AC9, 0x6B6C, 0x7BCC, 0x7C0E, 0x6B4B, 0x5AEA, 0x6B2A, 0x73AD,
  0x736B, 0x6B6B, 0x4A48, 0x2965, 0x4A26, 0x5AE9, 0x5AC8, 0x5AE8, 0x5AC8, 0x632A, 0x6309, 0x6B8C,
  0x6B4B, 0x4247, 0x5288, 0x4247, 0x630A, 0x4A67, 0x4A46, 0x52C9, 0x52A8, 0x52C9, 0x39E5, 0x4A88,
  0x4A47, 0x52C9, 0x5287, 0x4A67, 0x6309, 0x5B0A, 0x5AC9, 0x4A68, 0x5267, 0x4227, 0x630A, 0x6B8C,
  0x5AE9, 0x632A, 0x5AC9, 0x4A68, 0x52CC, 0x4A6A, 0x52CC, 0x5AEC, 0x5B0D, 0x6B8E, 0x6B8E, 0x6B4D,
  0x5B2D, 0x5B0D, 0x6B8F, 0x738F, 0x7C31, 0x7BF0, 0x6390, 0x636F, 0x5B70, 0x5B4F, 0x6391, 0x6391,
  0x63F2, 0x6BF2, 0x63F2, 0x6BF2, 0x7454, 0x7433, 0x7434, 0x84B5, 0xC6BE, 0xDF5F, 0xD73F, 0xD73F,
  0xD73F, 0xDF3F, 0xD75F, 0xDF5F, 0xD75F, 0xD71F, 0xCF1F, 0xCEFE, 0xC6FF, 0xCEDE, 0xC6FF, 0xCEFE,
  0xCEFF, 0xCEFE, 0xCF1F, 0xE7BF, 0xB63B, 0x7C12, 0x7432, 0x7411, 0x63D0, 0x52ED, 0x428B, 0x73D0,
  0x73F0, 0x5B2D, 0x6BAF, 0x8431, 0x6BAF, 0x5ACB, 0x5AEC, 0x5ACB, 0x4229, 0x4A28, 0x3A08, 0x41E7,
  0x4249, 0x41E7, 0x2986, 0x4A48, 0x634C, 0x630A, 0x6B6C, 0x8C4F, 0x6B6C, 0x5268, 0x630A, 0x6B2B,
  0x630B, 0x7BAD, 0x634B, 0x630A, 0x5B0B, 0x52A9, 0x6B6C, 0x736C, 0x5AEA, 0x630A, 0x39E7, 0x2944,
  0x52A9, 0x52A8, 0x4A87, 0x5267, 0x52C9, 0x630A, 0x5B0A, 0x62EA, 0x4A68, 0x39E6, 0x4247, 0x4A47,
  0x5AEA, 0x39A5, 0x4227, 0x5AC9, 0x5AEA, 0x632A, 0x39E6, 0x52A9, 0x52CA, 0x52A9, 0x5B0A, 0x630A,
  0x4AA8, 0x6B4B, 0x52EA, 0x4A67, 0x52A9, 0x4206, 0x4A68, 0x5288, 0x10C1, 0x5288, 0x4248, 0x39C5,
  0x8450, 0x5B0C, 0x52AA, 0x52EB, 0x52AA, 0x5AEC, 0x6B4D, 0x636E, 0x630C, 0x6B8E, 0x738F, 0x632D,
  0x6B4E, 0x7BF0, 0x73F0, 0x636E, 0x6BAF, 0x63B0, 0x6B8F, 0x6BB0, 0x6BB0, 0x6BD1, 0x6BD1, 0x6BF2,
  0x6BD1, 0x6C12, 0x7C74, 0x7454, 0x8CB5, 0xD73F, 0xDF3F, 0xD75F, 0xDF3F, 0xD75F, 0xD73F, 0xD73F,
  0xD71E, 0xD73F, 0xDF3F, 0xCF1F, 0xCEFE, 0xCF1F, 0xCEFE, 0xCEFE, 0xD6FE, 0xCF1F, 0xDF5F, 0xB61A,
  0x7C32, 0x7412, 0x8472, 0x7C32, 0x7C11, 0x5B6F, 0x5B2D, 0x5B6E, 0x6B8E, 0x636E, 0x73AE, 0x8431,
  0x738D, 0x73AE, 0x738D, 0x5B0B, 0x4A48, 0x4248, 0x4207, 0x3A07, 0x5268, 0x52AA, 0x41E6, 0x39E7,
  0x4A47, 0x7BEE, 0x736C, 0x73AC, 0x7BCD, 0x738C, 0x7BAC, 0x73CD, 0x6B2A, 0x73AC, 0x5288, 0x5288,
  0x52A8, 0x4A68, 0x6B4B, 0x7C0E, 0x630A, 0x630A, 0x41E6, 0x2123, 0x62E9, 0x5AE9, 0x5AA7, 0x5287,
  0x5287, 0x634A, 0x4A47, 0x52A9, 0x5288, 0x4A68, 0x5AC9, 0x4A88, 0x5267, 0x31C5, 0x39E5, 0x52A8,
  0x6B4B, 0x632B, 0x4206, 0x52C9, 0x4A68, 0x52C9, 0x7BCD, 0x6BAC, 0x5AC8, 0x5AE9, 0x5AC9, 0x39E5,
  0x4A26, 0x4227, 0x39C5, 0x3A06, 0x18C1, 0x4A68, 0x41E6, 0x3A07, 0x7C30, 0x7C10, 0x52CB, 0x5B0C,
  0x52EC, 0x5ACB, 0x52CC, 0x632D, 0x636E, 0x73AF, 0x5B0D, 0x5AEC, 0x52ED, 0x738F, 0x7411, 0x6B8F,
  0x532E, 0x6B8F, 0x6BD1, 0x6B8F, 0x63D1, 0x6BB1, 0x6BD2, 0x73F2, 0x6C33, 0x7413, 0x7474, 0x7C74,
  0x6C13, 0xADDA, 0xD77F, 0xD6FE, 0xD73F, 0xD71F, 0xCF1F, 0xD6FE, 0xCF1F, 0xD6FE, 0xCF1F, 0xD6FF,
  0xCF1F, 0xCEFE, 0xCEFF, 0xCEFE, 0xCEFF, 0xD71F, 0xCEFE, 0x7413, 0x63D1, 0x6BD1, 0x7C52, 0x8452,
  0x7411, 0x6BD0, 0x638F, 0x5B4D, 0x638F, 0x5B0D, 0x6B8E, 0x6B6D, 0x73AE, 0x6B4D, 0x632C, 0x5AEB,
  0x4A8A, 0x4A69, 0x3A08, 0x39C7, 0x52AA, 0x6B2C, 0x4A69, 0x39A6, 0x39E6, 0x5AC9, 0x5AEA, 0x6B2B,
  0x73AD, 0x738C, 0x634B, 0x736C, 0x5B0A, 0x6B6B, 0x73AD, 0x738C, 0x73CE, 0x4226, 0x6B6C, 0x6B4B,
  0x632B, 0x5AA9, 0x31A5, 0x2923, 0x4247, 0x5AA8, 0x52C8, 0x5AA8, 0x52C9, 0x5AC9, 0x3A06, 0x5AA9,
  0x52CA, 0x4A27, 0x52A9, 0x5AC9, 0x52CA, 0x41E6, 0x4227, 0x4A47, 0x52CA, 0x4A47, 0x4227, 0x4A48,
  0x3A07, 0x5AEA, 0x5AEA, 0x4A68, 0x634B, 0x52A8, 0x4247, 0x4206, 0x4247, 0x5267, 0x4227, 0x39C5,
  0x2985, 0x4227, 0x39E7, 0x39A5, 0x6B4C, 0x7C10, 0x630B, 0x4AAA, 0x5ACB, 0x52CB, 0x5ACB, 0x52CB,
  0x630C, 0x6B8E, 0x632D, 0x5B0C, 0x52CB, 0x530C, 0x634D, 0x5B4E, 0x634E, 0x5B4E, 0x636E, 0x5B6F,
  0x6BAF, 0x6BD0, 0x6BB0, 0x6BD1, 0x6BD1, 0x6C12, 0x6C12, 0x6C33, 0x6BF2, 0x8D17, 0xDF5F, 0xCF1F,
  0xD71E, 0xD73F, 0xD71E, 0xCF1E, 0xD6FE, 0xCF1E, 0xD6FE, 0xCF1E, 0xCEFE, 0xCF1F, 0xCEFE, 0xCF1F,
  0xD6FE, 0xD73F, 0xCEBC, 0x7412, 0x6BD0, 0x7C73, 0x8451, 0x7C52, 0x7C11, 0x7411, 0x6B8E, 0x6BAF,
  0x634D, 0x4ACB, 0x6B6D, 0x6B8E, 0x7BAE, 0x6B8D, 0x738D, 0x52CA, 0x5AA9, 0x52A9, 0x4A48, 0x31A6,
  0x4A68, 0x6B6C, 0x6B4B, 0x4A48, 0x3185, 0x4248, 0x630A, 0x73AD, 0x738C, 0x73AC, 0x736B, 0x5AE9,
  0x5AE9, 0x738C, 0x840D, 0x840D, 0x840E, 0x52A9, 0x5AA8, 0x6B4B, 0x7BAC, 0x52C9, 0x39C6, 0x2965,
  0x5267, 0x4247, 0x4205, 0x4206, 0x4A26, 0x4226, 0x4A26, 0x52A8, 0x5AA9, 0x4A47, 0x5AE9, 0x52E9,
  0x4206, 0x4A68, 0x62E9, 0x39E5, 0x4A47, 0x4A88, 0x4A27, 0x31C5, 0x4206, 0x4247, 0x39A4, 0x3A06,
  0x62E9, 0x5B0A, 0x4206, 0x4227, 0x5AC8, 0x52C8, 0x4A47, 0x3A06, 0x39C5, 0x4A88, 0x4A27, 0x39E6,
  0x73AF, 0x632C, 0x634D, 0x5ACB, 0x52AB, 0x5ACB, 0x73F0, 0x7C10, 0x6B8E, 0x630C, 0x5AED, 0x5AEC,
  0x5B4E, 0x5B2D, 0x5B4E, 0x636E, 0x5B6F, 0x5B0D, 0x530E, 0x634F, 0x6390, 0x6B8F, 0x63B0, 0x6BB0,
  0x63D1, 0x6BB1, 0x63D2, 0x63B1, 0x63D2, 0x6BF2, 0xC6DE, 0xDF5F, 0xCF1F, 0xD71F, 0xCF3F, 0xD71E,
  0xCF1F, 0xCEFE, 0xCEFF, 0xCEFE, 0xCEFF, 0xCEFE, 0xCF1F, 0xCEFF, 0xCF1F, 0xDF5F, 0xB61B, 0x6BF2,
  0x63D1, 0x7C53, 0x8CB4, 0x8493, 0x8473, 0x73F0, 0x5B6E, 0x6BAF, 0x5B2D, 0x4A8B, 0x5B0C, 0x6B4D,
  0x636D, 0x8430, 0x73EF, 0x630B, 0x5B0C, 0x630B, 0x52CA, 0x5269, 0x4A68, 0x6B4C, 0x632B, 0x5AA9,
  0x31C7, 0x4207, 0x4248, 0x5268, 0x52C9, 0x738C, 0x5AC9, 0x6B2B, 0x6B8C, 0x6B4A, 0x738C, 0x7BAC,
  0x630A, 0x62EA, 0x52A9, 0x630A, 0x52CA, 0x5268, 0x39E7, 0x2944, 0x5AE9, 0x6B2A, 0x52C9, 0x3163,
  0x31A5, 0x736B, 0x52A8, 0x39E5, 0x52A9, 0x5AC9, 0x52C9, 0x31C5, 0x2164, 0x2963, 0x4227, 0x5AC9,
  0x4A89, 0x4A48, 0x39E7, 0x4A47, 0x4227, 0x4226, 0x4A88, 0x5268, 0x4247, 0x4A26, 0x52C9, 0x4206,
  0x4A68, 0x62E9, 0x52C9, 0x39E6, 0x4248, 0x4A27, 0x39E7, 0x39A5, 0x5ACA, 0x52CA, 0x738D, 0x8430,
  0x7BCE, 0x4A89, 0x5AEB, 0x73CF, 0x738E, 0x52EC, 0x52AB, 0x52EC, 0x5B0C, 0x530C, 0x5AEC, 0x5B2D,
  0x5AEC, 0x52ED, 0x5B0D, 0x5B2E, 0x5B2D, 0x5B6E, 0x636F, 0x5B6F, 0x5B4F, 0x63B0, 0x63B0, 0x63D1,
  0x6BF2, 0x63D2, 0x8CF6, 0xDF7F, 0xD71E, 0xD71E, 0xD71E, 0xD73F, 0xD71E, 0xCF1F, 0xD6FE, 0xCF1E,
  0xD6FE, 0xCF1E, 0xD6FE, 0xCF1F, 0xD71E, 0xDF9F, 0xA598, 0x6C12, 0x63B0, 0x7432, 0x8C92, 0x8492,
  0x94B3, 0x7C31, 0x634D, 0x636E, 0x8C51, 0x5AEC, 0x6B6D, 0x5B2C, 0x738D, 0x7C0F, 0x7BEE, 0x6B6C,
  0x5289, 0x5AEB, 0x5268, 0x52C9, 0x5AC9, 0x6B8D, 0x5AC9, 0x4227, 0x3185, 0x39C6, 0x41E6, 0x4A68,
  0x5267, 0x4A67, 0x630A, 0x632A, 0x8C2E, 0x738C, 0x6B0A, 0x632A, 0x630A, 0x5B0A, 0x4A67, 0x632A,
  0x630A, 0x5AC9, 0x39C6, 0x2124, 0x4A46, 0x5AC9, 0x6B6B, 0x4A88, 0x39A4, 0x52C9, 0x630A, 0x5B0A,
  0x5AC9, 0x4A88, 0x4206, 0x3A06, 0x31A4, 0x2963, 0x41E5, 0x52C9, 0x4A47, 0x4A68, 0x4226, 0x4247,
  0x39C5, 0x4A88, 0x6309, 0x632A, 0x5AC9, 0x4226, 0x4A47, 0x52A8, 0x6309, 0x4A67, 0x4A47, 0x3A06,
  0x5268, 0x4227, 0x3184, 0x31A5, 0x73CE, 0x634C, 0x73EF, 0x73AD, 0x8471, 0x6B4D, 0x4249, 0x630C,
  0x4AAB, 0x4A6A, 0x4AAB, 0x426A, 0x4AAB, 0x52CB, 0x5B2D, 0x5AEC, 0x530D, 0x5B0D, 0x530E, 0x5B0D,
  0x532E, 0x5B0D, 0x5B4F, 0x5B2F, 0x5B70, 0x63B0, 0x5BB1, 0x6390, 0x63F2, 0x6C12, 0x63D2, 0xBE5C,
  0xDF7F, 0xD6FE, 0xCF1F, 0xD71F, 0xCF1F, 0xD71F, 0xCF1F, 0xD6FE, 0xCF1F, 0xD6FE, 0xCEFF, 0xCEFE,
  0xCF1F, 0xDF5F, 0xC6DD, 0x6BD1, 0x63D1, 0x6BD1, 0x8493, 0x8C93, 0x8472, 0x7C11, 0x6BAF, 0x52CC,
  0x73F0, 0x6B4D, 0x6B8E, 0x630C, 0x6B6D, 0x8C50, 0x8430, 0x630B, 0x52CA, 0x4A48, 0x5B0B, 0x4A48,
  0x4228, 0x736C, 0x6B8D, 0x4207, 0x31A6, 0x39E7, 0x4A88, 0x736C, 0x6B6B, 0x4A26, 0x7BEE, 0x736C,
  0x842F, 0x840E, 0x634B, 0x4206, 0x52A9, 0x5AA9, 0x5AE9, 0x5AA8, 0x5B0A, 0x62EA, 0x39E7, 0x3185,
  0x4247, 0x4226, 0x5AEA, 0x630A, 0x39E6, 0x39A5, 0x632B, 0x5AEA, 0x4247, 0x39E6, 0x4227, 0x5AC9,
  0x5B0A, 0x4A47, 0x3A06, 0x4A27, 0x2985, 0x4206, 0x52EA, 0x4A27, 0x4227, 0x52A9, 0x52C9, 0x6B4B,
  0x52A9, 0x4227, 0x3A06, 0x39E6, 0x4227, 0x4206, 0x4A88, 0x39E6, 0x4227, 0x5289, 0x4227, 0x39C5,
  0x73AC, 0x7C2E, 0x7BCD, 0x52EA, 0x630B, 0x7C0F, 0x4A49, 0x4269, 0x4A6A, 0x52AB, 0x52AB, 0x52CB,
  0x5ACB, 0x52EC, 0x5B2C, 0x530C, 0x632D, 0x6B6E, 0x6B4D, 0x5B2D, 0x5B0C, 0x5B2D, 0x5B0D, 0x5B4E,
  0x634E, 0x5B6F, 0x6390, 0x5B90, 0x63D1, 0x6C12, 0x63B0, 0x8D37, 0xE77F, 0xCF1E, 0xD71E, 0xCF1F,
  0xD71E, 0xCF1F, 0xD6FE, 0xCF1E, 0xD6FE, 0xCF1F, 0xD6FE, 0xCF1F, 0xD71E, 0xD73F, 0xE79F, 0xA5B9,
  0x5B6F, 0x63B0, 0x7C51, 0x7C71, 0x8471, 0x8472, 0x73F0, 0x4AEC, 0x6B6E, 0x634D, 0x5AEB, 0x634D,
  0x6B6C, 0x7C0E, 0x9490, 0x632A, 0x52A8, 0x4A88, 0x6B6C, 0x39E6, 0x4A47, 0x7BCE, 0x6B4B, 0x39C6,
  0x39C5, 0x31C5, 0x5AA9, 0x73AD, 0x6B4B, 0x5AEA, 0x630A, 0x7C0E, 0x83ED, 0x7BEE, 0x83ED, 0x52A9,
  0x4A26, 0x5AC9, 0x734B, 0x5AC9, 0x5288, 0x4A88, 0x2964, 0x5B0A, 0x630A, 0x4A88, 0x4A47, 0x52A9,
  0x5288, 0x4227, 0x52A8, 0x52A8, 0x5288, 0x4247, 0x39C5, 0x2984, 0x4225, 0x634A, 0x62E9, 0x4A88,
  0x4206, 0x31C5, 0x5267, 0x3A06, 0x4206, 0x5AEA, 0x5AC9, 0x5AE9, 0x62EA, 0x4227, 0x4206, 0x31C5,
  0x4226, 0x4A88, 0x39C5, 0x39E6, 0x4A47, 0x4248, 0x4226, 0x4247, 0x8490, 0x5B0A, 0x73EE, 0x94B1,
  0x73EF, 0x738D, 0x52CB, 0x39E8, 0x3A09, 0x4229, 0x52CC, 0x630C, 0x52EC, 0x630C, 0x5B2D, 0x52AB,
  0x5B0D, 0x5AEC, 0x636E, 0x632D, 0x5B4E, 0x5B2D, 0x5B6F, 0x634E, 0x5B6F, 0x638F, 0x63B1, 0x6370,
  0x5BB1, 0x6BD1, 0x63D2, 0x63B1, 0xBE5C, 0xDF3F, 0xCEFF, 0xCEFE, 0xCF1F, 0xCEFE, 0xCF1F, 0xD71E,
  0xCF1F, 0xD6FF, 0xCF1F, 0xD6FF, 0xCF1F, 0xD71F, 0xD73F, 0xE77F, 0x7C94, 0x5B6F, 0x6C10, 0x73F0,
  0x7C31, 0x73F0, 0x5B6E, 0x426A, 0x634E, 0x632D, 0x52AB, 0x632C, 0x73AD, 0x738D, 0x842F, 0x7BAD,
  0x634C, 0x5AEA, 0x632B, 0x2964, 0x5289, 0x7BCE, 0x6B6C, 0x3164, 0x31C6, 0x39E6, 0x4A48, 0x4206,
  0x4A68, 0x630A, 0x4247, 0x5AC9, 0x634B, 0x7BEE, 0x8C70, 0x736C, 0x4227, 0x4A47, 0x630A, 0x5288,
  0x4A68, 0x4A27, 0x5AEA, 0x6B4C, 0x52C9, 0x52A9, 0x4A48, 0x4A27, 0x5B0A, 0x5268, 0x4227, 0x4A67,
  0x52CA, 0x4A48, 0x4268, 0x39E6, 0x4AA8, 0x6B4B, 0x7C0E, 0x5AC9, 0x4A68, 0x4227, 0x4248, 0x39C5,
  0x3A06, 0x5AC9, 0x4A88, 0x4226, 0x4A68, 0x41E6, 0x3A07, 0x39C5, 0x4A68, 0x4227, 0x31C6, 0x4207,
  0x4A68, 0x31A5, 0x4248, 0x4A48, 0x6B4B, 0x73CD, 0x7C0E, 0x844F, 0x842E, 0x6B8C, 0x5289, 0x39E7,
  0x39E8, 0x3A29, 0x5289, 0x52CB, 0x5AAA, 0x5B0C, 0x6B4C, 0x5B0C, 0x6B6D, 0x634D, 0x632D, 0x5AEC,
  0x634D, 0x638E, 0x636E, 0x638F, 0x634E, 0x73F0, 0x6B8F, 0x5B6F, 0x5B6F, 0x63D1, 0x6BF1, 0x5B90,
  0xADB9, 0xDF7F, 0xCEFD, 0xCF1E, 0xCEFE, 0xCF1E, 0xD6FE, 0xCF1F, 0xD71E, 0xD71F, 0xD71E, 0xCF1F,
  0xD71E, 0xCF1F, 0xD71E, 0xDF7F, 0xC67B, 0x63B0, 0x6BCF, 0x63EF, 0x73CF, 0x7410, 0x5B4D, 0x4ACB,
  0x52AB, 0x636E, 0x5AEB, 0x5AEB, 0x7BED, 0x6BAD, 0x738C, 0x73AC, 0x738C, 0x6B8C, 0x5ACA, 0x2985,
  0x5268, 0x73AD, 0x738C, 0x4A68, 0x5AC9, 0x4A68, 0x39A5, 0x31A5, 0x62E9, 0x73AD, 0x6B4B, 0x630A,
  0x6B4B, 0x73CD, 0x7BCC, 0x73AC, 0x7BCC, 0x6B6B, 0x5AA8, 0x5AEA, 0x5AC9, 0x39E6, 0x6B4B, 0x6B6C,
  0x4A26, 0x3A06, 0x4A47, 0x5AE9, 0x630A, 0x4247, 0x4A47, 0x4247, 0x632A, 0x634B, 0x5288, 0x4247,
  0x5287, 0x6B8C, 0x6B4B, 0x4A88, 0x5AE9, 0x5B0A, 0x39C4, 0x4247, 0x6309, 0x6B8C, 0x632A, 0x4A68,
  0x39A5, 0x3A06, 0x39E6, 0x39E6, 0x4227, 0x3A06, 0x39A5, 0x39C6, 0x31A5, 0x39C6, 0x2944, 0x2965,
  0x632B, 0x5AC9, 0x8C90, 0x94B0, 0x73AD, 0x73AD, 0x52CB, 0x39A6, 0x3A29, 0x4A6A, 0x5B0C, 0x630C,
  0x6B8E, 0x6B4D, 0x5B0C, 0x5AEB, 0x5B0D, 0x5AEC, 0x632E, 0x632D, 0x5B2D, 0x5B0D, 0x636E, 0x5B0D,
  0x532E, 0x638F, 0x6390, 0x5B4E, 0x5B90, 0x6390, 0x63F2, 0x63B0, 0xB63B, 0xD73F, 0xCF1E, 0xCEFE,
  0xC6FE, 0xCEDE, 0xCEFF, 0xCEDE, 0xCEFF, 0xCEFE, 0xCEFF, 0xCEFE, 0xCEFF, 0xD6FF, 0xCF1F, 0xD71F,
  0xDF9F, 0x8CF5, 0x534D, 0x63AF, 0x6BAF, 0x73AF, 0x532D, 0x530C, 0x3A4A, 0x52AB, 0x5B0C, 0x4A49,
  0x73AD, 0x73AD, 0x5AEA, 0x5AC9, 0x5B0B, 0x6B4B, 0x5ACB, 0x3165, 0x4248, 0x738D, 0x73AD, 0x6B6C,
  0x73AD, 0x632B, 0x31A5, 0x41E6, 0x4A89, 0x630A, 0x5AEA, 0x5AC9, 0x5AEA, 0x5AA9, 0x5AEA, 0x73AC,
  0x73CD, 0x6B4B, 0x7BCD, 0x630A, 0x2144, 0x5289, 0x6B8D, 0x5ACA, 0x4247, 0x4A68, 0x4A47, 0x5AC9,
  0x52CA, 0x630A, 0x4248, 0x4A68, 0x4AA9, 0x5AEA, 0x52C9, 0x5289, 0x4247, 0x4A47, 0x5B0B, 0x73AD,
  0x73AD, 0x5AC9, 0x634B, 0x52A8, 0x52C9, 0x842E, 0x634B, 0x3184, 0x3A07, 0x4A47, 0x2965, 0x2944,
  0x31C6, 0x4206, 0x31A6, 0x2944, 0x2964, 0x3185, 0x2144, 0x18C2, 0x5289, 0x52AA, 0x6B6C, 0x73CD,
  0x6B4B, 0x73AD, 0x840F, 0x4A89, 0x4227, 0x4248, 0x52CA, 0x5B0B, 0x7BCE, 0x73AE, 0x52AA, 0x52AB,
  0x5AEB, 0x52CB, 0x5AEB, 0x4ACB, 0x426A, 0x426A, 0x4AAB, 0x52EC, 0x52EC, 0x532D, 0x6BAF, 0x5B4E,
  0x5B6F, 0x5B6F, 0x63B0, 0x5B90, 0xB63B, 0xD75F, 0xCEFD, 0xC6FE, 0xC6DE, 0xC6FE, 0xC6DD, 0xC6FE,
  0xC6DD, 0xC6FE, 0xC6DE, 0xC6FE, 0xCEFE, 0xCF1F, 0xD71E, 0xCF3F, 0xDF5F, 0xD73F, 0x6BEF, 0x534D,
  0x5B4D, 0x63CF, 0x638E, 0x42CB, 0x3208, 0x4ACB, 0x62EB, 0x52CB, 0x62EB, 0x73CE, 0x4207, 0x4A48,
  0x5AC9, 0x6B6C, 0x62EB, 0x39C6, 0x4A27, 0x73AE, 0x7BCD, 0x73AD, 0x738C, 0x73AD, 0x4A26, 0x31C5,
  0x39C5, 0x31C5, 0x5267, 0x5AE9, 0x6309, 0x7BCD, 0x840E, 0x6B8C, 0x6B2A, 0x6B8C, 0x736C, 0x4A68,
  0x52A8, 0x73CD, 0x736B, 0x4A88, 0x5AA8, 0x5AE9, 0x4206, 0x39E6, 0x5268, 0x630A, 0x52A8, 0x52A9,
  0x52A8, 0x5AEA, 0x5AC9, 0x52A9, 0x5AA8, 0x5AE9, 0x7BCD, 0x52C9, 0x4226, 0x4A88, 0x632A, 0x5AEA,
  0x7BCC, 0x73AC, 0x5AC9, 0x52A8, 0x62E9, 0x4A88, 0x3184, 0x31A5, 0x4A47, 0x4227, 0x39A5, 0x2944,
  0x2924, 0x2124, 0x2944, 0x2144, 0x4249, 0x4A28, 0x52C9, 0x5AEA, 0x52CA, 0x6B6C, 0x634C, 0x8C91,
  0x94D3, 0x73AE, 0x4A8A, 0x52CA, 0x5AEB, 0x5ACA, 0x4AAB, 0x52AA, 0x52CC, 0x630C, 0x4ACC, 0x4A8B,
  0x428B, 0x4AAB, 0x52ED, 0x634E, 0x5B4E, 0x636F, 0x532E, 0x530D, 0x534F, 0x532E, 0x5370, 0x5B4F,
  0xAE3B, 0xD73F, 0xC6DE, 0xC6DD, 0xBEDE, 0xC6BD, 0xBEDE, 0xC6BD, 0xBEBE, 0xC6BD, 0xBEDE, 0xC6DE,
  0xC6FE, 0xCEDE, 0xC6FF, 0xCEFF, 0xCF1F, 0xDF5F, 0x9D97, 0x4AEC, 0x536E, 0x532D, 0x4AEC, 0x3A6A,
  0x3209, 0x428A, 0x634D, 0x5ACB, 0x4A89, 0x632C, 0x4A69, 0x41E7, 0x52CA, 0x6B4C, 0x630C, 0x4A69,
  0x3A07, 0x736D, 0x73AD, 0x6B2B, 0x52C9, 0x6B2B, 0x52A9, 0x5288, 0x31A5, 0x3185, 0x4247, 0x6B2B,
  0x73CD, 0x7BAD, 0x842F, 0x738C, 0x632B, 0x738C, 0x5AEA, 0x5289, 0x73CE, 0x738C, 0x52A9, 0x4A27,
  0x4A68, 0x52A9, 0x4248, 0x39E6, 0x52A9, 0x5289, 0x5AEA, 0x4A68, 0x5B0B, 0x632B, 0x5AEA, 0x4A68,
  0x52A9, 0x630A, 0x5AEA, 0x39C5, 0x52A9, 0x632B, 0x52C9, 0x630A, 0x4A88, 0x736C, 0x5AEA, 0x52A8,
  0x52A9, 0x4A47, 0x4227, 0x39E6, 0x4227, 0x39A5, 0x2144, 0x2103, 0x2965, 0x31A6, 0x2985, 0x2965,
  0x5268, 0x52CA, 0x4A47, 0x52A9, 0x630A, 0x6B8C, 0x6B6B, 0x844F, 0xAD52, 0x8C8F, 0x73AD, 0x52AA,
  0x4228, 0x4269, 0x5AEB, 0x632C, 0x6B4C, 0x7BEF, 0x6B4D, 0x634D, 0x630C, 0x634D, 0x6B8E, 0x530C,
  0x5B0C, 0x5B4D, 0x5B0C, 0x5B6E, 0x636E, 0x638F, 0x5B4F, 0x5B70, 0xBE9C, 0xCF1F, 0xC6DD, 0xC6FE,
  0xC6DD, 0xC6FE, 0xC6DD, 0xC6FE, 0xCEFE, 0xC6FE, 0xC6DD, 0xC6DE, 0xC6DD, 0xC6FE, 0xCEFE, 0xC71E,
  0xCF1E, 0xBE9C, 0xBE9A, 0x63EF, 0x532C, 0x430C, 0x428A, 0x42AB, 0x4269, 0x29E8, 0x5B0C, 0x634D,
  0x630B, 0x6B8D, 0x62EA, 0x5AEA, 0x62E9, 0x632B, 0x736B, 0x634B, 0x4A27, 0x630B, 0x6B2B, 0x630B,
  0x630A, 0x632B, 0x736B, 0x840E, 0x4A47, 0x4247, 0x736B, 0x842F, 0x736B, 0x840E, 0x8C4E, 0x73AC,
  0x6B2A, 0x630A, 0x4226, 0x632B, 0x7BCD, 0x6B6C, 0x630A, 0x5B0A, 0x5AA8, 0x52A9, 0x4A27, 0x4227,
  0x5AC9, 0x6B6C, 0x62EA, 0x5289, 0x5AA9, 0x5289, 0x4A27, 0x4227, 0x4226, 0x5AE9, 0x4A67, 0x3A06,
  0x6B4B, 0x52EA, 0x5AC9, 0x4A88, 0x39E5, 0x5AE9, 0x62E9, 0x3A06, 0x39C5, 0x4A88, 0x4226, 0x4247,
  0x4A27, 0x39E6, 0x39C5, 0x39C6, 0x39E6, 0x31C6, 0x31A4, 0x3A06, 0x632B, 0x6B4B, 0x632B, 0x5ACA,
  0x632B, 0x6B6C, 0x5B0A, 0x7BCD, 0x9D32, 0x842E, 0x8471, 0x630B, 0x3A28, 0x528A, 0x5B0C, 0x6B4D,
  0x634D, 0x73AE, 0x6BAF, 0x630C, 0x5B2D, 0x6B8E, 0x5B4E, 0x52CC, 0x636E, 0x636E, 0x532E, 0x5B2E,
  0x5B6F, 0x636E, 0x534F, 0x6BF1, 0xC6FE, 0xC6DE, 0xBEDE, 0xC6DD, 0xBEDE, 0xC6DE, 0xC6FE, 0xCEFE,
  0xC71F, 0xD73F, 0xC71F, 0xCEFE, 0xC6FF, 0xC6DE, 0xC6DE, 0xC6DE, 0xCF1F, 0xBE5C, 0x9576, 0x7C92,
  0x42EB, 0x42CB, 0x42CC, 0x42AB, 0x3A6A, 0x3208, 0x4A8A, 0x6B6E, 0x5B0C, 0x73AE, 0x842F, 0x738D,
  0x5ACA, 0x6B4B, 0x73AD, 0x736C, 0x4228, 0x630B, 0x6B4C, 0x6B4C, 0x73CE, 0x6B2B, 0x6B6C, 0x7BCD,
  0x634C, 0x4A68, 0x632B, 0x83EE, 0x7C0E, 0x94B1, 0x7BED, 0x6B2A, 0x6B6C, 0x6B2B, 0x52C9, 0x7BCE,
  0x6B8C, 0x736C, 0x634B, 0x62EA, 0x5B0A, 0x4A47, 0x3A07, 0x5288, 0x52A9, 0x52A9, 0x52A9, 0x5289,
  0x52CA, 0x5289, 0x4A68, 0x39C5, 0x3A07, 0x5AC9, 0x4248, 0x39E6, 0x4268, 0x4A68, 0x4A88, 0x39E6,
  0x4247, 0x41E6, 0x634B, 0x52A8, 0x31C6, 0x4206, 0x3A27, 0x4207, 0x4A68, 0x5268, 0x4248, 0x4207,
  0x31A5, 0x31A5, 0x3A07, 0x4206, 0x8C2E, 0x73AC, 0x6B4B, 0x5AEA, 0x5AE9, 0x5B0A, 0x5AC9, 0x6B8C,
  0x8C6F, 0x8470, 0x738D, 0x6B6C, 0x5289, 0x5B0B, 0x6B6C, 0x636C, 0x73AD, 0x73CE, 0x6B4D, 0x632C,
  0x632C, 0x634D, 0x6B6D, 0x6B8E, 0x632C, 0x636E, 0x5B0C, 0x5B2D, 0x634D, 0x636E, 0x5B4E, 0x63B0,
  0xBEBD, 0xBEDE, 0xC6BD, 0xBEDE, 0xC6BD, 0xBEDD, 0xC6DD, 0xC6FE, 0xCEFE, 0xC71F, 0xCF1E, 0xCF1F,
  0xCEFE, 0xC6FE, 0xC6DE, 0xC6DE, 0xC6DE, 0xBEDE, 0xA5B8, 0x9577, 0x5B6C, 0x430B, 0x42CA, 0x3A8A,
  0x3A28, 0x3A8A, 0x29A6, 0x428A, 0x62EB, 0x73CF, 0x9CD1, 0x7BEE, 0x5288, 0x6B6C, 0x840E, 0x842E,
  0x5268, 0x630B, 0x6B0B, 0x6B8C, 0x83EE, 0x5AEA, 0x6B0A, 0x632A, 0x73AC, 0x52A9, 0x736C, 0x6B6C,
  0x842E, 0x7C0E, 0x630A, 0x6B6B, 0x736B, 0x632A, 0x738C, 0x7BCD, 0x6B4B, 0x73CD, 0x6B4B, 0x5B0A,
  0x5AC9, 0x4A88, 0x5268, 0x5B0A, 0x6B2B, 0x52A9, 0x5AAA, 0x4A69, 0x52A8, 0x4A68, 0x52A8, 0x3A06,
  0x39C5, 0x52C9, 0x5AA8, 0x3A06, 0x4A47, 0x4A68, 0x5AC9, 0x5289, 0x4A47, 0x4247, 0x4206, 0x4227,
  0x4206, 0x4227, 0x4206, 0x39E6, 0x4206, 0x4A68, 0x5288, 0x31C5, 0x39C5, 0x4247, 0x4226, 0x2984,
  0x73CD, 0x8C6F, 0x73AD, 0x5ACA, 0x52C9, 0x5AEA, 0x52EA, 0x630A, 0x5B2B, 0x634B, 0x6B6D, 0x630B,
  0x5B2C, 0x5ACA, 0x5B0C, 0x630B, 0x636D, 0x6B4C, 0x632C, 0x5AEB, 0x6B8E, 0x630C, 0x5B0C, 0x7BEF,
  0x73CF, 0x632D, 0x5B4E, 0x5B0D, 0x5B4E, 0x636E, 0x534F, 0x638F, 0xBEBE, 0xBE9D, 0xBEBD, 0xBE9D,
  0xBEBD, 0xBE9D, 0xBEBE, 0xC6BD, 0xC6DE, 0xC6DE, 0xC6FF, 0xC6DE, 0xBEDE, 0xC6DE, 0xBEDE, 0xC6DE,
  0xBEDE, 0xC6DE, 0xBEBD, 0x84D5, 0x5BAE, 0x42EB, 0x42EC, 0x3249, 0x3A6A, 0x3208, 0x3208, 0x4249,
  0x4AAA, 0x5ACB, 0x73CD, 0x840E, 0x5AEA, 0x5ACA, 0x73CD, 0x842F, 0x52CA, 0x52A9, 0x630B, 0x62EA,
  0x7BEE, 0x736C, 0x52A9, 0x5288, 0x6B8D, 0x52A9, 0x7C0F, 0x842F, 0x8450, 0x738C, 0x632B, 0x8C2F,
  0x6B4B, 0x6B4B, 0x73AD, 0x7BCD, 0x738D, 0x7BAD, 0x5B2B, 0x5288, 0x4A89, 0x5AEA, 0x4A68, 0x5268,
  0x5B0B, 0x5ACA, 0x528A, 0x4228, 0x4A68, 0x5ACA, 0x5AEA, 0x39E5, 0x4247, 0x4206, 0x4A68, 0x39E6,
  0x52C9, 0x4A68, 0x52A9, 0x52A9, 0x4A89, 0x5288, 0x2964, 0x3164, 0x4248, 0x39E6, 0x3A07, 0x4206,
  0x3A27, 0x4206, 0x4248, 0x39E6, 0x31C6, 0x2944, 0x2143, 0x39A5, 0x7BCC, 0x844E, 0x9D11, 0x6BAB,
  0x5AC8, 0x5B09, 0x52A8, 0x52C9, 0x6B4B, 0x5B0A, 0x632A, 0x6B6B, 0x73AD, 0x52C9, 0x5269, 0x4A8A,
  0x5289, 0x632C, 0x6B2C, 0x5B0C, 0x6B4C, 0x6B6D, 0x632C, 0x6BAE, 0x7BCF, 0x73AF, 0x738E, 0x636D,
  0x632D, 0x5B4D, 0x5B2D, 0x5B6E, 0xAE5B, 0xB6BD, 0xB69C, 0xB6BE, 0xBEBD, 0xB6BD, 0xBEBD, 0xBEDE,
  0xC6DD, 0xC6FE, 0xC6FE, 0xC71F, 0xC6FE, 0xBEFF, 0xBEDE, 0xB6DE, 0xBEDE, 0xB6DE, 0xBEFE, 0x9DFA,
  0x5BAF, 0x32AB, 0x3A49, 0x3228, 0x3A28, 0x3248, 0x3A07, 0x3208, 0x4A69, 0x5B0C, 0x738D, 0x8C91,
  0x83ED, 0x6B4B, 0x6B4B, 0x73CD, 0x6B4B, 0x39E6, 0x5289, 0x6B4C, 0x630A, 0x4A88, 0x5267, 0x73AC,
  0x6B4B, 0x5AEA, 0x840E, 0x8C70, 0x948F, 0x7BCD, 0x7BED, 0x844F, 0x630A, 0x738C, 0x6B4B, 0x6B8C,
  0x738C, 0x7BCE, 0x5AC9, 0x4227, 0x4A47, 0x52A9, 0x5288, 0x52C9, 0x6B4B, 0x634B, 0x5288, 0x5289,
  0x4A47, 0x7BCE, 0x4206, 0x2984, 0x31A4, 0x2122, 0x4A47, 0x52C9, 0x4206, 0x4A88, 0x4A68, 0x52A9,
  0x6B2B, 0x4227, 0x39A5, 0x39E6, 0x41E5, 0x3A06, 0x41E5, 0x4226, 0x4A67, 0x3A06, 0x31C4, 0x3A06,
  0x2102, 0x0860, 0x2122, 0x39E5, 0x6BAC, 0x842E, 0x7C2E, 0x8C4E, 0x846F, 0x842E, 0x73AD, 0x6B2B,
  0x636C, 0x842F, 0x73AD, 0x6B6C, 0x5B0B, 0x738D, 0x52AA, 0x52AA, 0x52CB, 0x632C, 0x634D, 0x630C,
  0x5AEC, 0x630C, 0x5B0C, 0x5AEB, 0x52EC, 0x630C, 0x52EC, 0x52CB, 0x5B2D, 0x632D, 0x532D, 0x5B2D,
  0x95BA, 0xAE5C, 0xA65C, 0xAE7C, 0xAE9D, 0xB67C, 0xB67D, 0xB67D, 0xB69D, 0xBE9D, 0xB69D, 0xBE9D,
  0xB6BE, 0xB67D, 0xAE9D, 0xAE7C, 0xAE7D, 0xB69D, 0xB6BE, 0xBEDE, 0x9DD8, 0x63D0, 0x42AB, 0x3A69,
  0x3249, 0x3A69, 0x29C7, 0x2986, 0x31C7, 0x528A, 0x632C, 0x7BAE, 0x7BEE, 0x9490, 0x844F, 0x738C,
  0x73CE, 0x62EA, 0x4A69, 0x62EB, 0x4A68, 0x2944, 0x52A9, 0x7BCD, 0x6B6C, 0x7BCE, 0x73CD, 0x8C4F,
  0x8C4F, 0x6B2A, 0x73CD, 0x73AC, 0x6B4B, 0x8C0E, 0x73CD, 0x7BAD, 0x73CE, 0x73AD, 0x6B6C, 0x52A9,
  0x4A89, 0x52A9, 0x636C, 0x630A, 0x5AEB, 0x6B4C, 0x4A89, 0x5289, 0x5B0B, 0x5AC9, 0x2123, 0x31A5,
  0x3A06, 0x39C5, 0x5B0A, 0x630A, 0x3A07, 0x4A27, 0x4227, 0x3185, 0x4227, 0x39C5, 0x39E6, 0x4227,
  0x31C5, 0x4206, 0x4227, 0x39E6, 0x2143, 0x2943, 0x29A4, 0x2963, 0x1903, 0x18E2, 0x2964, 0x4206,
  0x7BAC, 0x8C8F, 0x8C4E, 0x7C0D, 0xA511, 0x9CF1, 0x840D, 0x94F0, 0x738C, 0x6B6C, 0x8C6F, 0x73CD,
  0x6B6B, 0x7C2E, 0x7BAD, 0x5AEB, 0x630B, 0x632C, 0x52AA, 0x5B0C, 0x6B4C, 0x5B0B, 0x630B, 0x6B6D,
  0x630C, 0x5B2C, 0x52CB, 0x5B2C, 0x5B0C, 0x5B2C, 0x530C, 0x5B4E, 0x7D39, 0x8DFC, 0x95DB, 0x8DDC,
  0x8DBB, 0x8DDC, 0x95FB, 0x961C, 0x9E3C, 0x9E5D, 0xA65D, 0x9E7D, 0xA65D, 0x9E7D, 0xA67D, 0xA69E,
  0xA67E, 0xA67E, 0xA65C, 0x8599, 0x8D34, 0x6C72, 0x52CA, 0x3A68, 0x3A07, 0x3208, 0x3207, 0x1965,
  0x2965, 0x3A28, 0x62EB, 0x6B8D, 0x946F, 0x842E, 0x7BAC, 0x842F, 0x7BAC, 0x738C, 0x4A47, 0x52A9,
  0x5248, 0x5289, 0x736B, 0x73AC, 0x7BCD, 0x842F, 0x83ED, 0x630A, 0x62E9, 0x73CC, 0x7BAC, 0x738C,
  0x4A47, 0x7BEE, 0x842E, 0x7BEE, 0x736C, 0x634B, 0x5AA9, 0x52C9, 0x5AC9, 0x5AEA, 0x738C, 0x632B,
  0x62EA, 0x5AEA, 0x5AA9, 0x4248, 0x52A8, 0x4227, 0x4206, 0x52A8, 0x5AC9, 0x632B, 0x632A, 0x4247,
  0x41E6, 0x39E6, 0x4226, 0x39E6, 0x39C5, 0x4227, 0x4A47, 0x4247, 0x39C5, 0x31C5, 0x39E5, 0x39E5,
  0x2943, 0x1902, 0x18E1, 0x1922, 0x2963, 0x39E5, 0x5AC7, 0x6B6A, 0x636B, 0x7BED, 0x846F, 0x840D,
  0x7BED, 0x842E, 0x846F, 0x8C8F, 0x7C0E, 0x630A, 0x73CD, 0x8C70, 0x7C0E, 0x6B4B, 0x7C0F, 0x4A48,
  0x31C7, 0x41E7, 0x4A69, 0x4A48, 0x4249, 0x528A, 0x52CB, 0x6B6D, 0x636E, 0x6B4D, 0x5B2D, 0x5B0C,
  0x5B2D, 0x5B0C, 0x532E, 0x636E, 0x859B, 0x857A, 0x7D5A, 0x855A, 0x7D5A, 0x7D5A, 0x7D7A, 0x7D59,
  0x7D7A, 0x857A, 0x859B, 0x8D9A, 0x85BB, 0x8DBA, 0x8DDB, 0x95FB, 0x8DDC, 0x8DBB, 0x8DDB, 0x8D9A,
  0x7493, 0x536E, 0x6BCF, 0x8450, 0x6BCF, 0x52EB, 0x3228, 0x29E7, 0x2145, 0x39E7, 0x4A69, 0x840F,
  0x73CD, 0x7BCC, 0x7BEE, 0x73AD, 0x738C, 0x6B4B, 0x6B6C, 0x62EA, 0x5ACA, 0x62EA, 0x6B6C, 0x7BAD,
  0x7C0E, 0x6B6B, 0x6B6C, 0x738C, 0x5AE9, 0x83ED, 0x73CD, 0x6B6B, 0x4248, 0x6B6C, 0x7BEE, 0x7BEE,
  0x5B0B, 0x630A, 0x52A9, 0x5288, 0x52CA, 0x5AC9, 0x6BAD, 0x630A, 0x632B, 0x5ACA, 0x52AA, 0x5AAA,
  0x52C9, 0x4207, 0x52C9, 0x5AE9, 0x4AA9, 0x62EA, 0x4A89, 0x39C5, 0x39E6, 0x4206, 0x3A27, 0x4206,
  0x2964, 0x3185, 0x4A68, 0x5268, 0x3A07, 0x2963, 0x29A5, 0x2963, 0x2123, 0x39E6, 0x52C9, 0x5AE9,
  0x31C5, 0x39E5, 0x5AE9, 0x5267, 0x736A, 0x73AC, 0x8C2D, 0x94AF, 0x73AC, 0x7BED, 0x73AB, 0x844E,
  0x9CF0, 0x6B8B, 0x6B4B, 0x8CB1, 0x94B0, 0x6B8B, 0x7BED, 0x636B, 0x31A5, 0x31C6, 0x5269, 0x5B0B,
  0x5289, 0x4A69, 0x632C, 0x634D, 0x73AD, 0x6BAE, 0x630B, 0x634D, 0x5AEB, 0x5B0C, 0x4AED, 0x6C12,
  0x8DBB, 0x7D7B, 0x857B, 0x7D7B, 0x7D5A, 0x7D7A, 0x857A, 0x857A, 0x855A, 0x7D7A, 0x7D5A, 0x7D7B,
  0x857A, 0x7D9B, 0x857A, 0x859B, 0x857A, 0x859B, 0x859B, 0x8DFD, 0x7C72, 0x7451, 0xDD75, 0xD554,
  0xCC70, 0xBC30, 0x630B, 0x3A28, 0x2165, 0x2186, 0x4A27, 0x73AD, 0x83AC, 0x8C2E, 0x944E, 0x8C6F,
  0x7B8B, 0x5AE9, 0x6B2A, 0x73AC, 0x5248, 0x5AEA, 0x7BEE, 0x844F, 0x736C, 0x738C, 0x736B, 0x73CD,
  0x738B, 0x73AC, 0x630A, 0x5AC9, 0x738C, 0x94D1, 0x842F, 0x7BCE, 0x736B, 0x73CD, 0x632A, 0x4A68,
  0x5AE9, 0x6B6C, 0x738C, 0x6B6C, 0x5AC9, 0x5AEA, 0x5288, 0x52CA, 0x4226, 0x3A06, 0x5AE9, 0x5AEA,
  0x62E9, 0x5B0A, 0x41E6, 0x39E6, 0x39C5, 0x4A88, 0x4A47, 0x39E6, 0x2964, 0x31A5, 0x4A47, 0x4226,
  0x41E6, 0x31A5, 0x2942, 0x31A4, 0x5266, 0x52A7, 0x4A46, 0x3A05, 0x2942, 0x52C8, 0x5266, 0x5B09,
  0x6BAC, 0x738B, 0x6B8B, 0x842E, 0x7BEE, 0x738C, 0x5B09, 0x842E, 0xA552, 0x9CF0, 0x4AA9, 0x73AD,
  0x94F2, 0x73CC, 0x7C0E, 0x7BEE, 0x73EF, 0x39E7, 0x39E7, 0x528A, 0x4AAB, 0x4208, 0x4AAA, 0x6B4D,
  0x73CE, 0x73AE, 0x6B8E, 0x52CB, 0x52EB, 0x5AEB, 0x3AAC, 0x84B4, 0x859C, 0x7D5A, 0x7D7B, 0x7D5A,
  0x7D7B, 0x7D5A, 0x7D7A, 0x857A, 0x7D7B, 0x7D5A, 0x755B, 0x7D5A, 0x7D9B, 0x857B, 0x7D9B, 0x857B,
  0x7D9B, 0x859B, 0x7D9C, 0x85BC, 0x7452, 0x84B3, 0xCD13, 0xC4B2, 0xCCD2, 0xCC91, 0x634D, 0x2124,
  0x21A7, 0x1925, 0x2944, 0x7BAD, 0x83ED, 0x8C0D, 0x8C70, 0x83ED, 0x842E, 0x7BAC, 0x6B6C, 0x7BED,
  0x5AEA, 0x39C6, 0x73CE, 0x7BCD, 0x6B6C, 0x62EA, 0x5B0A, 0x6B2B, 0x844F, 0x6B4B, 0x6B4B, 0x5247,
  0x8C71, 0x9491, 0x8430, 0x6B6C, 0x73CD, 0x6B6C, 0x4AA9, 0x62EA, 0x634C, 0x7BAD, 0x73AD, 0x62EA,
  0x5B0B, 0x62EA, 0x5B0B, 0x52A9, 0x31A5, 0x4A47, 0x4A88, 0x4A47, 0x4A88, 0x4206, 0x3A27, 0x4A68,
  0x3A07, 0x4A68, 0x4247, 0x39C5, 0x2964, 0x41E6, 0x52A9, 0x4226, 0x31A5, 0x18C1, 0x2964, 0x4A67,
  0x4AA7, 0x4A26, 0x31C5, 0x2963, 0x52C8, 0x52A7, 0x5B2A, 0x5AC8, 0x5AE8, 0x4A88, 0x4226, 0x4246,
  0x5267, 0x632A, 0x736B, 0x7C0D, 0x6B2A, 0x73CD, 0x842E, 0x842E, 0x948F, 0x7C0E, 0x9490, 0x7BED,
  0x840E, 0x6B6C, 0x2123, 0x2144, 0x3185, 0x3A08, 0x4228, 0x4A89, 0x5AEB, 0x632C, 0x5ACA, 0x52AA,
  0x5ACA, 0x52CB, 0x532D, 0x8D36, 0x8D98, 0x8599, 0x8D75, 0x8D96, 0x8558, 0x7D59, 0x8559, 0x7D59,
  0x8559, 0x7D7A, 0x8559, 0x7D7A, 0x857A, 0x859A, 0x857A, 0x859A, 0x8D9A, 0x859B, 0x859B, 0x85DC,
  0xACD4, 0x83F1, 0x9B2C, 0x930C, 0xA38D, 0xABEF, 0x6B2C, 0x2924, 0x2145, 0x1104, 0x8309, 0xAC6F,
  0x934A, 0x8B2A, 0x93ED, 0x838C, 0x7B8A, 0x840D, 0x7BAC, 0x73AD, 0xAD97, 0xB63A, 0xBE59, 0x9535,
  0x5AA9, 0x4A48, 0x4206, 0x6B4B, 0x7BAC, 0x7BEE, 0x62E9, 0x52C9, 0x8C50, 0x73AE, 0x842F, 0x73AE,
  0x73AD, 0x634B, 0x6B4B, 0x73AD, 0x738C, 0x73CD, 0x6B6C, 0x634C, 0x736B, 0x7BED, 0x738B, 0x4A46,
  0x4206, 0x4247, 0x4206, 0x31C5, 0x39C5, 0x31C5, 0x41E6, 0x39E6, 0x39A5, 0x4227, 0x39C5, 0x3185,
  0x41E6, 0x4A88, 0x39C5, 0x31C5, 0x39C4, 0x31E5, 0x5AC8, 0x634A, 0x4A67, 0x39E5, 0x39E4, 0x4A87,
  0x5AC8, 0x6329, 0x5AC8, 0x2142, 0x31E5, 0x4205, 0x4247, 0x4226, 0x4226, 0x4205, 0x52C8, 0x5AC9,
  0x31E5, 0x4A67, 0x7C2F, 0x840E, 0x634B, 0x5AE9, 0x7C0E, 0x8C6F, 0x844F, 0x7BEE, 0x636D, 0x4208,
  0x2966, 0x5ACB, 0x3A28, 0x31C6, 0x29A6, 0x39E7, 0x4229, 0x4249, 0x4269, 0x52AA, 0x536F, 0x8CF5,
  0x8579, 0x8578, 0x8D96, 0x8555, 0x859A, 0x8559, 0x7D7A, 0x7D59, 0x7D5A, 0x7D59, 0x7D5A, 0x855A,
  0x7D7A, 0x857A, 0x7D7A, 0x855A, 0x7D7B, 0x857A, 0x7D9C, 0x85BC, 0x9CB4, 0x8BF1, 0xABEF, 0xA36D,
  0x8B0C, 0x828A, 0x4A49, 0x3145, 0x1104, 0x3A08, 0x93CD, 0xA40E, 0x9BCD, 0x9BAC, 0x7B4B, 0x834A,
  0x7BCC, 0x734A, 0x73CD, 0xAD53, 0xE77F, 0xE75E, 0xE7BF, 0xE79F, 0x8410, 0x39C6, 0x39C6, 0x7B8C,
  0x6B6C, 0x6B6C, 0x5B0B, 0x736C, 0x7BEF, 0x6B2C, 0x73CE, 0x73AE, 0x6BAD, 0x738C, 0x632B, 0x738C,
  0x73CE, 0x7BEE, 0x634C, 0x6B4C, 0x73AD, 0x94B0, 0x94B0, 0x5AA8, 0x31C5, 0x39E6, 0x31A5, 0x4227,
  0x3A07, 0x2964, 0x31C6, 0x3185, 0x39E6, 0x39C6, 0x39E7, 0x4207, 0x52CA, 0x39E6, 0x2964, 0x5AE9,
  0x634B, 0x632A, 0x636B, 0x5287, 0x1922, 0x2101, 0x4247, 0x52A8, 0x5AE9, 0x4A46, 0x10E1, 0x39C5,
  0x4205, 0x4A87, 0x62C8, 0x4A67, 0x41E5, 0x39E5, 0x39C4, 0x39E5, 0x4246, 0x636B, 0x6B6A, 0x6B6B,
  0x39C5, 0x4226, 0x632A, 0x7C0E, 0x8C4E, 0x7BED, 0x840D, 0x6BAC, 0x5AA9, 0x4A89, 0x52CA, 0x4AAA,
  0x3185, 0x2985, 0x4AA8, 0x3A67, 0x4266, 0x5309, 0x6389, 0x8CEF, 0x956F, 0x850D, 0x7CEE, 0x7D0F,
  0x8D30, 0x95B2, 0x8D51, 0x8D71, 0x8556, 0x7D77, 0x7D3A, 0x7D5A, 0x8559, 0x859A, 0x7D7A, 0x7D7A,
  0x8559, 0x857A, 0x8D97, 0x8DB8, 0xB534, 0x9451, 0xAB8D, 0xA34C, 0x932C, 0x9B8D, 0x4A69, 0x1904,
  0x2963, 0x3A27, 0x9AEA, 0xABCD, 0xC40E, 0xBBED, 0xA3CD, 0x7247, 0x732A, 0x732A, 0x6B2A, 0xBDB4,
  0xDDF7, 0xB4F3, 0xBCF3, 0xDE38, 0xB554, 0x5248, 0x41E6, 0x4228, 0x5288, 0x52C9, 0x41E6, 0x630B,
  0x8C50, 0x842F, 0x73AD, 0x6B8D, 0x7BCE, 0x52CA, 0x630B, 0x6B6D, 0x6B4B, 0x842F, 0x840E, 0x6B6C,
  0x7BAD, 0x7BCE, 0x83ED, 0x4A67, 0x31A4, 0x4A68, 0x39E5, 0x4227, 0x39C5, 0x31C5, 0x39C5, 0x31A5,
  0x39C5, 0x31A5, 0x4A46, 0x52C8, 0x39E5, 0x2143, 0x4A67, 0x5AE9, 0x6B6A, 0x636B, 0x4206, 0x10C1,
  0x18C1, 0x4A67, 0x52A8, 0x52A8, 0x4205, 0x1901, 0x4225, 0x844D, 0x4226, 0x4226, 0x4226, 0x41E5,
  0x31C5, 0x4206, 0x5AE9, 0x842E, 0x844F, 0x73CC, 0x73CC, 0x8C8F, 0x842F, 0x6B4B, 0x73ED, 0x73AC,
  0x73ED, 0x842E, 0x8470, 0x630A, 0x6B8D, 0x5ACA, 0x4269, 0x630C, 0x52EB, 0x4A49, 0x530A, 0x5B0A,
  0x3A46, 0x638B, 0x8CEF, 0x848D, 0x852E, 0x7CAC, 0x8530, 0x7CEE, 0x74AF, 0x8510, 0x8551, 0x8510,
  0x7516, 0x8556, 0x753A, 0x7D1A, 0x7559, 0x7D59, 0x757A, 0x7D59, 0x7D7A, 0x8D9A, 0x7D77, 0x7D56,
  0xAD14, 0x9430, 0xA34D, 0x9ACB, 0x82EB, 0x82AA, 0x2965, 0x2925, 0x2184, 0x4A88, 0xB42F, 0xA36C,
  0xB3ED, 0xA2EA, 0x936C, 0x7227, 0x4A27, 0x5A67, 0x6B4C, 0x734B, 0x4166, 0x4145, 0x4186, 0x72AA,
  0x9471, 0x83AD, 0x39E7, 0x3165, 0x2123, 0x5289, 0x39E6, 0x5ACA, 0x7BEF, 0x7BCE, 0x634D, 0x83EF,
  0x5AEB, 0x5ACB, 0x632C, 0x630B, 0x73CD, 0x7BEE, 0x7C0F, 0x7BCD, 0x6B8D, 0x6B2B, 0x52C9, 0x3184,
  0x3A06, 0x5268, 0x4248, 0x4207, 0x39E7, 0x41E6, 0x31A6, 0x3184, 0x31A5, 0x39C5, 0x4A88, 0x4226,
  0x31E6, 0x4A47, 0x4247, 0x39E5, 0x4247, 0x52A8, 0x2123, 0x2102, 0x3A06, 0x4A67, 0x4A67, 0x5AC8,
  0x2142, 0x52A7, 0x846E, 0x94D0, 0x4205, 0x39E5, 0x39C4, 0x3A26, 0x5288, 0x5AE9, 0x736B, 0x738C,
  0x840C, 0x7C2D, 0x8C4D, 0x842D, 0x7BAB, 0x7C0D, 0x94B0, 0x844F, 0x6B4A, 0x8C6F, 0x94AF, 0x846F,
  0x738C, 0x52C9, 0x4A68, 0x5B0B, 0x5AEA, 0x5B0B, 0x5308, 0x5B6A, 0x4AA6, 0x848E, 0xAD91, 0x846D,
  0x7CAD, 0x850F, 0x9571, 0x8530, 0x748D, 0x8550, 0x9592, 0x7CF0, 0x8556, 0x8577, 0x8558, 0x7D58,
  0x7D58, 0x7D79, 0xAD15, 0xB5B8, 0xC516, 0xA473, 0xACD4, 0xA4F4, 0xD4D1, 0xABEE, 0x9AEA, 0x9B4B,
  0x6AEA, 0x39A5, 0x29A5, 0x2185, 0x3164, 0x632B, 0xC470, 0xA3AD, 0xB34B, 0xBBEE, 0xB44F, 0xA3ED,
  0x6B4A, 0x4A47, 0x730A, 0x83CD, 0x79E6, 0x8AAA, 0x9AA9, 0xB36C, 0xB48F, 0x7AC9, 0x5288, 0x632B,
  0x41E6, 0x39C6, 0x2923, 0x738D, 0x944F, 0x738C, 0x7BEF, 0x6BAE, 0x630B, 0x634D, 0x62EA, 0x5ACA,
  0x7BAD, 0x7C0F, 0x7BCD, 0x73EE, 0x738D, 0x5B0B, 0x4A47, 0x3A06, 0x4226, 0x5AEA, 0x4227, 0x3A06,
  0x4206, 0x3A07, 0x39A5, 0x39E6, 0x4A47, 0x52A8, 0x4225, 0x31E4, 0x3A05, 0x5B4A, 0x5287, 0x4246,
  0x5287, 0x31A4, 0x2121, 0x4A87, 0x31A3, 0x3A05, 0x5AC8, 0x39E5, 0x4A66, 0x7C2D, 0x94AF, 0x7C2D,
  0x4247, 0x5AC9, 0x52C9, 0x632A, 0x5AEA, 0x4A47, 0x39E5, 0x41E5, 0x6BAB, 0x73AB, 0x6BAB, 0x73AB,
  0x6B8C, 0x6B4A, 0x6B6B, 0x7BED, 0x6B8C, 0x73AC, 0x94D0, 0x8C6F, 0x73CD, 0x73AD, 0x634C, 0x52A9,
  0x52EB, 0x5AEB, 0x534A, 0x5329, 0x744D, 0x9D31, 0x9D71, 0x94EF, 0x84EF, 0x8D0F, 0x8530, 0x6C4C,
  0x7D30, 0x9DB2, 0x7D11, 0x8531, 0x8577, 0x8557, 0x7D79, 0x8579, 0x7D99, 0x8579, 0xAD57, 0xB577,
  0x93F2, 0x7AEE, 0x736F, 0x838F, 0xCCF2, 0xB3EE, 0x9B0B, 0x8A89, 0x7B8D, 0x7B8D, 0x63AE, 0x3207,
  0x2123, 0x630A, 0x9B2B, 0x9B0A, 0xAB4C, 0xA2EA, 0x830A, 0x8B0A, 0x73AD, 0x62EA, 0x5A89, 0x6AEA,
  0x8289, 0x9AEA, 0xAB6C, 0xAB2B, 0xA44F, 0x830A, 0x632B, 0x5AC9, 0x31C6, 0x39C6, 0x2144, 0x630B,
  0x738C, 0x6B0A, 0x52EB, 0x634C, 0x73AF, 0x5ACB, 0x5AEB, 0x6B6D, 0x6BAD, 0x73AD, 0x7C2F, 0x73AD,
  0x73AE, 0x632C, 0x4A68, 0x31A5, 0x4227, 0x4207, 0x3A07, 0x4227, 0x4248, 0x4207, 0x4A68, 0x4A27,
  0x4A89, 0x4A68, 0x2183, 0x29A3, 0x4AA8, 0x5B09, 0x52C9, 0x6309, 0x5B0A, 0x3183, 0x52C9, 0x4206,
  0x3A05, 0x6309, 0x4226, 0x3183, 0x636A, 0x94AF, 0x9D31, 0x8C6E, 0x6309, 0x52E9, 0x5246, 0x52A8,
  0x4A26, 0x4226, 0x4A05, 0x4A67, 0x5AA7, 0x632A, 0x7BCC, 0x6B8B, 0x738A, 0x7C0C, 0x738B, 0x73AB,
  0x842E, 0x6B8B, 0x73AC, 0x8C8F, 0x840D, 0x73ED, 0x6B4B, 0x5B0A, 0x632A, 0x634B, 0x636A, 0x4AC8,
  0x6BA9, 0x6BEA, 0x8C6D, 0x7C2C, 0x848E, 0xA592, 0x9D0E, 0x8CCD, 0x8D0F, 0x84EF, 0x8CF0, 0x8D52,
  0x9554, 0x8D54, 0x8576, 0x8597, 0xA534, 0xAD95, 0x9C97, 0x62F1, 0x32B4, 0x32D5, 0x62B0, 0x524F,
  0x5B13, 0x8479, 0xA3F1, 0x8B4E, 0x5ACC, 0x8412, 0x9452, 0x94D4, 0x8411, 0x73B0, 0x8B6C, 0x8BAD,
  0xB38B, 0x9B09, 0x834B, 0x6247, 0x632C, 0x8430, 0x6B4B, 0x4A88, 0x7AAA, 0x9BEF, 0xC40D, 0xAB6B,
  0xAC4F, 0x9C0E, 0x4A28, 0x4A69, 0x41E6, 0x4228, 0x39A5, 0x5AEA, 0x4A26, 0x5268, 0x7BAD, 0x842F,
  0x83EF, 0x4A69, 0x5268, 0x634C, 0x73AD, 0x7C0E, 0x7BCD, 0x73AD, 0x738C, 0x5B0B, 0x5268, 0x4227,
  0x4A47, 0x4227, 0x4A27, 0x39E6, 0x4206, 0x4A68, 0x4A47, 0x4247, 0x52A8, 0x3A06, 0x2142, 0x2163,
  0x4A66, 0x5309, 0x5AC8, 0x3A05, 0x31A3, 0x632A, 0x5286, 0x52C7, 0x6329, 0x4A66, 0x31C4, 0x5B2A,
  0x842D, 0x8C6F, 0x842E, 0x632A, 0x3A06, 0x3183, 0x31C5, 0x41E5, 0x4226, 0x4A26, 0x4A87, 0x5AA8,
  0x5AE9, 0x52A8, 0x5AE9, 0x7BCC, 0x6B6A, 0x6B6A, 0x634A, 0x5AE9, 0x6B8C, 0x840D, 0x6BAC, 0x7BED,
  0x8CB0, 0x842E, 0x7C2F, 0x630A, 0x632B, 0x6B4C, 0x5B6B, 0x5309, 0x63A9, 0x6368, 0x6BAB, 0x6B8A,
  0x740C, 0x7C2D, 0x7C4B, 0xA56F, 0x9592, 0x9D71, 0x9573, 0x9552, 0x8D35, 0x8D34, 0x7D77, 0x8556,
  0x9D14, 0xB596, 0x7BB5, 0x398C, 0x2253, 0x2253, 0x62B0, 0x5A4E, 0x320F, 0x4230, 0x6A6B, 0x6209,
  0x2947, 0x3167, 0x424B, 0x62ED, 0x7C11, 0x738F, 0x730B, 0x72CA, 0x92A8, 0x9AE8, 0x93EE, 0x832B,
  0x632D, 0x632C, 0x5AEA, 0x4A68, 0x8B6D, 0x8B2C, 0x92A8, 0xAB4A, 0xBCF2, 0xCD33, 0x4A69, 0x2104,
  0x2965, 0x2924, 0x31A5, 0x39C6, 0x41E6, 0x5A88, 0x5AEA, 0x630B, 0x5AEC, 0x4A48, 0x5AEA, 0x6B2B,
  0x636C, 0x5AC9, 0x634C, 0x8C4F, 0x842F, 0x632B, 0x4AA9, 0x5288, 0x4248, 0x4A48, 0x4227, 0x4227,
  0x4248, 0x4207, 0x4AA9, 0x4A47, 0x4227, 0x39C5, 0x2984, 0x3A05, 0x3205, 0x5AE9, 0x4A88, 0x31A4,
  0x5B2A, 0x4226, 0x4266, 0x5286, 0x4A87, 0x2983, 0x4247, 0x6B8B, 0x6BAC, 0x94AF, 0x632A, 0x52A8,
  0x41E4, 0x4A67, 0x5A87, 0x4A46, 0x4A05, 0x4205, 0x4A05, 0x4A46, 0x4205, 0x4226, 0x4225, 0x52C8,
  0x6B4A, 0x6B6A, 0x5AC8, 0x52A8, 0x6309, 0x842D, 0x840D, 0x7BED, 0x840D, 0x8C6F, 0x842E, 0x73AC,
  0x630A, 0x73AC, 0x73AC, 0x73CD, 0x7C0C, 0x52E8, 0x6B25, 0x73A7, 0x7BA7, 0x6305, 0x6B4A, 0x842E,
  0xACEE, 0x948D, 0xAD0D, 0xA52E, 0x9D52, 0x9532, 0xA510, 0x9CF0, 0x8C95, 0x7413, 0x2A93, 0x11F1,
  0x2210, 0x2A72, 0x6AD0, 0x4A0E, 0x0A75, 0x0255, 0x09F2, 0x09F3, 0x39EC, 0x214A, 0x3166, 0x4209,
  0x62ED, 0x528C, 0x5228, 0x6B0C, 0x9B4A, 0x9BAC, 0xA450, 0x7B0B, 0x6B0D, 0x8432, 0x7BAF, 0x630D,
  0x9C72, 0x736E, 0x8A67, 0xA36B, 0xA492, 0x9C92, 0x9CD5, 0x634F, 0x49E7, 0x2924, 0x2123, 0x1903,
  0x2924, 0x4A69, 0x4205, 0x39C5, 0x4206, 0x3184, 0x39A5, 0x4207, 0x5AA9, 0x52C9, 0x5AA8, 0x5AE9,
  0x632A, 0x4A67, 0x4206, 0x4A68, 0x5268, 0x4A68, 0x5268, 0x4227, 0x4206, 0x52A9, 0x41E6, 0x31C5,
  0x39E5, 0x29A4, 0x4205, 0x52E8, 0x52A7, 0x52E8, 0x4A46, 0x632A, 0x4A25, 0x4266, 0x5B09, 0x3A26,
  0x2982, 0x31E4, 0x4A46, 0x5B09, 0x7BCD, 0x4A68, 0x3184, 0x31C5, 0x4A67, 0x5AC8, 0x62E9, 0x5266,
  0x4226, 0x39C4, 0x39E5, 0x4A05, 0x4A67, 0x4226, 0x4AA8, 0x5288, 0x4A87, 0x6309, 0x6B6B, 0x6309,
  0x6B8B, 0x6309, 0x73AC, 0x7BED, 0x6B8B, 0x842E, 0x73AC, 0x7BED, 0x5B2B, 0x738C, 0x73CD, 0x840E,
  0x7C2D, 0x7C0C, 0x948B, 0x9CCC, 0x9D0D, 0x7BA7, 0x7BED, 0x948F, 0x9CCE, 0xA4AE, 0x9CCD, 0x8C0A,
  0x742E, 0x7C2E, 0x8C8F, 0x94AF, 0x7413, 0x39EB, 0x09D1, 0x11B0, 0x11CF, 0x2A51, 0x5A70, 0x418C,
  0x0255, 0x0A76, 0x0A34, 0x1213, 0x39ED, 0x318B, 0x2105, 0x39A7, 0x4A8C, 0x5ACD, 0x5A8A, 0x62AB,
  0x7267, 0x8AE9, 0x72CB, 0x6A69, 0x5ACD, 0x6B4F, 0x424A, 0x3167, 0x736F, 0x736F, 0x930A, 0xA36B,
  0x83D0, 0x838F, 0x8474, 0xB5B9, 0xAD14, 0x49C7, 0x08A2, 0x18E3, 0x18E3, 0x3185, 0x39C5, 0x5267,
  0x4227, 0x3184, 0x2965, 0x2944, 0x31A5, 0x4A47, 0x634B, 0x5AC9, 0x3A06, 0x3184, 0x31E6, 0x39E6,
  0x3A07, 0x39E6, 0x3A06, 0x41E6, 0x3A06, 0x41E6, 0x31C5, 0x3184, 0x52EA, 0x634B, 0x3A05, 0x4A67,
  0x52E9, 0x52C8, 0x5AE9, 0x41E5, 0x29A4, 0x5AE9, 0x3A26, 0x2142, 0x31E4, 0x3A05, 0x3A06, 0x4A67,
  0x52A9, 0x2123, 0x2144, 0x2923, 0x5AC8, 0x5287, 0x5A66, 0x4205, 0x4A25, 0x4A46, 0x41E4, 0x4A46,
  0x4A46, 0x4246, 0x5266, 0x5AE8, 0x62E8, 0x52A7, 0x5287, 0x5AE9, 0x7B8B, 0x73AC, 0x6B4A, 0x73CC,
  0x7BCC, 0x73CC, 0x73AB, 0x634A, 0x73AC, 0x632A, 0x6309, 0x73AC, 0x736B, 0x7C0E, 0x944E, 0x9CD0,
  0xA50F, 0xAD50, 0x840D, 0x73CD, 0x8C0A, 0xAD4F, 0x9CAC, 0x73A8, 0x6B29, 0x842E, 0xA4EE, 0x8C6C,
  0x3315, 0x1232, 0x1A10, 0x018F, 0x3128, 0x49EB, 0x5A2A, 0x732F, 0x62ED, 0x7BF1, 0x738F, 0x422A,
  0x3168, 0x39CA, 0x10C6, 0x2169, 0x526A, 0x422A, 0x4A29, 0x632D, 0x526A, 0x4A6A, 0x62CC, 0x5AEC,
  0x62CC, 0x5ACC, 0x41E8, 0x2967, 0x734E, 0x73B0, 0x7BB0, 0x7390, 0x8C52, 0x73F1, 0x8432, 0x94F5,
  0xBCF4, 0x9C10, 0x41A5, 0x3184, 0x2944, 0x1924, 0x39C5, 0x39C6, 0x39A5, 0x39E6, 0x3185, 0x31C6,
  0x4227, 0x5AEA, 0x52A8, 0x4A67, 0x41E5, 0x4247, 0x4226, 0x31A5, 0x41E6, 0x3A07, 0x31A4, 0x31A5,
  0x4206, 0x31C5, 0x2943, 0x3A27, 0x738B, 0x632A, 0x4A46, 0x4A87, 0x5AA6, 0x5B28, 0x5266, 0x4245,
  0x5287, 0x39C5, 0x18C0, 0x4266, 0x6308, 0x31C3, 0x39C4, 0x4247, 0x4206, 0x31C5, 0x31A4, 0x31C5,
  0x5287, 0x5267, 0x5267, 0x4A26, 0x4A46, 0x4A05, 0x4205, 0x4205, 0x4247, 0x52A8, 0x5AC8, 0x6309,
  0x5B09, 0x52A7, 0x5AE9, 0x4A46, 0x4226, 0x5267, 0x52E8, 0x7BCC, 0x7C0D, 0x6B6B, 0x6B8C, 0x7C0D,
  0x636B, 0x7C0D, 0x6B6B, 0x6B6B, 0x6B6C, 0x5AEA, 0x6B8B, 0x840D, 0x94AE, 0x8C4C, 0x842F, 0x8C4F,
  0x6B27, 0x6B06, 0x840A, 0x7BA9, 0x7BED, 0x7BCC, 0x946D, 0x7B89, 0x1273, 0x1232, 0x11F1, 0x016E,
  0x2908, 0x4169, 0x5A6C, 0x8370, 0x632F, 0x5AAC, 0x4A4B, 0x83F1, 0x6310, 0x2907, 0x08E7, 0x1928,
  0x424A, 0x39E8, 0x4A6B, 0x630D, 0x6B4E, 0x5ACC, 0x52AC, 0x62EC, 0x5AED, 0x5AAC, 0x2987, 0x3166,
  0x73B0, 0x736F, 0x73B0, 0x8412, 0x8433, 0x73B0, 0x6BB1, 0x6B90, 0x93F0, 0x9C11, 0x5AA9, 0x3985,
  0x29A7, 0x2965, 0x2965, 0x2103, 0x18E2, 0x2103, 0x1903, 0x18C2, 0x2144, 0x4207, 0x4A68, 0x4226,
  0x31C5, 0x2943, 0x31C6, 0x4A47, 0x39E6, 0x41E6, 0x31C6, 0x31A5, 0x3A07, 0x39E6, 0x4AC9, 0x6B6C,
  0x52C9, 0x634A, 0x52A8, 0x4A46, 0x6B8A, 0x6B6A, 0x73AB, 0x62E8, 0x4226, 0x2963, 0x5B09, 0x6B4A,
  0x4225, 0x31A3, 0x52A9, 0x6B4B, 0x4248, 0x3184, 0x2985, 0x2964, 0x5267, 0x4A67, 0x5A87, 0x5287,
  0x5246, 0x4A66, 0x5245, 0x5266, 0x5267, 0x6309, 0x6B08, 0x5AC8, 0x5AC7, 0x5B08, 0x5AC7, 0x52A7,
  0x5AA7, 0x5AC8, 0x4A45, 0x5B09, 0x83ED, 0x73AC, 0x6B8A, 0x8CAF, 0x7BEC, 0x73CB, 0x8C4E, 0x7C0D,
  0x8C2E, 0x7C0D, 0x6B6B, 0x6B8C, 0x83EE, 0x844F, 0x7BAC, 0x73AC, 0x9C8C, 0x7368, 0x83C9, 0x7BC9,
  0x8C29, 0x7BA8, 0x6BAE, 0x6BCF, 0x1295, 0x0235, 0x19EF, 0x014D, 0x3928, 0x418A, 0x2231, 0x1A11,
  0x3A2D, 0x6BD3, 0x5AAD, 0x6330, 0x5B30, 0x00A6, 0x10C7, 0x08E8, 0x31CA, 0x320B, 0x4ACE, 0x4B10,
  0x52AB, 0x52CC, 0x5AAB, 0x3A09, 0x526A, 0x5AAB, 0x1906, 0x3A4B, 0x7C12, 0x73F2, 0x9452, 0x9493,
  0x6B4E, 0x5B0D, 0x630C, 0x5B0D, 0x8C32, 0x94D4, 0x6AEA, 0x4A07, 0x41E7, 0x31A5, 0x2944, 0x2124,
  0x2103, 0x18E3, 0x18C2, 0x2944, 0x2102, 0x10E1, 0x2122, 0x2143, 0x3184, 0x2964, 0x20E2, 0x39E6,
  0x39A5, 0x2985, 0x31A4, 0x2985, 0x3184, 0x3A26, 0x5AC8, 0x5AE9, 0x6B29, 0x634A, 0x6308, 0x73CC,
  0x73AA, 0x6329, 0x4224, 0x4265, 0x5265, 0x6B8A, 0x6B69, 0x4A86, 0x4225, 0x6B6A, 0x8C6F, 0x634B,
  0x5267, 0x4227, 0x52A8, 0x2984, 0x4A47, 0x5A87, 0x4A47, 0x5226, 0x5AA8, 0x5AA8, 0x5287, 0x5246,
  0x4A67, 0x5267, 0x4A66, 0x5266, 0x52C8, 0x5AC7, 0x5AC8, 0x5AC8, 0x5AA8, 0x5A87, 0x5AE9, 0x738B,
  0x842E, 0x5AE9, 0x73CC, 0xA531, 0x94D0, 0x8C6E, 0x634B, 0x6309, 0x632A, 0x7BCD, 0x844F, 0x842E,
  0x7BEE, 0x7BEE, 0x7C0E, 0x73AC, 0x83EA, 0x942B, 0x62E6, 0x83C9, 0x83E9, 0x83C9, 0x7410, 0x6B8E,
  0x0A55, 0x0234, 0x1A31, 0x014D, 0x3969, 0x3928, 0x014F, 0x092E, 0x21AB, 0x6372, 0x73B2, 0x2948,
  0x218A, 0x1108, 0x00A8, 0x08A7, 0x2169, 0x2989, 0x324D, 0x3A4D, 0x52ED, 0x52CC, 0x31C8, 0x39A8,
  0x4209, 0x41C8, 0x1106, 0x52EE, 0x73F2, 0x8C74, 0x8C53, 0x8411, 0x52CD, 0x528B, 0x4A6B, 0x632D,
  0x8432, 0x9473, 0x6B0B, 0x4A07, 0x7C0F, 0x8C50, 0x4249, 0x4A28, 0x31C7, 0x2944, 0x2124, 0x39E7,
  0x4248, 0x4227, 0x31C6, 0x3A06, 0x3A07, 0x39C5, 0x4248, 0x31A5, 0x2985, 0x3185, 0x31C6, 0x39C5,
  0x4247, 0x6B4B, 0x73CD, 0x738B, 0x6B6B, 0x842D, 0x844E, 0x840D, 0x844E, 0x840C, 0x4AA7, 0x39E4,
  0x634A, 0x736A, 0x52C7, 0x4A45, 0x5B29, 0x842D, 0x6B6C, 0x4226, 0x39E6, 0x630A, 0x4A68, 0x2123,
  0x4A46, 0x5287, 0x41E5, 0x4A26, 0x5266, 0x5266, 0x5265, 0x52A7, 0x5265, 0x5286, 0x5286, 0x5AC7,
  0x6308, 0x52C7, 0x5AA7, 0x6329, 0x6B29, 0x6B29, 0x736A, 0x738B, 0x6309, 0x52A8, 0x6B6A, 0x7C2D,
  0x6B6A, 0x73CC, 0x6309, 0x6B8B, 0x83EC, 0x7BEC, 0x842D, 0x844E, 0x8C6E, 0x73EC, 0x73AC, 0x7C0E,
  0x7BCC, 0x636B, 0x6B02, 0x9448, 0xA468, 0x9428, 0x838A, 0x7B6B, 0x938F, 0x6A8B, 0x320D, 0x218C,
  0x196B, 0x19AD, 0x424A, 0x1966, 0x29A7, 0x5B4E, 0x29AB, 0x08E9, 0x31EA, 0x6390, 0x2904, 0x1082,
  0x3125, 0x2925, 0x31C9, 0x322B, 0x3A4C, 0x4AEF, 0x5B0E, 0x29C9, 0x3145, 0x3165, 0x1128, 0x5351,
  0x4333, 0x53F6, 0x7C13, 0x7454, 0x734E, 0x39C8, 0x5AAB, 0x73AF, 0x8C32, 0x7BF1, 0x6B6C, 0x7C2F,
  0xB5B4, 0xA532, 0x8C2E, 0x842E, 0x7BAC, 0x630A, 0x736C, 0x5AC9, 0x4206, 0x52CA, 0x52A8, 0x52A9,
  0x4226, 0x3206, 0x4A68, 0x5B0A, 0x4A47, 0x4247, 0x4205, 0x39E5, 0x6B4A, 0x94B0, 0x94AF, 0x6B6B,
  0x6B6B, 0x8C6F, 0x8C6E, 0x842E, 0x738C, 0x7BED, 0x7BCC, 0x73AC, 0x62E8, 0x5AC7, 0x62E7, 0x5286,
  0x5AC9, 0x5AE9, 0x4226, 0x39E6, 0x39C6, 0x4207, 0x2924, 0x1903, 0x5AC9, 0x5AA8, 0x5AC8, 0x5287,
  0x5267, 0x5A87, 0x5287, 0x5AC7, 0x5AE8, 0x62C8, 0x52A7, 0x5AA7, 0x5AE8, 0x5266, 0x52C8, 0x5AA7,
  0x4A67, 0x5246, 0x4A47, 0x4A46, 0x52A8, 0x6B6B, 0x5B29, 0x6329, 0x636A, 0x6B6A, 0x73AC, 0x7BEC,
  0x8C8F, 0x8C2E, 0x7C2E, 0x840D, 0x842E, 0x7BCC, 0x6B8C, 0x738C, 0x73ED, 0x7BCC, 0x9448, 0xA4A9,
  0x9C48, 0x5A40, 0x7309, 0xACB0, 0xBCF5, 0x82EC, 0x110A, 0x194B, 0x094C, 0x63D6, 0x8CF5, 0x8493,
  0x638F, 0x5B2E, 0x3A6F, 0x29CC, 0x42AD, 0x7412, 0x5ACC, 0x4A29, 0x4A4A, 0x3966, 0x42CE, 0x6391,
  0x324D, 0x3A6D, 0x4AAD, 0x424C, 0x20E4, 0x20E3, 0x08E8, 0x530F, 0x3B34, 0x3B13, 0x5350, 0x6BB2,
  0x632E, 0x2925, 0x5AED, 0x7BB0, 0x8C94, 0x7BD1, 0x9D13, 0xBDF6, 0x94D1, 0x6B4B, 0x73CD, 0xA511,
  0xB5B5, 0xC5F6, 0xC637, 0x9491, 0x5AEA, 0x5AA9, 0x634C, 0x5AC9, 0x4A89, 0x52A9, 0x4AA9, 0x52C9,
  0x4A88, 0x5AEA, 0x73CD, 0x840E, 0x8C90, 0x7BED, 0x7C0E, 0x8C4F, 0x844F, 0x738C, 0x6B6B, 0x5AE9,
  0x31A5, 0x3184, 0x3A26, 0x4205, 0x4225, 0x5AC7, 0x73CB, 0x6B49, 0x3A06, 0x4A47, 0x2985, 0x2944,
  0x2104, 0x18A2, 0x1903, 0x20E3, 0x6B4A, 0x5AC8, 0x5AA7, 0x52A7, 0x62C7, 0x6308, 0x6308, 0x5AE7,
  0x62E8, 0x5AE8, 0x5A87, 0x4A66, 0x4A26, 0x4205, 0x5266, 0x4A66, 0x4A26, 0x5287, 0x4A46, 0x4226,
  0x62E8, 0x7BEC, 0x6B4A, 0x634A, 0x73AB, 0x73CB, 0x83EC, 0x6B6A, 0x73AB, 0x8CB0, 0x8C4E, 0x844E,
  0x94CF, 0x846E, 0x842D, 0x7C2E, 0x840D, 0x7C2E, 0x83C9, 0x7BC9, 0x83EB, 0x6349, 0x8348, 0x9C2C,
  0xCC4D, 0x8AA7, 0x10C8, 0x196B, 0x096D, 0x11CF, 0x3A6E, 0x6C35, 0x8CB5, 0x63B1, 0x8CB4, 0x7C52,
  0x7BAD, 0x7BAD, 0x83CC, 0xA4F1, 0x734D, 0x39E7, 0x5A8B, 0x5AEC, 0x528A, 0x52AB, 0x524A, 0x52AB,
  0x2945, 0x10A3, 0x1083, 0x424A, 0x428D, 0x3A6D, 0x52CD, 0x4ACD, 0x4A28, 0x39E7, 0x5AED, 0x7BF1,
  0x9493, 0x8432, 0x9CF2, 0xB5D5, 0x8C2E, 0x73AC, 0x7BCC, 0x842E, 0x8C4E, 0x94B0, 0x94AF, 0xAD93,
  0xBDD4, 0x842E, 0x62E9, 0x5AEA, 0x62C9, 0x5AA9, 0x5246, 0x5AC8, 0x840D, 0x840D, 0x840D, 0x73AC,
  0x7BCC, 0x94B0, 0x8C4F, 0x5B0A, 0x4A27, 0x1902, 0x20E2, 0x2123, 0x3185, 0x2103, 0x18C2, 0x10A2,
  0x3183, 0x4A88, 0x5AC8, 0x4246, 0x2944, 0x31A6, 0x2923, 0x2965, 0x39A6, 0x2986, 0x20E3, 0x1903,
  0x5AE9, 0x5AA8, 0x4A46, 0x5AA8, 0x6B4A, 0x5AA7, 0x52A7, 0x5AA7, 0x52A7, 0x5287, 0x4A66, 0x4A25,
  0x4226, 0x5AA8, 0x52A7, 0x5287, 0x4246, 0x39C4, 0x3A06, 0x4226, 0x4A87, 0x6B4A, 0x7C0D, 0x5AE8,
  0x6B6B, 0x7BCB, 0x6B8B, 0x6B6A, 0x52C9, 0x5AC8, 0x634A, 0x6B6A, 0x844E, 0x948F, 0x846F, 0x8C6F,
  0x7C0E, 0x7BED, 0x7388, 0x5263, 0x2982, 0x6B49, 0xA48E, 0x93CB, 0xB3ED, 0x9AC8, 0x110A, 0x216B,
  0x098F, 0x094D, 0x094A, 0x1129, 0x21CA, 0x322B, 0x3A6B, 0x3A2A, 0x9CF2, 0xC5D6, 0xA512, 0xC5D5,
  0x738F, 0x4A29, 0x528B, 0x5ACC, 0x424A, 0x6B2D, 0x5AED, 0x528B, 0x39E9, 0x18A3, 0x0063, 0x4209,
  0x5B71, 0x428D, 0x29C9, 0x31C9, 0x39E8, 0x3166, 0x634F, 0x8C53, 0x7C32, 0x7BF1, 0x7C0E, 0x842F,
  0x73ED, 0x7BED, 0x7C0D, 0x842E, 0x844E, 0x8C4E, 0x8CB0, 0x8C4E, 0xAD73, 0xB594, 0x840F, 0x6B4B,
  0x62EA, 0x6B0A, 0x736B, 0x7B6B, 0x8C6F, 0x8C4E, 0x94B0, 0x8C6F, 0x636B, 0x4A67, 0x2144, 0x18E2,
  0x2144, 0x2123, 0x18E3, 0x18C2, 0x10C2, 0x1081, 0x0882, 0x0861, 0x2143, 0x31A4, 0x29A4, 0x31A4,
  0x2124, 0x18C2, 0x18E3, 0x20E3, 0x18E4, 0x20E3, 0x1903, 0x2104, 0x5246, 0x632A, 0x4A26, 0x4A67,
  0x5245, 0x5286, 0x5266, 0x4A66, 0x5AA7, 0x5AC8, 0x4205, 0x4226, 0x4A46, 0x4226, 0x41E5, 0x3A05,
  0x41E5, 0x4226, 0x5267, 0x5AC9, 0x5AC8, 0x632A, 0x73AB, 0x73CC, 0x5AC8, 0x5AE9, 0x5AC8, 0x634A,
  0x946E, 0x6B8B, 0x6329, 0x52E8, 0x632A, 0x52E8, 0x7BEC, 0x8C8F, 0x7BCC, 0x73ED, 0x842E, 0x3A06,
  0x31A4, 0x8C6F, 0x836A, 0x8BAB, 0xB3ED, 0x9B6B, 0x298B, 0x196B, 0x11AF, 0x098F, 0x096F, 0x0990,
  0x096F, 0x014F, 0x012C, 0x012D, 0x632C, 0x73AE, 0x6B6B, 0x52C9, 0x5ACA, 0x4A8A, 0x528A, 0x528B,
  0x5A8B, 0x630D, 0x630D, 0x5AEC, 0x526A, 0x2125, 0x0000, 0x52AB, 0x6B2E, 0x8411, 0x736E, 0x422A,
  0x4209, 0x2966, 0x7268, 0x830B, 0x7AA8, 0x832A, 0x8C6F, 0x9D11, 0x83ED, 0x73AC, 0x7BCC, 0x7C0D,
  0x7BEC, 0x7BED, 0x9CF0, 0x844D, 0x840D, 0xA572, 0xB5B3, 0x8C8F, 0x62A9, 0x4A47, 0x5226, 0x5288,
  0x7BCC, 0x634B, 0x5AC9, 0x4247, 0x39E6, 0x18E3, 0x20E3, 0x1904, 0x18A2, 0x1082, 0x1061, 0x0861,
  0x0841, 0x0061, 0x0841, 0x10A2, 0x18C2, 0x18C2, 0x18C2, 0x10C2, 0x18E2, 0x1903, 0x2103, 0x2144,
  0x2123, 0x2144, 0x2103, 0x2964, 0x5AE9, 0x4A26, 0x31C5, 0x41E5, 0x4246, 0x5266, 0x52C8, 0x5266,
  0x4226, 0x4A46, 0x4A67, 0x4A47, 0x4A88, 0x5267, 0x5AE9, 0x52A8, 0x52A8, 0x4A47, 0x4247, 0x5288,
  0x632A, 0x6B4A, 0x73AC, 0x840D, 0x52E9, 0x39E5, 0x4A67, 0x4A46, 0x6B6B, 0x8C4E, 0x844E, 0x842E,
  0x5B09, 0x5AC8, 0x7C4E, 0x73AB, 0x5B0A, 0x6B6B, 0x73CD, 0x630A, 0x4A88, 0x9490, 0x8BCC, 0x93CC,
  0xA38C, 0xA34B, 0x29CD, 0x192A, 0x0990, 0x098F, 0x0990, 0x096F, 0x0170, 0x0990, 0x096E, 0x116E,
  0x634D, 0x5ACB, 0x5B0B, 0x6B6C, 0x94B3, 0x526A, 0x4A6B, 0x41E8, 0x528B, 0x6B2D, 0x424A, 0x4209,
  0x422A, 0x2966, 0x31C8, 0x632D, 0x5AED, 0x5AAC, 0x6B4E, 0x62EC, 0x4A8B, 0x31C8, 0x830B, 0xB470,
  0x834B, 0xA40E, 0xA573, 0x8C6F, 0x844F, 0x842E, 0x7C0E, 0x7BED, 0x844F, 0x840D, 0x7C2D, 0xA511,
  0x7C0E, 0x842E, 0xB5B4, 0x842E, 0x18C2, 0x5A68, 0x5288, 0x41C5, 0x3A06, 0x2963, 0x2144, 0x2943,
  0x1924, 0x18C2, 0x10A2, 0x1082, 0x0862, 0x0861, 0x0882, 0x1082, 0x08A3, 0x1082, 0x10A2, 0x18E3,
  0x2104, 0x2103, 0x10A2, 0x2103, 0x31C7, 0x31A6, 0x3A07, 0x31A5, 0x31C7, 0x3165, 0x2985, 0x39E7,
  0x39C4, 0x52A8, 0x5AA8, 0x4A88, 0x6B4A, 0x6329, 0x5287, 0x5AE9, 0x5AC8, 0x5AE9, 0x6B6A, 0x6B8B,
  0x736A, 0x738B, 0x6B29, 0x5AE8, 0x5AC7, 0x52C8, 0x4A46, 0x4A67, 0x6309, 0x634A, 0x6B4A, 0x6B6A,
  0x6309, 0x4A87, 0x5287, 0x4A88, 0x736B, 0x94B0, 0x738B, 0x7BEC, 0x738B, 0x52E9, 0x738B, 0x6B6B,
  0x5288, 0x4A88, 0x62E9, 0x7C0D, 0xACAF, 0x9C4D, 0xA4D0, 0xA4D0, 0x9B29, 0x9B4A, 0x31CC, 0x194B,
  0x116E, 0x096E, 0x196C, 0x114D, 0x194C, 0x114C, 0x094E, 0x096E, 0x7C0F, 0x94F3, 0xAD73, 0xA573,
  0x630C, 0x39E8, 0x524A, 0x39E8, 0x4A49, 0x5AEC, 0x736E, 0x634E, 0x5AAB, 0x39E8, 0xA514, 0x634D,
  0x39A7, 0x3A09, 0x4A29, 0x52EC, 0x6269, 0x41C7, 0xDC6D, 0xD46E, 0x9BED, 0x8BCD, 0xA553, 0x9D12,
  0x94AF, 0x94D0, 0x946E, 0x844E, 0x840C, 0x9CF0, 0x8C4D, 0x844E, 0x840D, 0x7BED, 0x9CF1, 0x7C0E,
  0x3101, 0x5A87, 0x6AA6, 0x6AC7, 0x4A27, 0x4228, 0x5289, 0x52A9, 0x5269, 0x31A6, 0x2924, 0x2104,
  0x20E3, 0x2124, 0x2103, 0x1904, 0x2902, 0x2943, 0x4142, 0x3122, 0x3143, 0x2923, 0x2923, 0x31A5,
  0x52A8, 0x4247, 0x52A8, 0x5AE9, 0x4205, 0x39C5, 0x4206, 0x4227, 0x5B0A, 0x5AC8, 0x4247, 0x41E6,
  0x5AE9, 0x5AA8, 0x5B09, 0x6309, 0x5AE9, 0x5AE9, 0x634A, 0x6B4A, 0x6329, 0x736A, 0x5AE8, 0x6B29,
  0x52C8, 0x5AE8, 0x52C9, 0x4A67, 0x632A, 0x6309, 0x5AE9, 0x5AC8, 0x6B6B, 0x738B, 0x73AD, 0x39C5,
  0x4267, 0x738C, 0x6B6B, 0x7BCC, 0x7BED, 0x738B, 0x4247, 0x6B4B, 0x5AEA, 0x5288, 0x52A8, 0x6309,
  0xACD0, 0xACAF, 0xAD32, 0xBD73, 0x934B, 0xA38B, 0x3A4F, 0x192A, 0x098F, 0x094E, 0x092C, 0x114C,
  0x090C, 0x08EB, 0x014E, 0x094E, 0x8472, 0xAD96, 0xAD94, 0x738B, 0x2966, 0x3166, 0x39E9, 0x4A2A,
  0x4229, 0x41E8, 0x31C8, 0x4A2A, 0x422A, 0x2925, 0x73D0, 0x736E, 0x634E, 0x736F, 0x52CC, 0x4209,
  0x4A08, 0xA492, 0xE4CF, 0xC3AA, 0x72EA, 0x93EE, 0x9D33, 0x8C90, 0x8C8F, 0x8C4E, 0x9D11, 0x842E,
  0x7C0D, 0x94AF, 0x844E, 0x738B, 0x7C0E, 0x840E, 0x7BEE, 0x8C4F, 0x7B8B, 0x6287, 0x7B29, 0x7B08,
  0x4A69, 0x3185, 0x31A6, 0x39C6, 0x4228, 0x4208, 0x4A49, 0x4A49, 0x4228, 0x39E7, 0x3A08, 0x4207,
  0x39A5, 0x4A47, 0x6AE9, 0x5A26, 0x39E6, 0x3985, 0x2964, 0x39A5, 0x31C6, 0x4A47, 0x8C6F, 0x840E,
  0x6B8C, 0x6B6B, 0x6B6C, 0x738C, 0x62E9, 0x39C5, 0x3163, 0x3A06, 0x52A8, 0x52A8, 0x5267, 0x4A67,
  0x5267, 0x4A67, 0x5266, 0x4226, 0x5266, 0x6B8B, 0x738A, 0x5AE8, 0x4A66, 0x52A7, 0x5287, 0x5AE9,
  0x5AC8, 0x630A, 0x6309, 0x6B8B, 0x738B, 0x632A, 0x6B4A, 0x842E, 0x6B6B, 0x6BAC, 0x83ED, 0x7BED,
  0x840D, 0x73CC, 0x6B4A, 0x6B8B, 0x62E8, 0x5AE9, 0x5A86, 0x6B09, 0xA4D0, 0xA511, 0xAD32, 0xB5B4,
  0xA3CD, 0x9BCD, 0x62F0, 0x2129, 0x0190, 0x0190, 0x012C, 0x012D, 0x012D, 0x012D, 0x0990, 0x012F,
  0x7431, 0xAE39, 0xA532, 0x4267, 0x528B, 0x52AC, 0x528B, 0x424A, 0x41E8, 0x39E9, 0x4A29, 0x39E8,
  0x3187, 0x39E8, 0x630E, 0x632F, 0x630D, 0x6B90, 0x630D, 0x52AC, 0xAB29, 0xE531, 0xB44E, 0x7AE9,
  0x4A8B, 0x73F0, 0x8C2E, 0x844F, 0x6B4A, 0x7C0D, 0x840D, 0x844E, 0x83EC, 0x844E, 0x8C4E, 0x73CC,
  0x840D, 0x8C6E, 0x73AC, 0x842E, 0x944E, 0x7BCC, 0x8BCC, 0x7B8B, 0x5247, 0x5289, 0x6B0A, 0x41E6,
  0x41E5, 0x5AA8, 0x62A8, 0x62C8, 0x5A68, 0x4A27, 0x6AA7, 0x72E8, 0x82C6, 0x72A6, 0x8B47, 0x7AE6,
  0x6A44, 0x72C6, 0x7AC8, 0x6A87, 0x6246, 0x62C8, 0x738B, 0x632A, 0x6B2A, 0x73CC, 0x7BCD, 0x842F,
  0x3184, 0x4206, 0x5B0A, 0x5AC9, 0x52C9, 0x4206, 0x4206, 0x4A47, 0x52A8, 0x5AC9, 0x52A8, 0x5AE9,
  0x632A, 0x52A8, 0x5AC8, 0x62E8, 0x52C8, 0x4A67, 0x4A88, 0x4A46, 0x4A67, 0x5AC9, 0x52C9, 0x6B4A,
  0x6B6B, 0x2963, 0x3A26, 0x7BCC, 0x8C6F, 0x4A67, 0x3A06, 0x5AC9, 0x5B0A, 0x6B6B, 0x634B, 0x6309,
  0x632A, 0x6B2A, 0x7BCC, 0x9C8F, 0xA4F1, 0x9C8F, 0xA512, 0xAD53, 0x9BEE, 0x9B8C, 0x73D4, 0x294A,
  0x01B1, 0x01D1, 0x09AF, 0x118E, 0x11D0, 0x096E, 0x0170, 0x012E, 0x3A6B, 0xA5B7, 0x52C9, 0x0860,
  0x1926, 0x526B, 0x5B0D, 0x736F, 0x52CC, 0x41E9, 0x31A7, 0x20E5, 0x2967, 0x3167, 0x422B, 0x73B1,
  0x632F, 0x4A6B, 0x4A8B, 0x6B6E, 0xDD11, 0xC42D, 0x830A, 0x7A88, 0x6BAF, 0x6B8F, 0x4247, 0x73AD,
  0x73AD, 0x738C, 0x7C0E, 0x840D, 0x842E, 0x842D, 0x73CC, 0x83ED, 0x7C0D, 0x9CB0, 0x844E, 0x844E,
  0x83ED, 0x6AE9, 0x7B8C, 0x8BAC, 0x632C, 0x6B2B, 0x632B, 0x7BAD, 0x738C, 0x736B, 0x7BAC, 0x62C8,
  0x62EA, 0x4A06, 0x6AA7, 0x7B08, 0x8308, 0x9389, 0x72C5, 0x8B27, 0x8B89, 0x7265, 0x72C8, 0x6A46,
  0x6AE9, 0x5A26, 0x5AE9, 0x6B4B, 0x73AC, 0x73AC, 0x636C, 0x5AEA, 0x39C5, 0x52A9, 0x5AE8, 0x5AE9,
  0x5287, 0x632A, 0x6B2A, 0x5AE9, 0x5287, 0x5AC9, 0x6B4A, 0x5AE9, 0x52A8, 0x52C9, 0x4A26, 0x4227,
  0x5AA8, 0x52A8, 0x5267, 0x5288, 0x5AA8, 0x4A47, 0x3983, 0x39A3, 0x41A3, 0x5A87, 0x738B, 0x8C4E,
  0x7B08, 0x6287, 0x5A04, 0x5204, 0x5A87, 0x6B09, 0x62A7, 0x6B29, 0x8BAA, 0x942D, 0x9C6E, 0xB552,
  0xB552, 0xA4F1, 0xAD11, 0xAD52, 0x6AAA, 0x7B4D, 0xB3EE, 0x7207, 0x094C, 0x096D, 0x090A, 0x012B,
  0x012D, 0x016E, 0x098F, 0x016E, 0x426B, 0x7432, 0x1082, 0x18E4, 0x18E4, 0x10C4, 0x10A3, 0x1904,
  0x2105, 0x18E4, 0x2104, 0x2946, 0x18E6, 0x2169, 0x31EE, 0x322F, 0x5A8C, 0x5AED, 0x92E9, 0xCCF1,
  0xBCB0, 0x8B2A, 0x4A6A, 0x5B0D, 0x738E, 0x6B8F, 0x5268, 0x634B, 0x7BCC, 0x73CC, 0x840D, 0x73CD,
  0x7BEC, 0x8C4E, 0x840D, 0x7C0D, 0x840C, 0x8CAF, 0x9CCF, 0x7C0C, 0x6B4B, 0x634B, 0xA513, 0x9D33,
  0xAD53, 0x9D13, 0xA4F1, 0xA553, 0xA532, 0x9490, 0xA4F1, 0x9D11, 0xA4D1, 0x8C6F, 0x8BEC, 0x83EC,
  0x836B, 0x6AC8, 0x6AE7, 0x7B69, 0x8B89, 0x7B48, 0x7AE8, 0x7B29, 0x7B4A, 0x5A87, 0x736B, 0x73CD,
  0x7BCC, 0x5AE9, 0x4A26, 0x4246, 0x4247, 0x4A47, 0x4A88, 0x5AA8, 0x4A67, 0x5267, 0x52A8, 0x5288,
  0x52C9, 0x52A8, 0x52A9, 0x4A47, 0x31C5, 0x39E5, 0x3184, 0x4206, 0x4A67, 0x5288, 0x4227, 0x4206,
  0x39E6, 0x41E6, 0x4A46, 0x734A, 0x7BAC, 0x6AE9, 0x738C, 0x8C4E, 0x838B, 0x7B09, 0x7B29, 0x7B08,
  0x5AC8, 0x736A, 0x738B, 0x83AC, 0x9C4E, 0x9C4D, 0xB552, 0xBD72, 0xA4F1, 0xA4D0, 0x9CF1, 0xB553,
  0x836E, 0x834D, 0xB40F, 0xB40F, 0x53B6, 0x4B54, 0x3AF2, 0x220E, 0x11D0, 0x098E, 0x01B0, 0x014E,
  0x7412, 0x52CC, 0x10C4, 0x2105, 0x10E5, 0x18E5, 0x1905, 0x18E4, 0x18E5, 0x2946, 0x2987, 0x2946,
  0x10E7, 0x31CA, 0x2A0E, 0x10EA, 0x31A8, 0x62ED, 0xC4D1, 0xCCD1, 0x6A48, 0x5164, 0x5B2E, 0x634E,
  0x6BAF, 0x5AEC, 0x39E6, 0x4207, 0x636B, 0x7BED, 0x73CD, 0x7BED, 0x7BED, 0x842E, 0x842E, 0x94B0,
  0x844E, 0x842D, 0x9D51, 0x948E, 0x6B8D, 0x5AC9, 0x73CE, 0x94B2, 0x8C91, 0x9491, 0x94B1, 0x9490,
  0x844F, 0x8C4F, 0x94B0, 0x9CB0, 0x94B1, 0x9CB1, 0x9CB0, 0xA4B0, 0xA490, 0x9C2E, 0x944D, 0x942C,
  0x8BCA, 0x8B89, 0x93ED, 0x834A, 0x62E9, 0x838C, 0x842F, 0x7BEE, 0x52C9, 0x5AC9, 0x52A8, 0x630A,
  0x41C4, 0x39A4, 0x39A4, 0x41E5, 0x49C5, 0x41C4, 0x4A05, 0x5267, 0x5A88, 0x4A67, 0x41A4, 0x41E5,
  0x59E4, 0x49A3, 0x51C4, 0x5A46, 0x6287, 0x62A8, 0x62A8, 0x6AE9, 0x6AC8, 0x7B8B, 0x8BEC, 0x7B8B,
  0x838A, 0x7B4A, 0x838B, 0x7B4A, 0x72A7, 0x8B8A, 0x7B28, 0x7B49, 0x7B29, 0x8BCC, 0x8BCC, 0x942D,
  0x940D, 0x8C0D, 0xACD0, 0xA4D0, 0x9C4D, 0x9C8F, 0xA4AF, 0x9CD0, 0x940F, 0x83AE, 0xAC50, 0xA40F,
  0x8410, 0x8C52, 0x8410, 0x738F, 0x5ACC, 0x4A6B, 0x528B, 0x632E, 0x7BAF, 0x3187, 0x2105, 0x2146,
  0x20E4, 0x10C4, 0x18C3, 0x18E4, 0x2104, 0x2105, 0x2104, 0x2125, 0x2125, 0x1946, 0x30C3, 0x72EC,
  0xE532, 0xED93, 0xAC72, 0x5A2A, 0x10E9, 0x114B, 0x214A, 0x21AB, 0x3A08, 0x3A08, 0x4226, 0x4226,
  0x630A, 0x7C0E, 0x736B, 0x842E, 0x83ED, 0x7C0D, 0x8C6E, 0x844E, 0x83EC, 0x7BEC, 0x842D, 0x846E,
  0x6B4B, 0x634B, 0x8C2F, 0xA533, 0x94B0, 0x94D1, 0xA512, 0xAD94, 0xAD53, 0x9D12, 0x9490, 0x94D1,
  0xA4F1, 0xA532, 0x9CD1, 0x9CF2, 0x9CF1, 0xA532, 0x9CD0, 0x94B0, 0xA512, 0xA553, 0xA511, 0x94B0,
  0x8C4E, 0x94D1, 0x946F, 0x8C4E, 0x8C4E, 0x7C0D, 0x7BCD, 0x8C90, 0x39C5, 0x41E5, 0x4206, 0x41C5,
  0x41E6, 0x6AE9, 0x5AA9, 0x5A88, 0x4A47, 0x5247, 0x4A06, 0x5206, 0x6AA7, 0x72A7, 0x6AA8, 0x72C9,
  0x62A8, 0x6AC9, 0x6B0A, 0x6AE9, 0x734A, 0x8BCC, 0x942E, 0x9C4E, 0x942D, 0x942D, 0x838B, 0x7B2A,
  0x836A, 0x8329, 0x6B08, 0x838A, 0x944E, 0xA46E, 0x9C6F, 0xA46F, 0x9CB0, 0xA48F, 0x9C90, 0xACD0,
  0xACF1, 0xACF0, 0xA4F1, 0xA4B0, 0x83CF, 0x730B, 0x832C, 0x7AAA, 0x630D, 0x5AEC, 0x52AB, 0x5AAB,
  0x5B0D, 0x632D, 0x634F, 0x738F, 0x39E9, 0x18A3, 0x1926, 0x2105, 0x1905, 0x18C4, 0x10A3, 0x18C4,
  0x18E5, 0x18C4, 0x10A3, 0x1062, 0x1947, 0x1905, 0x49C8, 0x93CF, 0xB3CD, 0x9AC9, 0x4187, 0x38E5,
  0x21AC, 0x218B, 0x196B, 0x1109, 0x29A7, 0x4229, 0x636B, 0x5AC8, 0x52A9, 0x738C, 0x73CD, 0x8C2E,
  0x7C0E, 0x738B, 0x73CC, 0x842E, 0x73CD, 0x73AC, 0x844E, 0x8C6E, 0x6B8C, 0x6B4B, 0x842F, 0x8C70,
  0x94D1, 0x9490, 0x8C90, 0x8C6F, 0x94D1, 0xA512, 0xA553, 0xAD33, 0x846F, 0x94B0, 0x94D1, 0xA4F2,
  0xA553, 0xAD52, 0x8C90, 0xA512, 0x94F1, 0x94B0, 0x7C0E, 0x738C, 0x73AC, 0x73AC, 0x73AD, 0x83ED,
  0x842E, 0x738C, 0x73AD, 0x7BCD, 0x6245, 0x6287, 0x5A05, 0x6AA7, 0x6226, 0x6287, 0x72A8, 0x5A46,
  0x6265, 0x6AC7, 0x7B49, 0x7309, 0x7287, 0x6246, 0x6A87, 0x6AC8, 0x6287, 0x6B09, 0x7B4A, 0x83AC,
  0x8BAB, 0x838B, 0x838B, 0x944E, 0x8BCC, 0x83CC, 0x8BEC, 0xA4D0, 0xAD11, 0x9C8F, 0x942D, 0x9C6E,
  0xA48F, 0xA4F0, 0xA48F, 0x946E, 0xA4AF, 0xA4D0, 0xA48F, 0xA4AF, 0xB4F0, 0xACF0, 0xB4F1, 0xACF1,
  0x8C31, 0x738F, 0x62EC, 0x5AEC, 0x62EB, 0x5AEC, 0x630C, 0x5B0D, 0x5AAA, 0x5AEC, 0x6B2D, 0x6B6E,
  0x528A, 0x2966, 0x2105, 0x2145, 0x2104, 0x18E4, 0x1082, 0x2125, 0x3166, 0x31C8, 0x2967, 0x10C4,
  0x1129, 0x112A, 0x18E8, 0x08A7, 0x2969, 0x2169, 0x21AD, 0x21EF, 0x21AC, 0x198B, 0x2148, 0x1107,
  0x5AC8, 0x6BAC, 0x842C, 0x94EF, 0x5AE8, 0x6329, 0x7BCC, 0x7C0E, 0x83EC, 0x73EC, 0x738B, 0x73CC,
  0x842E, 0x73CD, 0x8C6E, 0x844E, 0x736B, 0x73CD, 0x9470, 0x39E7, 0x7BED, 0x73CD, 0x6B6A, 0x73AC,
  0x9CD0, 0xA532, 0x9CD0, 0x9CD0, 0x83ED, 0x844E, 0xB553, 0x9CD1, 0xA4D1, 0xA512, 0x9C8F, 0x9CF1,
  0xAD52, 0xA511, 0x8C4E, 0x8C6F, 0x8C4E, 0x840E, 0x8C4E, 0x844E, 0x8C2E, 0x842E, 0x83ED, 0x842E,
  0x5205, 0x5A26, 0x5A46, 0x72A8, 0x5A26, 0x6247, 0x62A8, 0x6A87, 0x7B49, 0x6A86, 0x62A8, 0x6A87,
  0x7B2A, 0x72A8, 0x6287, 0x6267, 0x62C9, 0x62A8, 0x62C9, 0x7B6B, 0x7B4A, 0x836A, 0x7B8B, 0x838B,
  0x8C2E, 0x9C6F, 0xA4D0, 0xA4B0, 0xA4F1, 0xA4B0, 0xA4D0, 0xA48F, 0x9C8F, 0xA4B0, 0xA4D0, 0xA4B0,
  0x9CB0, 0xA4B0, 0xA4B0, 0xA4B0, 0xACD0, 0xACCF, 0xB552, 0xACB0, 0x7C11, 0x7BAF, 0x634E, 0x5AEC,
  0x5B0D, 0x62EC, 0x632D, 0x4A4A, 0x3A08, 0x5ACB, 0x634E, 0x5ACC, 0x634D, 0x52AB, 0x10C4, 0x2105,
  0x18E5, 0x18E4, 0x10C4, 0x2946, 0x39C9, 0x39A8, 0x2968, 0x18E5, 0x21CD, 0x29AC, 0x320D, 0x31CC,
  0x216A, 0x31CB, 0x2A0F, 0x21AE, 0x198C, 0x194B, 0x1107, 0x29AA, 0x5B2A, 0x6B6B, 0x740C, 0x9CEF,
  0x844E, 0x52A8, 0x5B2A, 0x7BED, 0x7BED, 0x840D, 0x8C8F, 0x738B, 0x73AC, 0x7BED, 0x7C0D, 0x738B,
  0x4A89, 0x5AC9, 0x7C0F, 0x1081, 0x31C6, 0x8C2F, 0x7C0D, 0x7BAC, 0x842E, 0x948F, 0x8C90, 0x9490,
  0x8C70, 0x840D, 0x94D1, 0x8C4F, 0x7BCD, 0x8C4F, 0x840E, 0x8C2E, 0x9490, 0x946F, 0x8C6F, 0x8C2E,
  0x840E, 0x83ED, 0x7C0E, 0x8C2E, 0x844F, 0x840E, 0x8C4F, 0x8C4E, 0x5A05, 0x6AA8, 0x6AA7, 0x5A46,
  0x62A7, 0x5A88, 0x6287, 0x62A7, 0x6AA7, 0x5A87, 0x49C4, 0x5267, 0x6AE8, 0x7BAC, 0x7B8B, 0x734A,
  0x734A, 0x83EC, 0x942D, 0x736A, 0x6B09, 0x7BAB, 0x838B, 0x732A, 0x7B4A, 0x946F, 0x9C4E, 0x9CAF,
  0x9C8F, 0x9CAF, 0xA4D0, 0x9CB0, 0xA4AF, 0x9CD0, 0xACF0, 0x9CAF, 0x9C6E, 0xA4D0, 0xACF0, 0xAD11,
  0xB4EF, 0xB4F0, 0xBD52, 0xA4B0, 0x7BAF, 0x738F, 0x6B2C, 0x634D, 0x6B2D, 0x632D, 0x62EB, 0x39C7,
  0x5269, 0x5AEC, 0x630C, 0x4229, 0x2945, 0x1904, 0x2105, 0x2125, 0x2104, 0x18E4, 0x18C3, 0x31A7,
  0x39E8, 0x29C8, 0x2905, 0x3187, 0x522C, 0x398A, 0x21CF, 0x2230, 0x2A30, 0x2210, 0x31ED, 0x218C,
  0x2149, 0x1128, 0x2964, 0x4AA9, 0x52C8, 0x6B6B, 0x7C0B, 0x73EB, 0x94AE, 0x6BAA, 0x4A47, 0x6B6B,
  0x8C2D, 0x7BEC, 0x8C2E, 0x73AC, 0x73AC, 0x73CC, 0x8C4E, 0x6B6B, 0x4A48, 0x6B6C, 0x6B2B, 0x4228,
  0x2102, 0x2985, 0x6B6B, 0x842E, 0x8C2E, 0x842E, 0x94B0, 0x844E, 0x83ED, 0x840E, 0x7BAC, 0x9490,
  0x9CB0, 0x842E, 0x8C4E, 0x8C6F, 0x8C0D, 0x8C6F, 0x8C4E, 0x8C4F, 0x946F, 0x8C6F, 0x8C4E, 0x9490,
  0x944F, 0x8C4F, 0x8C2E, 0x73CD, 0x6AC8, 0x7309, 0x7B6B, 0x72E9, 0x62E9, 0x730A, 0x7B6B, 0x7B6A,
  0x83AC, 0x836B, 0x734B, 0x6AE9, 0x6B0A, 0x7B6B, 0x7BAC, 0x7B8B, 0x83CC, 0x8C0D, 0x840D, 0x8C0C,
  0x7BCC, 0x83CC, 0x944F, 0xA4B0, 0x7B6C, 0x940E, 0xB552, 0xB511, 0xAD52, 0x9CAF, 0x9CB0, 0xA4D0,
  0x9CD1, 0x9C8F, 0xA4D0, 0x9C6E, 0xA4F1, 0xACF1, 0xB552, 0xB552, 0xB531, 0xBD30, 0xBD73, 0x8BED,
  0x5B0D, 0x5AAB, 0x5AEC, 0x6B4D, 0x634E, 0x6B2D, 0x4A6A, 0x3186, 0x4A6A, 0x62EC, 0x52CC, 0x41E8,
  0x31A7, 0x2104, 0x1905, 0x2105, 0x1905, 0x20E4, 0x10C4, 0x2966, 0x2167, 0x2167, 0x20E5, 0x83D0,
  0xCE1D, 0x7B72, 0x19CF, 0x21CF, 0x2211, 0x2A10, 0x21AD, 0x194B, 0x1949, 0x2149, 0x6B8D, 0x52A9,
  0x3A06, 0x3A05, 0x6BCB, 0x844D, 0x848E, 0x7BEB, 0x4A68, 0x630A, 0x844E, 0x8C4E, 0x8C6F, 0x840D,
  0x73AC, 0x73AC, 0x7C0E, 0x52A8, 0x4A8A, 0x5AEB, 0x528A, 0x5AAA, 0x6B8D, 0x62EA, 0x636B, 0x8C6F,
  0x842E, 0x8C2E, 0x8C70, 0x8C4E, 0x7BED, 0x83ED, 0x73AD, 0x9490, 0xA553, 0x8C2E, 0x844F, 0x8C2E,
  0x842E, 0x840E, 0x842E, 0x9CD0, 0x94B0, 0xA4F1, 0x842F, 0x8C4F, 0x844F, 0x83EE, 0x7C0E, 0x738C,
  0x5A46, 0x62E9, 0x6B09, 0x6B2A, 0x6AE8, 0x62E8, 0x7329, 0x7349, 0x7B8B, 0x7BCC, 0x83AB, 0x7BAB,
  0x7B8B, 0x7B8B, 0x7B4B, 0x734B, 0x732A, 0x736B, 0x838B, 0x9C8F, 0xACF0, 0xA4F0, 0xA4B0, 0x9CB0,
  0xA4AF, 0xAD52, 0xAD11, 0xA4F1, 0xACF0, 0xAD31, 0x9C8F, 0xA4D0, 0xB531, 0xA4D0, 0xACD0, 0xA4F0,
  0xB4F0, 0xB510, 0xB4F0, 0xACAF, 0xB4EF, 0xB530, 0xB553, 0x944F, 0x6B4D, 0x5B0D, 0x5AAA, 0x5ACB,
  0x5AAB, 0x5AEC, 0x4A49, 0x39C7, 0x5269, 0x52AB, 0x4A28, 0x4229, 0x3165, 0x1904, 0x2104, 0x2104,
  0x2104, 0x18E4, 0x5984, 0xC4F2, 0xB3ED, 0x7A68, 0x5123, 0xC4D2, 0xFDF5, 0xF5F5, 0x7A8A, 0x4946,
  0x3169, 0x2949, 0x216A, 0x196A, 0x2103, 0x31E7, 0x73C9, 0x846C, 0x4A67, 0x29A5, 0x6B6A, 0x844E,
  0x842C, 0x5B49, 0x5AE9, 0x6B8C, 0x6B4A, 0x844E, 0x946E, 0x8C6E, 0x738C, 0x6B8C, 0x6308, 0x5B08,
  0x6A87, 0x5A46, 0x62C9, 0x5AA9, 0x5268, 0x52A9, 0x7BED, 0x7C0D, 0x6B4A, 0x9490, 0x946F, 0x842E,
  0x8C4E, 0x844E, 0x7BAC, 0x630A, 0x738B, 0x94B0, 0x8C2E, 0x73AC, 0x9CB0, 0xAD32, 0x946F, 0x9CB0,
  0x9CB0, 0x94D0, 0x946F, 0x842E, 0x738C, 0x738C, 0x83CD, 0x6B6B, 0x6AE9, 0x730A, 0x6B2B, 0x6AE9,
  0x6B29, 0x62A7, 0x734A, 0x7B6A, 0x6B4A, 0x734A, 0x734A, 0x83AB, 0x9C90, 0x8C0E, 0x83CD, 0x83AC,
  0x6B2B, 0x6AE9, 0x83CC, 0x83AC, 0x7BCC, 0x7B6B, 0x8C0E, 0x9C90, 0xA512, 0xACF1, 0x9CB0, 0x9C90,
  0xA4F1, 0xA4F1, 0xA4F1, 0xA4D0, 0x9CD1, 0xA4D0, 0xA4D0, 0xA4D0, 0xACD0, 0xB4F0, 0xB511, 0xB4F0,
  0xACCF, 0xACAE, 0xB553, 0x8BED, 0x632E, 0x6B2D, 0x5B0C, 0x5AAB, 0x5AEC, 0x5AAB, 0x52AB, 0x39C7,
  0x4A6A, 0x4A49, 0x4249, 0x4A29, 0x2986, 0x18E4, 0x18E4, 0x18C4, 0x10C4, 0x0841, 0x830B, 0xE5D5,
  0xDD74, 0xD512, 0x82CA, 0xCCF3, 0xE573, 0xDD12, 0xA432, 0xBC93, 0x8C76, 0x420C, 0x1129, 0x1108,
  0x4269, 0x73AE, 0x73EB, 0x6327, 0x634C, 0x39E6, 0x31E5, 0x5AE9, 0x7C4D, 0x73CB, 0x4247, 0x52A8,
  0x4267, 0x7BCC, 0x844E, 0x736B, 0x5B0A, 0x5AC9, 0x4245, 0x6308, 0x7329, 0x72E8, 0x6B4C, 0x5A88,
  0x4A68, 0x4A27, 0x634B, 0x840E, 0x73CD, 0x736B, 0x73CD, 0x83ED, 0x842E, 0x840E, 0x7BED, 0x840E,
  0x738C, 0x8C0E, 0x842E, 0x8C2E, 0x8C6F, 0x948F, 0x9CD1, 0x9CB0, 0x840E, 0x7BCC, 0x738C, 0x738C,
  0x6B4B, 0x62E9, 0x5AC9, 0x6B0A, 0x8BCD, 0x6B0A, 0x734A, 0x7B8B, 0x83AB, 0x7B8B, 0x8BED, 0x83CC,
  0x7B8B, 0x736B, 0x83AC, 0x944F, 0xAD31, 0x9CB0, 0x942E, 0x8C4F, 0x9C8F, 0x8C4E, 0x8BCC, 0x8C0E,
  0x942E, 0x83ED, 0x8BEC, 0x946F, 0x9C8F, 0xAD52, 0xB532, 0xAD32, 0xAD31, 0xA4F1, 0xA4AF, 0x9CAF,
  0xBD31, 0xB531, 0xB510, 0xA4AF, 0xB4CE, 0xB510, 0xBD10, 0xB530, 0xB4EF, 0xA46D, 0x942F, 0x83CE,
  0x6B2D, 0x630D, 0x630C, 0x6B4D, 0x5AAA, 0x6B6D, 0x836C, 0x49E6, 0x5248, 0x5269, 0x5269, 0x4249,
  0x4943, 0x72C9, 0xB38B, 0x9B09, 0x49E5, 0x3123, 0xC40D, 0xE532, 0xE4CF, 0xCC2D, 0x7A67, 0xC4B0,
  0xCC4F, 0xC42F, 0xD46F, 0xED53, 0xE532, 0xC46F, 0x7B6C, 0x5227, 0x6329, 0x8C8E, 0x9CEF, 0x5B28,
  0x4225, 0x73CB, 0x52C7, 0x4A87, 0x6B8B, 0x8C8F, 0x5B09, 0x2162, 0x3164, 0x52C9, 0x8C4E, 0x632A,
  0x4A46, 0x4A47, 0x4A44, 0x5B07, 0x9347, 0x8B07, 0x7A85, 0x72A6, 0x8C0C, 0x738B, 0x7BAC, 0x7BCD,
  0x8C0D, 0x842E, 0x8C2E, 0x8C6F, 0x944E, 0x8C4E, 0x8C4E, 0x948F, 0x944E, 0x73AC, 0x7BAB, 0x842E,
  0x83ED, 0x7BED, 0x944E, 0x7BCC, 0x7BAC, 0x7C0D, 0x8C0D, 0x7BED, 0x83AC, 0x8C2E, 0x7B6B, 0x7BAC,
  0x734B, 0x7B4B, 0x738B, 0x7B8B, 0x734B, 0x83CC, 0x7BAC, 0x7B6B, 0x736B, 0x83AC, 0x7BAD, 0x946F,
  0x9490, 0x9C90, 0x9CB1, 0x944F, 0xA4F1, 0xAD12, 0x9CB1, 0xACF1, 0x8C2E, 0x8C0E, 0xA4F1, 0xA4D0,
  0xA512, 0xAD11, 0x9CB0, 0x9C90, 0xAD32, 0xA4D1, 0xA4F1, 0xB511, 0xB532, 0xB511, 0xACF0, 0xACAF,
  0xB531, 0xBD30, 0xB531, 0xBD10, 0xACCF, 0xB4EF, 0x9491, 0x7B6C, 0x738F, 0x738F, 0x6B6E, 0x5AEC,
  0x528A, 0x8410, 0x7B6C, 0x51C6, 0x39A7, 0x41A7, 0x4249, 0x41E7, 0x4984, 0xA42F, 0xB3CC, 0x8A46,
  0x41E6, 0x4164, 0xBC0D, 0xDCD0, 0xDCB0, 0xB34A, 0x5123, 0x9B2B, 0xB3CE, 0xAB6C, 0xD470, 0xE4D1,
  0xBC4F, 0xC42E, 0x734C, 0x5227, 0x4AA7, 0x6309, 0x7C2D, 0x844D, 0x636A, 0x6329, 0x7C2E, 0x4246,
  0x4AA8, 0x73CC, 0x740D, 0x3A05, 0x0881, 0x18C1, 0x4267, 0x52A8, 0x31C5, 0x4A47, 0x52C6, 0x5AC6,
  0x9369, 0x9348, 0x6204, 0x82C7, 0x738B, 0x6AE9, 0x7BEE, 0x83EE, 0x73CD, 0x83ED, 0x8C6F, 0x8C4E,
  0x8C6F, 0x946F, 0x844F, 0x8C2E, 0x94B0, 0x8C2E, 0x8C4F, 0x946F, 0x840E, 0x840E, 0x842E, 0x8C2E,
  0x9490, 0x8C4F, 0x8C4F, 0x8C0E, 0x8C2E, 0xA4B0, 0x9CD1, 0x944F, 0x8C2E, 0x8C2E, 0x83CD, 0x738C,
  0x8BAC, 0x7B4A, 0x83AC, 0x840E, 0x8C0D, 0x83ED, 0x7B8B, 0x9490, 0x946F, 0x83ED, 0xA46F, 0x9C90,
  0x9C4E, 0xAD11, 0xA4D0, 0x9CB0, 0xA4D0, 0xAD11, 0xB552, 0xB573, 0xB551, 0xAD31, 0xACCF, 0xA4F0,
  0xACF0, 0x9CAF, 0xACF0, 0xAD11, 0xBD31, 0xACCF, 0xACCF, 0xB530, 0xB4CF, 0xB530, 0xBD30, 0xB530,
  0xB4CE, 0xBD50, 0x9C90, 0x6B2B, 0x6B6E, 0x632D, 0x630C, 0x52CC, 0x730A, 0xA4F2, 0x8AC8, 0x6A26,
  0x49C5, 0x28E2, 0x31A4, 0x31C5, 0x69C4, 0xABCD, 0x92A8, 0x7A46, 0x39A5, 0x31A5, 0x9B0A, 0xCC90,
  0xC40D, 0x92C9, 0x28E1, 0x4A26, 0xA36A, 0x932A, 0xC3EE, 0xCC70, 0xC48F, 0xABED, 0x39A4, 0x4206,
  0x4A47, 0x4227, 0x62E9, 0x7C0D, 0x73AB, 0x4245, 0x6B49, 0x52C7, 0x4226, 0x6B8B, 0x738B, 0x73CC,
  0x4A66, 0x2142, 0x3163, 0x4A47, 0x6A86, 0x7308, 0x7AC6, 0x72E7, 0x6224, 0x72E8, 0x9C0B, 0x8BCA,
  0x83EC, 0x632A, 0x62E9, 0x842E, 0x8C2E, 0x7BED, 0x946F, 0x7BED, 0x9C8F, 0x842E, 0x946F, 0x9490,
  0x9CB0, 0x8C4E, 0x946F, 0x8C6F, 0x840D, 0x844E, 0x8C2E, 0x94B0, 0x948F, 0x94B0, 0x9C8F, 0x7BED,
  0x8BED, 0x944F, 0x8BCC, 0x8C2E, 0x9490, 0x942E, 0x6B2B, 0x5A88, 0x838B, 0x836B, 0x736C, 0x8C0E,
  0x8C4F, 0x8C0E, 0x8C4F, 0x9C90, 0x8C4F, 0x83ED, 0xA4B1, 0x8BED, 0x8C0E, 0x942E, 0x8C4F, 0xA4B0,
  0xAD53, 0xB552, 0xA511, 0x9C8F, 0xB593, 0xA4F0, 0x9C8F, 0x944D, 0x9C8F, 0xACD0, 0x946E, 0xA48F,
  0xACD0, 0xACAF, 0xACF0, 0xACCF, 0xB510, 0xBD10, 0xBD51, 0xBD30, 0xB530, 0xC550, 0x9491, 0x7B8D,
  0x6B8F, 0x630D, 0x52AB, 0x4A6A, 0x630A, 0x942F, 0x7A88, 0x7247, 0x5207, 0x4164, 0x31E6, 0x2963,
  0x7A68, 0x9B4B, 0x8AA8, 0x8226, 0x2964, 0x3143, 0x71E6, 0xA32B, 0x9B0A, 0x9AC9, 0x39A5, 0x3943,
  0x82A8, 0x92E9, 0x9AEA, 0xC3EE, 0xC4B0, 0xB40D, 0x4206, 0x4206, 0x4207, 0x39C5, 0x4247, 0x6B2A,
  0x844D, 0x6349, 0x52C8, 0x5AE8, 0x5B2A, 0x52C8, 0x634A, 0x7BED, 0x7C0E, 0x52C8, 0x4A67, 0x6B4A,
  0x72E8, 0x72C7, 0x6265, 0x72A6, 0x834A, 0x72A7, 0x6AE7, 0x8BA9, 0x7BED, 0x62E8, 0x738C, 0x8C2E,
  0x8C6F, 0x946F, 0x94B0, 0x8C4F, 0x8C6F, 0x9CB0, 0x94B0, 0x9CB0, 0x94B1, 0x9CB0, 0x9490, 0x8C4F,
  0x8C4F, 0x948F, 0x94D0, 0x946F, 0x8C6F, 0x8C4E, 0x8C6F, 0x8C4E, 0x8C0E, 0xA4D0, 0x9C90, 0x9C6F,
  0x7B6B, 0x6B4B, 0x4A27, 0x4A47, 0x732A, 0x840E, 0x83CD, 0x9CD1, 0xA4B0, 0x9C90, 0x9C8F, 0x944F,
  0x83AC, 0x738B, 0x9BEC, 0x836A, 0x836A, 0x7B4A, 0x9C8F, 0xB573, 0xB532, 0x9CB0, 0x93EC, 0xA4AF,
  0xBD0F, 0xA46D, 0xACAF, 0xACCF, 0xACEF, 0xACCF, 0xB4CF, 0xA48E, 0xACAE, 0xB510, 0xC550, 0xB510,
  0xBD10, 0xB510, 0xBD10, 0xBD30, 0xBD30, 0xCDB2, 0x9BAC, 0x72A8, 0x6AC9, 0x6288, 0x7B8B, 0x840D,
  0x9C2E, 0x8BCC, 0x7247, 0x7288, 0x4A05, 0x5246, 0x4A46, 0x39E5, 0x92A8, 0x9309, 0x7AA8, 0x5184,
  0x2944, 0x2965, 0x4143, 0x6A88, 0x9287, 0x92C8, 0x5A27, 0x3123, 0x6226, 0x836B, 0x8AA7, 0xB40D,
  0xC46E, 0xD511, 0x730A, 0x41C5, 0x4A27, 0x31A5, 0x41C5, 0x52A8, 0x6B29, 0x634A, 0x6308, 0x52C8,
  0x73CA, 0x6BAA, 0x5AE8, 0x6B8B, 0x8C4E, 0x73CC, 0x6B6A, 0x8C6E, 0x8BAA, 0x7B49, 0x8285, 0xA3CA,
  0xA4D0, 0x94AF, 0x7BAB, 0x7BEC, 0x6B4A, 0x6309, 0x5AC9, 0x6B4B, 0x8C4E, 0x844E, 0x8C4E, 0x948F,
  0x8C0D, 0x8C6F, 0x944E, 0x8C6F, 0x9C8F, 0x9CD0, 0x948F, 0x8C4E, 0x944E, 0x8C6F, 0x944E, 0x948F,
  0x946E, 0x8C6E, 0x944E, 0x8C6F, 0x946E, 0x9CD0, 0x9C6F, 0x840D, 0x73AC, 0x62C9, 0x4A68, 0x840E,
  0x9490, 0x942F, 0x8C4F, 0x9C90, 0x9CD1, 0x9C90, 0x83EE, 0x83CD, 0x83CD, 0x83CC, 0x9C4E, 0xAC6F,
  0x942E, 0xACD0, 0xA512, 0xA4B0, 0x8C4F, 0x8C0E, 0x9C4E, 0xAC8F, 0x9C4D, 0xA46D, 0xACD0, 0xB4F0,
  0xB530, 0xB510, 0xB531, 0xB4EF, 0xBD51, 0xBD30, 0xB530, 0xB510, 0xACCF, 0xBD10, 0xB510, 0xBD30,
  0xBD30, 0xB4CF, 0x8B6B, 0x82C9, 0x49C6, 0x838D, 0xBD94, 0xAD11, 0xA4D1, 0x7B4B, 0x6A68, 0x7267,
  0x41E5, 0x5246, 0x4226, 0x4A46, 0xA38C, 0x9B0A, 0x6A88, 0x4102, 0x2124, 0x2103, 0x3903, 0x5A06,
  0x7A06, 0x8A67, 0x49E7, 0x30E2, 0x3102, 0x6AA8, 0x8AE9, 0xABCC, 0xC4B0, 0xDD11, 0x83EE, 0x3963,
  0x31A5, 0x3185, 0x31A5, 0x41E6, 0x632A, 0x632A, 0x4A87, 0x6329, 0x6BAA, 0x73CA, 0x52C8, 0x52A7,
  0x6B8B, 0x7BCC, 0x7BED, 0x6B6A, 0x7B49, 0x8369, 0x9348, 0x9307, 0x948F, 0x9C8F, 0x634A, 0x8C4E,
  0x738B, 0x62E9, 0x52A9, 0x5AA9, 0x6B4B, 0xA512, 0x9CD1, 0x8C4F, 0x840E, 0x7BAC, 0x8C4E, 0x8C2E,
  0x840D, 0x8C2E, 0x94D0, 0x948F, 0x9490, 0x9C8F, 0x94B0, 0x9CD0, 0x94B0, 0x8C2E, 0x842E, 0x8C2E,
  0x8C4F, 0x8C2E, 0x8C2E, 0x83CD, 0x6AE9, 0x6B4B, 0x8BED, 0x946F, 0x942E, 0x944F, 0x9C6F, 0x944F,
  0x9C6F, 0x8C4F, 0x8BCC, 0x946F, 0xACB0, 0x9C4E, 0xA48E, 0xA4F0, 0xAD10, 0xAD31, 0xACF0, 0xA4F0,
  0xACF0, 0xAD31, 0xB4CF, 0xA48F, 0xACCF, 0xA4CF, 0xB4CF, 0xACEF, 0xBD0F, 0xBD10, 0xBD30, 0xC571,
  0xC551, 0xB510, 0xB4EF, 0xACCF, 0xB4CF, 0xB530, 0xBD50, 0xBD71, 0xD571, 0x9BEB, 0x9B4A, 0x82C8,
  0x59E4, 0xA48F, 0xB510, 0xACF0, 0xBD11, 0x93ED, 0x7267, 0x6226, 0x62C8, 0x62E9, 0x4983, 0x6AA8,
  0xBBEC, 0xA34A, 0x7AE9, 0x4184, 0x3185, 0x2965, 0x28E2, 0x3185, 0x6A06, 0x7267, 0x3144, 0x20C2,
  0x18C3, 0x2124, 0x7AA8, 0xA42E, 0xCC8F, 0xCCB0, 0x93CD, 0x3944, 0x3165, 0x2945, 0x3984, 0x39E6,
  0x5247, 0x630A, 0x39C4, 0x39E6, 0x4A46, 0x634A, 0x62E8, 0x4A67, 0x5267, 0x6B4A, 0x6B4A, 0x6B8B,
  0x5205, 0x7329, 0x834A, 0x6A87, 0x8C4D, 0x840D, 0x7349, 0x8C4E, 0x7B8B, 0x738A, 0x5AC7, 0x6329,
  0x6309, 0x6B6B, 0x6B4A, 0x5AC9, 0x734A, 0x7BCC, 0x83CC, 0x8C4E, 0x8C2E, 0x8C2E, 0x8C0D, 0x9CD0,
  0xA4F1, 0x948F, 0x9C8F, 0x8C6E, 0x8C0D, 0x840D, 0x8C2E, 0x8C4E, 0x946F, 0x94B0, 0x9CAF, 0x83ED,
  0x8C4F, 0x944F, 0x8C50, 0x944F, 0x9CB0, 0xACD1, 0x8C2F, 0x8BED, 0x9490, 0x9C90, 0x944F, 0xA490,
  0x940E, 0x7B2A, 0x946E, 0x942D, 0x9CB0, 0xAD11, 0xAD31, 0xB511, 0xAD11, 0xACF0, 0xACF0, 0xB4F0,
  0xACF0, 0xB510, 0xB510, 0xB4EF, 0xB4F0, 0x9C0C, 0xACCF, 0xBD30, 0xA48E, 0xB4EF, 0xACCF, 0xBD10,
  0xBD51, 0xBD10, 0xB530, 0xC551, 0xC531, 0x8B49, 0x8B2A, 0x8287, 0x5A26, 0xB4B0, 0xB511, 0xACD0,
  0xACD1, 0x93ED, 0x6A68, 0x6206, 0x840D, 0x7BAB, 0x6AA8, 0x836B, 0xBBED, 0xAB6A, 0x730A, 0x51A5,
  0x39E8, 0x31A6, 0x2944, 0x3123, 0x59C5, 0x61C5, 0x2924, 0x28E3, 0x2124, 0x20E3, 0x4964, 0xA40E,
  0xC48F, 0xC46F, 0x838D, 0x3103, 0x2145, 0x2104, 0x2123, 0x3184, 0x31C5, 0x41E6, 0x5AEA, 0x5288,
  0x31C5, 0x4226, 0x634B, 0x840D, 0x5AE9, 0x4A46, 0x52C8, 0x632A, 0x5A88, 0x5A46, 0x6AA8, 0x7AE9,
  0x73AC, 0x83EC, 0x738B, 0x9C8F, 0x738B, 0x7BAB, 0x738B, 0x6B4A, 0x5B0A, 0x5267, 0x3A06, 0x7BAC,
  0x840E, 0x83ED, 0x73AC, 0x7BAC, 0x7BAC, 0x7BAC, 0x738C, 0x6B2A, 0x6B6B, 0x738B, 0x844E, 0x9C8F,
  0x8C6F, 0x83ED, 0x8C4F, 0x946F, 0x8C4F, 0x8C2E, 0x9CB0, 0x7B8B, 0x942E, 0x946F, 0x9C4E, 0x8BED,
  0x8B8B, 0x83AC, 0x93EC, 0x942D, 0x940C, 0xA4CF, 0xB510, 0xAD10, 0xB510, 0xA4CF, 0xA48E, 0xACF0,
  0xA4CE, 0x948E, 0xACAE, 0xACEF, 0xB4EF, 0xACCF, 0xBCEE, 0xB50F, 0xBD0F, 0xB50F, 0xB4EF, 0xACEF,
  0xA46D, 0xB530, 0xACCF, 0x942D, 0x9C4D, 0xB510, 0xACAE, 0xA4AE, 0xB4CF, 0xACCF, 0xBD30, 0xBD71,
  0xC4EF, 0x8329, 0x8B09, 0x6A47, 0x72C8, 0xBD52, 0xACAE, 0xA4AE, 0xB532, 0xA4B0, 0x6AC9, 0x6B0A,
  0x9C6E, 0x83EC, 0x8B29, 0x938B, 0xB3AB, 0xAB8B, 0x6AA9, 0x5206, 0x41E6, 0x2985, 0x3164, 0x3165,
  0x59E6, 0x49A5, 0x2923, 0x3185, 0x2944, 0x2965, 0x4143, 0x8BCD, 0xC46F, 0xBC4F, 0x938B, 0x6267,
  0x5268, 0x4207, 0x3184, 0x31A5, 0x39C4, 0x39C4, 0x4A46, 0x632A, 0x5AC9, 0x3A06, 0x39A4, 0x5AC9,
  0x736B, 0x5B0A, 0x4A47, 0x39C5, 0x49E6, 0x4A47, 0x738A, 0x7BCC, 0x7BAA, 0x6B69, 0x8BEC, 0x948F,
  0x736A, 0x9CAF, 0x9C8E, 0x8C6E, 0x83EC, 0x842D, 0x738B, 0x73AC, 0x7B8B, 0x73AC, 0x7BAC, 0x8C2E,
  0x944E, 0x7BCC, 0x8C2D, 0x842E, 0x83EC, 0x73AC, 0x734A, 0x7BCC, 0x944E, 0x8C6F, 0x83EC, 0x83ED,
  0x944E, 0x8C2E, 0x946E, 0x6B4A, 0x8C4F, 0x942F, 0x944F, 0x942E, 0xA490, 0xACD0, 0x942E, 0xA46E,
  0xAD11, 0xB511, 0xAD11, 0xB510, 0xAD31, 0xA4AF, 0x9CAF, 0xA4AF, 0xA510, 0x9C8E, 0x8C0C, 0xB4EF,
  0xACAE, 0xB4EF, 0xB4CF, 0xAC6D, 0xACAE, 0x9C0B, 0xACF0, 0xB4F0, 0xB4F0, 0xA46D, 0x942D, 0xA46E,
  0xA4AF, 0xB4D0, 0xACF0, 0xA48E, 0xB510, 0xA48E, 0xACEF, 0xBD30, 0xBCF0, 0x8B29, 0x830A, 0x61E5,
  0x940D, 0xB511, 0xACCF, 0xBD30, 0x944F, 0x6AE9, 0x4A07, 0x41A5, 0x944F, 0x7B6B, 0x832A, 0x93AC,
  0xABAC, 0xA34A, 0x5A48, 0x5A27, 0x31A6, 0x2964, 0x3186, 0x3144, 0x5A07, 0x4103, 0x18C3, 0x39A6,
  0x2986, 0x2924, 0x3923, 0x7B2B, 0xB44F, 0xBC2E, 0x93CD, 0x93AC, 0x6B6C, 0x4207, 0x4A68, 0x4206,
  0x4A68, 0x4A26, 0x39E6, 0x31A4, 0x4227, 0x5AC9, 0x4A47, 0x4A06, 0x4247, 0x5AC8, 0x4A68, 0x5AA9,
  0x4A47, 0x62C9, 0x7BEC, 0x738B, 0x7BCB, 0x7349, 0x6309, 0x7BAB, 0x6B4A, 0x83CC, 0x9CF0, 0x9C8F,
  0x7C0D, 0x736A, 0x840D, 0x8C4E, 0x7BED, 0x736B, 0x7BED, 0x7BAC, 0x8C4E, 0x944E, 0x8C6F, 0xA4D0,
  0x8C6F, 0x8C4E, 0x8C4E, 0x7BAC, 0x8C4F, 0x9CB0, 0x9CF1, 0x944E, 0x8C4F, 0x9CB0, 0x9CB0, 0x83ED,
  0x9C4E, 0x9C8F, 0xACD0, 0xBD52, 0xB531, 0xAD31, 0xB530, 0xAD31, 0xACEF, 0xAD10, 0xACCE, 0xACEF,
  0xB50F, 0xACEF, 0xA4CF, 0x946E, 0x8BEB, 0x946E, 0x8BCB, 0x9C8E, 0xB4CE, 0xB50F, 0xB4AE, 0xB4CE,
  0xB4AE, 0xAC8D, 0xBCEF, 0xB4CE, 0xACAF, 0x944D, 0xA48E, 0xACF0, 0xACAF, 0xA4AF, 0xB4CE, 0xACEF,
  0xB4EF, 0xACEF, 0xBD30, 0xBD50, 0xBCAE, 0x8B49, 0x7287, 0x72A8, 0xACCF, 0xAD10, 0xBCEE, 0xBD50,
  0x7BAD, 0x20E2, 0x18A2, 0x31A7, 0xACF0, 0x8C0C, 0x8B09, 0x9BCC, 0xABAB, 0x932A, 0x5A68, 0x5248,
  0x41E5, 0x39E6, 0x41C6, 0x3185, 0x18C3, 0x1082, 0x18C2, 0x3186, 0x2944, 0x2944, 0x3123, 0x5AA9,
  0xBC4E, 0xBC4E, 0x834A, 0x836B, 0x62C9, 0x4A07, 0x5AA9, 0x4A68, 0x5287, 0x52A8, 0x5AA8, 0x52A8,
  0x6AE8, 0x8C4E, 0x83ED, 0x52A8, 0x5A87, 0x52A8, 0x5A68, 0x5268, 0x5AA8, 0x9CB0, 0x944D, 0x8C2D,
  0x8C2D, 0x7BCB, 0x6308, 0x5AE8, 0x7BAC, 0x6309, 0x7329, 0x9CAF, 0x9C8E, 0x7BCC, 0x62E9, 0x8C6F,
  0x946E, 0x6B6A, 0x736A, 0x7BCC, 0x83EC, 0x8C4E, 0x83ED, 0x8C6F, 0x946F, 0x9CB0, 0xAD11, 0x946F,
  0x8C2E, 0x8C6F, 0x8C2E, 0x9CD0, 0x944E, 0x9CD0, 0xA4D0, 0x948F, 0x942E, 0x9C4E, 0x9C8F, 0xACB0,
  0xA4D0, 0xACD0, 0xA510, 0xA4CF, 0xA4CF, 0xA4CF, 0xACF0, 0xACEF, 0xAD10, 0xA4AE, 0x9CAF, 0x9CAE,
  0x7BCB, 0x736A, 0x7B6A, 0x83AB, 0xACCF, 0x9C4C, 0xA46D, 0x9C0B, 0xA44D, 0xB48E, 0xACAE, 0xAC8D,
  0x942E, 0xA48E, 0x9C4E, 0x93EC, 0xA4AF, 0xACCF, 0xACF0, 0xBD10, 0xB510, 0xB4CF, 0xB531, 0xBD51,
  0xBCD0, 0x8B08, 0x6A67, 0xA40D, 0xA4AF, 0xACAF, 0xB4EF, 0xBCEF, 0x7BEE, 0x2943, 0x2125, 0x31A7,
  0xA4F0, 0x940D, 0x8B4B, 0x9BCC, 0xA38C, 0x8267, 0x5268, 0x5247, 0x4A48, 0x4A27, 0x4A28, 0x3165,
  0x10A3, 0x18C3, 0x18E4, 0x2945, 0x2945, 0x2924, 0x20E3, 0x4A07, 0xB44E, 0xBC2E, 0x6AA8, 0x8B6B,
  0x630B, 0x5AA9, 0x632B, 0x62CA, 0x52E9, 0x4A67, 0x4A67, 0x5AE9, 0x5AC8, 0x5267, 0x5AC9, 0x5A88,
  0x5288, 0x5247, 0x5AA9, 0x49E6, 0x632A, 0x738B, 0x738B, 0x5AA8, 0x6329, 0x944E, 0x738B, 0x5AA7,
  0x6B4B, 0x7BAC, 0x6B4A, 0x83CC, 0x94AF, 0x9CAF, 0x738C, 0x6309, 0x94AF, 0x8C4E, 0x738C, 0x8C2E,
  0x7BED, 0x9CAF, 0x9490, 0x8C4F, 0x94B0, 0x8C4E, 0x94B0, 0x946F, 0x9490, 0x946F, 0x8C4F, 0x9CB0,
  0x9490, 0x8C0E, 0x840E, 0x734A, 0x940D, 0x83ED, 0x9C4E, 0xA4D0, 0xACD0, 0xAD11, 0xACCF, 0xA4AF,
  0xA48E, 0xA4CF, 0xACCE, 0xA4CE, 0x9C6D, 0x944D, 0x944D, 0x8C2C, 0x940C, 0x944D, 0x8B69, 0x838A,
  0x9BCA, 0x9BEA, 0xA3EC, 0x8349, 0x93EC, 0xA4AF, 0xAC8D, 0xACAE, 0xAC8E, 0x940D, 0x7B4A, 0x83EC,
  0x9C4D, 0xB510, 0xBD0F, 0xB50F, 0xBD10, 0xB530, 0xBD10, 0xBD50, 0xB512, 0x7B8C, 0x7B2A, 0xB532,
  0xBD30, 0xBD30, 0xACAF, 0x9C2D, 0x8BED, 0x41E5, 0x39A6, 0x31A6, 0x7B8C, 0x840E, 0x9B4A, 0xABEC,
  0x9B8C, 0x6A47, 0x5AA9, 0x4A48, 0x4A26, 0x5288, 0x5249, 0x2124, 0x18C3, 0x1904, 0x2903, 0x2945,
  0x3144, 0x2945, 0x20C2, 0x4A28, 0xBD13, 0xACD2, 0x49C5, 0x8BED, 0x8BED, 0x6B09, 0x6B4C, 0x630C,
  0x72C6, 0x72C6, 0x7AC6, 0x8349, 0x83AC, 0x62E9, 0x6226, 0x72C8, 0x7A65, 0x82E7, 0x6AC9, 0x5227,
  0x7BAB, 0x738B, 0x7349, 0x6B4A, 0x62E8, 0x6B49, 0x946D, 0x6B49, 0x5AA7, 0x7BCC, 0x8C0D, 0x83EC,
  0x83CB, 0x946E, 0x7B8B, 0x6B4A, 0x8BEC, 0x946E, 0x83CB, 0x83EC, 0x8C2D, 0x94AF, 0x948F, 0x948F,
  0xA4F0, 0x94B0, 0x8C2E, 0x948F, 0xAD10, 0x9CD0, 0x83EC, 0x83EC, 0x8C0D, 0x8C2E, 0x7BAB, 0x6B4A,
  0x944F, 0x7B8B, 0x734B, 0x83AC, 0x9C6F, 0xACF1, 0xA4AF, 0xACAF, 0x9C8E, 0x940C, 0x8C0C, 0x8BCB,
  0x83EB, 0x942C, 0x7B8A, 0x7329, 0x7B4A, 0x7329, 0x7B29, 0x93CB, 0xBD0F, 0x9BCA, 0x93CC, 0xA40D,
  0x940D, 0xACAF, 0xACAE, 0xACAE, 0x9C6E, 0x9C2D, 0x83EC, 0x8BCC, 0x7B6A, 0x940D, 0xACCF, 0xBD0F,
  0xBD31, 0xBD10, 0xB510, 0xB4EF, 0x7B8C, 0x838C, 0x62A8, 0x9C4E, 0xBD51, 0xAC8E, 0xACD0, 0xB4F0,
  0x8C2F, 0x5247, 0x4229, 0x39A7, 0x4206, 0x734B, 0x934A, 0xB42E, 0x936C, 0x59A5, 0x4248, 0x5ACA,
  0x5AA9, 0x5A68, 0x39E8, 0x20E3, 0x1904, 0x2925, 0x2104, 0x3144, 0x3186, 0x3165, 0x2945, 0x3145,
  0x5A69, 0x6269, 0x2902, 0x6AA9, 0x9C90, 0x7B4B, 0x5B0C, 0x62CB, 0x6285, 0xA44C, 0x8BAA, 0x72A6,
  0x6B0A, 0x62C9, 0x6267, 0x6226, 0x6A25, 0x7A66, 0x62C9, 0x5A27, 0x5AE9, 0x7BAB, 0x73AB, 0x62C8,
  0x83ED, 0x734A, 0x6329, 0x7BCB, 0x6B4A, 0x6B09, 0x842D, 0x7BAB, 0x7BED, 0x83EC, 0x7BED, 0x62E9,
  0x7BAC, 0x736B, 0x73AB, 0x83EC, 0x8C4E, 0x9CB0, 0x94B0, 0x9CB0, 0x9CF1, 0xA4D1, 0x94B0, 0x9C8F,
  0x9CF1, 0x948F, 0x738B, 0x734A, 0x9490, 0x944E, 0x94B0, 0x948F, 0xA48F, 0x9C8F, 0x9C2D, 0x83AB,
  0x72E8, 0x7B6B, 0x93EC, 0x8BEC, 0x7B4A, 0x83AB, 0x93EC, 0x83CB, 0x93EC, 0x7B8A, 0x72E8, 0x7B6A,
  0x8B8A, 0x8BCB, 0xA347, 0xA388, 0xAC4C, 0x9BEB, 0xA40C, 0xAC8E, 0x93EB, 0xA48E, 0xB4AD, 0xACCE,
  0xB4EF, 0xB530, 0xACAE, 0x9C6D, 0x9BEB, 0xA46D, 0xC550, 0xC571, 0xC530, 0xB50F, 0xC551, 0xACCF,
  0x2965, 0x2986, 0x20E2, 0x842F, 0xBD10, 0xACCF, 0xA48F, 0xA4B0, 0xA48F, 0x62A8, 0x4207, 0x528A,
  0x41E6, 0x634B, 0xA34A, 0xBC6E, 0x82E9, 0x59C5, 0x4A27, 0x5AC9, 0x62C9, 0x52A9, 0x49E7, 0x3165,
  0x2944, 0x2965, 0x41C6, 0x41E6, 0x3985, 0x39A5, 0x41C7, 0x3186, 0x1040, 0x2944, 0x5226, 0x5267,
  0x7BAD, 0x630A, 0x6B2B, 0x738C, 0x7307, 0x93EC, 0x8BCC, 0x6AE8, 0x734B, 0x6B4C, 0x7AE8, 0x72E8,
  0x9349, 0x7266, 0x7AE7, 0x6266, 0x41E5, 0x4227, 0x5A87, 0x52A8, 0x62E8, 0x6B6B, 0x6B29, 0x6329,
  0x83EC, 0x7BCC, 0x6B29, 0x7BEC, 0x8C0C, 0x8C2D, 0x9C8E, 0x6B4A, 0x62C8, 0x738A, 0x83EC, 0x9CD0,
  0x9CAF, 0x842D, 0x8C2D, 0x8C6E, 0x9C8F, 0x9CD0, 0x9CAF, 0x9CD0, 0xA4AF, 0x8C4E, 0x8C0D, 0x6B4A,
  0x7B8B, 0x8C4E, 0x944D, 0x94AF, 0x942D, 0x8BCC, 0x8C0D, 0x93EC, 0x8BCC, 0x93EC, 0x734A, 0x7309,
  0x942E, 0x9C4E, 0x942D, 0x93EC, 0x838B, 0x838B, 0x942D, 0xA46E, 0xA4AE, 0xB4CF, 0xAC0A, 0x9B47,
  0x938A, 0x9BAA, 0x9C2D, 0xA42D, 0x9C4D, 0xAC8E, 0xBD30, 0xB4AE, 0xACEF, 0xB4EF, 0xB530, 0xBD0F,
  0xB4F0, 0xBD10, 0xB510, 0xC530, 0xB4F0, 0xB4CF, 0xC593, 0x9C4D, 0x29A7, 0x31C7, 0x2964, 0x9470,
  0xA48E, 0x9C0C, 0x8BCD, 0x72E9, 0x83CD, 0x6AC9, 0x3186, 0x39A6, 0x2144, 0x52A9, 0x9B6A, 0xCCD0,
  0x72A9, 0x59C5, 0x4207, 0x630B, 0x738D, 0x62CA, 0x528A, 0x5249, 0x3186, 0x39A6, 0x5AAA, 0x5227,
  0x62EA, 0x5A89, 0x4208, 0x2104, 0x3186, 0x6B0C, 0x6B4B, 0x3984, 0x5268, 0x6B0A, 0x6B4C, 0x736C,
  0x7329, 0x6AC7, 0x7B4A, 0x838B, 0x7BCE, 0x840E, 0x7B4A, 0x5A25, 0x6205, 0x7AA7, 0x93EC, 0x93AB,
  0x39E6, 0x3184, 0x31A5, 0x4206, 0x4226, 0x5287, 0x5B09, 0x6B29, 0x840D, 0x738A, 0x52A8, 0x6B4A,
  0x842D, 0x83EC, 0x8C4E, 0x83EC, 0x5B09, 0x6B4A, 0x8C4E, 0x8C0D, 0x840D, 0x7BAC, 0x8C4E, 0x8C2D,
  0x94AF, 0x9C8F, 0x946F, 0xA4D0, 0x9CB0, 0x944E, 0x8C6E, 0x8C2E, 0x8C4F, 0x946E, 0x948F, 0x8C2D,
  0x93EB, 0x940B, 0xA48D, 0x9C6D, 0xA46E, 0x9C4E, 0x7B6B, 0x83CC, 0x940C, 0x940D, 0x93EC, 0x8BCC,
  0x93EB, 0xA48E, 0xAC8D, 0xACAE, 0xB48D, 0xB4CE, 0xBC8D, 0xA40B, 0xA42C, 0xA46D, 0xA40C, 0x93EC,
  0xAC8E, 0xACAE, 0xBD0F, 0xACCE, 0xBD0F, 0xB50F, 0xACCE, 0xA4AE, 0xB4CF, 0xBD30, 0xC530, 0xBD10,
  0xB4EF, 0xB4EF, 0xBD31, 0x940D, 0x4A69, 0x528A, 0x39A5, 0x6B6C, 0x9C4D, 0x940D, 0x834A, 0x7309,
  0x838B, 0x8C0E, 0x6AE9, 0x39C5, 0x41C4, 0x6B2A, 0x7B4B, 0x83CE, 0x5A26, 0x5206, 0x49E4, 0x4A05,
  0x7BAC, 0x842E, 0x5227, 0x39A5, 0x41A4, 0x6B4B, 0x62C9, 0x5268, 0x62A8, 0x5A88, 0x39A6, 0x2944,
  0x3943, 0x62A8, 0x5A88, 0x3143, 0x49E6, 0x5ACA, 0x732A, 0x736B, 0x62C9, 0x62EA, 0x62C9, 0x6B2B,
  0x83AC, 0x83ED, 0x83CD, 0x7BCD, 0x834A, 0xA46E, 0x9C0C, 0x838B, 0x62E9, 0x5AE9, 0x6B08, 0x5287,
  0x4A05, 0x52A8, 0x62C8, 0x5287, 0x7B8A, 0x736A, 0x6B08, 0x6309, 0x62E8, 0x7BCC, 0x8C0C, 0x83EC,
  0x7349, 0x6308, 0x8BEC, 0x8C2D, 0x83EC, 0x7BAB, 0x944D, 0x8C2D, 0x946E, 0x946E, 0x944D, 0x8C2D,
  0x946E, 0x948F, 0x944E, 0x8C2D, 0x8C2D, 0x946E, 0xA4B0, 0x8C2E, 0x9C6E, 0xA46D, 0x940C, 0xA46D,
  0x9C6F, 0x940D, 0x7BAC, 0x838C, 0x8BED, 0x940D, 0x8C0D, 0xA46E, 0x9C6E, 0xA46D, 0xACAE, 0xB4AE,
  0xB4EF, 0xB4AD, 0xA42C, 0x9BAA, 0x93EC, 0xAC8E, 0x9C2D, 0x9BEC, 0xACAF, 0xB4CF, 0xA4AE, 0xACAE,
  0xACAE, 0xAC8E, 0x9C4D, 0x940C, 0xACAF, 0xBCEF, 0xB4F0, 0xBD10, 0xBD30, 0xB4EF, 0xAD11, 0x8BAB,
  0x4A6A, 0x4A69, 0x4227, 0x738C, 0x940D, 0x9C0D, 0x838C, 0x93CC, 0x83ED, 0x9C6F, 0x8C4F, 0x732B,
  0x7BAD, 0x62A8, 0x28E3, 0x28C2, 0x3103, 0x6A88, 0x6B2A, 0x49E5, 0x5ACA, 0x8C4F, 0x738D, 0x7B8D,
  0x9470, 0xA4F2, 0x83EE, 0x7B6C, 0x736C, 0x5A88, 0x4228, 0x39A6, 0x41A5, 0x6AEA, 0x5AC9, 0x3143,
  0x39C6, 0x5248, 0x5A88, 0x6AEA, 0x6B2B, 0x8BEE, 0x840E, 0x7B8C, 0x8C0E, 0x83CD, 0x73CD, 0x83EE,
  0x7B2A, 0x834A, 0x940D, 0x9C0D, 0x6B6C, 0x6B2B, 0x7BAC, 0x736B, 0x5AE9, 0x5267, 0x5AE9, 0x5267,
  0x632A, 0x6B09, 0x73AB, 0x6B29, 0x5287, 0x62C8, 0x736B, 0x7B8B, 0x7BCC, 0x7349, 0x738B, 0x944E,
  0x948F, 0x9CAF, 0xA4F1, 0xA4F0, 0xA4F1, 0xA4D0, 0x948F, 0x9C8F, 0x842E, 0x944E, 0x946F, 0xA4D0,
  0x8C4E, 0x8C0D, 0x9CD1, 0x9C6F, 0x9C4C, 0x942C, 0xAC8D, 0xA48E, 0xA46E, 0x8BEC, 0x8BEC, 0x7B8B,
  0x93EC, 0x9C2D, 0xACAD, 0xACCE, 0xACAD, 0xB4EF, 0xACAE, 0xA48D, 0xACAE, 0xB4CF, 0xC4EF, 0xAC6D,
  0xA46D, 0xACEF, 0xACCF, 0xA4CF, 0xACAF, 0xA4AF, 0xB4CF, 0xB510, 0xACAE, 0xB50F, 0xB4EF, 0xACEF,
  0xC550, 0xBD30, 0xBD10, 0xB530, 0xBD0F, 0xBD10, 0xBD31, 0x83CC, 0x5ACA, 0x528A, 0x5247, 0x7BAD,
  0x9C4D, 0xA4AF, 0xA48E, 0x8BCC, 0x838C, 0x8BED, 0x9C2D, 0x942D, 0x942E, 0x5288, 0x2945, 0x31C7,
  0x3984, 0x4A47, 0x6AA7, 0x7309, 0x6AE9, 0x738B, 0x83CD, 0x8C2E, 0xACF1, 0xAD12, 0xA4D1, 0x946F,
  0x8C0E, 0x6B2A, 0x6267, 0x5A67, 0x72E8, 0x7B6B, 0x41C5, 0x3984, 0x5A06, 0x6288, 0x6AE9, 0x6B0A,
  0x838B, 0x8C0E, 0x9C6F, 0xA4D0, 0xA4B0, 0x944F, 0x7B6B, 0x83CD, 0x8329, 0x9C4E, 0xA46F, 0x838C,
  0x8BED, 0x7BAC, 0x83AB, 0x7BAB, 0x736A, 0x6B4A, 0x62E9, 0x4A67, 0x734A, 0x738B, 0x734A, 0x8C2D,
  0x6B09, 0x5AC8, 0x8C2D, 0x738B, 0x7B8A, 0x83EC, 0x7B6A, 0x9CAF, 0x9CAF, 0xA4F0, 0xAD10, 0xA511,
  0xAD10, 0xA4F0, 0xA4CF, 0xA4F0, 0x9CAF, 0x946F, 0x946E, 0xAD52, 0xBD93, 0x946F, 0x83ED, 0x9CD1,
  0x942C, 0xA48D, 0x9C6D, 0x93EB, 0x942D, 0x8BCC, 0x62E9, 0x838B, 0x940D, 0x9C0D, 0xA48E, 0xB4CE,
  0xACCF, 0xB4CE, 0xACCF, 0xAC8E, 0xACAE, 0xAC8E, 0xB4AE, 0xAC2C, 0x9C6E, 0xACAE, 0xA4D0, 0x9C4D,
  0x9C6E, 0xA48F, 0xACCF, 0xB4EF, 0xB530, 0xB4EF, 0xB510, 0xBD10, 0xACEF, 0xBD30, 0xB510, 0xB4CF,
  0xBD31, 0xBD10, 0xAD11, 0x7B6B, 0x52CB, 0x630C, 0x5289, 0x62EA, 0xACD0, 0xB4F0, 0xA48F, 0x9C2D,
  0x7B8C, 0x83AC, 0x9C8F, 0xACAF, 0x83EE, 0x41A5, 0x39E9, 0x31C7, 0x3164, 0x62CA, 0x838B, 0x93EC,
  0x83ED, 0x62C8, 0x7BAD, 0x83CD, 0x9470, 0xA4B0, 0x9CD1, 0x944F, 0x8C2F, 0x83CD, 0x6288, 0x8BAC,
  0x942E, 0x6287, 0x4A27, 0x5A88, 0x6288, 0x6AA9, 0x83AD, 0x7B4B, 0x734B, 0x838C, 0x944F, 0x942E,
  0x9470, 0x9C90, 0x8C2F, 0x942F, 0x93ED, 0x8BAC, 0x838C, 0x730A, 0x738C, 0x83ED, 0x83ED, 0x942E,
  0x83EC, 0x6B29, 0x6B6B, 0x5AC8, 0x52C8, 0x6B4A, 0x7BAC, 0x7BAB, 0x6309, 0x7B8B, 0x842D, 0x734A,
  0x840D, 0x83EC, 0x736A, 0xA4D0, 0xA4F0, 0x946E, 0x948F, 0xA4F0, 0x9CD0, 0xA4D0, 0x9CF0, 0x9CAF,
  0x9CD0, 0xA4D0, 0xA4F1, 0xACF1, 0x9CD1, 0xA4D0, 0x840E, 0x6B2A, 0xACCE, 0x9C8D, 0x93CA, 0xA48D,
  0xA48E, 0x8BCC, 0x7B29, 0x9C4E, 0xA44C, 0xAC8E, 0xB4CE, 0xB4EF, 0xB4CE, 0xACCE, 0xACCE, 0xACCF,
  0xB4EF, 0xB4EF, 0xAC8D, 0xAC8E, 0xAC8E, 0xA48E, 0xA48F, 0x9C8F, 0x940D, 0x944E, 0xACAF, 0xACCF,
  0xB4CF, 0xACEF, 0xB4EF, 0xACEF, 0xB4CF, 0xACEF, 0xB4AE, 0xB4F0, 0xBD30, 0xB50F, 0x9C2E, 0x6B09,
  0x5268, 0x5AEA, 0x4A05, 0x738B, 0xB4EF, 0x9C4D, 0x9C0D, 0xA4B0, 0xAC8E, 0xACCF, 0xA46E, 0xA4AF,
  0x732C, 0x41C7, 0x4A28, 0x3186, 0x5226, 0x7B8C, 0x8B8B, 0x732A, 0x8BAB, 0x7309, 0x732A, 0x944F,
  0x944E, 0x9C90, 0x942E, 0x944F, 0x736C, 0x5AA9, 0x8BED, 0x9CB1, 0x8C0D, 0x5288, 0x6AA8, 0x6AC9,
  0x93ED, 0x83AC, 0x83AC, 0x9CD0, 0x8BCC, 0x6B09, 0x93ED, 0x9C90, 0xA48F, 0x8C0E, 0x940E, 0x9C90,
  0x942E, 0x9C90, 0xA4D0, 0xA4D1, 0x940E, 0x944F, 0x940E, 0x8C4F, 0x83CC, 0x6B4B, 0x734A, 0x62E9,
  0x6B29, 0x9CAF, 0x942D, 0x7BAB, 0x734A, 0x83EC, 0x7B8B, 0x6B6A, 0xA4CF, 0x8C4E, 0x62C8, 0x7BAB,
  0x944E, 0x8C2E, 0x734A, 0x8C4E, 0x9CAF, 0x9CD0, 0xA4F0, 0x9CD0, 0xA4AF, 0x9CAF, 0x9CAF, 0x9CD0,
  0xA4AF, 0xAD52, 0xAD11, 0x8C2E, 0xA4CF, 0x9C4C, 0x9C4D, 0xACAE, 0x8BEC, 0x8B8B, 0x940D, 0x9C2D,
  0xA48E, 0xACAE, 0xACCF, 0xB4AE, 0xBD30, 0xACAD, 0x8BCB, 0x93EC, 0x9C4D, 0xB4AE, 0xACAE, 0xB4CF,
  0xACF0, 0xA48E, 0x9C6F, 0xA46E, 0x944F, 0x8BED, 0x9C4E, 0x9C4D, 0xA4AF, 0xA48E, 0x9C4D, 0xA46D,
  0xACCF, 0x93EB, 0x9C4E, 0xBD31, 0xBD30, 0xBD0F, 0x9C90, 0x8BCC, 0x4227, 0x39C6, 0x4A26, 0x944E,
  0xA46E, 0x93CB, 0x9C4E, 0xAC8F, 0xB531, 0xB510, 0xB531, 0xA48E, 0x5A8A, 0x5A69, 0x4A49, 0x4208,
  0x7BAD, 0x7B8C, 0x838C, 0x7B4A, 0x942E, 0x940D, 0x630A, 0x83AC, 0x8C4F, 0x944F, 0x944F, 0x944F,
  0x630B, 0x4A07, 0x41C5, 0x5226, 0x62EA, 0x6B2A, 0x732B, 0x7B2A, 0x6B0A, 0x7B2A, 0x738C, 0x83CD,
  0x944E, 0x8BED, 0x83CD, 0x942E, 0x8C0E, 0x942E, 0x8C0E, 0xA490, 0x9CB1, 0x9C90, 0x9C90, 0x9C6F,
  0x9CB1, 0x8BED, 0x944F, 0xA4B0, 0x7BAC, 0x736B, 0x736B, 0x736B, 0x6B6B, 0x83CC, 0x6B4A, 0x734A,
  0x7BCC, 0x8C2D, 0x840D, 0x83EC, 0x83EC, 0x946E, 0x5AC8, 0x5267, 0x6B2A, 0x944E, 0x738B, 0x7B8B,
  0x8C4E, 0x9CAF, 0x9CD0, 0xA4D0, 0x9CAF, 0x9C8F, 0x8C2E, 0x8C0D, 0x9CB0, 0xA4F0, 0xAD12, 0xA4D1,
  0x93EB, 0x6B08, 0x8BAA, 0x93EC, 0x9C2C, 0x9C4D, 0xAC6D, 0xA48E, 0xAC8D, 0xACAE, 0xACAE, 0xACCE,
  0xC52E, 0xC54F, 0xB4AC, 0xC54F, 0xB4EE, 0xACCE, 0xB54F, 0xB54F, 0xB4EF, 0xB4EF, 0xACAE, 0xACCE,
  0x9C6E, 0x8C0D, 0x9C4D, 0xA4AF, 0xB4EF, 0xACEF, 0xBCEF, 0xB4EF, 0xBD31, 0x7329, 0x72C7, 0xACD0,
  0xB4EF, 0xACEF, 0xB4CE, 0xA4AE, 0xA42C, 0x7B69, 0x9C0B, 0xBD50, 0xBD0F, 0xB4EF, 0xACAE, 0xB4EF,
  0xC52F, 0xBD30, 0xBD52, 0x83AC, 0x62EB, 0x5AEB, 0x4A05, 0x6B2A, 0x9C0D, 0x8BCC, 0x9C4E, 0x8BED,
  0xA46E, 0xACD0, 0x940C, 0x7329, 0x8BED, 0x9CB0, 0x9C90, 0x944F, 0x8C0E, 0x5288, 0x5226, 0x6B4B,
  0x8BED, 0x946F, 0x9C4E, 0x83CC, 0x93ED, 0xA4B0, 0x83CC, 0x6B0A, 0x83CC, 0x9CB0, 0xA48F, 0x734B,
  0x838C, 0x942E, 0x8BAC, 0x7B6B, 0x9C4E, 0x9C90, 0xA48F, 0x942E, 0x9C8F, 0x9C90, 0x83CD, 0x8C2E,
  0x8C0D, 0x83ED, 0x7B8C, 0x840D, 0x5266, 0x4A26, 0x62C8, 0x632A, 0x83CC, 0xA4F0, 0x7BAB, 0x6329,
  0x6B49, 0x6B6A, 0x62E7, 0x4245, 0x5A87, 0x738B, 0x7B8B, 0x8C2D, 0x8C0D, 0x948F, 0x9C6E, 0x9C8F,
  0x942D, 0x946E, 0x9C8E, 0x9CAF, 0x9CAF, 0x9CAF, 0x9C6F, 0x9CD0, 0x62C8, 0x838A, 0x9C6E, 0xA48E,
  0xA46E, 0xA46E, 0xACAE, 0xACAE, 0xA48E, 0xACAE, 0xA4AE, 0xA48D, 0xACAD, 0xB4AD, 0xBD0E, 0xC52F,
  0xACCE, 0xACAD, 0xAD0F, 0xAD0F, 0xB530, 0xACCE, 0xACCF, 0xACAE, 0x8C0D, 0x734A, 0x83AB, 0xACD0,
  0xACCF, 0xB4EF, 0xACAF, 0xACAE, 0xACF0, 0xACAF, 0xACD0, 0xB4F0, 0xB4F0, 0xAC8E, 0x9C4D, 0xBD10,
  0xBD31, 0xBD31, 0xBD51, 0xBD30, 0xB4EF, 0xB4CF, 0xB530, 0xBD30, 0xBD30, 0xC530, 0xB532, 0x7B2A,
  0x4228, 0x4A28, 0x5AA8, 0x8C0E, 0xACD0, 0xA46E, 0x8BED, 0x8BCC, 0x8BED, 0xA46E, 0xA48F, 0x836B,
  0x6B4B, 0x8C0E, 0x8C4F, 0x9C6F, 0x9CB1, 0xACF2, 0xA4F2, 0xA4D1, 0xAD32, 0xB532, 0xAD12, 0x942E,
  0x942E, 0x9C4E, 0x9CB0, 0x62C9, 0x6B4B, 0x8C0D, 0x9C70, 0xA4B0, 0x8C0E, 0x8BCD, 0x940E, 0x940E,
  0x942F, 0x940E, 0x944F, 0x940E, 0x8C4F, 0x9C90, 0x9C90, 0x942E, 0x738C, 0x6AEA, 0x5288, 0x5267,
  0x5287, 0x6309, 0x6B4B, 0x5AC8, 0x6B4A, 0x944E, 0x73AC, 0x734A, 0x5AC8, 0x5AA7, 0x738B, 0x6308,
  0x630A, 0x6B09, 0x736B, 0x946E, 0x946F, 0x9C8F, 0x948F, 0x942E, 0x9C8F, 0x9C6E, 0x948F, 0x9C8F,
  0x948F, 0x944E, 0x9C90, 0xAD12, 0x93CB, 0xACAE, 0xAC6D, 0xA48E, 0xAC8D, 0xACAE, 0xB4AE, 0xACCF,
  0xAC8E, 0xA46E, 0xAC6D, 0xACAF, 0xB4EF, 0xB4EF, 0xB4EE, 0x9C6D, 0x9C2C, 0xA4AE, 0xACCE, 0xB50F,
  0xB4CE, 0xACCF, 0xAC8E, 0xA48E, 0xA48E, 0x838A, 0x9C2C, 0xA48E, 0xA46E, 0xA46E, 0x9C0C, 0x9C6D,
  0xBCCE, 0xBD50, 0xC571, 0xB510, 0xAC8F, 0xBD52, 0xB4EF, 0x9C6E, 0xACAE, 0xACF0, 0xB4CE, 0xBD30,
  0xB4AD, 0xBD0F, 0xC530, 0xBD30, 0xC530, 0xBD51, 0xC550, 0xACEF, 0x7B29, 0x6AC8, 0x940D, 0xA4AF,
  0xA48F, 0x9C4E, 0x8BAC, 0x9C4E, 0x940C, 0x942D, 0xB4AE, 0xA46E, 0x7B4A, 0x7329, 0x7B6A, 0x8C2E,
  0x944E, 0x9CB0, 0xACF0, 0x9CD0, 0xA4AF, 0xA4D0, 0xB4F0, 0xB572, 0xACB0, 0x9C8F, 0x940D, 0x8BED,
  0x62C8, 0x83CC, 0x9C6E, 0xA4F0, 0xACD0, 0x8BED, 0x8BCC, 0xAD12, 0x9C4F, 0x8BED, 0x940E, 0x942F,
  0x942E, 0x9C90, 0xA490, 0xACF1, 0x8BED, 0x6B2B, 0x62E9, 0x5267, 0x6B09, 0x6B4A, 0x6B29, 0x6308,
  0x6B09, 0x62E9, 0x732A, 0x7BCD, 0x6B48, 0x52A6, 0x62E7, 0x6B69, 0x6B09, 0x7BAC, 0x7BAB, 0x83ED,
  0x8BEC, 0x8C4E, 0x944E, 0x8C4E, 0x83ED, 0x840D, 0x942D, 0x946F, 0x8C0D, 0x946F, 0xA4B0, 0x9CD0,
  0xA46E, 0xA46D, 0xA46E, 0xAC6D, 0xACAE, 0xAC8E, 0xA48E, 0xAC8D, 0xA46E, 0xAC8E, 0xA46E, 0xACAE,
  0xACEF, 0xB4EF, 0xB510, 0xA46D, 0x9C4D, 0xACAE, 0x9C8D, 0xA48D, 0xA48E, 0x9C0C, 0x942D, 0x9C4D,
  0x942D, 0xACAF, 0xACF0, 0xA48E, 0x9C2D, 0xA44E, 0x9C6E, 0xBD10, 0xBD30, 0xC550, 0xBD72, 0xA46D,
  0x838B, 0xA46E, 0x942D, 0x93EC, 0x9C4E, 0xA48E, 0xB4EF, 0xC530, 0xBD50, 0xC550, 0xB531, 0xACAE,
  0xACEF, 0xBD30, 0xBD71, 0xC551, 0xBD72, 0xACAF, 0x9C6F, 0x93ED, 0x7B6B, 0x7309, 0x732A, 0x838B,
  0x942E, 0x9C2E, 0xB4F0, 0xBD31, 0x9C8F, 0x838B, 0x736B, 0x7B6B, 0x7BAC, 0x83ED, 0x8C0E, 0x8C0D,
  0x8C0D, 0x942E, 0x9CB0, 0x9C6F, 0x942E, 0xACB0, 0x944F, 0xA48F, 0x7BAC, 0x62A8, 0x83ED, 0x8C0D,
  0xA4F1, 0xA4B0, 0x83CD, 0x940E, 0x9C90, 0x8BED, 0x83CD, 0x942F, 0x944F, 0x940E, 0x9470, 0x9C6F,
  0x9470, 0x944F, 0x8C50, 0x732B, 0x6B4A, 0x7B8B, 0x738B, 0x62C8, 0x632A, 0x62C9, 0x62EA, 0x83CD,
  0x738A, 0x6B28, 0x5AA7, 0x5AC7, 0x6B2A, 0x7B8B, 0x7BAC, 0x83ED, 0x9CB0, 0x8C0D, 0x840E, 0x7B8B,
  0x738C, 0x9C90, 0x948F, 0x9C8F, 0x9C90, 0xA4B0, 0x9490, 0x9C6F, 0x0000, 0x0020, 0x0000, 0x0020,
  0x0000, 0x0020, 0x0000, 0x0020, 0x0000, 0x0020, 0x0000, 0x0020, 0x0000, 0x0020, 0x0000, 0x0020,
  0x0000, 0x0020, 0x0000, 0x0020, 0x0000, 0x0020, 0x0000, 0x0020, 0x0000, 0x0020, 0x0000, 0x0020,
  0x0000, 0x0020, 0x0000, 0x0020, 0x0000, 0x0020, 0x0000, 0x0020, 0x0000, 0x0020, 0x0000, 0x0020,
  0x0000, 0x0020, 0x0000, 0x0020, 0x0000, 0x0020, 0x0000, 0x0020, 0x0000, 0x0020, 0x0000, 0x0020,
  0x0000, 0x0020, 0x0000, 0x0020, 0x0000, 0x0020, 0x0000, 0x0020, 0x0000, 0x0020, 0x0000, 0x0020,
  0x0000, 0x0020, 0x0000, 0x0020, 0x0000, 0x0020, 0x0000, 0x0020, 0x0000, 0x0020, 0x0000, 0x0020,
  0x0000, 0x0020, 0x0000, 0x0020, 0x0000, 0x0020, 0x0000, 0x0020, 0x0000, 0x0020, 0x0000, 0x0020,
  0x0000, 0x0020, 0x0000, 0x0020, 0x0000, 0x0020, 0x0000, 0x0020, 0x0000, 0x0020, 0x0000, 0x0020,
  0x0000, 0x0020, 0x0000, 0x0020, 0x0000, 0x0020, 0x0000, 0x0020, 0x0000, 0x0020, 0x0000, 0x0020,
  0x0000, 0x0020, 0x0000, 0x0020, 0x0000, 0x0020, 0x0000, 0x0020, 0x0000, 0x0020, 0x0000, 0x0020,
  0x0000, 0x0020, 0x0000, 0x0020, 0x0020, 0x0000, 0x0020, 0x0000, 0x0020, 0x0000, 0x0020, 0x0000,
  0x0020, 0x0000, 0x0020, 0x0000, 0x0020, 0x0000, 0x0020, 0x0000, 0x0020, 0x0000, 0x0020, 0x0000,
  0x0020, 0x0000, 0x0020, 0x0000, 0x0020, 0x0000, 0x0020, 0x0000, 0x0020, 0x0000, 0x0020, 0x0000,
  0x0020, 0x0000, 0x0020, 0x0000, 0x0020, 0x0000, 0x0020, 0x0000, 0x0020, 0x0000, 0x0020, 0x0000,
  0x0020, 0x0000, 0x0020, 0x0000, 0x0020, 0x0000, 0x0020, 0x0000, 0x0020, 0x0000, 0x0020, 0x0000,
  0x0020, 0x0000, 0x0020, 0x0000, 0x0020, 0x0000, 0x0020, 0x0000, 0x0020, 0x0000, 0x0020, 0x0000,
  0x0020, 0x0000, 0x0020, 0x0000, 0x0020, 0x0000, 0x0020, 0x0000, 0x0020, 0x0000, 0x0020, 0x0000,
  0x0020, 0x0000, 0x0020, 0x0000, 0x0020, 0x0000, 0x0020, 0x0000, 0x0020, 0x0000, 0x0020, 0x0000,
  0x0020, 0x0000, 0x0020, 0x0000, 0x0020, 0x0000, 0x0020, 0x0000, 0x0020, 0x0000, 0x0020, 0x0000,
  0x0020, 0x0000, 0x0020, 0x0000, 0x0020, 0x0000, 0x0020, 0x0000, 0x0020, 0x0000, 0x0020, 0x0000,
  0x0020, 0x0000, 0x0020, 0x0000, 0x0020, 0x0000, 0x0020, 0x0000, 0x0020, 0x0000, 0x0020, 0x0000,
  0x0000, 0x0020, 0x0000, 0x0020, 0x0000, 0x0020, 0x0000, 0x0020, 0x0000, 0x0020, 0x0000, 0x0020,
  0x0000, 0x0020, 0x0000, 0x0020, 0x0000, 0x0020, 0x0000, 0x0020, 0x0000, 0x0020, 0x0000, 0x0020,
  0x0000, 0x0020, 0x0000, 0x0020, 0x0000, 0x0020, 0x0000, 0x0020, 0x0000, 0x0020, 0x0000, 0x0020,
  0x0000, 0x0020, 0x0000, 0x0020, 0x0000, 0x0020, 0x0000, 0x0020, 0x0000, 0x0020, 0x0000, 0x0020,
  0x0000, 0x0020, 0x0000, 0x0020, 0x0000, 0x0020, 0x0000, 0x0020, 0x0000, 0x0020, 0x0000, 0x0020,
  0x0000, 0x0020, 0x0000, 0x0020, 0x0000, 0x0020, 0x0000, 0x0020, 0x0000, 0x0020, 0x0000, 0x0020,
  0x0000, 0x0020, 0x0000, 0x0020, 0x0000, 0x0020, 0x0000, 0x0020, 0x0000, 0x0020, 0x0000, 0x0020,
  0x0000, 0x0020, 0x0000, 0x0020, 0x0000, 0x0020, 0x0000, 0x0020, 0x0000, 0x0020, 0x0000, 0x0020,
  0x0000, 0x0020, 0x0000, 0x0020, 0x0000, 0x0020, 0x0000, 0x0020, 0x0000, 0x0020, 0x0000, 0x0020,
  0x0000, 0x0020, 0x0000, 0x0020, 0x0000, 0x0020, 0x0000, 0x0020, 0x0000, 0x0020, 0x0000, 0x0020,
  0x0000, 0x0020, 0x0000, 0x0020, 0x0000, 0x0020, 0x0000, 0x0020, 0x0020, 0x0000, 0x0020, 0x0000,
  0x0020, 0x0000, 0x0020, 0x0000, 0x0020, 0x0000, 0x0020, 0x0000, 0x0020, 0x0000, 0x0020, 0x0000,
  0x0020, 0x0000, 0x0020, 0x0000, 0x0020, 0x0000, 0x0020, 0x0000, 0x0020, 0x0000, 0x0020, 0x0000,
  0x0020, 0x0000, 0x0020, 0x0000, 0x0020, 0x0000, 0x0020, 0x0000, 0x0020, 0x0000, 0x0020, 0x0000,
  0x0020, 0x0000, 0x0020, 0x0000, 0x0020, 0x0000, 0x0020, 0x0000, 0x0020, 0x0000, 0x0020, 0x0000,
  0x0020, 0x0000, 0x0020, 0x0000, 0x0020, 0x0000, 0x0020, 0x0000, 0x0020, 0x0000, 0x0020, 0x0000,
  0x0020, 0x0000, 0x0020, 0x0000, 0x0020, 0x0000, 0x0020, 0x0000, 0x0020, 0x0000, 0x0020, 0x0000,
  0x0020, 0x0000, 0x0020, 0x0000, 0x0020, 0x0000, 0x0020, 0x0000, 0x0020, 0x0000, 0x0020, 0x0000,
  0x0020, 0x0000, 0x0020, 0x0000, 0x0020, 0x0000, 0x0020, 0x0000, 0x0020, 0x0000, 0x0020, 0x0000,
  0x0020, 0x0000, 0x0020, 0x0000, 0x0020, 0x0000, 0x0020, 0x0000, 0x0020, 0x0000, 0x0020, 0x0000,
  0x0020, 0x0000, 0x0020, 0x0000, 0x0020, 0x0000, 0x0020, 0x0000, 0x0020, 0x0000, 0x0020, 0x0000,
  0x0020, 0x0000, 0x0020, 0x0000, 0x0000, 0x0020, 0x0000, 0x0020, 0x0000, 0x0020, 0x0000, 0x0020,
  0x0000, 0x0020, 0x0000, 0x0020, 0x0000, 0x0020, 0x0000, 0x0020, 0x0000, 0x0020, 0x0000, 0x0020,
  0x0000, 0x0020, 0x0000, 0x0020, 0x0000, 0x0020, 0x0000, 0x0020, 0x0000, 0x0020, 0x0000, 0x0020,
  0x0000, 0x0020, 0x0000, 0x0020, 0x0000, 0x0020, 0x0000, 0x0020, 0x0000, 0x0020, 0x0000, 0x0020,
  0x0000, 0x0020, 0x0000, 0x0020, 0x0000, 0x0020, 0x0000, 0x0020, 0x0000, 0x0020, 0x0000, 0x0020,
  0x0000, 0x0020, 0x0000, 0x0020, 0x0000, 0x0020, 0x0000, 0x0020, 0x0000, 0x0020, 0x0000, 0x0020,
  0x0000, 0x0020, 0x0000, 0x0020, 0x0000, 0x0020, 0x0000, 0x0020, 0x0000, 0x0020, 0x0000, 0x0020,
  0x0000, 0x0020, 0x0000, 0x0020, 0x0000, 0x0020, 0x0000, 0x0020, 0x0000, 0x0020, 0x0000, 0x0020,
  0x0000, 0x0020, 0x0000, 0x0020, 0x0000, 0x0020, 0x0000, 0x0020, 0x0000, 0x0020, 0x0000, 0x0020,
  0x0000, 0x0020, 0x0000, 0x0020, 0x0000, 0x0020, 0x0000, 0x0020, 0x0000, 0x0020, 0x0000, 0x0020,
  0x0000, 0x0020, 0x0000, 0x0020, 0x0000, 0x0020, 0x0000, 0x0020, 0x0000, 0x0020, 0x0000, 0x0020,
  0x0020, 0x0000, 0x0020, 0x0000, 0x0020, 0x0000, 0x0020, 0x0000, 0x0020, 0x0000, 0x0020, 0x0000,
  0x0020, 0x0000, 0x0020, 0x0000, 0x0020, 0x0000, 0x0020, 0x0000, 0x0020, 0x0000, 0x0020, 0x0000,
  0x0020, 0x0000, 0x0020, 0x0000, 0x0020, 0x0000, 0x0020, 0x0000, 0x0020, 0x0000, 0x0020, 0x0000,
  0x0020, 0x0000, 0x0020, 0x0000, 0x0020, 0x0000, 0x0020, 0x0000, 0x0020, 0x0000, 0x0020, 0x0000,
  0x0020, 0x0000, 0x0020, 0x0000, 0x0020, 0x0000, 0x0020, 0x0000, 0x0020, 0x0000, 0x0020, 0x0000,
  0x0020, 0x0000, 0x0020, 0x0000, 0x0020, 0x0000, 0x0020, 0x0000, 0x0020, 0x0000, 0x0020, 0x0000,
  0x0020, 0x0000, 0x0020, 0x0000, 0x0020, 0x0000, 0x0020, 0x0000, 0x0020, 0x0000, 0x0020, 0x0000,
  0x0020, 0x0000, 0x0020, 0x0000, 0x0020, 0x0000, 0x0020, 0x0000, 0x0020, 0x0000, 0x0020, 0x0000,
  0x0020, 0x0000, 0x0020, 0x0000, 0x0020, 0x0000, 0x0020, 0x0000, 0x0020, 0x0000, 0x0020, 0x0000,
  0x0020, 0x0000, 0x0020, 0x0000, 0x0020, 0x0000, 0x0020, 0x0000, 0x0020, 0x0000, 0x0020, 0x0000,
  0x0020, 0x0000, 0x0020, 0x0000, 0x0020, 0x0000, 0x0020, 0x0000, 0x0000, 0x0020, 0x0000, 0x0020,
  0x0000, 0x0020, 0x0000, 0x0020, 0x0000, 0x0020, 0x0000, 0x0020, 0x0000, 0x0020, 0x0000, 0x0020,
  0x0000, 0x0020, 0x0000, 0x0020, 0x0000, 0x0020, 0x0000, 0x0020, 0x0000, 0x0020, 0x0000, 0x0020,
  0x0000, 0x0020, 0x0000, 0x0020, 0x0000, 0x0020, 0x0000, 0x0020, 0x0000, 0x0020, 0x0000, 0x0020,
  0x0000, 0x0020, 0x0000, 0x0020, 0x0000, 0x0020, 0x0000, 0x0020, 0x0000, 0x0020, 0x0000, 0x0020,
  0x0000, 0x0020, 0x0000, 0x0020, 0x0000, 0x0020, 0x0000, 0x0020, 0x0000, 0x0020, 0x0000, 0x0020,
  0x0000, 0x0020, 0x0000, 0x0020, 0x0000, 0x0020, 0x0000, 0x0020, 0x0000, 0x0020, 0x0000, 0x0020,
  0x0000, 0x0020, 0x0000, 0x0020, 0x0000, 0x0020, 0x0000, 0x0020, 0x0000, 0x0020, 0x0000, 0x0020,
  0x0000, 0x0020, 0x0000, 0x0020, 0x0000, 0x0020, 0x0000, 0x0020, 0x0000, 0x0020, 0x0000, 0x0020,
  0x0000, 0x0020, 0x0000, 0x0020, 0x0000, 0x0020, 0x0000, 0x0020, 0x0000, 0x0020, 0x0000, 0x0020,
  0x0000, 0x0020, 0x0000, 0x0020, 0x0000, 0x0020, 0x0000, 0x0020, 0x0000, 0x0020, 0x0000, 0x0020,
  0x0000, 0x0020, 0x0000, 0x0020, 0x0020, 0x0000, 0x0020, 0x0000, 0x0020, 0x0000, 0x0020, 0x0000,
  0x0020, 0x0000, 0x0020, 0x0000, 0x0020, 0x0000, 0x0020, 0x0000, 0x0020, 0x0000, 0x0020, 0x0000,
  0x0020, 0x0000, 0x0020, 0x0000, 0x0020, 0x0000, 0x0020, 0x0000, 0x0020, 0x0000, 0x0020, 0x0000,
  0x0020, 0x0000, 0x0020, 0x0000, 0x0020, 0x0000, 0x0020, 0x0000, 0x0020, 0x0000, 0x0020, 0x0000,
  0x0020, 0x0000, 0x0020, 0x0000, 0x0020, 0x0000, 0x0020, 0x0000, 0x0020, 0x0000, 0x0020, 0x0000,
  0x0020, 0x0000, 0x0020, 0x0000, 0x0020, 0x0000, 0x0020, 0x0000, 0x0020, 0x0000, 0x0020, 0x0000,
  0x0020, 0x0000, 0x0020, 0x0000, 0x0020, 0x0000, 0x0020, 0x0000, 0x0020, 0x0000, 0x0020, 0x0000,
  0x0020, 0x0000, 0x0020, 0x0000, 0x0020, 0x0000, 0x0020, 0x0000, 0x0020, 0x0000, 0x0020, 0x0000,
  0x0020, 0x0000, 0x0020, 0x0000, 0x0020, 0x0000, 0x0020, 0x0000, 0x0020, 0x0000, 0x0020, 0x0000,
  0x0020, 0x0000, 0x0020, 0x0000, 0x0020, 0x0000, 0x0020, 0x0000, 0x0020, 0x0000, 0x0020, 0x0000,
  0x0020, 0x0000, 0x0020, 0x0000, 0x0020, 0x0000, 0x0020, 0x0000, 0x0020, 0x0000, 0x0020, 0x0000,
  0x0000, 0x0020, 0x0000, 0x0020, 0x0000, 0x0020, 0x0000, 0x0020, 0x0000, 0x0020, 0x0000, 0x0020,
  0x0000, 0x0020, 0x0000, 0x0020, 0x0000, 0x0020, 0x0000, 0x0020, 0x0000, 0x0020, 0x0000, 0x0020,
  0x0000, 0x0020, 0x0000, 0x0020, 0x0000, 0x0020, 0x0000, 0x0020, 0x0000, 0x0020, 0x0000, 0x0020,
  0x0000, 0x0020, 0x0000, 0x0020, 0x0000, 0x0020, 0x0000, 0x0020, 0x0000, 0x0020, 0x0000, 0x0020,
  0x0000, 0x0020, 0x0000, 0x0020, 0x0000, 0x0020, 0x0000, 0x0020, 0x0000, 0x0020, 0x0000, 0x0020,
  0x0000, 0x0020, 0x0000, 0x0020, 0x0000, 0x0020, 0x0000, 0x0020, 0x0000, 0x0020, 0x0000, 0x0020,
  0x0000, 0x0020, 0x0000, 0x0020, 0x0000, 0x0020, 0x0000, 0x0020, 0x0000, 0x0020, 0x0000, 0x0020,
  0x0000, 0x0020, 0x0000, 0x0020, 0x0000, 0x0020, 0x0000, 0x0020, 0x0000, 0x0020, 0x0000, 0x0020,
  0x0000, 0x0020, 0x0000, 0x0020, 0x0000, 0x0020, 0x0000, 0x0020, 0x0000, 0x0020, 0x0000, 0x0020,
  0x0000, 0x0020, 0x0000, 0x0020, 0x0000, 0x0020, 0x0000, 0x0020, 0x0000, 0x0020, 0x0000, 0x0020,
  0x0000, 0x0020, 0x0000, 0x0020, 0x0000, 0x0020, 0x0000, 0x0020, 0x0020, 0x0000, 0x0020, 0x0000,
  0x0020, 0x0000, 0x0020, 0x0000, 0x0020, 0x0000, 0x0020, 0x0000, 0x0020, 0x0000, 0x0020, 0x0000,
  0x0020, 0x0000, 0x0020, 0x0000, 0x0020, 0x0000, 0x0020, 0x0000, 0x0020, 0x0000, 0x0020, 0x0000,
  0x0020, 0x0000, 0x0020, 0x0000, 0x0020, 0x0000, 0x0020, 0x0000, 0x0020, 0x0000, 0x0020, 0x0000,
  0x0020, 0x0000, 0x0020, 0x0000, 0x0020, 0x0000, 0x0020, 0x0000, 0x0020, 0x0000, 0x0020, 0x0000,
  0x0020, 0x0000, 0x0020, 0x0000, 0x0020, 0x0000, 0x0020, 0x0000, 0x0020, 0x0000, 0x0020, 0x0000,
  0x0020, 0x0000, 0x0020, 0x0000, 0x0020, 0x0000, 0x0020, 0x0000, 0x0020, 0x0000, 0x0020, 0x0000,
  0x0020, 0x0000, 0x0020, 0x0000, 0x0020, 0x0000, 0x0020, 0x0000, 0x0020, 0x0000, 0x0020, 0x0000,
  0x0020, 0x0000, 0x0020, 0x0000, 0x0020, 0x0000, 0x0020, 0x0000, 0x0020, 0x0000, 0x0020, 0x0000,
  0x0020, 0x0000, 0x0020, 0x0000, 0x0020, 0x0000, 0x0020, 0x0000, 0x0020, 0x0000, 0x0020, 0x0000,
  0x0020, 0x0000, 0x0020, 0x0000, 0x0020, 0x0000, 0x0020, 0x0000, 0x0020, 0x0000, 0x0020, 0x0000,
  0x0020, 0x0000, 0x0020, 0x0000, 0x0000, 0x0020, 0x0000, 0x0020, 0x0000, 0x0020, 0x0000, 0x0020,
  0x0000, 0x0020, 0x0000, 0x0020, 0x0000, 0x0020, 0x0000, 0x0020, 0x0000, 0x0020, 0x0000, 0x0020,
  0x0000, 0x0020, 0x0000, 0x0020, 0x0000, 0x0020, 0x0000, 0x0020, 0x0000, 0x0020, 0x0000, 0x0020,
  0x0000, 0x0020, 0x0000, 0x0020, 0x0000, 0x0020, 0x0000, 0x0020, 0x0000, 0x0020, 0x0000, 0x0020,
  0x0000, 0x0020, 0x0000, 0x0020, 0x0000, 0x0020, 0x0000, 0x0020, 0x0000, 0x0020, 0x0000, 0x0020,
  0x0000, 0x0020, 0x0000, 0x0020, 0x0000, 0x0020, 0x0000, 0x0020, 0x0000, 0x0020, 0x0000, 0x0020,
  0x0000, 0x0020, 0x0000, 0x0020, 0x0000, 0x0020, 0x0000, 0x0020, 0x0000, 0x0020, 0x0000, 0x0020,
  0x0000, 0x0020, 0x0000, 0x0020, 0x0000, 0x0020, 0x0000, 0x0020, 0x0000, 0x0020, 0x0000, 0x0020,
  0x0000, 0x0020, 0x0000, 0x0020, 0x0000, 0x0020, 0x0000, 0x0020, 0x0000, 0x0020, 0x0000, 0x0020,
  0x0000, 0x0020, 0x0000, 0x0020, 0x0000, 0x0020, 0x0000, 0x0020, 0x0000, 0x0020, 0x0000, 0x0020,
  0x0000, 0x0020, 0x0000, 0x0020, 0x0000, 0x0020, 0x0000, 0x0020, 0x0000, 0x0020, 0x0000, 0x0020,
  0x0020, 0x0000, 0x0020, 0x0000, 0x0020, 0x0000, 0x0020, 0x0000, 0x0020, 0x0000, 0x0020, 0x0000,
  0x0020, 0x0000, 0x0020, 0x0000, 0x0020, 0x0000, 0x0020, 0x0000, 0x0020, 0x0000, 0x0020, 0x0000,
  0x0020, 0x0000, 0x0020, 0x0000, 0x0020, 0x0000, 0x0020, 0x0000, 0x0020, 0x0000, 0x0020, 0x0000,
  0x0020, 0x0000, 0x0020, 0x0000, 0x0020, 0x0000, 0x0020, 0x0000, 0x0020, 0x0000, 0x0020, 0x0000,
  0x0020, 0x0000, 0x0020, 0x0000, 0x0020, 0x0000, 0x0020, 0x0000, 0x0020, 0x0000, 0x0020, 0x0000,
  0x0020, 0x0000, 0x0020, 0x0000, 0x0020, 0x0000, 0x0020, 0x0000, 0x0020, 0x0000, 0x0020, 0x0000,
  0x0020, 0x0000, 0x0020, 0x0000, 0x0020, 0x0000, 0x0020, 0x0000, 0x0020, 0x0000, 0x0020, 0x0000,
  0x0020, 0x0000, 0x0020, 0x0000, 0x0020, 0x0000, 0x0020, 0x0000, 0x0020, 0x0000, 0x0020, 0x0000,
  0x0020, 0x0000, 0x0020, 0x0000, 0x0020, 0x0000, 0x0020, 0x0000, 0x0020, 0x0000, 0x0020, 0x0000,
  0x0020, 0x0000, 0x0020, 0x0000, 0x0020, 0x0000, 0x0020, 0x0000, 0x0020, 0x0000, 0x0020, 0x0000,
  0x0020, 0x0000, 0x0020, 0x0000, 0x0020, 0x0000, 0x0020, 0x0000, 0x0000, 0x0020, 0x0000, 0x0020,
  0x0000, 0x0020, 0x0000, 0x0020, 0x0000, 0x0020, 0x0000, 0x0020, 0x0000, 0x0020, 0x0000, 0x0020,
  0x0000, 0x0020, 0x0000, 0x0020, 0x0000, 0x0020, 0x0000, 0x0020, 0x0000, 0x0020, 0x0000, 0x0020,
  0x0000, 0x0020, 0x0000, 0x0020, 0x0000, 0x0020, 0x0000, 0x0020, 0x0000, 0x0020, 0x0000, 0x0020,
  0x0000, 0x0020, 0x0000, 0x0020, 0x0000, 0x0020, 0x0000, 0x0020, 0x0000, 0x0020, 0x0000, 0x0020,
  0x0000, 0x0020, 0x0000, 0x0020, 0x0000, 0x0020, 0x0000, 0x0020, 0x0000, 0x0020, 0x0000, 0x0020,
  0x0000, 0x0020, 0x0000, 0x0020, 0x0000, 0x0020, 0x0000, 0x0020, 0x0000, 0x0020, 0x0000, 0x0020,
  0x0000, 0x0020, 0x0000, 0x0020, 0x0000, 0x0020, 0x0000, 0x0020, 0x0000, 0x0020, 0x0000, 0x0020,
  0x0000, 0x0020, 0x0000, 0x0020, 0x0000, 0x0020, 0x0000, 0x0020, 0x0000, 0x0020, 0x0000, 0x0020,
  0x0000, 0x0020, 0x0000, 0x0020, 0x0000, 0x0020, 0x0000, 0x0020, 0x0000, 0x0020, 0x0000, 0x0020,
  0x0000, 0x0020, 0x0000, 0x0020, 0x0000, 0x0020, 0x0000, 0x0020, 0x0000, 0x0020, 0x0000, 0x0020,
  0x0000, 0x0020, 0x0000, 0x0020, 0x0020, 0x0000, 0x0020, 0x0000, 0x0020, 0x0000, 0x0020, 0x0000,
  0x0020, 0x0000, 0x0020, 0x0000, 0x0020, 0x0000, 0x0020, 0x0000, 0x0020, 0x0000, 0x0020, 0x0000,
  0x0020, 0x0000, 0x0020, 0x0000, 0x0020, 0x0000, 0x0020, 0x0000, 0x0020, 0x0000, 0x0020, 0x0000,
  0x0020, 0x0000, 0x0020, 0x0000, 0x0020, 0x0000, 0x0020, 0x0000, 0x0020, 0x0000, 0x0020, 0x0000,
  0x0020, 0x0000, 0x0020, 0x0000, 0x0020, 0x0000, 0x0020, 0x0000, 0x0020, 0x0000, 0x0020, 0x0000,
  0x0020, 0x0000, 0x0020, 0x0000, 0x0020, 0x0000, 0x0020, 0x0000, 0x0020, 0x0000, 0x0020, 0x0000,
  0x0020, 0x0000, 0x0020, 0x0000, 0x0020, 0x0000, 0x0020, 0x0000, 0x0020, 0x0000, 0x0020, 0x0000,
  0x0020, 0x0000, 0x0020, 0x0000, 0x0020, 0x0000, 0x0020, 0x0000, 0x0020, 0x0000, 0x0020, 0x0000,
  0x0020, 0x0000, 0x0020, 0x0000, 0x0020, 0x0000, 0x0020, 0x0000, 0x0020, 0x0000, 0x0020, 0x0000,
  0x0020, 0x0000, 0x0020, 0x0000, 0x0020, 0x0000, 0x0020, 0x0000, 0x0020, 0x0000, 0x0020, 0x0000,
  0x0020, 0x0000, 0x0020, 0x0000, 0x0020, 0x0000, 0x0020, 0x0000, 0x0020, 0x0000, 0x0020, 0x0000,
  0x0000, 0x0020, 0x0000, 0x0020, 0x0000, 0x0020, 0x0000, 0x0020, 0x0000, 0x0020, 0x0000, 0x0020,
  0x0000, 0x0020, 0x0000, 0x0020, 0x0000, 0x0020, 0x0000, 0x0020, 0x0000, 0x0020, 0x0000, 0x0020,
  0x0000, 0x0020, 0x0000, 0x0020, 0x0000, 0x0020, 0x0000, 0x0020, 0x0000, 0x0020, 0x0000, 0x0020,
  0x0000, 0x0020, 0x0000, 0x0020, 0x0000, 0x0020, 0x0000, 0x0020, 0x0000, 0x0020, 0x0000, 0x0020,
  0x0000, 0x0020, 0x0000, 0x0020, 0x0000, 0x0020, 0x0000, 0x0020, 0x0000, 0x0020, 0x0000, 0x0020,
  0x0000, 0x0020, 0x0000, 0x0020, 0x0000, 0x0020, 0x0000, 0x0020, 0x0000, 0x0020, 0x0000, 0x0020,
  0x0000, 0x0020, 0x0000, 0x0020, 0x0000, 0x0020, 0x0000, 0x0020, 0x0000, 0x0020, 0x0000, 0x0020,
  0x0000, 0x0020, 0x0000, 0x0020, 0x0000, 0x0020, 0x0000, 0x0020, 0x0000, 0x0020, 0x0000, 0x0020,
  0x0000, 0x0020, 0x0000, 0x0020, 0x0000, 0x0020, 0x0000, 0x0020, 0x0000, 0x0020, 0x0000, 0x0020,
  0x0000, 0x0020, 0x0000, 0x0020, 0x0000, 0x0020, 0x0000, 0x0020, 0x0000, 0x0020, 0x0000, 0x0020,
  0x0000, 0x0020, 0x0000, 0x0020, 0x0000, 0x0020, 0x0000, 0x0020, 0x0020, 0x0000, 0x0020, 0x0000,
  0x0020, 0x0000, 0x0020, 0x0000, 0x0020, 0x0000, 0x0020, 0x0000, 0x0020, 0x0000, 0x0020, 0x0000,
  0x0020, 0x0000, 0x0020, 0x0000, 0x0020, 0x0000, 0x0020, 0x0000, 0x0020, 0x0000, 0x0020, 0x0000,
  0x0020, 0x0000, 0x0020, 0x0000, 0x0020, 0x0000, 0x0020, 0x0000, 0x0020, 0x0000, 0x0020, 0x0000,
  0x0020, 0x0000, 0x0020, 0x0000, 0x0020, 0x0000, 0x0020, 0x0000, 0x0020, 0x0000, 0x0020, 0x0000,
  0x0020, 0x0000, 0x0020, 0x0000, 0x0020, 0x0000, 0x0020, 0x0000, 0x0020, 0x0000, 0x0020, 0x0000,
  0x0020, 0x0000, 0x0020, 0x0000, 0x0020, 0x0000, 0x0020, 0x0000, 0x0020, 0x0000, 0x0020, 0x0000,
  0x0020, 0x0000, 0x0020, 0x0000, 0x0020, 0x0000, 0x0020, 0x0000, 0x0020, 0x0000, 0x0020, 0x0000,
  0x0020, 0x0000, 0x0020, 0x0000, 0x0020, 0x0000, 0x0020, 0x0000, 0x0020, 0x0000, 0x0020, 0x0000,
  0x0020, 0x0000, 0x0020, 0x0000, 0x0020, 0x0000, 0x0020, 0x0000, 0x0020, 0x0000, 0x0020, 0x0000,
  0x0020, 0x0000, 0x0020, 0x0000, 0x0020, 0x0000, 0x0020, 0x0000, 0x0020, 0x0000, 0x0020, 0x0000,
  0x0020, 0x0000, 0x0020, 0x0000,
};
