#pragma once

#include <Arduino.h>

// Full-color RGB565 rendering of three.jpg, center-cropped and resized to 128x128.
constexpr uint16_t SELECTED_PHOTO_RGB565[] PROGMEM = {
  0xDF3F, 0xDF5F, 0xDF3F, 0xD75F, 0xDF3F, 0xDF5F, 0xE77F, 0xE77F, 0xE77F, 0xE79F, 0xDF5F, 0xD73F,
  0xDF3F, 0xD71F, 0xD71E, 0xD73F, 0xDF5F, 0xDF9F, 0xEFBF, 0xDF9F, 0xDF5F, 0xD75F, 0xD71E, 0xCF1F,
  0xD71E, 0xD73F, 0xD71E, 0xCF1E, 0xD6FE, 0xCEFE, 0xCEFE, 0xCF1E, 0xD6FE, 0xCEFE, 0xD6FE, 0xCF1F,
  0xD71E, 0xD73F, 0xDF5F, 0xCEFE, 0x8495, 0x7474, 0xADD9, 0xE7BF, 0xE77F, 0xF7FF, 0xA577, 0x6C12,
  0x7C32, 0x63D1, 0x73F1, 0x7C53, 0x7C11, 0x7C52, 0x6BB0, 0x5B4E, 0x632D, 0x5B4E, 0x8C72, 0x8472,
  0x73AF, 0x638E, 0x738E, 0x6B8F, 0x6B4D, 0x73AE, 0x738E, 0x73CF, 0x6B4D, 0x5B2C, 0x73AE, 0x6B8E,
  0x738D, 0x632C, 0x7BAD, 0x73CD, 0x6B2C, 0x5AEB, 0x6B2B, 0x840F, 0x73AD, 0x8C50, 0x8C4F, 0x8C70,
  0x8C4F, 0x6B8C, 0x83EE, 0x844F, 0x840E, 0x73AD, 0x9470, 0x842F, 0x6B6B, 0x636C, 0x6B8C, 0x52C9,
  0x5AC9, 0x5AEA, 0x4A68, 0x4268, 0x39C5, 0x31A5, 0x4A26, 0x52C9, 0x6B6B, 0x52C8, 0x52A8, 0x5AEA,
  0x5AC9, 0x52C9, 0x5AC9, 0x4A68, 0x7BEE, 0x73EE, 0x6B4B, 0x52A9, 0x5AE8, 0x638B, 0x6308, 0x842D,
  0x8C6F, 0x846F, 0x948F, 0x846F, 0x94AF, 0x6B6B, 0x6B4B, 0x52C9, 0xD73F, 0xDF3F, 0xD73F, 0xDF3F,
  0xD73F, 0xDF3F, 0xDF7F, 0xEF9F, 0xEFDF, 0xEFBF, 0xE79F, 0xDF5F, 0xDF5F, 0xDF3F, 0xD73F, 0xE79F,
  0xE7DF, 0xDF7F, 0xDF7F, 0xDF3F, 0xCF1F, 0xD6FE, 0xCF1F, 0xCEFE, 0xCF1F, 0xD71E, 0xCF1F, 0xD71E,
  0xCF1F, 0xCEFE, 0xCEFE, 0xCEFE, 0xCEFF, 0xCEFE, 0xCEFF, 0xD6FE, 0xCF1F, 0xD71E, 0xD75F, 0xCEFE,
  0x7454, 0x7C54, 0x6BF3, 0xA599, 0xEFFF, 0xF7FF, 0x8CF5, 0x7432, 0x7433, 0x7412, 0x7433, 0x73F1,
  0x7411, 0x73D1, 0x6390, 0x530D, 0x530D, 0x6B6F, 0x6BAF, 0x73CF, 0x6BAF, 0x634E, 0x6B8F, 0x738F,
  0x6BAF, 0x6B6D, 0x636E, 0x73AE, 0x6B8E, 0x634D, 0x73CF, 0x630C, 0x73AF, 0x632C, 0x634C, 0x7BEE,
  0x7BCF, 0x5ACA, 0x6B6D, 0x8C50, 0x8C91, 0x9470, 0x7BEE, 0x842F, 0x8C91, 0x8C2F, 0x8C91, 0xAD33,
  0x9CF2, 0x9490, 0x7BEE, 0x73AD, 0x73CE, 0x630A, 0x636C, 0x5AE9, 0x636C, 0x5B0A, 0x634C, 0x4227,
  0x31C6, 0x4227, 0x4247, 0x6B6B, 0x5B2A, 0x5AC9, 0x5B0B, 0x5AEA, 0x52CA, 0x632A, 0x5B0B, 0x4A68,
  0x5B0B, 0x5AC9, 0x3A07, 0x4227, 0x5B2A, 0x636A, 0x7C0D, 0x8C8E, 0x8C90, 0x94B0, 0x94B0, 0x840E,
  0x636B, 0x31A4, 0x3A06, 0x4206, 0xE75F, 0xDF5F, 0xDF3F, 0xD73F, 0xDF3F, 0xDF5F, 0xE77F, 0xE7BF,
  0xEFBF, 0xEFFF, 0xF7DF, 0xEFDF, 0xE77F, 0xDF7F, 0xDF5F, 0xEFFF, 0xE79F, 0xD73F, 0xDF3F, 0xCF1F,
  0xD6FE, 0xCF1E, 0xD6FE, 0xCF1E, 0xD6FE, 0xCF1E, 0xD71E, 0xD73F, 0xD71E, 0xCF1E, 0xCEFE, 0xCEFE,
  0xCEFE, 0xCEFE, 0xD6FE, 0xCF1F, 0xD71E, 0xD73F, 0xD71E, 0xDF9F, 0xADD9, 0x6C12, 0x7433, 0x6BF2,
  0x9516, 0xBE9C, 0x8473, 0x7C73, 0x7C32, 0x7C73, 0x7C31, 0x6BD0, 0x7C11, 0x6BB0, 0x636F, 0x4AED,
  0x52EC, 0x6BB0, 0x6B4D, 0x7C10, 0x73CF, 0x638E, 0x6B6D, 0x6B8E, 0x738E, 0x636D, 0x73AE, 0x7C30,
  0x6B4D, 0x6B4D, 0x738D, 0x632C, 0x630B, 0x738E, 0x8C0F, 0x842F, 0xA4F2, 0x7BEE, 0x83EE, 0x7C0F,
  0x8C70, 0x94B1, 0x9470, 0x844F, 0x840E, 0x73CD, 0x8C2F, 0x842F, 0x9CD1, 0x9CF2, 0x83EE, 0x7C0E,
  0x7BCD, 0x5AEA, 0x630A, 0x5B2A, 0x52C9, 0x5B0A, 0x6B6B, 0x4248, 0x4227, 0x4247, 0x6B4A, 0x6B8C,
  0x62E9, 0x52A8, 0x52A8, 0x5AEA, 0x5AA8, 0x5B0A, 0x5288, 0x4227, 0x4A47, 0x31C6, 0x4205, 0x52C9,
  0x73CB, 0x7C2C, 0x8C4D, 0x94CF, 0x9CF0, 0x844E, 0x7BED, 0x6B8B, 0x39C5, 0x3A06, 0x4A47, 0x632A,
  0xDF7F, 0xE75F, 0xDF5F, 0xDF3F, 0xD73F, 0xDF3F, 0xE79F, 0xEFBF, 0xEFDF, 0xF7DF, 0xEFFF, 0xF7DF,
  0xE7BF, 0xE77F, 0xDF7F, 0xE77F, 0xD73F, 0xD6FE, 0xCEFF, 0xCEFE, 0xCEFE, 0xCEDE, 0xCEFE, 0xCEFE,
  0xCEFE, 0xCEFE, 0xCF1F, 0xD6FE, 0xCF1F, 0xCEFE, 0xCEFE, 0xCEDE, 0xCEFE, 0xCEFE, 0xCEFF, 0xD6FE,
  0xCF1F, 0xD71E, 0xCF1F, 0xD73F, 0xDF9F, 0x9557, 0x6C33, 0x7C54, 0x63F1, 0x6BF1, 0x7453, 0x7C53,
  0x7C74, 0x7C32, 0x7C53, 0x6BB0, 0x6BD1, 0x73F1, 0x5B4F, 0x4AAD, 0x4ACD, 0x52CC, 0x5B2D, 0x6B4E,
  0x6BD0, 0x73AF, 0x6B8F, 0x6B8E, 0x6B8E, 0x6B8E, 0x7C31, 0x73AE, 0x632D, 0x6B2D, 0x632D, 0x6B4D,
  0x5AEB, 0x52AA, 0x630B, 0x8C50, 0x94B1, 0x9490, 0x73AE, 0x6B4C, 0x8C91, 0x94B1, 0x8C91, 0x7BAD,
  0x842F, 0x73AD, 0x73AD, 0x6B4B, 0x7BEE, 0x8C2F, 0x6B8C, 0x7BEE, 0x73CD, 0x630A, 0x6B8D, 0x5B0A,
  0x4A89, 0x5AE9, 0x5AEA, 0x4A47, 0x4A88, 0x5AEA, 0x73CD, 0x5AA8, 0x52A9, 0x4A68, 0x4248, 0x630A,
  0x5AEA, 0x738C, 0x52A9, 0x4207, 0x4248, 0x39E6, 0x29A4, 0x73CD, 0x8CCF, 0x8C6E, 0x94D0, 0x94D0,
  0x844F, 0x52C8, 0x4A87, 0x73AC, 0x52A9, 0x5288, 0x52CA, 0x6B2B, 0xE75F, 0xE77F, 0xE77F, 0xDF7F,
  0xE75F, 0xDF5F, 0xE79F, 0xEFDF, 0xF7DF, 0xEFFF, 0xF7DF, 0xEFDF, 0xEFDF, 0xEFDF, 0xE79F, 0xDF5F,
  0xD71E, 0xCEFE, 0xCEFE, 0xCEFE, 0xCEFE, 0xCEFE, 0xCEDD, 0xCEFE, 0xCEFE, 0xCF1E, 0xD6FE, 0xCF1E,
  0xD6FE, 0xCF1E, 0xCEFE, 0xCEFE, 0xCEFE, 0xCEFE, 0xD6FE, 0xCF1F, 0xD6FE, 0xCF1F, 0xD71E, 0xD75F,
  0xE79F, 0xA5D9, 0x6BD2, 0x6C34, 0x7432, 0x6C12, 0x7432, 0x7453, 0x8493, 0x7452, 0x7C31, 0x7431,
  0x73B0, 0x6B8F, 0x5B0E, 0x52ED, 0x4AAC, 0x42AC, 0x52CB, 0x634E, 0x632D, 0x73AF, 0x73AF, 0x73CF,
  0x7BAE, 0x632D, 0x6B6D, 0x6BAE, 0x632C, 0x6B6D, 0x6B2C, 0x632C, 0x5ACA, 0x4A89, 0x5289, 0x634C,
  0x8C2F, 0x94B1, 0x8C4F, 0x73CD, 0x7BAD, 0x840F, 0x842F, 0x634C, 0x7BCD, 0x73AD, 0x9470, 0x7BEE,
  0x738C, 0x6B8C, 0x83ED, 0x94B0, 0x7BED, 0x73AD, 0x6B6B, 0x5AEA, 0x52A8, 0x4AA9, 0x52A9, 0x5B0A,
  0x4206, 0x5B0A, 0x842E, 0x5B0A, 0x62E9, 0x4A68, 0x4A47, 0x632A, 0x736B, 0x5B0A, 0x4206, 0x4227,
  0x4206, 0x39C6, 0x2922, 0x52C9, 0x7C0D, 0x846E, 0x8C6F, 0x6BAC, 0x4206, 0x4247, 0x4A46, 0x6B8C,
  0x6B4B, 0x39E5, 0x4A67, 0x634B, 0xE79F, 0xE77F, 0xDF7F, 0xE75F, 0xDF7F, 0xE75F, 0xDF7F, 0xEF9F,
  0xEFDF, 0xEFBF, 0xEFDF, 0xF7DF, 0xEFFF, 0xEFDF, 0xE7BF, 0xDF5F, 0xCF1F, 0xCEFE, 0xCEFE, 0xCEDE,
  0xCEFE, 0xCEDE, 0xC6DE, 0xCEDE, 0xCEFE, 0xCEFE, 0xCF1F, 0xD6FE, 0xCF1F, 0xCEFE, 0xCEFF, 0xCEFE,
  0xCEFF, 0xCEFE, 0xCEFF, 0xD6FE, 0xCF1F, 0xD71F, 0xD73F, 0xDF7F, 0xAE1B, 0x7433, 0x6C34, 0x63D2,
  0x6C33, 0x7412, 0x6BF2, 0x7412, 0x7C73, 0x7432, 0x7432, 0x7C31, 0x73F1, 0x5B0D, 0x52EE, 0x52CD,
  0x42AD, 0x426B, 0x428B, 0x5B0C, 0x636E, 0x632D, 0x5B0C, 0x6B8E, 0x6B6E, 0x632D, 0x6BAF, 0x73AF,
  0x634D, 0x632C, 0x5B0C, 0x5AEB, 0x4A69, 0x4A49, 0x52AA, 0x736D, 0x7C0F, 0x83EE, 0x73CE, 0x738C,
  0x52A9, 0x6B6C, 0x6B6C, 0x6B4C, 0x634C, 0x6B4C, 0x6B6C, 0x7BEE, 0x7C0E, 0x7BAD, 0x8C70, 0x840E,
  0x6B6C, 0x6B6C, 0x6B6C, 0x5B0A, 0x5B0B, 0x5AC9, 0x4AA9, 0x52A9, 0x52A9, 0x6B2B, 0x6B6C, 0x5268,
  0x4A88, 0x5268, 0x634B, 0x5288, 0x3A07, 0x41E6, 0x4A48, 0x4A47, 0x4248, 0x31A5, 0x3A06, 0x4206,
  0x5B09, 0x7BED, 0x73ED, 0x632A, 0x4A68, 0x4206, 0x4A68, 0x632A, 0x636B, 0x4226, 0x52EA, 0x5288,
  0xE77F, 0xE7BF, 0xEFBF, 0xE79F, 0xE75F, 0xDF5F, 0xDF5F, 0xDF5F, 0xE75F, 0xDF7F, 0xE77F, 0xE7BF,
  0xF7DF, 0xEFFF, 0xEFBF, 0xDF5F, 0xD71E, 0xCF1E, 0xD6FE, 0xCEFE, 0xCEDD, 0xCEFE, 0xCEDD, 0xCEFE,
  0xCEFE, 0xCF1E, 0xD6FE, 0xCF1F, 0xD71E, 0xCF1F, 0xD6FE, 0xCF1E, 0xD6FE, 0xCF1E, 0xD6FE, 0xCF1E,
  0xD71E, 0xD73F, 0xDF7F, 0xB65C, 0x7412, 0x7C94, 0x7C53, 0x6C33, 0x7C52, 0x7453, 0x73F1, 0x6C11,
  0x7411, 0x7452, 0x7C11, 0x6BF0, 0x6BB0, 0x638F, 0x5B0D, 0x4AED, 0x52AC, 0x426C, 0x4A6A, 0x4ACC,
  0x632D, 0x634D, 0x6B6D, 0x6B8E, 0x632C, 0x73CF, 0x6B6D, 0x6BAE, 0x6B4D, 0x632C, 0x630B, 0x5AEB,
  0x5289, 0x5AEB, 0x5AA8, 0x7BEE, 0x83EE, 0x6B8C, 0x7BCD, 0x634B, 0x5288, 0x73CD, 0x83EE, 0x5AEA,
  0x632B, 0x842F, 0x736C, 0x632B, 0x6B6B, 0x632B, 0x736B, 0x5AEA, 0x630A, 0x634B, 0x6B4B, 0x5B0A,
  0x5AC9, 0x52A9, 0x4A47, 0x52C9, 0x5AA9, 0x6B6C, 0x6B4A, 0x52C9, 0x41E6, 0x5AE9, 0x6B4B, 0x4A88,
  0x39A4, 0x2984, 0x4A26, 0x5288, 0x4206, 0x31A5, 0x4226, 0x4A67, 0x6309, 0x7C0E, 0x73AC, 0x6B8C,
  0x5AA9, 0x4A88, 0x4A67, 0x4A88, 0x6B4B, 0x73CD, 0x736B, 0x52A8, 0x8CF7, 0xADB9, 0xBE9D, 0xCEDE,
  0xE79F, 0xE75F, 0xDF5F, 0xDF5F, 0xDF5F, 0xDF5F, 0xDF5F, 0xDF5F, 0xDF7F, 0xE79F, 0xEFDF, 0xE77F,
  0xD75F, 0xD71F, 0xCF1F, 0xD6FE, 0xCEFE, 0xCEFE, 0xCEFF, 0xCEDE, 0xCEFF, 0xCEFE, 0xCF1F, 0xD71E,
  0xCF1F, 0xD6FE, 0xCF1F, 0xCEFE, 0xCEFF, 0xCEFE, 0xCF1F, 0xD6FE, 0xCF1F, 0xD71F, 0xDF7F, 0xB63B,
  0x63F2, 0x7C74, 0x7C94, 0x7C53, 0x7453, 0x7C53, 0x6C12, 0x6BD1, 0x6BF1, 0x6BF1, 0x7432, 0x6BAF,
  0x6BD0, 0x634E, 0x530E, 0x530D, 0x4ACD, 0x424B, 0x4AAC, 0x5B0D, 0x52CC, 0x5B0C, 0x634D, 0x632D,
  0x6BAF, 0x738E, 0x636E, 0x6B6E, 0x5B0C, 0x6B2D, 0x5AEC, 0x5ACB, 0x52CB, 0x7BCE, 0x5AEA, 0x5289,
  0x632B, 0x7BAD, 0x6B6C, 0x632B, 0x632B, 0x7BAD, 0x94B2, 0x6B6C, 0x5AEA, 0x83EE, 0x7C0F, 0x7BCD,
  0x8450, 0x7BEE, 0x73CD, 0x6B2B, 0x52CA, 0x6B2B, 0x4AA9, 0x4A68, 0x52A9, 0x5AC9, 0x52CA, 0x5AEA,
  0x5AEA, 0x6B2B, 0x632B, 0x4226, 0x3A07, 0x630A, 0x6B8C, 0x5AE9, 0x632B, 0x4A47, 0x31A5, 0x5288,
  0x4227, 0x3184, 0x3A06, 0x41E6, 0x4A88, 0x6B8C, 0x73CD, 0x4A67, 0x4227, 0x4207, 0x4227, 0x4A68,
  0x52C9, 0x73AD, 0x6B6C, 0x632A, 0x7C53, 0x7433, 0x7433, 0x7C74, 0xA578, 0xD75F, 0xE79F, 0xDF7F,
  0xDF5F, 0xDF7F, 0xDF5F, 0xDF5F, 0xDF5F, 0xDF5F, 0xE75F, 0xDF7F, 0xDF5F, 0xD73F, 0xDF3F, 0xDF5F,
  0xD71F, 0xD73F, 0xDF5F, 0xD75F, 0xD6FE, 0xCF1F, 0xD6FE, 0xD73F, 0xD71E, 0xD73F, 0xD71E, 0xCF1E,
  0xD6FE, 0xCF1E, 0xD6FE, 0xCF1F, 0xD71E, 0xD73F, 0xDF5F, 0xCEFE, 0x7412, 0x7433, 0x7C53, 0x7453,
  0x8493, 0x7C73, 0x7431, 0x7431, 0x7410, 0x6C11, 0x6BAF, 0x6BF0, 0x6BAF, 0x638F, 0x634E, 0x52ED,
  0x52AC, 0x428B, 0x634D, 0x638E, 0x528A, 0x426A, 0x52AA, 0x52EB, 0x73AE, 0x6B8E, 0x738E, 0x5B2C,
  0x632C, 0x52EB, 0x5AAA, 0x5B0B, 0x4A27, 0x632C, 0x736C, 0x5AEA, 0x5288, 0x4A68, 0x5AC9, 0x6B8C,
  0x736C, 0x73CD, 0x6B6C, 0x6B6C, 0x6B4B, 0x73CE, 0x7BAD, 0x7C0E, 0x8C6F, 0x73CD, 0x7BCD, 0x738C,
  0x5AEA, 0x52C9, 0x4206, 0x4A88, 0x5288, 0x52A9, 0x5AC9, 0x52CA, 0x5268, 0x5B0A, 0x5AE9, 0x4A68,
  0x5288, 0x634B, 0x6B4B, 0x632A, 0x736B, 0x5AEA, 0x4A47, 0x5288, 0x5267, 0x39C6, 0x4A26, 0x4227,
  0x39E5, 0x4A87, 0x62E9, 0x4A67, 0x4A67, 0x4A88, 0x4A27, 0x4A68, 0x5AC8, 0x636B, 0x6B4B, 0x5B0A,
  0x7433, 0x7C54, 0x7474, 0x8474, 0x7434, 0x8CD6, 0xC6DE, 0xE77F, 0xDF7F, 0xDF3F, 0xD75F, 0xDF3F,
  0xD75F, 0xDF5F, 0xDF5F, 0xDF5F, 0xD75F, 0xDF3F, 0xD75F, 0xDF3F, 0xD75F, 0xDF3F, 0xDF7F, 0xE77F,
  0xCF1F, 0xCEDE, 0xCEFF, 0xD71E, 0xCF1F, 0xD71E, 0xCF1F, 0xCEFE, 0xCEFF, 0xCEFE, 0xCF1F, 0xD71E,
  0xCF1F, 0xD71F, 0xD73F, 0xDF7F, 0x9D79, 0x6BF2, 0x7433, 0x7413, 0x7C94, 0x7432, 0x6C11, 0x7411,
  0x6C11, 0x73F0, 0x6BF1, 0x6BD0, 0x6BD0, 0x6BD0, 0x5B4F, 0x52ED, 0x4AAC, 0x4A8B, 0x73F0, 0x73CF,
  0x52EC, 0x3A08, 0x52CB, 0x634D, 0x6BAF, 0x6B4D, 0x632D, 0x632D, 0x6B6E, 0x5AEB, 0x5AEC, 0x5AAA,
  0x52AA, 0x630B, 0x738D, 0x4A47, 0x4228, 0x4A48, 0x52CA, 0x738C, 0x5B0B, 0x630A, 0x5AEA, 0x5ACA,
  0x634C, 0x736C, 0x73CD, 0x7BEE, 0x842F, 0x632B, 0x7BEE, 0x6B4B, 0x52CA, 0x4A68, 0x4227, 0x5AC9,
  0x634C, 0x6B4B, 0x5AEA, 0x630B, 0x4268, 0x5AC9, 0x5AEA, 0x5288, 0x634B, 0x6B4B, 0x52C9, 0x5AA9,
  0x5B0A, 0x5AEA, 0x632B, 0x5288, 0x4248, 0x41E6, 0x4207, 0x4206, 0x3A06, 0x4226, 0x4A89, 0x52A8,
  0x634C, 0x736C, 0x4248, 0x52A9, 0x52EA, 0x6B8C, 0x634B, 0x630A, 0x7411, 0x7C73, 0x8CB4, 0x84B4,
  0x8494, 0x7C74, 0x7C54, 0x9558, 0xD6DE, 0xE79F, 0xDF5F, 0xDF7F, 0xDF5F, 0xDF5F, 0xDF5F, 0xDF7F,
  0xE75F, 0xDF7F, 0xDF5F, 0xDF5F, 0xDF5F, 0xD75F, 0xDF3F, 0xDF7F, 0xD71F, 0xCEFE, 0xCEFE, 0xCEFF,
  0xD6FE, 0xCF1E, 0xD71E, 0xCF1E, 0xD6FE, 0xCF1E, 0xD6FE, 0xCF1F, 0xD71E, 0xD73F, 0xD71E, 0xDF7F,
  0xD71E, 0x7C53, 0x7412, 0x7433, 0x7C53, 0x7C73, 0x7411, 0x6BF1, 0x7C31, 0x7411, 0x6BCF, 0x63AF,
  0x6BAF, 0x6BB0, 0x6B8F, 0x5B4E, 0x4A6A, 0x5B4E, 0x7BEF, 0x73CF, 0x5AEC, 0x4249, 0x4A49, 0x632C,
  0x736D, 0x6B6D, 0x6B4D, 0x632C, 0x6B4C, 0x5AEB, 0x630B, 0x52AA, 0x62EB, 0x6B6D, 0x6B4C, 0x4A69,
  0x5268, 0x6B8C, 0x5AC9, 0x632B, 0x736C, 0x632B, 0x738C, 0x73AD, 0x7BAD, 0x6B6C, 0x6B4B, 0x842F,
  0x83EE, 0x73AD, 0x7BAC, 0x73AD, 0x6B6B, 0x4A88, 0x62EA, 0x6B8C, 0x738C, 0x6B6C, 0x6B2B, 0x5AEA,
  0x4A27, 0x5B0A, 0x4206, 0x39C6, 0x5AC8, 0x5AEA, 0x6309, 0x52C8, 0x5AC9, 0x5AEA, 0x62E9, 0x52A9,
  0x5AA8, 0x5288, 0x4206, 0x31A5, 0x4A67, 0x4247, 0x39C5, 0x3A06, 0x4A67, 0x4227, 0x4226, 0x4A88,
  0x5268, 0x52C9, 0x630A, 0x73AC, 0x7C73, 0x7C53, 0x7C74, 0x7C53, 0x7CB5, 0x8495, 0x7C95, 0x7C34,
  0x7C95, 0xBE3B, 0xDF9F, 0xDF5F, 0xDF5F, 0xDF3F, 0xD75F, 0xDF5F, 0xDF7F, 0xDF5F, 0xDF5F, 0xDF5F,
  0xDF5F, 0xDF3F, 0xD73F, 0xDF3F, 0xCF1F, 0xCEDE, 0xCEFF, 0xCEFE, 0xCEFE, 0xCEFE, 0xCF1F, 0xCEFE,
  0xCEFF, 0xCEFE, 0xCF1F, 0xD71E, 0xCF1F, 0xD71E, 0xCF1F, 0xD71F, 0xDF9F, 0xB63B, 0x6BF2, 0x7433,
  0x7453, 0x7C53, 0x7C73, 0x73F1, 0x6BF0, 0x73F0, 0x6BF1, 0x636E, 0x638F, 0x6BAF, 0x6BD0, 0x52EC,
  0x428B, 0x7BF1, 0x7C10, 0x6B6E, 0x52CC, 0x4A6A, 0x4249, 0x4A49, 0x52CB, 0x5AAB, 0x5AEC, 0x738E,
  0x636D, 0x5AEB, 0x5B0C, 0x528A, 0x4228, 0x5AAA, 0x5B0B, 0x6B4C, 0x52CA, 0x62EA, 0x73AD, 0x5AEA,
  0x632C, 0x6B4C, 0x73CD, 0x736C, 0x73CE, 0x7BCD, 0x8450, 0x7BEE, 0x6B8D, 0x7BEE, 0x6B6C, 0x6B4B,
  0x5B0A, 0x632A, 0x6B8C, 0x6B4C, 0x6B8D, 0x738D, 0x6B6D, 0x5AEA, 0x4A68, 0x62EA, 0x39C6, 0x4206,
  0x52C9, 0x5AA8, 0x5B0A, 0x5267, 0x4207, 0x5288, 0x5AEA, 0x5AC9, 0x4A68, 0x4A68, 0x4227, 0x4206,
  0x52A9, 0x5288, 0x31E6, 0x31A5, 0x3A27, 0x41E6, 0x3A07, 0x4207, 0x39E6, 0x4A47, 0x5AEA, 0x4A47,
  0x7412, 0x7C53, 0x7C53, 0x7C53, 0x8474, 0x8CD5, 0x8494, 0x7C74, 0x7C74, 0x7454, 0xB5FA, 0xE7BF,
  0xDF5F, 0xDF7F, 0xDF5F, 0xDF5F, 0xE75F, 0xDF7F, 0xE75F, 0xDF7F, 0xDF5F, 0xDF5F, 0xDF3F, 0xD75F,
  0xD71E, 0xCF1F, 0xD6FE, 0xCEFE, 0xD6DE, 0xCEFE, 0xCEFE, 0xCEFE, 0xD6FE, 0xCEFF, 0xD6FE, 0xCF1F,
  0xD71E, 0xCF1F, 0xD71E, 0xD73F, 0xDF5F, 0xD73F, 0x73F2, 0x7433, 0x7C32, 0x7432, 0x7431, 0x6C11,
  0x6BAF, 0x5B8E, 0x7410, 0x638F, 0x5B2D, 0x636F, 0x634E, 0x52EC, 0x5AEC, 0x7C31, 0x7BEF, 0x5B0C,
  0x528A, 0x426A, 0x5289, 0x4249, 0x4A49, 0x4A69, 0x4A28, 0x5B0C, 0x5AAA, 0x5AEB, 0x630B, 0x4A69,
  0x4A48, 0x4A89, 0x5ACA, 0x634C, 0x6B4B, 0x4227, 0x630A, 0x6B6B, 0x5AC9, 0x632B, 0x738C, 0x73AC,
  0x738C, 0x6B8C, 0x9CF1, 0x9CF2, 0x8C2E, 0x6B6B, 0x5AC9, 0x5B0A, 0x73AC, 0x73AD, 0x6B4B, 0x6B6C,
  0x738C, 0x7C0E, 0x6B4B, 0x52C9, 0x52A8, 0x5B0A, 0x5288, 0x632A, 0x5AE9, 0x52A8, 0x62E9, 0x52A8,
  0x630A, 0x6B4B, 0x5AC9, 0x5AEA, 0x5AC9, 0x5B0A, 0x5AC9, 0x5288, 0x4A67, 0x4A67, 0x5AA9, 0x52A9,
  0x4A47, 0x3A06, 0x4A67, 0x4227, 0x41E6, 0x52C9, 0x6B4B, 0x5AEA, 0x6BF2, 0x73F1, 0x6C12, 0x73F2,
  0x6BF2, 0x7413, 0x7C74, 0x7C74, 0x7454, 0x7454, 0x7454, 0xCEBD, 0xE7BF, 0xDF5F, 0xD75F, 0xDF3F,
  0xD75F, 0xDF5F, 0xDF7F, 0xDF5F, 0xDF7F, 0xDF3F, 0xD73F, 0xD71F, 0xCF1F, 0xD71F, 0xCF1F, 0xCEFE,
  0xCEDF, 0xCEDE, 0xC6DE, 0xCEDE, 0xCEFF, 0xCEDE, 0xCEFF, 0xCEFE, 0xCF1F, 0xD71E, 0xCF1F, 0xD71F,
  0xD75F, 0xDF5F, 0x84B5, 0x6BF2, 0x7C74, 0x6BB1, 0x6BF1, 0x6BF1, 0x63B0, 0x63AF, 0x6BF1, 0x5B4E,
  0x5B2E, 0x634E, 0x530D, 0x52CC, 0x530D, 0x73CF, 0x636E, 0x634D, 0x52EC, 0x4A4A, 0x4AAA, 0x4228,
  0x4229, 0x4A49, 0x4249, 0x528A, 0x4A69, 0x5ACB, 0x5B0C, 0x5ACB, 0x4A69, 0x52AA, 0x6B8D, 0x52AA,
  0x52CA, 0x62EA, 0x5AEA, 0x630A, 0x73CE, 0x73AD, 0x7BEE, 0x840E, 0x73CD, 0x736C, 0x842F, 0x842F,
  0x73AD, 0x630A, 0x52EA, 0x738C, 0x73AD, 0x738C, 0x6B6C, 0x6B4C, 0x73CE, 0x7BEE, 0x7BEE, 0x7BAD,
  0x52C9, 0x52A9, 0x4A68, 0x5AC9, 0x4A88, 0x5AC9, 0x52C9, 0x5288, 0x634B, 0x5AC9, 0x4A68, 0x630A,
  0x5B0B, 0x6B2B, 0x52A9, 0x4206, 0x4A88, 0x5B0A, 0x52CA, 0x4A27, 0x31C6, 0x630A, 0x5B2B, 0x31A5,
  0x4227, 0x4A47, 0x4A68, 0x4227, 0x6BD0, 0x6C11, 0x7C32, 0x7432, 0x73F2, 0x6BF2, 0x7412, 0x7433,
  0x7433, 0x7474, 0x7C54, 0x84B5, 0xD71F, 0xDF7F, 0xDF3F, 0xD75F, 0xDF3F, 0xD75F, 0xDF5F, 0xDF7F,
  0xDF5F, 0xDF7F, 0xDF3F, 0xD75F, 0xD71E, 0xCF1F, 0xD71E, 0xCF1E, 0xCEFE, 0xCEDE, 0xCEDD, 0xC6DE,
  0xCEDE, 0xC6FE, 0xCEFE, 0xCEFF, 0xD6FE, 0xCF1F, 0xD71E, 0xCF1F, 0xD71E, 0xE7BF, 0xADB8, 0x6BD1,
  0x8494, 0x7432, 0x6390, 0x7412, 0x6BCF, 0x7431, 0x73F0, 0x63AF, 0x634E, 0x5B2D, 0x5AEC, 0x4ACC,
  0x6B8E, 0x6BAF, 0x632C, 0x6B8E, 0x630C, 0x52CB, 0x4A69, 0x4249, 0x4A28, 0x4A89, 0x5269, 0x52AA,
  0x5AAA, 0x5AEB, 0x630B, 0x52A9, 0x4207, 0x4228, 0x5289, 0x5AEB, 0x4A27, 0x5AEB, 0x6B2B, 0x632B,
  0x62E9, 0x73AC, 0x83ED, 0x73AC, 0x8C4F, 0x73AC, 0x630A, 0x4A47, 0x736B, 0x634B, 0x630A, 0x842E,
  0x5AE9, 0x634B, 0x7BCD, 0x73CD, 0x840E, 0x7C0E, 0x83EE, 0x634B, 0x2964, 0x4A68, 0x4A26, 0x4A88,
  0x5AC8, 0x5B09, 0x5AE8, 0x5B09, 0x6B4A, 0x4247, 0x5AC8, 0x73AC, 0x632A, 0x632A, 0x4A67, 0x31C5,
  0x4A67, 0x632A, 0x5AE9, 0x31C5, 0x4206, 0x73AD, 0x6B4B, 0x4A68, 0x4A47, 0x4247, 0x4206, 0x31A5,
  0x7432, 0x73F1, 0x63D1, 0x73F2, 0x63F2, 0x6BD2, 0x6C13, 0x6BF2, 0x6C33, 0x7433, 0x7434, 0x7413,
  0x8CF6, 0xE79F, 0xDF7F, 0xDF3F, 0xD75F, 0xDF3F, 0xD75F, 0xDF3F, 0xD75F, 0xDF5F, 0xDF5F, 0xDF5F,
  0xD77F, 0xD71F, 0xCF1F, 0xD6FE, 0xCEFF, 0xCEDE, 0xC6DE, 0xCEDE, 0xC6DE, 0xCEDE, 0xCEFF, 0xCEFE,
  0xCEFF, 0xCEFE, 0xCF1F, 0xD6FE, 0xCF1F, 0xDF7F, 0xBE9C, 0x6BF1, 0x6C12, 0x7412, 0x6C12, 0x7412,
  0x6BF0, 0x7411, 0x63AF, 0x6BD0, 0x6BD0, 0x634E, 0x5B2E, 0x52EC, 0x6BAF, 0x6B8E, 0x636E, 0x6B6E,
  0x52CC, 0x5AEC, 0x4A8A, 0x4A49, 0x3A08, 0x4A49, 0x52AA, 0x528A, 0x5AEC, 0x52AA, 0x52EB, 0x4A48,
  0x4228, 0x4207, 0x4A69, 0x52AA, 0x4A69, 0x632C, 0x7C0F, 0x5ACA, 0x4206, 0x5AA8, 0x7BEE, 0x7BCD,
  0x6B8C, 0x5AC9, 0x5ACA, 0x6B2B, 0x632B, 0x736C, 0x7BEE, 0x6B6B, 0x5B2B, 0x6B4B, 0x6B8C, 0x840E,
  0x7C0E, 0x738C, 0x632B, 0x4A48, 0x31A5, 0x39E6, 0x4A68, 0x5AC9, 0x52A8, 0x6B4A, 0x632A, 0x5AC9,
  0x5B0A, 0x5AA9, 0x630A, 0x738C, 0x6B8C, 0x5288, 0x52C9, 0x5288, 0x52C9, 0x73AC, 0x6B8C, 0x4207,
  0x4248, 0x4A68, 0x4227, 0x630A, 0x5288, 0x4A27, 0x4227, 0x4A47, 0x73F0, 0x7431, 0x6BB0, 0x63B1,
  0x6BD1, 0x6BF2, 0x7412, 0x6BF2, 0x6C12, 0x6C33, 0x7C73, 0x7474, 0x7433, 0x8D17, 0xCEBD, 0xDF9F,
  0xDF3F, 0xD75F, 0xDF3F, 0xD75F, 0xDF5F, 0xDF5F, 0xDF5F, 0xDF5F, 0xDF5F, 0xD75F, 0xDF3F, 0xD73F,
  0xD71E, 0xCEFE, 0xCEDE, 0xCEFE, 0xCEDE, 0xC6FE, 0xCEFE, 0xCF1F, 0xCEFE, 0xCF1F, 0xD6FE, 0xCF1F,
  0xD71E, 0xD75F, 0xDF3E, 0x7C74, 0x7C31, 0x6BF1, 0x6BF0, 0x7411, 0x638E, 0x7431, 0x5B0D, 0x4ACC,
  0x632D, 0x636E, 0x6B8E, 0x636E, 0x73CE, 0x7C30, 0x6B6D, 0x5B0C, 0x52AA, 0x4AAA, 0x4A28, 0x4A49,
  0x4A28, 0x3A08, 0x5268, 0x4A69, 0x5AA9, 0x4A69, 0x5289, 0x4248, 0x41E6, 0x31C6, 0x6B2B, 0x8C91,
  0x8C4F, 0x842F, 0x8C6F, 0x634B, 0x5247, 0x52A8, 0x6B4A, 0x5B09, 0x5AC9, 0x52A9, 0x5AC9, 0x6B6C,
  0x7BAC, 0x840E, 0x7BAD, 0x6B6C, 0x5AE9, 0x5B2B, 0x6B4B, 0x73CD, 0x738C, 0x6B4B, 0x6B4B, 0x4248,
  0x2944, 0x3A07, 0x5267, 0x5AE9, 0x5AA7, 0x5B09, 0x5AA8, 0x5AC9, 0x6B2A, 0x6B4B, 0x6309, 0x73AD,
  0x738C, 0x4A88, 0x4A67, 0x52C9, 0x4226, 0x52E9, 0x5AC9, 0x4247, 0x4226, 0x4A88, 0x52A8, 0x52A8,
  0x5AC9, 0x4227, 0x39C5, 0x52C9, 0x5B6F, 0x5B4E, 0x5B70, 0x6390, 0x63B1, 0x6391, 0x6C13, 0x6BF2,
  0x63F2, 0x6BF2, 0x6C33, 0x7453, 0x7454, 0x7413, 0x7454, 0xADBA, 0xD77F, 0xD73F, 0xD73F, 0xD73F,
  0xD73F, 0xDF3F, 0xD73F, 0xDF3F, 0xD75F, 0xDF5F, 0xD75F, 0xD73F, 0xD73F, 0xCEFE, 0xCEFF, 0xCEDE,
  0xC6FF, 0xCEDE, 0xC6FF, 0xCEFE, 0xCEFF, 0xCEFE, 0xCEFF, 0xCEFE, 0xCF1F, 0xD71F, 0xE7BF, 0xADB9,
  0x7432, 0x7C32, 0x6BF1, 0x7432, 0x63B0, 0x6BAF, 0x4B0D, 0x428B, 0x6BAF, 0x7C11, 0x5B4E, 0x5AEC,
  0x6BAF, 0x73CF, 0x73F0, 0x6B4D, 0x52EC, 0x5ACB, 0x52AB, 0x528A, 0x4249, 0x4208, 0x4A69, 0x41E7,
  0x3A08, 0x4A48, 0x4228, 0x39C7, 0x2986, 0x41E7, 0x5B2C, 0x840F, 0x6B6C, 0x630A, 0x73AD, 0x8C70,
  0x6B4B, 0x5288, 0x52A8, 0x5AA8, 0x5B0B, 0x62EA, 0x632B, 0x7BAD, 0x6B4B, 0x7BED, 0x634C, 0x6B4B,
  0x4A89, 0x5AEA, 0x73CD, 0x6B6C, 0x52C9, 0x6B4B, 0x5AEA, 0x39C6, 0x2124, 0x39E7, 0x52A8, 0x5AE9,
  0x5288, 0x5287, 0x4A88, 0x5AC9, 0x5AE9, 0x5AC9, 0x5AEA, 0x630A, 0x5B0A, 0x39A5, 0x3A07, 0x4A27,
  0x31E6, 0x5AC9, 0x5B0A, 0x39C5, 0x4247, 0x630A, 0x5AEA, 0x52A8, 0x634B, 0x4A47, 0x39E6, 0x52A9,
  0x6BAF, 0x636F, 0x636F, 0x6BB0, 0x6BB0, 0x6BD1, 0x73F1, 0x6BD1, 0x73F1, 0x6BF2, 0x7412, 0x7433,
  0x7433, 0x7474, 0x84B5, 0x6C33, 0xA578, 0xDF7F, 0xDF3F, 0xD75F, 0xDF3F, 0xD75F, 0xDF3F, 0xD75F,
  0xDF3F, 0xD75F, 0xDF5F, 0xD75F, 0xD73F, 0xD73F, 0xD71E, 0xCF1F, 0xCEFE, 0xCEFE, 0xCEFE, 0xCEFE,
  0xCEFE, 0xCF1F, 0xD6FE, 0xCF1F, 0xD71E, 0xDF7F, 0xE77F, 0x9D57, 0x7C11, 0x7C73, 0x7C11, 0x7C32,
  0x7411, 0x530D, 0x4AAC, 0x428B, 0x6BAF, 0x7C31, 0x7BEF, 0x5B4D, 0x73CE, 0x7C30, 0x8C71, 0x6B6D,
  0x630B, 0x5B0B, 0x6B4C, 0x5AEB, 0x4A28, 0x4228, 0x4A28, 0x3A08, 0x39C6, 0x4A48, 0x4A48, 0x4228,
  0x3185, 0x39E7, 0x4A27, 0x52A9, 0x6B2A, 0x634B, 0x840E, 0x842F, 0x7BCD, 0x5B0A, 0x5AC9, 0x73CD,
  0x738C, 0x5AEA, 0x738B, 0x7C0E, 0x62E9, 0x5AC9, 0x5288, 0x5AEA, 0x5AE9, 0x5B0A, 0x7BCD, 0x6B6C,
  0x62EA, 0x632B, 0x5288, 0x3A07, 0x2923, 0x4A88, 0x6B2A, 0x4A66, 0x5286, 0x52A7, 0x4A26, 0x5AC8,
  0x6B6B, 0x632A, 0x630A, 0x5AC9, 0x4A47, 0x4227, 0x5268, 0x4A68, 0x52A8, 0x5B0A, 0x4A47, 0x2984,
  0x39C5, 0x52A8, 0x5267, 0x634B, 0x738C, 0x4227, 0x4A27, 0x632B, 0x6BB0, 0x6BB0, 0x6390, 0x6370,
  0x63B1, 0x63B0, 0x63B1, 0x6BB1, 0x63D1, 0x6BD1, 0x63D2, 0x6BB1, 0x6C13, 0x7433, 0x7474, 0x7C94,
  0x7434, 0xBE7C, 0xDF7F, 0xD71F, 0xD73F, 0xD73F, 0xD73F, 0xD73F, 0xD73F, 0xD71F, 0xCF3F, 0xD71F,
  0xCF1F, 0xD73F, 0xD73F, 0xD6FF, 0xCF1F, 0xCEFE, 0xC6FF, 0xCEDE, 0xC6FF, 0xCEFE, 0xCEFF, 0xCEFE,
  0xD75F, 0xC6BD, 0x7C94, 0x6BF1, 0x6BF1, 0x8473, 0x7C52, 0x7411, 0x7452, 0x63AF, 0x6390, 0x5B4E,
  0x5B2D, 0x634E, 0x636E, 0x632D, 0x6BAF, 0x7C30, 0x73EF, 0x6B6D, 0x7BEF, 0x7BCE, 0x6B6D, 0x5ACA,
  0x4249, 0x4A49, 0x4229, 0x4208, 0x3A08, 0x4228, 0x52CB, 0x52AA, 0x3A08, 0x39A6, 0x4207, 0x4A48,
  0x844F, 0x6B4B, 0x73AD, 0x6B4B, 0x7BEE, 0x7BCD, 0x6B8C, 0x7BAD, 0x7BEE, 0x6B2B, 0x6B6C, 0x738C,
  0x52A9, 0x4A27, 0x5AEA, 0x5268, 0x4227, 0x5AC9, 0x73AD, 0x840E, 0x632B, 0x630A, 0x5B0B, 0x3185,
  0x18E2, 0x4A48, 0x632A, 0x5AE9, 0x52A8, 0x5AA8, 0x4A67, 0x5267, 0x634B, 0x4A46, 0x3A07, 0x5AA9,
  0x52CA, 0x4A27, 0x52C9, 0x5AC9, 0x4A68, 0x4247, 0x4A68, 0x39C5, 0x31E5, 0x5288, 0x5AEA, 0x6B4B,
  0x634C, 0x4A68, 0x4227, 0x5AA9, 0x5B0D, 0x636F, 0x73F0, 0x6BD0, 0x6B90, 0x6BD1, 0x73F1, 0x6BD1,
  0x73F1, 0x6C12, 0x7412, 0x7432, 0x7412, 0x7453, 0x8474, 0x7453, 0x7413, 0x7C95, 0xD71F, 0xD73F,
  0xD71E, 0xD73F, 0xDF3F, 0xD73F, 0xD71E, 0xCF1F, 0xD71E, 0xCF1E, 0xD71E, 0xD73F, 0xD71F, 0xCF1F,
  0xCEFE, 0xCF1F, 0xCEFE, 0xCEFE, 0xCEFE, 0xCF1F, 0xD6FE, 0xCF1F, 0xE75F, 0x9516, 0x6BD0, 0x6BF1,
  0x6BB0, 0x7452, 0x8452, 0x7C52, 0x7C31, 0x63AF, 0x73F0, 0x638F, 0x5B0C, 0x638E, 0x634D, 0x5B4D,
  0x634D, 0x7C30, 0x5AEB, 0x7C0F, 0x73AD, 0x5AEB, 0x6B4C, 0x5AEB, 0x5269, 0x52AA, 0x4227, 0x4228,
  0x41E7, 0x4228, 0x62EA, 0x632B, 0x5268, 0x31C5, 0x41E6, 0x3A07, 0x630A, 0x52C9, 0x5AC9, 0x634B,
  0x738C, 0x7BCD, 0x736B, 0x6B6B, 0x7BAC, 0x6B8B, 0x62E9, 0x6B8B, 0x738B, 0x6B6B, 0x83ED, 0x73AD,
  0x41E6, 0x5AEA, 0x7BCD, 0x632A, 0x630A, 0x5B0A, 0x4A27, 0x3185, 0x2923, 0x39E6, 0x5AC8, 0x5AE9,
  0x5AE8, 0x52A8, 0x5AC8, 0x52A8, 0x736B, 0x4206, 0x4A47, 0x52C9, 0x5AC9, 0x4A68, 0x4A47, 0x5AEA,
  0x5AC8, 0x634A, 0x5AA8, 0x2984, 0x4A26, 0x3A05, 0x5AE9, 0x52C9, 0x5268, 0x3A06, 0x4A47, 0x52A9,
  0x5B4E, 0x5B0D, 0x5B6F, 0x6BB0, 0x6370, 0x6B90, 0x63B1, 0x6390, 0x63B1, 0x73F1, 0x6C12, 0x73F2,
  0x7433, 0x7412, 0x7433, 0x7433, 0x7475, 0x7434, 0xC6BE, 0xDF3F, 0xCF1F, 0xD71F, 0xCF1F, 0xD71F,
  0xCF1F, 0xD6FE, 0xCF1F, 0xCEFE, 0xCF1F, 0xD6FE, 0xCF1F, 0xCEFE, 0xCF1F, 0xCEFE, 0xCEFF, 0xCEFE,
  0xCEFF, 0xCEFE, 0xCEFF, 0xD6FF, 0xD73F, 0x8CB5, 0x6C12, 0x6BD1, 0x7412, 0x8473, 0x73F1, 0x8472,
  0x7432, 0x6BAF, 0x7431, 0x5B2D, 0x638F, 0x7C10, 0x5B4E, 0x5B0C, 0x636E, 0x73AF, 0x636D, 0x7BEF,
  0x5AEB, 0x632C, 0x6B6D, 0x5289, 0x4A69, 0x52AA, 0x4269, 0x4208, 0x31A6, 0x4207, 0x5B0B, 0x6B4C,
  0x634C, 0x4A48, 0x31A5, 0x2964, 0x3A27, 0x5AA9, 0x6B8D, 0x738D, 0x73CD, 0x6B2B, 0x73AD, 0x62EA,
  0x5AE9, 0x5AE9, 0x5AE9, 0x7BED, 0x8C6F, 0x73AC, 0x7C2F, 0x8C4F, 0x52A9, 0x5288, 0x6B6C, 0x630A,
  0x6B8C, 0x736B, 0x3A07, 0x39A5, 0x2144, 0x41E6, 0x4247, 0x39E5, 0x4A67, 0x4A26, 0x52A8, 0x4A47,
  0x4A67, 0x41E5, 0x52A9, 0x5AA9, 0x52A9, 0x5268, 0x4227, 0x5AA9, 0x4A88, 0x5AC9, 0x29A5, 0x5AC9,
  0x5B0A, 0x4226, 0x4227, 0x4A68, 0x4A69, 0x4207, 0x4228, 0x3185, 0x6B6E, 0x5B4E, 0x634E, 0x532D,
  0x5B2D, 0x636F, 0x73D0, 0x73F1, 0x6BB0, 0x6390, 0x6BB0, 0x63D1, 0x6BD1, 0x6BF1, 0x6BD1, 0x63D2,
  0x6BF2, 0x63F2, 0xA599, 0xDF7F, 0xD71E, 0xD73F, 0xD71E, 0xD73F, 0xD71E, 0xCF1F, 0xD6FE, 0xCF1E,
  0xD6FE, 0xCF1E, 0xD6FE, 0xCEFF, 0xD6FE, 0xCEFF, 0xCEFE, 0xCF1F, 0xD6FE, 0xCF1F, 0xD6FE, 0xD71F,
  0xDF3F, 0x7C53, 0x73F1, 0x63F1, 0x7C31, 0x8CF4, 0x8431, 0x8472, 0x7C31, 0x7C31, 0x73CF, 0x6BAF,
  0x6B8E, 0x638E, 0x4A8A, 0x4AAB, 0x5B2C, 0x6BAE, 0x736D, 0x73AE, 0x7BEE, 0x8450, 0x62EA, 0x5AEB,
  0x62EA, 0x52AA, 0x5288, 0x52A9, 0x41E7, 0x31C6, 0x5AC9, 0x6B4C, 0x734C, 0x632B, 0x4207, 0x39C6,
  0x4A47, 0x52CA, 0x62E9, 0x738C, 0x738B, 0x738C, 0x840E, 0x6B8C, 0x630A, 0x632A, 0x630A, 0x6B6B,
  0x7BAC, 0x840D, 0x83ED, 0x73CC, 0x62C9, 0x4A47, 0x5AA8, 0x6B6B, 0x7BAC, 0x630A, 0x4A48, 0x3A07,
  0x2102, 0x5289, 0x5AC8, 0x5AE8, 0x4205, 0x31A4, 0x39A4, 0x39E6, 0x5287, 0x4A66, 0x41E5, 0x4A88,
  0x5AC9, 0x4A68, 0x5288, 0x6B6C, 0x5288, 0x52C9, 0x3184, 0x4A68, 0x5AC8, 0x4247, 0x39E5, 0x4A68,
  0x5268, 0x4248, 0x4227, 0x31C6, 0x636F, 0x634E, 0x4AED, 0x5B0D, 0x636F, 0x636F, 0x6390, 0x636F,
  0x6390, 0x6BB1, 0x63D1, 0x6BF1, 0x63D1, 0x6BD1, 0x63D2, 0x6391, 0x5BD2, 0x63D2, 0x7454, 0xDF3F,
  0xD75F, 0xD71F, 0xCF1F, 0xD71F, 0xCF3F, 0xD71F, 0xCF1F, 0xCEFE, 0xCEFF, 0xCEFE, 0xCEFF, 0xCEFE,
  0xCEFF, 0xCEFE, 0xCEFF, 0xCEFE, 0xCF1F, 0xD6FF, 0xCF1F, 0xDF5F, 0xBE7C, 0x7413, 0x6C32, 0x63B0,
  0x7432, 0x94F5, 0x8473, 0x94B4, 0x8473, 0x7C31, 0x636F, 0x632D, 0x6BAF, 0x6B6E, 0x52EC, 0x52AB,
  0x530C, 0x5B0C, 0x6B6E, 0x6B2D, 0x7C0F, 0x8430, 0x6B8D, 0x6B2C, 0x5AEB, 0x736D, 0x5AEA, 0x5ACA,
  0x52CA, 0x4A48, 0x52CA, 0x736C, 0x5B0B, 0x62EA, 0x4248, 0x39A6, 0x3A07, 0x4207, 0x4227, 0x5268,
  0x4A47, 0x7BAC, 0x632B, 0x5268, 0x5B0A, 0x7BED, 0x6B4B, 0x6B4B, 0x6B8C, 0x7BAC, 0x6B4B, 0x5AC9,
  0x6B4B, 0x5288, 0x630A, 0x62E9, 0x5288, 0x5288, 0x4228, 0x39C6, 0x1903, 0x5289, 0x5AE9, 0x6B4A,
  0x634B, 0x39E5, 0x2964, 0x39A5, 0x73CC, 0x6B4A, 0x4247, 0x39A5, 0x5289, 0x5AA9, 0x5B0A, 0x5288,
  0x31C5, 0x2122, 0x2143, 0x2943, 0x31C5, 0x62EA, 0x52EA, 0x5288, 0x4A68, 0x4206, 0x39E7, 0x5288,
  0x5AEC, 0x52ED, 0x5AEC, 0x5B2E, 0x5B2D, 0x5B2D, 0x634E, 0x636F, 0x636F, 0x638F, 0x5B4F, 0x5B6F,
  0x6390, 0x63D1, 0x63B0, 0x63F1, 0x6BD1, 0x6C13, 0x63B1, 0x9D99, 0xE79F, 0xD73F, 0xD71E, 0xD73F,
  0xD71E, 0xD73F, 0xD71E, 0xCF1F, 0xD71E, 0xCF1E, 0xD6FE, 0xCF1E, 0xD6FE, 0xCF1E, 0xD6FE, 0xCEFF,
  0xD6FE, 0xCF1F, 0xD71E, 0xDF9F, 0xB5F9, 0x6C12, 0x7412, 0x5B90, 0x7411, 0x84D4, 0x8472, 0x8472,
  0x94B3, 0x8472, 0x73CF, 0x636E, 0x632C, 0x8472, 0x7BEF, 0x52AB, 0x6B4D, 0x73CF, 0x5ACA, 0x73AE,
  0x83EE, 0x73AD, 0x83EE, 0x632B, 0x5269, 0x5B0B, 0x5AC9, 0x4A68, 0x5AC9, 0x52A9, 0x630A, 0x6B8C,
  0x5AAA, 0x4A48, 0x39C6, 0x3185, 0x39C5, 0x39E6, 0x4206, 0x4A47, 0x4A26, 0x5288, 0x5267, 0x6B4B,
  0x6309, 0x73CD, 0x8C4E, 0x634B, 0x6309, 0x73AC, 0x62E9, 0x6B6B, 0x6B4A, 0x4247, 0x5AA8, 0x6B4B,
  0x630A, 0x5B0A, 0x4A48, 0x31C6, 0x2103, 0x39C6, 0x5AA7, 0x5AE9, 0x7BAC, 0x52C8, 0x4206, 0x2984,
  0x5AC9, 0x630A, 0x5AC9, 0x5AEA, 0x62E9, 0x5AC9, 0x5267, 0x31A5, 0x31A4, 0x2984, 0x2943, 0x2984,
  0x31A4, 0x52C9, 0x5AA8, 0x4247, 0x4A47, 0x4247, 0x39E5, 0x4A67, 0x52ED, 0x52EC, 0x530D, 0x5B0D,
  0x5B2E, 0x5B0D, 0x532E, 0x5B2E, 0x5B6F, 0x5B2E, 0x532F, 0x5B4F, 0x63B1, 0x63B0, 0x5B91, 0x63B1,
  0x63D2, 0x6BF2, 0x6C13, 0x6BF2, 0xC6DE, 0xDF5F, 0xCF1F, 0xD71E, 0xCF1F, 0xD71F, 0xCF1F, 0xD71F,
  0xCF1F, 0xD71E, 0xCF1F, 0xD6FE, 0xCF1F, 0xCEFE, 0xCEFF, 0xCEFE, 0xCEFF, 0xD6FF, 0xCF3F, 0xDF7F,
  0xCEFE, 0x6BF1, 0x7433, 0x6390, 0x63D0, 0x7C52, 0x84B3, 0x8C93, 0x8493, 0x8451, 0x6BD0, 0x6B8F,
  0x4AAB, 0x7C10, 0x73F0, 0x630C, 0x5B2D, 0x738E, 0x52AA, 0x8410, 0x842F, 0x840F, 0x7BEF, 0x630B,
  0x52AA, 0x52AA, 0x4248, 0x5ACA, 0x52A9, 0x4207, 0x5AEA, 0x73AD, 0x73AE, 0x4A69, 0x39E7, 0x39A6,
  0x39E6, 0x4207, 0x52A9, 0x6B2B, 0x6B6B, 0x4A26, 0x4247, 0x840E, 0x52C9, 0x7BCD, 0x8C70, 0x7BCD,
  0x634B, 0x4A26, 0x52A9, 0x5AC9, 0x52A9, 0x5AC9, 0x4A67, 0x6309, 0x632B, 0x630A, 0x52CA, 0x39C6,
  0x2104, 0x41E7, 0x4226, 0x4A26, 0x5B09, 0x6309, 0x52C9, 0x31A5, 0x31C5, 0x5AC9, 0x632B, 0x6B2B,
  0x4A68, 0x41E6, 0x3A07, 0x5288, 0x5B0A, 0x6B4B, 0x4A68, 0x31A5, 0x3A27, 0x4226, 0x3A06, 0x39C5,
  0x4227, 0x62EA, 0x4247, 0x4A27, 0x632D, 0x634E, 0x634D, 0x5B2D, 0x5B0C, 0x5B4E, 0x5B0D, 0x5B2D,
  0x634E, 0x5B4E, 0x636F, 0x636F, 0x638F, 0x63D0, 0x6390, 0x63B1, 0x6BD1, 0x63F2, 0x6C12, 0x5BB1,
  0xA578, 0xDF9F, 0xD71E, 0xD71E, 0xD71E, 0xCF1F, 0xD71E, 0xD73F, 0xD71E, 0xCF1F, 0xD6FE, 0xCF1F,
  0xD71E, 0xCF1F, 0xD6FE, 0xCF1F, 0xD71E, 0xCF1F, 0xD73F, 0xD75F, 0xE79F, 0x9557, 0x6390, 0x63D1,
  0x6BD0, 0x7452, 0x8C92, 0x8492, 0x8C92, 0x7C31, 0x8431, 0x6BCF, 0x4AAA, 0x6BAF, 0x738E, 0x636E,
  0x73AE, 0x634D, 0x6B2C, 0x634C, 0x8C2F, 0x94D1, 0x7BAD, 0x5AEA, 0x5AEA, 0x4A89, 0x4A67, 0x6B8C,
  0x5268, 0x3185, 0x5AC9, 0x6B6C, 0x738C, 0x4A88, 0x39C6, 0x31C6, 0x39C5, 0x4A68, 0x62E9, 0x7BCD,
  0x738B, 0x5AE9, 0x5AA8, 0x842F, 0x7BAC, 0x844F, 0x840D, 0x7C0E, 0x83ED, 0x4A47, 0x4206, 0x52A9,
  0x5288, 0x632A, 0x62E9, 0x52A8, 0x5AC9, 0x52C9, 0x5AEA, 0x2964, 0x39C5, 0x5AEA, 0x4226, 0x4A68,
  0x5AC9, 0x5B0A, 0x62EA, 0x31C5, 0x3183, 0x5AC9, 0x630A, 0x4A88, 0x5267, 0x4227, 0x39E5, 0x31C5,
  0x4226, 0x4A68, 0x5B09, 0x52C8, 0x4205, 0x4A87, 0x4A47, 0x2964, 0x2963, 0x52C9, 0x5288, 0x4A67,
  0x5B0D, 0x6B4E, 0x636E, 0x634E, 0x5B4E, 0x52EC, 0x532E, 0x5B2E, 0x4AED, 0x5B0D, 0x5B4F, 0x5B4F,
  0x534F, 0x6390, 0x5B90, 0x6370, 0x63D1, 0x63D1, 0x63F2, 0x63B1, 0x7454, 0xDF3F, 0xD73F, 0xD6FE,
  0xCF1F, 0xD6FE, 0xCF1F, 0xD71F, 0xCF1F, 0xD6FE, 0xCF1F, 0xCEFE, 0xCF1F, 0xD71E, 0xCF1F, 0xD6FF,
  0xCF1F, 0xD71F, 0xCF3F, 0xD73F, 0xD75F, 0xDF7F, 0x7454, 0x5B70, 0x5BB0, 0x6BD0, 0x7C72, 0x73F0,
  0x8493, 0x8452, 0x8472, 0x73F0, 0x4AAB, 0x632D, 0x6B8E, 0x630C, 0x52EC, 0x5ACB, 0x6B8D, 0x6B6D,
  0x6B8D, 0x9490, 0x842F, 0x5AEA, 0x52AA, 0x4A48, 0x5AEA, 0x6B6C, 0x4208, 0x3165, 0x634C, 0x7BAD,
  0x73CD, 0x39C5, 0x31C7, 0x31A6, 0x31C6, 0x41E6, 0x6B6C, 0x73AC, 0x634B, 0x6B4B, 0x52C9, 0x5AC9,
  0x7C0E, 0x73AC, 0x7C0E, 0x7BCD, 0x7C0E, 0x6B4B, 0x4A68, 0x4A27, 0x52A9, 0x6B4B, 0x632B, 0x5AA9,
  0x52C9, 0x5288, 0x3A07, 0x2103, 0x5B0B, 0x738D, 0x52A9, 0x5288, 0x4247, 0x4A47, 0x52EA, 0x5289,
  0x4A67, 0x4A47, 0x52A9, 0x5288, 0x5289, 0x5288, 0x4227, 0x39C5, 0x2984, 0x31A4, 0x4267, 0x6B6B,
  0x636B, 0x5288, 0x4227, 0x4227, 0x39E6, 0x39C5, 0x4AA9, 0x3184, 0x5AEB, 0x530C, 0x632D, 0x6B6E,
  0x632D, 0x634D, 0x634D, 0x5B0D, 0x636E, 0x634E, 0x634E, 0x5B6E, 0x638F, 0x638F, 0x6BB0, 0x5B6F,
  0x63B0, 0x63D1, 0x6BF1, 0x63F1, 0x63B0, 0x9D78, 0xDF7F, 0xCF1E, 0xD71E, 0xCF1E, 0xD71E, 0xCF1E,
  0xD71E, 0xCF1E, 0xD6FE, 0xCF1F, 0xD71E, 0xCF1F, 0xD6FE, 0xCF1F, 0xD71E, 0xD71F, 0xD71E, 0xD73F,
  0xD71E, 0xDF9F, 0xCEDD, 0x63B1, 0x638E, 0x63F0, 0x7410, 0x6C10, 0x7C31, 0x7410, 0x73EF, 0x5B4D,
  0x4AAB, 0x4ACB, 0x73AE, 0x52EC, 0x52AA, 0x5B0C, 0x738D, 0x73AE, 0x738C, 0x844F, 0x840E, 0x73AD,
  0x6B4B, 0x5AEA, 0x5AEA, 0x634C, 0x3165, 0x31C6, 0x736C, 0x73CD, 0x7BCD, 0x39E6, 0x3184, 0x31C5,
  0x39C5, 0x4247, 0x4A67, 0x4A68, 0x4A26, 0x5AE9, 0x5AA8, 0x39E6, 0x62E9, 0x6B6B, 0x73AC, 0x7BEE,
  0x8C4F, 0x840E, 0x5AA9, 0x31C5, 0x4A26, 0x630A, 0x6B2A, 0x4A87, 0x4A27, 0x52A9, 0x4206, 0x634B,
  0x6B4B, 0x5B0A, 0x5288, 0x52C9, 0x5267, 0x3A06, 0x4A47, 0x5B0A, 0x5AC8, 0x4206, 0x4A27, 0x4A88,
  0x5AC9, 0x4A68, 0x4A47, 0x4247, 0x39E5, 0x4247, 0x632A, 0x632A, 0x7BED, 0x73CD, 0x4A27, 0x52A9,
  0x4206, 0x52A8, 0x5267, 0x31A4, 0x636E, 0x636E, 0x52EC, 0x6B6E, 0x5B0D, 0x632D, 0x638F, 0x634E,
  0x5B2E, 0x73B0, 0x5B6F, 0x638F, 0x6BF1, 0x6BD0, 0x63B0, 0x5B4F, 0x5B70, 0x63B1, 0x63D2, 0x6BD1,
  0x5BB1, 0x7413, 0xD73F, 0xD71E, 0xCF1F, 0xCEFE, 0xCEFE, 0xCEFE, 0xCF1F, 0xCEFE, 0xCF1F, 0xD6FF,
  0xCF1F, 0xD71F, 0xCF1F, 0xD6FF, 0xCF1F, 0xD6FF, 0xCF1F, 0xD71F, 0xCF3F, 0xD71F, 0xE7BF, 0x9D57,
  0x5BAF, 0x6C11, 0x63CF, 0x6BF0, 0x7411, 0x73F0, 0x6BD0, 0x5B2D, 0x42AB, 0x426A, 0x6BAF, 0x6B6E,
  0x52CB, 0x634D, 0x52CB, 0x7BEF, 0x6B8C, 0x73AD, 0x73AD, 0x7BCD, 0x6B8D, 0x738D, 0x634C, 0x5AEA,
  0x2965, 0x3186, 0x634C, 0x738C, 0x73CE, 0x4227, 0x39E6, 0x5288, 0x4227, 0x4227, 0x31C6, 0x3184,
  0x4A68, 0x6B4B, 0x6B8C, 0x62EA, 0x52EA, 0x5288, 0x6B8C, 0x840E, 0x8C70, 0x7BAC, 0x6B6C, 0x6B4B,
  0x630A, 0x5288, 0x52A8, 0x5AA8, 0x5AEA, 0x5288, 0x3A07, 0x738D, 0x634C, 0x5AC9, 0x4247, 0x4A47,
  0x4A88, 0x4A27, 0x634B, 0x5AEA, 0x4247, 0x4206, 0x4A89, 0x41E6, 0x632B, 0x632B, 0x4A88, 0x52A9,
  0x4247, 0x4A47, 0x5B0A, 0x73AC, 0x73CD, 0x5AE9, 0x4227, 0x5289, 0x52C9, 0x3184, 0x31A5, 0x4227,
  0x632C, 0x636E, 0x632C, 0x634D, 0x52CB, 0x530C, 0x634E, 0x638F, 0x6B6E, 0x638E, 0x634E, 0x5B2D,
  0x73D0, 0x63AF, 0x636F, 0x5B6F, 0x5B4F, 0x6390, 0x63B0, 0x6BF1, 0x63B0, 0x7C94, 0xDF3F, 0xCF1E,
  0xD71E, 0xCF1E, 0xCEFE, 0xC6FE, 0xCEFE, 0xCF1F, 0xD6FE, 0xCF1F, 0xD6FE, 0xCF1F, 0xD71E, 0xCF1F,
  0xD71E, 0xCF1F, 0xD71E, 0xCF1F, 0xD71F, 0xD73F, 0xDF5F, 0xCEFE, 0x63CF, 0x5BCF, 0x63AE, 0x6C10,
  0x636D, 0x7C52, 0x6BAE, 0x532D, 0x52EC, 0x42CB, 0x4269, 0x5B4D, 0x5AEB, 0x52EB, 0x62EB, 0x8450,
  0x738C, 0x6B6C, 0x6B6B, 0x632B, 0x736C, 0x6B8C, 0x6B2B, 0x52C9, 0x39A6, 0x3186, 0x736C, 0x73AD,
  0x83EE, 0x630B, 0x62EA, 0x634B, 0x5AC9, 0x31C5, 0x3184, 0x3A07, 0x62EA, 0x73AD, 0x736B, 0x634B,
  0x6B4B, 0x6B8C, 0x736C, 0x634B, 0x6B2A, 0x6B8C, 0x83ED, 0x7C0E, 0x738C, 0x632B, 0x6B0A, 0x632A,
  0x5268, 0x3A06, 0x4206, 0x73AD, 0x6B4B, 0x52A9, 0x3184, 0x39E6, 0x4A47, 0x4A68, 0x6B4B, 0x5ACA,
  0x5AC9, 0x4A68, 0x4A27, 0x4A48, 0x5AC9, 0x6B8C, 0x6B2B, 0x4A68, 0x4A67, 0x4267, 0x52A8, 0x5B0A,
  0x630A, 0x52C9, 0x5AE9, 0x6B6B, 0x73AC, 0x4A67, 0x5267, 0x4A67, 0x5B0C, 0x5AEC, 0x52CC, 0x6B4D,
  0x636E, 0x5B2D, 0x5B2D, 0x5AEC, 0x636E, 0x632D, 0x532E, 0x5B0D, 0x638F, 0x6B8F, 0x5B70, 0x5B4F,
  0x5B90, 0x6390, 0x5BB0, 0x6BF1, 0x5BB1, 0x84D5, 0xD75F, 0xCEFE, 0xCF1E, 0xCEFE, 0xC6FE, 0xCEDE,
  0xCEFF, 0xCEDE, 0xC6DE, 0xCEDE, 0xCEFF, 0xCEDE, 0xCEFF, 0xCEDE, 0xCEFF, 0xCEFE, 0xCEFF, 0xD6FF,
  0xCF1F, 0xD71F, 0xCF3F, 0xE79F, 0xA5D8, 0x5B6E, 0x536E, 0x63CF, 0x6BD0, 0x6B8F, 0x63AF, 0x52EC,
  0x532D, 0x426A, 0x3A4A, 0x52CB, 0x5B0C, 0x528A, 0x3A08, 0x7BEF, 0x7C0E, 0x52A9, 0x5B0B, 0x5268,
  0x5B0B, 0x632B, 0x6B6C, 0x5AA9, 0x31A6, 0x3186, 0x5B0B, 0x73AD, 0x73AE, 0x736C, 0x73AD, 0x738C,
  0x6BAD, 0x4206, 0x2985, 0x4227, 0x4227, 0x5AA9, 0x632B, 0x5268, 0x52A9, 0x5AA9, 0x52C9, 0x5AA9,
  0x5B0A, 0x6B2B, 0x7C0E, 0x738C, 0x634B, 0x7BAD, 0x7BEE, 0x5AC9, 0x18E2, 0x41E6, 0x6B8C, 0x736C,
  0x5AEA, 0x4A68, 0x4A68, 0x5AA9, 0x4A68, 0x5267, 0x5B0B, 0x4A68, 0x636C, 0x52A9, 0x4227, 0x5268,
  0x4A88, 0x5288, 0x5AEA, 0x52A9, 0x52C9, 0x4A88, 0x3A06, 0x4226, 0x5B0B, 0x6B4B, 0x844F, 0x6B6C,
  0x4A88, 0x632A, 0x6B6C, 0x5AA9, 0x630C, 0x5B0C, 0x5AEB, 0x5B0C, 0x52CB, 0x428A, 0x426A, 0x426B,
  0x4A8B, 0x4ACC, 0x52EC, 0x52EC, 0x52CC, 0x63AF, 0x638F, 0x5B4E, 0x636F, 0x5B90, 0x638F, 0x63D0,
  0x5B6F, 0x84D5, 0xDF5F, 0xCF1E, 0xCEFE, 0xC6FE, 0xCEFD, 0xC6FE, 0xCEFE, 0xC6FE, 0xC6DD, 0xC6FE,
  0xC6DD, 0xC6FE, 0xC6DE, 0xC6FE, 0xCEFE, 0xC71E, 0xCEFE, 0xCF1F, 0xD71E, 0xCF3F, 0xD71F, 0xD75F,
  0xE77F, 0x84D5, 0x532C, 0x538E, 0x534D, 0x5BAF, 0x6BCF, 0x5B6E, 0x4AEB, 0x3249, 0x3A08, 0x52EC,
  0x5ACA, 0x634D, 0x5289, 0x632C, 0x8C50, 0x4248, 0x4207, 0x4A69, 0x5AC9, 0x634B, 0x6B4B, 0x5AEA,
  0x41E7, 0x31A6, 0x62CA, 0x73AD, 0x738C, 0x7C0E, 0x6B4B, 0x7C0E, 0x7BCC, 0x52C9, 0x39A5, 0x39E6,
  0x41E6, 0x39E6, 0x4206, 0x5AEA, 0x6B09, 0x5AE9, 0x6B2A, 0x7BCD, 0x8C2E, 0x6B6C, 0x738B, 0x632A,
  0x736B, 0x73AC, 0x6B2B, 0x4247, 0x4A47, 0x6B6C, 0x7BCD, 0x634B, 0x5288, 0x4A88, 0x5AC9, 0x52C9,
  0x4226, 0x39E6, 0x4206, 0x4A88, 0x6B4B, 0x52A9, 0x52A9, 0x52C9, 0x52A8, 0x4A88, 0x62EA, 0x52C9,
  0x52A8, 0x4A68, 0x5AC9, 0x52C9, 0x840E, 0x6B8C, 0x4A67, 0x4227, 0x4A67, 0x5AE9, 0x6B4B, 0x52C9,
  0x4A8A, 0x528A, 0x52CC, 0x52AB, 0x428B, 0x426A, 0x3A4B, 0x424A, 0x4AAC, 0x52EC, 0x532E, 0x5B0D,
  0x638F, 0x636E, 0x532E, 0x52ED, 0x534F, 0x530E, 0x534F, 0x6390, 0x5350, 0x8495, 0xD75F, 0xCEFE,
  0xC6FE, 0xC6DD, 0xC6FE, 0xC6DD, 0xBEDE, 0xC6DE, 0xBEDE, 0xC6BD, 0xBEDE, 0xC6BD, 0xBEDE, 0xC6DE,
  0xC6FE, 0xC6DE, 0xC6FE, 0xCEFE, 0xCF1F, 0xCEFF, 0xCF1F, 0xD71F, 0xDF9F, 0xBE7C, 0x536E, 0x4B2C,
  0x4B2D, 0x5B4D, 0x5B8E, 0x530C, 0x3A8B, 0x3229, 0x29E8, 0x52CC, 0x5B0C, 0x5AEC, 0x52AB, 0x52AA,
  0x6B6D, 0x52AA, 0x3A08, 0x4207, 0x4A69, 0x736C, 0x632B, 0x62EA, 0x4A69, 0x3185, 0x5ACA, 0x83EE,
  0x6B8D, 0x7BCD, 0x5AEA, 0x62EA, 0x634B, 0x62EA, 0x39E6, 0x4206, 0x3185, 0x3164, 0x2144, 0x4206,
  0x52A9, 0x738C, 0x73CD, 0x840E, 0x842F, 0x8C2F, 0x5AEA, 0x6B4B, 0x738C, 0x6B6B, 0x5ACA, 0x4A47,
  0x73AD, 0x7BAD, 0x6BAD, 0x630A, 0x4248, 0x4A47, 0x52A9, 0x52A9, 0x4247, 0x3184, 0x3A07, 0x52A9,
  0x4A68, 0x5AA9, 0x52A9, 0x4A27, 0x52EA, 0x6B6C, 0x632B, 0x5AC9, 0x4247, 0x5AC9, 0x5AEA, 0x630A,
  0x632B, 0x4A68, 0x31A5, 0x4227, 0x5B2B, 0x52A9, 0x5B2B, 0x52A9, 0x5ACB, 0x7BEF, 0x630C, 0x5B0C,
  0x5AEB, 0x4ACB, 0x5AEC, 0x5B0D, 0x632D, 0x638E, 0x632D, 0x5B4D, 0x6B6E, 0x5B2D, 0x52EC, 0x5B4E,
  0x636E, 0x5B6F, 0x5B4E, 0x534E, 0x530E, 0x84D5, 0xD75F, 0xC6FE, 0xCEFD, 0xC6FE, 0xC6DD, 0xC6FE,
  0xC6DD, 0xBEDE, 0xC6BD, 0xBEDD, 0xC6BD, 0xBEDD, 0xC6DD, 0xC6DE, 0xC6DD, 0xC6FE, 0xCEFE, 0xC6FE,
  0xCEFE, 0xC71F, 0xD71E, 0xCF3F, 0xC69C, 0xD77F, 0x8492, 0x532D, 0x536D, 0x4B4D, 0x4ACC, 0x3A8B,
  0x428A, 0x3A69, 0x3A29, 0x3A6A, 0x6B4D, 0x634D, 0x5289, 0x4A8A, 0x6B4C, 0x52CA, 0x5AA9, 0x4227,
  0x5AE9, 0x6B6C, 0x6B2B, 0x632B, 0x630B, 0x39E7, 0x5288, 0x6B6C, 0x736C, 0x632B, 0x62EA, 0x5AC9,
  0x6B4B, 0x5B0A, 0x6309, 0x6B6C, 0x4206, 0x31A5, 0x5267, 0x5AEA, 0x7BAC, 0x73AD, 0x738C, 0x73AC,
  0x840D, 0x7BCD, 0x6B4B, 0x632A, 0x736B, 0x634B, 0x4A68, 0x630B, 0x7BAD, 0x73AD, 0x630A, 0x4A68,
  0x4A47, 0x4A67, 0x5AA8, 0x52A9, 0x5268, 0x3A07, 0x4A47, 0x52C9, 0x5AC9, 0x632B, 0x5AEA, 0x4A88,
  0x62EA, 0x5B0A, 0x5AC9, 0x5AEA, 0x5267, 0x4227, 0x5288, 0x632A, 0x52A8, 0x4A88, 0x31A4, 0x73CD,
  0x6B4B, 0x4247, 0x6B4B, 0x634B, 0x634D, 0x7BAE, 0x73CF, 0x632D, 0x636E, 0x632D, 0x5B2D, 0x632D,
  0x6BD0, 0x5B0C, 0x4ACC, 0x52EC, 0x5B4E, 0x5AEC, 0x532E, 0x634E, 0x5B6F, 0x636F, 0x5B90, 0x636F,
  0x4B0F, 0xA578, 0xCF5F, 0xC6DD, 0xC6FE, 0xC6DD, 0xC6FE, 0xC6DE, 0xC6DE, 0xC6DE, 0xC6FE, 0xC6FE,
  0xC6FF, 0xCEFE, 0xC6FE, 0xC6DE, 0xBEDE, 0xC6DE, 0xC6FE, 0xC6DE, 0xC6FE, 0xC6DE, 0xC71F, 0xCF1E,
  0xB67C, 0xBE9C, 0xAE18, 0x5B6D, 0x4B4D, 0x4B2C, 0x42AC, 0x428B, 0x3A8B, 0x428A, 0x3A4A, 0x29C7,
  0x52EC, 0x634D, 0x632D, 0x6B4D, 0x73AE, 0x630B, 0x5AEA, 0x62EA, 0x5AEA, 0x62EA, 0x634C, 0x6B4C,
  0x73AE, 0x4207, 0x52AA, 0x5ACA, 0x6B4C, 0x5ACA, 0x634C, 0x62EA, 0x634C, 0x630A, 0x7C0E, 0x83EE,
  0x52A9, 0x39E6, 0x52A9, 0x736B, 0x7C0E, 0x83EE, 0x630A, 0x9490, 0x844F, 0x7BCC, 0x6B6C, 0x630A,
  0x5B0A, 0x4A47, 0x39E7, 0x6B6C, 0x7C0E, 0x6B6C, 0x6B6C, 0x6B4B, 0x6B4B, 0x5288, 0x5AEA, 0x5268,
  0x4227, 0x4A27, 0x39E6, 0x6B2B, 0x6B8C, 0x630A, 0x52CA, 0x4A48, 0x4A89, 0x52A9, 0x4248, 0x39E6,
  0x4227, 0x39A5, 0x4AA8, 0x5288, 0x4A68, 0x41E6, 0x3A27, 0x6B4B, 0x52C9, 0x5AC9, 0x5AEA, 0x4206,
  0x6B4C, 0x634C, 0x7BEF, 0x6B8E, 0x630C, 0x5B0C, 0x632C, 0x6B8E, 0x5B0C, 0x5B0C, 0x5AEC, 0x6BAF,
  0x6B8E, 0x5B0D, 0x632D, 0x5B4E, 0x634E, 0x636F, 0x634E, 0x638F, 0x5B4F, 0xB65B, 0xCF1E, 0xC6FE,
  0xC6DD, 0xC6FE, 0xC6DD, 0xC6FE, 0xC6DD, 0xC6FE, 0xCEFE, 0xCF1F, 0xCF1E, 0xCF5F, 0xD73F, 0xC71F,
  0xCEFE, 0xC6FE, 0xC6DE, 0xC6FE, 0xC6DE, 0xC6FE, 0xC6DE, 0xC71F, 0xC6DD, 0x9557, 0x9D96, 0x6C10,
  0x4B0B, 0x42CB, 0x4AEB, 0x42EC, 0x428A, 0x4ACB, 0x3208, 0x29E7, 0x4249, 0x6BAE, 0x6B2C, 0x5B0C,
  0x6B6C, 0x842F, 0x7BAC, 0x738C, 0x5AA9, 0x632B, 0x736B, 0x6B6B, 0x83EE, 0x4227, 0x5AA9, 0x630B,
  0x736C, 0x632B, 0x738C, 0x73CE, 0x736C, 0x634B, 0x738B, 0x73AC, 0x6B4B, 0x52A9, 0x5288, 0x73AD,
  0x840E, 0x8C90, 0x7BCD, 0x9D12, 0x8C2E, 0x6B6B, 0x6B4A, 0x6B4B, 0x6B4B, 0x52C9, 0x5AC9, 0x842F,
  0x738B, 0x6B6C, 0x738C, 0x634B, 0x630A, 0x5B0A, 0x5AE9, 0x4A68, 0x39E6, 0x4A68, 0x4A68, 0x4A68,
  0x5268, 0x5AEA, 0x5289, 0x52A9, 0x5AC9, 0x52A9, 0x5AC9, 0x4A68, 0x4206, 0x31A5, 0x5AA8, 0x5AC9,
  0x5268, 0x39E6, 0x4226, 0x52C9, 0x4A47, 0x52A9, 0x4206, 0x39E6, 0x6B8D, 0x840F, 0x73AF, 0x6B6D,
  0x5B0C, 0x5B0C, 0x636E, 0x738E, 0x638F, 0x636E, 0x52EC, 0x634D, 0x6BAF, 0x632D, 0x530D, 0x5B0D,
  0x5B4E, 0x634E, 0x5B6F, 0x634E, 0x534F, 0xB63B, 0xC6FF, 0xBEBD, 0xBEDE, 0xC6DD, 0xBEDE, 0xC6BD,
  0xBEDE, 0xC6DE, 0xC6FE, 0xC6DE, 0xC6FF, 0xCEFE, 0xCF3F, 0xCF1F, 0xC71F, 0xCF1F, 0xC71F, 0xC6DE,
  0xBEDE, 0xC6DE, 0xBEDE, 0xC6DE, 0xC6FE, 0x9557, 0x9DB7, 0x8D14, 0x430C, 0x42EB, 0x430C, 0x42AB,
  0x42AB, 0x426A, 0x2A09, 0x4AEC, 0x29E8, 0x4AAA, 0x5B0D, 0x5AEC, 0x73CE, 0x9491, 0x9CF2, 0x738C,
  0x5ACA, 0x62EA, 0x7BEE, 0x83EE, 0x8C50, 0x5268, 0x4A68, 0x6B4C, 0x634C, 0x6B4B, 0x7BEE, 0x7BEE,
  0x5AEA, 0x5AEA, 0x7BED, 0x738B, 0x7C0E, 0x5AC9, 0x4A88, 0x6B4B, 0x5B0A, 0x73AC, 0x8450, 0x8C2F,
  0x632A, 0x630A, 0x6B6C, 0x736C, 0x636C, 0x630A, 0x73CE, 0x7BCE, 0x632B, 0x736C, 0x6B8C, 0x630A,
  0x52C9, 0x630A, 0x52C9, 0x4A68, 0x4248, 0x5288, 0x634C, 0x630A, 0x4A89, 0x5288, 0x4A69, 0x5289,
  0x52C9, 0x5288, 0x4A68, 0x5288, 0x39E6, 0x39C5, 0x39E6, 0x5AEA, 0x4A89, 0x39C5, 0x3A06, 0x4206,
  0x4A68, 0x5AC9, 0x52CA, 0x4A47, 0x738D, 0x6BAD, 0x6B4C, 0x6B6D, 0x6B2C, 0x632C, 0x632C, 0x52CB,
  0x632C, 0x73AF, 0x73AE, 0x5B2C, 0x634D, 0x636D, 0x5B0C, 0x5B4D, 0x632D, 0x5B4E, 0x636E, 0x636E,
  0x4AEE, 0x9DB8, 0xC6DE, 0xBEBE, 0xC6BD, 0xBEBE, 0xC6BD, 0xBEBD, 0xC6BD, 0xBEDE, 0xC6DD, 0xC6FE,
  0xCEFE, 0xC6FE, 0xCEFE, 0xCF1F, 0xCEFE, 0xC6FE, 0xCEFE, 0xC6FE, 0xC6DE, 0xC6DE, 0xC6DD, 0xBEDE,
  0xC6FE, 0xBEDE, 0x9D97, 0x9DB8, 0x63CD, 0x4B2B, 0x42CA, 0x3ACB, 0x3A69, 0x3249, 0x3A49, 0x2A08,
  0x2986, 0x29C7, 0x5AAA, 0x52CB, 0x738D, 0x7C0F, 0x8C4F, 0x6B8C, 0x5268, 0x52CA, 0x738C, 0x7BEE,
  0x946F, 0x632B, 0x5268, 0x630B, 0x62EA, 0x634B, 0x738C, 0x842F, 0x630A, 0x630B, 0x5267, 0x4A68,
  0x7BAD, 0x5AEA, 0x5AC9, 0x842F, 0x7BAD, 0x7C0E, 0x8C4F, 0x6B8C, 0x6B2B, 0x73AD, 0x7B8C, 0x6B4B,
  0x62E9, 0x738C, 0x7BCD, 0x7BCD, 0x736B, 0x73AD, 0x83EE, 0x6B6C, 0x630A, 0x5AEA, 0x5268, 0x52C9,
  0x5AC9, 0x4A68, 0x6B4B, 0x5B0B, 0x5AA9, 0x5AEA, 0x5ACA, 0x4228, 0x5288, 0x4A88, 0x5268, 0x5AEA,
  0x4A26, 0x39E5, 0x4A26, 0x4A88, 0x632A, 0x3A06, 0x4A47, 0x52C9, 0x5288, 0x4A68, 0x630A, 0x4A88,
  0x636D, 0x632C, 0x6B6E, 0x630C, 0x52CB, 0x6B4D, 0x6B8E, 0x630C, 0x5B0C, 0x6B6E, 0x7C10, 0x73AE,
  0x5B6E, 0x634D, 0x5B2D, 0x5B0C, 0x5B2E, 0x634E, 0x638F, 0x5B2E, 0x4B2F, 0xADFA, 0xBEDF, 0xBE7D,
  0xBE9D, 0xBE9D, 0xBE9D, 0xBE9D, 0xBEBE, 0xBE9D, 0xBEBE, 0xC6BD, 0xC6DE, 0xC6DE, 0xC6FE, 0xCEFE,
  0xC6FF, 0xC6DE, 0xC6DE, 0xC6DE, 0xBEDE, 0xC6DE, 0xBEDE, 0xC6BE, 0xBEDE, 0xC6DE, 0xAE5B, 0x7452,
  0x63EF, 0x4AEA, 0x42EC, 0x42EB, 0x2A29, 0x3A8A, 0x3249, 0x3208, 0x3A6A, 0x3208, 0x52CB, 0x4A49,
  0x52CB, 0x632C, 0x7C2F, 0x83EE, 0x634C, 0x5289, 0x632B, 0x7BAD, 0x842F, 0x736C, 0x4227, 0x62EA,
  0x630B, 0x62EA, 0x634C, 0x83EE, 0x6B6C, 0x630B, 0x4A68, 0x5AC9, 0x73CE, 0x5AEA, 0x5AEA, 0x8C4F,
  0x8450, 0x8C2F, 0x842F, 0x6B4B, 0x5AEA, 0x7BCD, 0x9490, 0x630A, 0x6B8C, 0x7BAD, 0x73AD, 0x83EE,
  0x73AD, 0x738C, 0x73AD, 0x5ACA, 0x4A89, 0x4A68, 0x52AA, 0x62EA, 0x4A68, 0x4227, 0x52CA, 0x5AEA,
  0x5B0B, 0x5289, 0x4249, 0x4207, 0x4A88, 0x5288, 0x634C, 0x52A9, 0x31A5, 0x4226, 0x4227, 0x39C5,
  0x4A88, 0x39C5, 0x4247, 0x52A9, 0x4A88, 0x5288, 0x52A9, 0x52A9, 0x52AA, 0x5B0C, 0x6B4C, 0x5B0C,
  0x62EB, 0x6B6D, 0x736D, 0x6B4D, 0x632C, 0x73AE, 0x7BEF, 0x7C10, 0x7BEF, 0x6BAE, 0x738E, 0x636E,
  0x634D, 0x5B2D, 0x634D, 0x5B4D, 0x530E, 0x9D77, 0xBEDE, 0xAE9D, 0xBE9C, 0xBEBD, 0xBEBD, 0xBEBD,
  0xBE9D, 0xBEBD, 0xBEBD, 0xBEBD, 0xC6DD, 0xC6FE, 0xC6DE, 0xC6FE, 0xC6FE, 0xC6FF, 0xC6FE, 0xC6FE,
  0xC6DE, 0xBEDE, 0xBEDE, 0xBEFE, 0xC6DE, 0xBEDE, 0xBEBD, 0x8D58, 0x5B8E, 0x42EC, 0x3A89, 0x3269,
  0x3A29, 0x3209, 0x3A48, 0x2A07, 0x3A28, 0x3207, 0x4248, 0x4269, 0x630B, 0x632C, 0x8C4F, 0x8CB1,
  0x7BCC, 0x7C0E, 0x62E9, 0x73CD, 0x7BCD, 0x73CD, 0x5268, 0x31C5, 0x4206, 0x632B, 0x62EA, 0x6B6C,
  0x62EA, 0x4227, 0x630A, 0x6B8C, 0x736C, 0x52CA, 0x6B6B, 0x844F, 0x8C4F, 0x842F, 0x9490, 0x73CD,
  0x7BAC, 0x94B0, 0x7BAC, 0x52C9, 0x6B2A, 0x632A, 0x736B, 0x6B6B, 0x738C, 0x73CE, 0x738C, 0x4A68,
  0x4A47, 0x3A06, 0x5288, 0x52A9, 0x5268, 0x52C9, 0x5AE9, 0x6B8C, 0x6B2B, 0x52C9, 0x5288, 0x5289,
  0x4206, 0x634C, 0x83EE, 0x31C5, 0x2963, 0x4227, 0x3164, 0x2143, 0x4226, 0x52C9, 0x4A47, 0x3A06,
  0x5288, 0x5289, 0x5268, 0x5AEA, 0x4A69, 0x5AAA, 0x5B0C, 0x738E, 0x634D, 0x52AA, 0x632D, 0x630C,
  0x5AEC, 0x5AEB, 0x52EC, 0x630C, 0x5AEC, 0x6B6D, 0x632E, 0x5ACC, 0x5B2D, 0x634D, 0x5B4E, 0x5B0D,
  0x4B0E, 0x84B4, 0xAEBE, 0xAE3C, 0xAE7C, 0xB65C, 0xB69D, 0xBE9D, 0xB69D, 0xB67C, 0xB69D, 0xBE9D,
  0xBEBE, 0xBEBD, 0xBEDE, 0xBEBD, 0xBEDE, 0xC6FE, 0xBEDE, 0xBE9D, 0xB6BE, 0xB67D, 0xAE7D, 0xB67D,
  0xB6BE, 0xBE9D, 0xBEDE, 0xBEBD, 0x8D76, 0x5BAF, 0x328A, 0x3A89, 0x3A4A, 0x31E8, 0x3A69, 0x3A69,
  0x21A6, 0x29A6, 0x2986, 0x4249, 0x634D, 0x5ACB, 0x7C0F, 0x840F, 0x73CD, 0x840E, 0x6B8C, 0x738C,
  0x6BAD, 0x736C, 0x6B8D, 0x4206, 0x52CA, 0x6B2B, 0x634C, 0x4A48, 0x31A6, 0x3164, 0x630B, 0x7BCD,
  0x738E, 0x5AEB, 0x73AD, 0x7BEE, 0x94B1, 0xA512, 0x840E, 0x630A, 0x73CD, 0x8C2F, 0x6B6C, 0x6B4B,
  0x8C70, 0x7BAC, 0x73AD, 0x738C, 0x73AE, 0x7BAD, 0x73CE, 0x6B2B, 0x4A68, 0x4A68, 0x52CA, 0x4A48,
  0x632B, 0x62EA, 0x52EA, 0x630B, 0x6B6C, 0x5ACA, 0x4A68, 0x5ACA, 0x4A89, 0x73AD, 0x4A89, 0x2123,
  0x2144, 0x3185, 0x1923, 0x2103, 0x4A88, 0x738C, 0x4A88, 0x39E6, 0x4A68, 0x4207, 0x3A07, 0x3185,
  0x630B, 0x6B8D, 0x6B4C, 0x52CA, 0x630B, 0x632C, 0x630B, 0x5B0C, 0x630B, 0x5B0B, 0x630C, 0x52EB,
  0x634D, 0x52EC, 0x4A69, 0x530C, 0x5B0C, 0x5B4D, 0x5B0C, 0x530C, 0x532E, 0x7473, 0xA65D, 0x9E5D,
  0xA65D, 0x9E5D, 0xA65D, 0xA67E, 0xA67D, 0xA67D, 0xAE7D, 0xA69D, 0xAE7D, 0xAE9D, 0xAE7D, 0xAE9D,
  0xAE7D, 0xA69D, 0xAE7D, 0xA67D, 0xAE7D, 0xA69D, 0xAE7D, 0xA69D, 0xAE9D, 0xAE9E, 0xAE9C, 0xAE9D,
  0x9DD8, 0x95B8, 0x63AD, 0x4B0B, 0x428A, 0x3A8A, 0x3A27, 0x3268, 0x39E7, 0x29C7, 0x2966, 0x29A7,
  0x4207, 0x52CA, 0x6B4C, 0x738D, 0x7BCC, 0x9CF1, 0xA512, 0x94B0, 0x7BCD, 0x7BEE, 0x7BAC, 0x6B6C,
  0x4206, 0x4A48, 0x62EA, 0x4227, 0x39A4, 0x4A48, 0x7BAC, 0x73AD, 0x738C, 0x73CD, 0x9CB1, 0x6B6C,
  0x736B, 0x842F, 0x6B4B, 0x6B6C, 0x7BAC, 0x6B8C, 0x738C, 0x52C9, 0x840E, 0x73CD, 0x840E, 0x7BEE,
  0x7BCD, 0x73AD, 0x6B4B, 0x632B, 0x5AE9, 0x4A88, 0x52A8, 0x5B0A, 0x736B, 0x73AC, 0x5AC9, 0x5B0A,
  0x6B4B, 0x52C9, 0x5268, 0x4A69, 0x5AEA, 0x5B0B, 0x31A4, 0x2984, 0x4206, 0x4A88, 0x5AA8, 0x52A8,
  0x630A, 0x632A, 0x4A68, 0x4207, 0x4206, 0x4227, 0x4226, 0x2984, 0x5B0C, 0x5AEB, 0x5AEB, 0x528A,
  0x5B0C, 0x6B6D, 0x5B0C, 0x5AEB, 0x5AEC, 0x6B4D, 0x6B8E, 0x5AEB, 0x532D, 0x52EC, 0x52EC, 0x5B2C,
  0x530D, 0x5B0D, 0x52EC, 0x5B0C, 0x534F, 0x7412, 0x8DDC, 0x8D9A, 0x8DBB, 0x8D9A, 0x859B, 0x8D7A,
  0x8DBA, 0x8DBA, 0x8DDB, 0x95FB, 0x9E3C, 0xA63C, 0x9E5C, 0xA65C, 0xA67D, 0xA65C, 0x9E5D, 0xA65D,
  0xA69E, 0xAE7D, 0xA69E, 0xA67D, 0xA67D, 0xA65D, 0x95FA, 0x7CF6, 0x7CD5, 0x7494, 0x5B6D, 0x4ACA,
  0x3A8A, 0x2A08, 0x3228, 0x3207, 0x3228, 0x2165, 0x1925, 0x29A7, 0x31C7, 0x630B, 0x5AEB, 0x7BCE,
  0x9490, 0x8C2E, 0x634C, 0x6B4B, 0x8C70, 0x738C, 0x73AD, 0x6B2B, 0x4A68, 0x5268, 0x5AEA, 0x4A27,
  0x52A9, 0x6B4C, 0x6B6C, 0x738C, 0x73CE, 0x840E, 0x73CE, 0x840F, 0x6B4B, 0x4A47, 0x6B6C, 0x7BAD,
  0x73AD, 0x7BAD, 0x632B, 0x41E6, 0x8450, 0x842F, 0x7C2F, 0x7BAD, 0x636C, 0x6B6C, 0x5AEB, 0x5289,
  0x4AA9, 0x62EA, 0x52EA, 0x5AC9, 0x6B8C, 0x738C, 0x52CA, 0x632B, 0x52CA, 0x5289, 0x52AA, 0x4207,
  0x4A69, 0x4A48, 0x31E6, 0x4A68, 0x52A9, 0x52A9, 0x52E9, 0x630A, 0x634B, 0x4A47, 0x39E7, 0x39C6,
  0x31C6, 0x41E6, 0x4227, 0x39A5, 0x4207, 0x3A07, 0x4A48, 0x4A89, 0x4A48, 0x4248, 0x5289, 0x52CB,
  0x5289, 0x634D, 0x6B4D, 0x634D, 0x632C, 0x634D, 0x630C, 0x5B0C, 0x632C, 0x530C, 0x630C, 0x634D,
  0x4B0F, 0x7CF6, 0x8DBC, 0x7D9B, 0x855A, 0x7D7A, 0x855A, 0x7D7B, 0x7D5A, 0x7D7A, 0x7D59, 0x7D7A,
  0x857A, 0x859B, 0x859A, 0x85BB, 0x8DBB, 0x85BB, 0x8DBB, 0x8DDC, 0x95DC, 0x961C, 0x9E1C, 0x8DFC,
  0x8DBB, 0x8DDC, 0x95DB, 0x859A, 0x7CD3, 0x53CF, 0x630B, 0x6B6D, 0x8BAE, 0x7B6D, 0x732C, 0x528A,
  0x3207, 0x29E6, 0x29A6, 0x1965, 0x39E7, 0x52AA, 0x5288, 0x8C70, 0x7BAB, 0x738B, 0x842E, 0x73CD,
  0x738C, 0x73AD, 0x736B, 0x6B6C, 0x736B, 0x630A, 0x5AC9, 0x5AEA, 0x62C9, 0x6B6C, 0x738C, 0x73CD,
  0x83ED, 0x842F, 0x6309, 0x73AD, 0x7BAC, 0x5B0A, 0x736B, 0x840D, 0x7BAC, 0x7BED, 0x62EA, 0x3A07,
  0x6B2B, 0x6B6C, 0x842E, 0x7C0E, 0x5AC9, 0x6B4C, 0x52A9, 0x5AEA, 0x5268, 0x52A9, 0x5AA8, 0x5AE9,
  0x7BAD, 0x6B6C, 0x5AC9, 0x6B6C, 0x5ACA, 0x5AEB, 0x5289, 0x52CA, 0x630A, 0x4207, 0x5288, 0x52C9,
  0x5AA9, 0x5B0A, 0x4A47, 0x632B, 0x5AC9, 0x4247, 0x39C5, 0x3A07, 0x39C5, 0x4227, 0x4206, 0x4227,
  0x2966, 0x3186, 0x39E7, 0x4A49, 0x4A8A, 0x528A, 0x3A28, 0x528A, 0x5B0C, 0x6B6D, 0x636D, 0x7BCF,
  0x73EF, 0x5B0C, 0x5B0C, 0x632C, 0x636E, 0x52EC, 0x5B2D, 0x5AEC, 0x4B70, 0x9558, 0x7D9B, 0x7D7B,
  0x7D7B, 0x857A, 0x7D7B, 0x7D5A, 0x7D5B, 0x7D7B, 0x7D7B, 0x7D5A, 0x7D7A, 0x7D5A, 0x7D7A, 0x7D5A,
  0x7D7B, 0x857A, 0x7D7B, 0x857A, 0x859B, 0x857A, 0x859B, 0x859B, 0x859B, 0x859B, 0x85BB, 0x95DC,
  0x8535, 0x5BAF, 0x8471, 0xB596, 0xC5B7, 0xB4F3, 0x8C51, 0x8BF0, 0x530C, 0x4AAA, 0x29E7, 0x1904,
  0x2145, 0x39C7, 0x52C9, 0x94B1, 0x738C, 0x83ED, 0x844F, 0x94B0, 0x840E, 0x738C, 0x6B4C, 0x62C9,
  0x632B, 0x736C, 0x630B, 0x5268, 0x5AEA, 0x736C, 0x738D, 0x8C2F, 0x73AD, 0x6B2B, 0x6B4B, 0x736B,
  0x73AD, 0x630A, 0x5AE9, 0x83ED, 0x6B6B, 0x6B2A, 0x5ACB, 0x632C, 0x8C70, 0x8C2F, 0x73CE, 0x7BCD,
  0x634C, 0x736C, 0x634C, 0x5AA9, 0x4A68, 0x52A9, 0x5B0A, 0x630A, 0x6B8C, 0x6B6C, 0x6B6C, 0x5ACA,
  0x52AA, 0x5289, 0x4A69, 0x5ACA, 0x52AA, 0x31A5, 0x4247, 0x5AC9, 0x634C, 0x5268, 0x5B0B, 0x6B4B,
  0x31C6, 0x31A5, 0x31A6, 0x39A5, 0x4A68, 0x4A68, 0x3A06, 0x41E6, 0x5AA9, 0x31C6, 0x41E7, 0x52AA,
  0x6B2C, 0x5B0B, 0x4A69, 0x4A89, 0x5B0B, 0x634D, 0x632B, 0x73AE, 0x6B8D, 0x5B2C, 0x6B6D, 0x5B2C,
  0x52AA, 0x52EB, 0x5B0B, 0x4AAA, 0x5C13, 0x8DDA, 0x855A, 0x7D7A, 0x857A, 0x857B, 0x855A, 0x7D5A,
  0x8559, 0x859A, 0x8559, 0x857A, 0x857A, 0x7D7A, 0x855A, 0x7D7B, 0x857A, 0x7D7B, 0x857A, 0x859B,
  0x859A, 0x859B, 0x857A, 0x859B, 0x859B, 0x85BB, 0x859B, 0x8DDC, 0x7492, 0x5BCF, 0xCD34, 0xCD95,
  0xDCD2, 0xCC91, 0xD470, 0xCC70, 0x734C, 0x41E7, 0x29C6, 0x29C7, 0x2965, 0x29C7, 0x5A67, 0x6B2B,
  0x8BAB, 0x940D, 0x8C0D, 0x8C0E, 0x946E, 0x8C4F, 0x6B4A, 0x632A, 0x6B4B, 0x6B8C, 0x7BCD, 0x3A06,
  0x5289, 0x7C0F, 0x8C2F, 0x844F, 0x7B8C, 0x6B4B, 0x840E, 0x632B, 0x738C, 0x8C6F, 0x83ED, 0x6B6B,
  0x5AC8, 0x5AE9, 0x5288, 0x8C70, 0x9CF1, 0x844F, 0x8C4F, 0x73AD, 0x736C, 0x7BCD, 0x7BED, 0x632B,
  0x5267, 0x52C9, 0x6B4B, 0x6B8C, 0x7BAD, 0x6B6C, 0x62EA, 0x52A9, 0x632A, 0x5AEA, 0x5AA9, 0x52A9,
  0x39C5, 0x39E6, 0x5267, 0x5B0A, 0x5288, 0x5B0A, 0x6309, 0x4A88, 0x4A47, 0x4227, 0x4226, 0x31C5,
  0x5288, 0x4A68, 0x4A27, 0x31C5, 0x8450, 0x5ACA, 0x2966, 0x39E7, 0x4249, 0x5289, 0x4A8A, 0x39C7,
  0x4269, 0x5B0B, 0x6B8E, 0x73CE, 0x6BAE, 0x7BEF, 0x5B0C, 0x52AA, 0x5B0C, 0x5AEC, 0x530C, 0x4269,
  0x6CD6, 0x8D99, 0x7D7A, 0x857A, 0x7D7B, 0x855A, 0x7D7B, 0x855A, 0x7D5A, 0x855A, 0x7D7A, 0x857A,
  0x7D9A, 0x855A, 0x7D5B, 0x7D3A, 0x755B, 0x7D5A, 0x7D9B, 0x857A, 0x7D7B, 0x857A, 0x7D9B, 0x857B,
  0x7D9B, 0x859B, 0x859C, 0x8DBC, 0x7CD4, 0x63F0, 0xBD14, 0xBCD2, 0xD4B2, 0xD491, 0xD491, 0xCC30,
  0x7BCF, 0x2924, 0x1145, 0x2165, 0x2166, 0x10A3, 0x41E6, 0x944F, 0x8BED, 0x8BAC, 0x9470, 0x9C6F,
  0x73AC, 0x8C2E, 0x842E, 0x7BAC, 0x6B6C, 0x73AD, 0x7C0F, 0x62EA, 0x2144, 0x5ACA, 0x7C0F, 0x73AD,
  0x73AD, 0x5AA9, 0x5AEA, 0x62EA, 0x5AEA, 0x83EE, 0x73CD, 0x630A, 0x73AD, 0x5288, 0x52CA, 0xA4F2,
  0x8470, 0x9490, 0x73CE, 0x6B4C, 0x73AD, 0x83EE, 0x4A68, 0x4A47, 0x634B, 0x630A, 0x6BAD, 0x7BAD,
  0x73AE, 0x632B, 0x5AEA, 0x630B, 0x5B0B, 0x5AC9, 0x634C, 0x5289, 0x31A5, 0x39E6, 0x4A88, 0x4A47,
  0x4248, 0x4A68, 0x4247, 0x39C5, 0x31E6, 0x4A47, 0x4A68, 0x41E6, 0x4AA9, 0x4207, 0x4227, 0x31A5,
  0x7BCD, 0x846F, 0x31A6, 0x1924, 0x2945, 0x2986, 0x39C6, 0x31C7, 0x4A48, 0x52AA, 0x5AAA, 0x634C,
  0x6B4C, 0x5B0C, 0x52AA, 0x52CB, 0x5ACA, 0x52EB, 0x52AA, 0x530C, 0x8538, 0x8599, 0x857A, 0x7D7A,
  0x8557, 0x8578, 0x8579, 0x7D79, 0x7D3A, 0x7D5A, 0x7D3A, 0x7D5A, 0x855A, 0x7D5A, 0x8559, 0x7D7A,
  0x7D59, 0x857A, 0x857A, 0x859A, 0x857A, 0x85BB, 0x8D9A, 0x859A, 0x859A, 0x859A, 0x859B, 0x85DC,
  0xAD36, 0x8C73, 0x934C, 0x936D, 0x932C, 0x9BCF, 0xBC50, 0xB410, 0x83CE, 0x3185, 0x2145, 0x1965,
  0x2103, 0x2124, 0xBCD0, 0xAC6F, 0x9BAC, 0x8B6B, 0x938B, 0xA46F, 0x8BEC, 0x734A, 0x83CC, 0x840D,
  0x7BAC, 0x738C, 0x73AF, 0xA576, 0xBE3A, 0xB61A, 0xC639, 0x8472, 0x5288, 0x52A9, 0x4206, 0x4207,
  0x62E9, 0x73AC, 0x83EE, 0x7BEE, 0x736B, 0x39E6, 0x736C, 0x94B2, 0x73AE, 0x8C71, 0x83EF, 0x6B8D,
  0x738C, 0x6B8C, 0x630A, 0x6B8C, 0x73AC, 0x6B6C, 0x738C, 0x73CD, 0x736C, 0x6B8C, 0x630A, 0x73AD,
  0x7BCC, 0x738C, 0x62E9, 0x3A05, 0x39C5, 0x4247, 0x4227, 0x4207, 0x39A5, 0x31A5, 0x39C5, 0x39E6,
  0x41E6, 0x39E6, 0x41E6, 0x3185, 0x4206, 0x4207, 0x31A5, 0x2984, 0x7C0F, 0x7C0E, 0x6BAE, 0x3A07,
  0x2166, 0x2104, 0x31C7, 0x5ACB, 0x31C7, 0x3186, 0x31C7, 0x39C7, 0x4249, 0x4208, 0x426A, 0x4A69,
  0x426A, 0x52CB, 0x530C, 0x636D, 0x7D59, 0x8D79, 0x7D7A, 0x859A, 0x8599, 0x8558, 0x8579, 0x8579,
  0x7D5B, 0x7D3A, 0x7D5B, 0x7D3A, 0x7D5A, 0x7D3A, 0x7D5A, 0x7D5A, 0x7D7B, 0x857A, 0x7D7A, 0x857A,
  0x7D7A, 0x855A, 0x7D9A, 0x859A, 0x7D9B, 0x859A, 0x7D9B, 0x85BC, 0x9CD5, 0x7BB1, 0xA3CF, 0x9B8D,
  0x82EC, 0x7AAA, 0x7228, 0x8ACB, 0x5AAB, 0x3165, 0x1966, 0x1925, 0x2145, 0x736D, 0x9BED, 0x8B2A,
  0x7B0A, 0x830A, 0x7B0A, 0x72A8, 0x7B8B, 0x7B8B, 0x738B, 0x7B8B, 0x840E, 0x83CD, 0xB5F8, 0xE75D,
  0xCEDD, 0xD6FD, 0xDF3E, 0xD6FC, 0x634C, 0x5268, 0x4207, 0x41C6, 0x73CD, 0x7BAD, 0x634C, 0x7BCD,
  0x5AEA, 0x5289, 0x8430, 0x738D, 0x5AEB, 0x73AE, 0x7BEF, 0x7BAE, 0x7BEE, 0x6B4C, 0x73CE, 0x632B,
  0x6B8C, 0x83EE, 0x73CE, 0x7BCD, 0x632B, 0x6B2B, 0x6B8D, 0x6B6C, 0x8C6F, 0x94B0, 0x73AC, 0x4A46,
  0x3A07, 0x39E6, 0x39E6, 0x39C5, 0x31E6, 0x5AA9, 0x2985, 0x3184, 0x3A07, 0x3184, 0x31C6, 0x39A5,
  0x39E6, 0x39C5, 0x31A6, 0x41E6, 0x94B0, 0x7C0D, 0x7BCC, 0x7C2E, 0x6B4C, 0x39E6, 0x4207, 0x5B0B,
  0x4A89, 0x4269, 0x39E7, 0x2986, 0x31A6, 0x4229, 0x4A68, 0x4248, 0x4248, 0x42A9, 0x52E8, 0x636A,
  0x8CD2, 0x9554, 0x9590, 0x8570, 0x958F, 0x8D6E, 0x9572, 0x95B3, 0x8D75, 0x8576, 0x8D74, 0x8D74,
  0x8557, 0x7D58, 0x7D59, 0x7D5A, 0x8559, 0x7D7A, 0x8579, 0x859A, 0x857A, 0x7D7A, 0x7D7A, 0x7D9B,
  0x857A, 0x859B, 0x859A, 0x85BB, 0xAD36, 0x8C53, 0xBBCD, 0xBC2F, 0xABCF, 0xB410, 0x9B2C, 0x8AEB,
  0x5A69, 0x3986, 0x1944, 0x1144, 0x41C5, 0x736C, 0xAB8C, 0xCCD1, 0xCC6F, 0xC42E, 0xBC2E, 0x9B8B,
  0x72E9, 0x8BED, 0x7B6A, 0x6B09, 0x7BAC, 0x946F, 0xDEFC, 0xDF1D, 0xF73D, 0xF77E, 0xEF7E, 0xEF9F,
  0xBDF7, 0x31A6, 0x4206, 0x3185, 0x630A, 0x7BCD, 0x62C9, 0x6B4B, 0x6B4B, 0x52A9, 0x840F, 0x7C0F,
  0x73AE, 0x73CF, 0x736C, 0x6B8D, 0x736C, 0x73AE, 0x630B, 0x5AEA, 0x738C, 0x6B8C, 0x7BED, 0x7C2F,
  0x73AC, 0x6B6C, 0x6B6C, 0x73CE, 0x94B0, 0x94D0, 0x944E, 0x4A46, 0x3184, 0x39E5, 0x4206, 0x31A5,
  0x4226, 0x3A06, 0x3164, 0x2985, 0x39C5, 0x31C5, 0x31A4, 0x4227, 0x39C5, 0x4227, 0x4A47, 0x4247,
  0x844F, 0x73AC, 0x844F, 0x738C, 0x6B8E, 0x6B4C, 0x4AAA, 0x4A48, 0x4AAA, 0x52CA, 0x4249, 0x2986,
  0x1925, 0x4249, 0x4269, 0x4207, 0x3A69, 0x4AAA, 0x636B, 0x6B8B, 0x7CB2, 0x9534, 0x8550, 0x7CCE,
  0x7CED, 0x7CCC, 0x7CF1, 0x7CF1, 0x8DB7, 0x8534, 0x8554, 0x8533, 0x7537, 0x7D37, 0x753A, 0x7D39,
  0x7D59, 0x7D59, 0x7D7A, 0x8579, 0x7D9A, 0x855A, 0x757B, 0x7D5A, 0x7D7B, 0x857A, 0x7D7A, 0x859A,
  0xA557, 0x9494, 0xABAD, 0xAB6C, 0x9B4D, 0x8A8A, 0x932C, 0x9B2C, 0x5AAB, 0x28C3, 0x1124, 0x2185,
  0x39E6, 0x5AA9, 0xA38D, 0x9B2B, 0xBC0E, 0xB3AC, 0xB40E, 0xABAC, 0x5227, 0x72EA, 0x62E9, 0x734A,
  0x632A, 0x83ED, 0xD6DC, 0xB597, 0x9CB3, 0x8C31, 0x9D15, 0xC619, 0xB5F8, 0x630C, 0x4A68, 0x41E6,
  0x3A07, 0x4A27, 0x5289, 0x5289, 0x31C6, 0x39C6, 0x8450, 0x8C30, 0x7C30, 0x8410, 0x634D, 0x6B6D,
  0x7C0F, 0x630B, 0x4A69, 0x6B4C, 0x6B8D, 0x630B, 0x6B8D, 0x842F, 0x7C0F, 0x7BAD, 0x634C, 0x7BCE,
  0x73AC, 0x738C, 0x6B8B, 0x4205, 0x31A5, 0x5268, 0x4268, 0x39C5, 0x4247, 0x4206, 0x31A6, 0x39A5,
  0x31C6, 0x3185, 0x31C6, 0x31A5, 0x31C6, 0x31A5, 0x52A9, 0x5288, 0x840E, 0x7C0E, 0x8C4F, 0x8CB0,
  0x5AC9, 0x632A, 0x7BCD, 0x52C9, 0x4A89, 0x5B2B, 0x5B0B, 0x52CA, 0x4248, 0x42A9, 0x6389, 0x4AE7,
  0x4285, 0x4AC7, 0x7C4B, 0x84EE, 0x8C8A, 0x950C, 0x8D2D, 0x74CB, 0x8511, 0x7CF1, 0x84ED, 0x852E,
  0x8D30, 0x8D51, 0x8D2F, 0x850F, 0x7CF3, 0x8555, 0x7D3A, 0x7D3A, 0x7D39, 0x753A, 0x7D59, 0x7D7A,
  0x7D59, 0x7D7A, 0x8D37, 0x8D58, 0x9557, 0x8D37, 0x8D32, 0x9573, 0xAD53, 0x9CD2, 0xA38D, 0x9B6C,
  0x8ACA, 0x8289, 0x832B, 0x7B2B, 0x2965, 0x2145, 0x2184, 0x21E6, 0x6205, 0x8B8C, 0xC3EE, 0x8A88,
  0xC40E, 0x92C9, 0x8A67, 0x9B2B, 0x61E5, 0x6226, 0x4A05, 0x5AC8, 0x734A, 0x83ED, 0x7A89, 0x4103,
  0x50E3, 0x5103, 0x5903, 0x7A48, 0x9BED, 0xAC90, 0x5AA9, 0x31A5, 0x3164, 0x10A2, 0x41E6, 0x52CA,
  0x4A27, 0x3A07, 0x7B8C, 0x7BCD, 0x8C30, 0x6B6D, 0x6B6D, 0x8471, 0x630B, 0x52AA, 0x630B, 0x632C,
  0x6B4B, 0x6B8C, 0x840E, 0x73ED, 0x842E, 0x7C0E, 0x736D, 0x73CE, 0x6B2B, 0x634C, 0x5267, 0x2964,
  0x39A5, 0x4A88, 0x4226, 0x4A68, 0x4A27, 0x39E6, 0x4206, 0x39E6, 0x39C5, 0x3185, 0x3184, 0x31A5,
  0x3184, 0x52A8, 0x4A87, 0x4246, 0x634B, 0x842E, 0x844F, 0x8C6F, 0x842F, 0x6B4B, 0x636C, 0x4A48,
  0x31E7, 0x5ACA, 0x5B0B, 0x5B0B, 0x532C, 0x52EB, 0x5329, 0x638A, 0x3A86, 0x4286, 0x9D91, 0x9D71,
  0x7C6A, 0x8CAB, 0x852D, 0x84EC, 0x8573, 0x95B4, 0x6C8C, 0x6C6B, 0x748E, 0x8D51, 0x8D70, 0x84EE,
  0x7D35, 0x8555, 0x753A, 0x7D1A, 0x753A, 0x7D39, 0x7539, 0x855A, 0x7D9B, 0x7D7A, 0x9599, 0x9579,
  0x9578, 0x9D98, 0x8D33, 0x8D33, 0x9CF2, 0xA4F2, 0x9B4C, 0xA36D, 0xABCF, 0x930C, 0x7B0B, 0x5185,
  0x2145, 0x3186, 0x1985, 0x1985, 0x5A06, 0xAC6F, 0xD4D2, 0xCC2F, 0xC42F, 0xC3EE, 0xD4D2, 0xBBCD,
  0x938C, 0x830A, 0x5288, 0x5267, 0x62E9, 0x83AC, 0x6228, 0x61C6, 0x7A69, 0x82AA, 0x8ACA, 0xB3EF,
  0xA470, 0xA40E, 0x52A9, 0x5289, 0x634C, 0x39C6, 0x31C6, 0x4A48, 0x3186, 0x4A28, 0x8C70, 0x7BCD,
  0x7BEF, 0x630B, 0x7C10, 0x6B6D, 0x52CA, 0x630B, 0x634D, 0x62EB, 0x52CA, 0x632B, 0x844F, 0x7BEE,
  0x6BAD, 0x73AD, 0x8410, 0x6B2C, 0x632C, 0x5AAA, 0x3A06, 0x39E6, 0x3A07, 0x5AC9, 0x52A9, 0x4206,
  0x3A07, 0x39C5, 0x3A07, 0x4207, 0x31A6, 0x3164, 0x31C6, 0x4206, 0x4A68, 0x4206, 0x3A46, 0x31C4,
  0x6B4A, 0x73ED, 0x9CD0, 0x94B0, 0x948F, 0x7C0E, 0x738C, 0x5B0A, 0x5AEA, 0x5B2B, 0x5ACA, 0x52EA,
  0x5AEA, 0x52CA, 0x5B49, 0x4B08, 0x5B49, 0x742D, 0xB572, 0xA552, 0x84AD, 0x7C8D, 0x84AF, 0x8D51,
  0x84EF, 0x9591, 0x6C2A, 0x854F, 0x9573, 0x95B5, 0x8531, 0x74D0, 0x8D77, 0x8D97, 0x8577, 0x8577,
  0x8577, 0x8578, 0x7D78, 0x7D99, 0xACF4, 0xBD97, 0xEDD7, 0xBCB3, 0x8B8F, 0xA453, 0xA453, 0xACB4,
  0xE513, 0xC450, 0xAB4B, 0x8A88, 0x82CA, 0x7AAA, 0x4227, 0x31C6, 0x4247, 0x29A5, 0x2144, 0x3207,
  0x62C9, 0x9CD1, 0xA30A, 0x8AA9, 0x9AA9, 0xA32B, 0xA34A, 0xB40D, 0x9C0E, 0x83AC, 0x630A, 0x4A47,
  0x5AA9, 0x8C4F, 0xA34C, 0x7A28, 0x8A68, 0x9B2C, 0x9247, 0xAB4B, 0xBC6F, 0x936B, 0x5267, 0x52A9,
  0x62EA, 0x52C9, 0x3185, 0x31A6, 0x18C2, 0x4228, 0x9490, 0x842E, 0x736C, 0x840E, 0x7BCE, 0x73AE,
  0x6B4C, 0x6B6D, 0x62EA, 0x630B, 0x5AC9, 0x738D, 0x7BCD, 0x7C0E, 0x840E, 0x7C0E, 0x6B6C, 0x73CE,
  0x630B, 0x4A69, 0x4A47, 0x3A06, 0x39C5, 0x5289, 0x5268, 0x3A06, 0x4206, 0x4247, 0x4A27, 0x39E6,
  0x39C5, 0x4227, 0x4A26, 0x4A88, 0x5AE9, 0x3A26, 0x3A45, 0x3204, 0x73CD, 0x6B4A, 0x7C2E, 0x94B0,
  0x8CB0, 0x840E, 0x73AD, 0x7BCD, 0x636C, 0x52A9, 0x52CA, 0x5B0B, 0x5B0B, 0x5B0B, 0x536A, 0x5B6A,
  0x742D, 0x9D51, 0x94D0, 0xAD73, 0x84EF, 0x952F, 0x84F0, 0x8D11, 0x8530, 0x7CAE, 0x640B, 0x9570,
  0x9595, 0x8512, 0x74B0, 0x9593, 0x8557, 0x8556, 0x7D57, 0x8557, 0x8599, 0x8578, 0x7D99, 0x8579,
  0xB577, 0xACF5, 0xC4F4, 0x930C, 0x7B0E, 0x832E, 0x72EE, 0x7B0E, 0xD4F3, 0xBC0F, 0xABAD, 0xA32B,
  0x830B, 0x8B0B, 0x8471, 0x7BCE, 0x740F, 0x52EA, 0x1965, 0x1903, 0x5AA9, 0x7B8D, 0x9B0B, 0xAB6C,
  0xAB4C, 0xAB2B, 0x932A, 0x8AA8, 0x730A, 0x7B4B, 0x6B8C, 0x62EA, 0x5ACA, 0x5248, 0x8289, 0x8269,
  0x8AAA, 0xB3CE, 0xAB2B, 0xB36C, 0xAC2E, 0x9B8C, 0x634B, 0x6B4B, 0x5AEA, 0x41E6, 0x31A6, 0x41E7,
  0x2965, 0x39E7, 0x73AD, 0x62EA, 0x632B, 0x5AA9, 0x4A8A, 0x6B6D, 0x73CF, 0x632C, 0x4A8A, 0x62EB,
  0x6B8D, 0x738C, 0x6BAD, 0x738C, 0x7C2F, 0x73CD, 0x73EF, 0x73AE, 0x634D, 0x5AEB, 0x3A07, 0x31A5,
  0x3A07, 0x4227, 0x31C6, 0x4207, 0x4227, 0x4A47, 0x4227, 0x4207, 0x4A88, 0x5288, 0x3A07, 0x52A8,
  0x52A8, 0x2963, 0x1982, 0x29C3, 0x842E, 0x73ED, 0x6B4A, 0x7C0E, 0x8C6F, 0x844E, 0x73AC, 0x7BED,
  0x6B4B, 0x52C9, 0x630A, 0x5B2A, 0x630A, 0x6B8C, 0x5308, 0x42C7, 0x6389, 0x742C, 0x73CA, 0x94EF,
  0x8C8F, 0x740E, 0xA571, 0x9D71, 0x9D6E, 0x7CAC, 0x84EE, 0x84EE, 0x84CD, 0x8D2F, 0x8D31, 0x8D72,
  0x9555, 0x8D55, 0x8D75, 0x8576, 0x8577, 0x7D77, 0x9D34, 0xA595, 0xC517, 0x7ACF, 0x43DB, 0x1AD7,
  0x4A70, 0x52F2, 0x62AF, 0x524E, 0x5AF3, 0x8499, 0xBBEE, 0xABAD, 0x936E, 0x7ACC, 0x738F, 0x94B4,
  0x9493, 0x9CF5, 0xA4D4, 0x73D0, 0x632D, 0x73CF, 0x8B0B, 0x9BCE, 0xBC0D, 0xA36B, 0x8B09, 0x934B,
  0x4A28, 0x5AEB, 0x840E, 0x8C90, 0x738C, 0x5AEA, 0x6288, 0x734C, 0xB38D, 0xC450, 0xC42D, 0xA36B,
  0xAC0D, 0xAC4E, 0x7BAD, 0x4A69, 0x4A27, 0x4A88, 0x3185, 0x52AA, 0x39C5, 0x4207, 0x7BCD, 0x39C5,
  0x4A06, 0x73AC, 0x73AD, 0x7C0F, 0x8430, 0x5AEB, 0x4A28, 0x5289, 0x6B2B, 0x7BEE, 0x7BCD, 0x844F,
  0x83EE, 0x6B8C, 0x7BAD, 0x634C, 0x632A, 0x52C9, 0x4206, 0x4227, 0x4A47, 0x4247, 0x4206, 0x4247,
  0x39E6, 0x39E6, 0x4A47, 0x5289, 0x4A47, 0x4227, 0x4A26, 0x52C9, 0x41E5, 0x31A4, 0x2942, 0x2163,
  0x73CD, 0x842E, 0x6B6C, 0x736C, 0x7C2E, 0x948F, 0x844F, 0x7BED, 0x7C0E, 0x6B6C, 0x5B2B, 0x6B4B,
  0x634C, 0x738C, 0x5329, 0x4AE8, 0x5348, 0x6BAA, 0x6349, 0x7BEB, 0x638C, 0x5B0A, 0x8D10, 0x8CAE,
  0x84CC, 0x9D6E, 0x9DB1, 0x9D91, 0x8D50, 0x8D0F, 0x8511, 0x8D31, 0x8D55, 0x8D34, 0x7D55, 0x8535,
  0x7D78, 0x8598, 0x9D75, 0xAD75, 0xA455, 0x61EB, 0x1276, 0x1A76, 0x320F, 0x52D2, 0x5AB0, 0x5A6F,
  0x3210, 0x4A71, 0x9B2C, 0xA30B, 0x7B0D, 0x5187, 0x2147, 0x4A4B, 0x5AEE, 0x630E, 0x8432, 0x8C52,
  0x8C93, 0x7BF0, 0x8B4C, 0x7AA9, 0x8AC9, 0x8A88, 0x8B2B, 0xA3AC, 0x630C, 0x5AAA, 0x4A89, 0x630B,
  0x52CA, 0x52A9, 0x4A07, 0x7B4C, 0x92EB, 0xA30B, 0x930A, 0xA34A, 0xB490, 0xC4B0, 0x73AE, 0x18C2,
  0x31C6, 0x4207, 0x2145, 0x3186, 0x2985, 0x41E6, 0x4A48, 0x41E6, 0x5AC9, 0x6B2B, 0x73CE, 0x840F,
  0x73AF, 0x52AA, 0x4228, 0x5ACA, 0x5AEA, 0x6B4C, 0x634C, 0x632B, 0x6B8D, 0x7BEE, 0x7C30, 0x7BEF,
  0x5B0B, 0x5AC9, 0x52A9, 0x5288, 0x4248, 0x4227, 0x4A89, 0x4207, 0x3A07, 0x4227, 0x4228, 0x41E6,
  0x4227, 0x52A9, 0x4267, 0x4A67, 0x4247, 0x2964, 0x1922, 0x31A4, 0x6309, 0x73AC, 0x8C6F, 0x73AC,
  0x738B, 0x8C8F, 0x8C6E, 0x8C8F, 0x8C4E, 0x6B8B, 0x5AC8, 0x6B6B, 0x6B4B, 0x6B8C, 0x634A, 0x634B,
  0x73CA, 0x6BAA, 0x6346, 0x6BC8, 0x7BE8, 0x7C09, 0x7C0A, 0x6B88, 0x736A, 0x94AF, 0xAD10, 0xA510,
  0xA532, 0xADB4, 0xB571, 0xA551, 0x9531, 0x9552, 0x9533, 0x9554, 0x9513, 0x84D2, 0xACB3, 0xBD56,
  0x7BF7, 0x29AE, 0x0A55, 0x0A96, 0x39ED, 0x52D1, 0x626F, 0x520E, 0x0A98, 0x0278, 0x11D1, 0x11F2,
  0x21CF, 0x21F0, 0x3167, 0x2947, 0x41E8, 0x4229, 0x5ACC, 0x6B6F, 0x5AAC, 0x4A6B, 0x7288, 0x7B0B,
  0x92E8, 0x9B49, 0xA349, 0xB40C, 0x836E, 0x7B4E, 0x83F0, 0x738F, 0x6B4D, 0x52AB, 0x630D, 0x94D4,
  0x936C, 0x6A89, 0xA308, 0xB3AA, 0xBC70, 0xDDD5, 0xAD77, 0x6370, 0x20E3, 0x2945, 0x2944, 0x1903,
  0x3185, 0x31C7, 0x3164, 0x39E6, 0x5A88, 0x4A47, 0x5267, 0x4226, 0x4A27, 0x5289, 0x41E6, 0x6B4C,
  0x6B2B, 0x634B, 0x6B4B, 0x4A68, 0x52A8, 0x7C0E, 0x842E, 0x7C0E, 0x736C, 0x4A68, 0x5268, 0x4A88,
  0x4A47, 0x4A88, 0x4206, 0x4247, 0x4A47, 0x4A68, 0x4A26, 0x4A68, 0x5AC9, 0x4247, 0x39E5, 0x3A06,
  0x31A4, 0x2143, 0x4A87, 0x4AA7, 0x5B0A, 0x7BCC, 0x7C2E, 0x7BED, 0x7C2E, 0x73CC, 0x7C2E, 0x8C6F,
  0x7C0E, 0x8C4E, 0x5B2B, 0x630A, 0x6BAD, 0x738C, 0x73CD, 0x7BED, 0x7C4D, 0x5B08, 0x4AC5, 0x6326,
  0x6367, 0x6B87, 0x6368, 0x5AE6, 0x6B6B, 0x6B29, 0x94AF, 0xA4CF, 0x844F, 0x9490, 0x9D10, 0xA510,
  0x9552, 0x9D52, 0x8D34, 0x9534, 0x8D14, 0x94F3, 0x9411, 0x7B4D, 0x3A50, 0x298D, 0x0235, 0x0235,
  0x39EE, 0x5AF2, 0x6290, 0x51CD, 0x0278, 0x0278, 0x1A54, 0x11F3, 0x19D0, 0x2A11, 0x39C9, 0x2927,
  0x2967, 0x3187, 0x4A6B, 0x630E, 0x4A8C, 0x5AAC, 0x5A07, 0x832B, 0x9309, 0xA349, 0xA38B, 0xBC2D,
  0x6ACC, 0x6AAB, 0x5AED, 0x9493, 0x8410, 0x5AAB, 0x73F1, 0x8C52, 0x832C, 0x7289, 0x92A7, 0xAB49,
  0xB470, 0xB42F, 0x73F2, 0xA537, 0x8C72, 0x4A49, 0x4249, 0x2103, 0x1924, 0x18C3, 0x18E2, 0x2943,
  0x4A68, 0x5247, 0x3184, 0x41E5, 0x4248, 0x3185, 0x2144, 0x2965, 0x2985, 0x4A47, 0x52A9, 0x5AC9,
  0x52C9, 0x4A67, 0x4AA8, 0x5B0A, 0x4247, 0x39E6, 0x4227, 0x4A27, 0x4A89, 0x4A47, 0x4AA9, 0x5268,
  0x3A06, 0x39E6, 0x4227, 0x52A9, 0x31C6, 0x2963, 0x3A27, 0x31A5, 0x39E6, 0x2943, 0x4AC8, 0x52C8,
  0x6B08, 0x6329, 0x62E9, 0x7BED, 0x840D, 0x6B8B, 0x840D, 0x846F, 0x73AB, 0x842E, 0x7BED, 0x5AE9,
  0x7BED, 0x73CD, 0x7BED, 0x7C2E, 0x840E, 0x73CD, 0x8C2D, 0x9CCF, 0x9C69, 0xAD0C, 0x946A, 0x6325,
  0x83ED, 0x94D1, 0x948E, 0x9D10, 0xACA9, 0xA489, 0x9CCB, 0x8429, 0x8450, 0x7C0F, 0x944B, 0x946C,
  0x9C8D, 0x94AE, 0x4BB7, 0x0A11, 0x11F0, 0x09D0, 0x11CF, 0x11F0, 0x49CB, 0x62CF, 0x524F, 0x39CD,
  0x1A52, 0x1232, 0x1A30, 0x11EF, 0x19F2, 0x1A33, 0x41AB, 0x3149, 0x2105, 0x31A8, 0x41E8, 0x52AB,
  0x62EC, 0x52AB, 0x526A, 0x52AB, 0x72C9, 0x836C, 0x838D, 0x6B2C, 0x524A, 0x632E, 0x5ACC, 0x738F,
  0x528B, 0x2967, 0x4209, 0x7C12, 0x7B4D, 0x730D, 0x8B0B, 0x9BCE, 0x7BD0, 0x73D0, 0x8432, 0x8C94,
  0xB577, 0xBDD9, 0x8B6C, 0x38E2, 0x1081, 0x10C3, 0x18E3, 0x10C3, 0x41E6, 0x31A5, 0x4A05, 0x5287,
  0x4A46, 0x3184, 0x39C5, 0x2984, 0x2944, 0x3185, 0x39E6, 0x5289, 0x6B4B, 0x634B, 0x5287, 0x39E5,
  0x2963, 0x31C5, 0x39E5, 0x4227, 0x4226, 0x3A06, 0x4206, 0x39E6, 0x4206, 0x4247, 0x4206, 0x4247,
  0x31A4, 0x31C5, 0x31A4, 0x5B0A, 0x6B8B, 0x4267, 0x39C4, 0x4A67, 0x842D, 0x83EC, 0x5B0A, 0x738B,
  0x7C0E, 0x6B6B, 0x6B6B, 0x840D, 0x73CD, 0x630A, 0x634B, 0x6B6B, 0x52EA, 0x6B4B, 0x6BAC, 0x7C0D,
  0x73EE, 0x840E, 0x948F, 0x8C2D, 0xA4CB, 0xBD6D, 0xA52D, 0xA50D, 0x73AD, 0x7BED, 0x94AF, 0x8C2D,
  0xBD4C, 0xBD0B, 0x948B, 0x7387, 0x5B2C, 0x73AE, 0x948D, 0x9CAD, 0x9CAF, 0x8C0C, 0x1A94, 0x1232,
  0x1211, 0x098F, 0x018F, 0x098F, 0x41CC, 0x5A4E, 0x41EE, 0x5270, 0x1273, 0x3336, 0x4396, 0x32F3,
  0x11F2, 0x11D1, 0x39AB, 0x41AB, 0x08A4, 0x2947, 0x39C8, 0x528B, 0x528B, 0x4209, 0x5AED, 0x6B0D,
  0x49A6, 0x51A5, 0x5229, 0x5A69, 0x52AC, 0x6B0D, 0x52CC, 0x6B2D, 0x422A, 0x2926, 0x3A0A, 0x7390,
  0x7B6E, 0x8BAF, 0x93AE, 0x934C, 0x8C53, 0x7BD0, 0x73F2, 0x8C74, 0xA516, 0xBD98, 0xBCF3, 0x832C,
  0x2145, 0x2104, 0x31C7, 0x2104, 0x2103, 0x2923, 0x4206, 0x4205, 0x4247, 0x41E5, 0x31A6, 0x3185,
  0x31A6, 0x39C6, 0x31C6, 0x4A68, 0x52C9, 0x5288, 0x4A67, 0x4206, 0x4A68, 0x4226, 0x31C5, 0x3184,
  0x31C6, 0x41E6, 0x31A5, 0x39C6, 0x31A5, 0x39C5, 0x3A06, 0x3184, 0x31A5, 0x2964, 0x4247, 0x7BED,
  0x5B4A, 0x4AA8, 0x3A26, 0x632A, 0x5AA7, 0x6B8B, 0x738B, 0x6329, 0x738B, 0x842D, 0x842D, 0x73AC,
  0x73AB, 0x6B8B, 0x738B, 0x73ED, 0x738B, 0x5B2A, 0x6309, 0x6B8B, 0x6309, 0x634A, 0x7BCD, 0x8C70,
  0x946F, 0x94B0, 0xA50F, 0xA530, 0x948F, 0x73CC, 0x6B4A, 0x73AC, 0xA4ED, 0x948C, 0x840B, 0x6B69,
  0x736B, 0x7BED, 0x9C6B, 0xAD0E, 0x73F0, 0x532C, 0x1254, 0x0A34, 0x19F0, 0x09AF, 0x192A, 0x196B,
  0x59A8, 0x59C9, 0x6ACC, 0x9411, 0x732D, 0x83D0, 0x93CF, 0x838E, 0x62EC, 0x3187, 0x41A9, 0x3988,
  0x10E8, 0x1109, 0x31A8, 0x4A8C, 0x4A29, 0x3187, 0x5ACB, 0x5ACC, 0x6B6E, 0x52EC, 0x6B4E, 0x6B4E,
  0x62AB, 0x630D, 0x5ACC, 0x528B, 0x4A09, 0x2125, 0x4A4A, 0x7BD0, 0x736F, 0x73B0, 0x6B6F, 0x6BB0,
  0x8C53, 0x7C11, 0x7BD0, 0x7C11, 0x8C73, 0x8CB4, 0xAC51, 0xA410, 0x5A27, 0x3944, 0x3185, 0x2125,
  0x2103, 0x39E7, 0x39A5, 0x2985, 0x2102, 0x31A5, 0x31A5, 0x2985, 0x3164, 0x39E7, 0x5288, 0x634B,
  0x52A8, 0x4267, 0x4206, 0x31A4, 0x31A4, 0x4227, 0x4206, 0x39E5, 0x41E6, 0x4227, 0x4206, 0x2985,
  0x3164, 0x39E6, 0x4A47, 0x31C5, 0x2143, 0x3A06, 0x6B4A, 0x634A, 0x6309, 0x5B09, 0x39C4, 0x4A66,
  0x4226, 0x4205, 0x4A67, 0x5AA7, 0x73EC, 0x7C0D, 0x6B8C, 0x6B6B, 0x636B, 0x842D, 0x7C0D, 0x6309,
  0x844F, 0x7C0D, 0x636B, 0x73AC, 0x6BAC, 0x6309, 0x5AEA, 0x6B6C, 0x7BEE, 0x8C4F, 0x8C6E, 0x840C,
  0x7BED, 0x8C6F, 0x8C90, 0x5AA8, 0x4A44, 0x8C0A, 0x73AA, 0x7BCA, 0x7C0E, 0x73AC, 0x840A, 0x944B,
  0x6BD0, 0x4A8A, 0x0A34, 0x0A34, 0x1211, 0x09AF, 0x110A, 0x192A, 0x4968, 0x5188, 0x734E, 0x7B2D,
  0x6B0D, 0x5A6A, 0x5A49, 0x51C7, 0x7BD0, 0x9CB3, 0x41EA, 0x28E6, 0x08C8, 0x10E8, 0x29A9, 0x424B,
  0x39E9, 0x4209, 0x5AEC, 0x6B2D, 0x632E, 0x5AEC, 0x52AC, 0x4A4A, 0x630D, 0x62CC, 0x630D, 0x528B,
  0x39C8, 0x1883, 0x52AC, 0x7BD0, 0x636F, 0x7BF1, 0x73D1, 0x9494, 0x7C12, 0x7BF1, 0x6B6F, 0x738F,
  0x6B91, 0x6B70, 0xAC51, 0x9BCF, 0x6AEA, 0x41A5, 0x31E8, 0x31A6, 0x2986, 0x2944, 0x2144, 0x2103,
  0x18E2, 0x20E2, 0x18E2, 0x18C2, 0x10C3, 0x18C2, 0x2123, 0x39E6, 0x4267, 0x4A47, 0x3A06, 0x39C5,
  0x2964, 0x2943, 0x4247, 0x4A47, 0x31C6, 0x39C6, 0x31C6, 0x39C6, 0x31C5, 0x39E6, 0x3A07, 0x4227,
  0x52CA, 0x7BEE, 0x5B0A, 0x5AC9, 0x636B, 0x634A, 0x4A47, 0x5267, 0x5AA7, 0x62E8, 0x5AC7, 0x4A66,
  0x5AA7, 0x7C0D, 0x7BCC, 0x73AC, 0x73AB, 0x7C2D, 0x8C8E, 0x6BAA, 0x6B6A, 0x7C2D, 0x8C2E, 0x7C0D,
  0x8C4E, 0x8C6F, 0x738B, 0x634A, 0x6B4A, 0x7C0E, 0x8C4F, 0x8C70, 0x7BCD, 0x73CD, 0x83C9, 0xA52E,
  0x7B25, 0x7325, 0x944B, 0x7BC9, 0x946C, 0x842B, 0x738A, 0x73AB, 0x5BB3, 0x3B10, 0x0215, 0x0277,
  0x1211, 0x01B0, 0x30C5, 0x3947, 0x418B, 0x41AC, 0x2273, 0x1A53, 0x21CD, 0x6C16, 0x5A69, 0x5A8A,
  0x530F, 0x7C75, 0x424C, 0x08A5, 0x08C7, 0x0908, 0x1108, 0x3A4D, 0x31C9, 0x4AAD, 0x4AEF, 0x4B10,
  0x5ACC, 0x424A, 0x6B0C, 0x5ACC, 0x41C8, 0x4A4A, 0x5AAB, 0x52AB, 0x2967, 0x1906, 0x634E, 0x7411,
  0x7BAF, 0x8431, 0x9493, 0x8C73, 0x73AF, 0x52CC, 0x736E, 0x5B0D, 0x5ACC, 0x7BF1, 0x9473, 0x94D5,
  0x6AEA, 0x49E6, 0x4A27, 0x4227, 0x39A6, 0x31C6, 0x2944, 0x2104, 0x2103, 0x1903, 0x18A2, 0x1903,
  0x2123, 0x18E2, 0x18C1, 0x10E2, 0x2923, 0x2964, 0x2943, 0x31A5, 0x31A4, 0x18E2, 0x2943, 0x4227,
  0x39C5, 0x31C5, 0x39A5, 0x31A5, 0x3164, 0x2984, 0x2943, 0x31C5, 0x5AE9, 0x52E9, 0x5AE8, 0x52C8,
  0x6B49, 0x4A86, 0x6308, 0x7BEC, 0x52A7, 0x62C8, 0x52A8, 0x4A25, 0x5AE9, 0x7BCC, 0x842E, 0x6309,
  0x5B4A, 0x94AF, 0xA572, 0x8C8E, 0x846F, 0x8C6F, 0x6BAC, 0x6B6B, 0x6B6B, 0x73AC, 0x844F, 0x840E,
  0x7BEE, 0x73AC, 0x6B8D, 0x840E, 0x7C2F, 0x632B, 0x7388, 0x8C2B, 0x9C6B, 0x8BE8, 0x6B48, 0x7BA8,
  0x7BEA, 0x7368, 0x73AB, 0x7BEC, 0x5C15, 0x5372, 0x01F5, 0x0277, 0x1232, 0x0190, 0x28E6, 0x49A9,
  0x314B, 0x394B, 0x0190, 0x0990, 0x116C, 0x5B94, 0x9C93, 0x8BF0, 0x324D, 0x1949, 0x29AA, 0x0044,
  0x08C8, 0x08C8, 0x08C8, 0x31CC, 0x21A9, 0x424C, 0x42CF, 0x42CF, 0x4A8B, 0x5ACC, 0x52AB, 0x41C8,
  0x39C8, 0x4A29, 0x422A, 0x4A4A, 0x10C5, 0x31A8, 0x6BB0, 0x8432, 0x8C93, 0x8411, 0x94D5, 0x8412,
  0x5B0E, 0x4A6B, 0x52AC, 0x4A6A, 0x5AED, 0x7BD0, 0x8473, 0x9CB4, 0x7B6D, 0x5228, 0x4207, 0x5AA9,
  0x52AB, 0x3186, 0x3186, 0x39A6, 0x31A6, 0x2945, 0x2124, 0x20E3, 0x31E6, 0x4206, 0x31C6, 0x2964,
  0x2144, 0x2923, 0x2144, 0x3185, 0x2985, 0x3184, 0x31A5, 0x2943, 0x2985, 0x2923, 0x2164, 0x31A5,
  0x31C6, 0x39E6, 0x4A88, 0x6B4B, 0x530A, 0x52C8, 0x73CC, 0x840D, 0x842E, 0x840D, 0x8C6E, 0x840D,
  0x62E8, 0x5287, 0x5AC8, 0x73AB, 0x83EC, 0x842D, 0x73AC, 0x4A87, 0x73CB, 0x9D10, 0x94AF, 0x844D,
  0x8C6F, 0x5B09, 0x5287, 0x6309, 0x6329, 0x738B, 0x83ED, 0x8C6F, 0x8C6E, 0x8C8F, 0x842E, 0x7BED,
  0x7BED, 0x8C6F, 0x83ED, 0x73CC, 0x8C0B, 0x52A6, 0x6AE3, 0x948A, 0xA426, 0x8BC4, 0xA4AD, 0x7388,
  0x734E, 0x528B, 0x29CE, 0x2A2F, 0x2A51, 0x09AF, 0x212A, 0x296B, 0x118C, 0x014B, 0x1109, 0x116B,
  0x198B, 0x3290, 0x52AD, 0x52CE, 0x092E, 0x096F, 0x424B, 0x29A9, 0x08A5, 0x10E6, 0x1884, 0x2968,
  0x2946, 0x31A8, 0x322D, 0x220D, 0x4ACD, 0x63B1, 0x29EB, 0x326D, 0x3167, 0x31C8, 0x39A7, 0x39C7,
  0x08A5, 0x42AD, 0x4B53, 0x53D5, 0x8475, 0x7C75, 0x8411, 0x7C11, 0x5AEC, 0x52AC, 0x4A49, 0x528B,
  0x6B2E, 0x7C11, 0x8C52, 0x8452, 0x6B2C, 0x4228, 0x6B4B, 0xBDF6, 0xC616, 0x842F, 0x5AC9, 0x632A,
  0x4A27, 0x39C5, 0x3985, 0x39A5, 0x4207, 0x4207, 0x5288, 0x52E9, 0x4A67, 0x4A88, 0x5AE9, 0x4268,
  0x3A06, 0x4A88, 0x52C9, 0x3A27, 0x31A5, 0x3A06, 0x4206, 0x3A06, 0x39E5, 0x3A26, 0x52A8, 0x73CC,
  0x948F, 0x94D0, 0x5AE8, 0x5B09, 0x842D, 0x844E, 0x83ED, 0x844E, 0x6329, 0x734A, 0x6B6B, 0x6B4A,
  0x634A, 0x6309, 0x52C9, 0x5288, 0x5B09, 0x73CB, 0x6BAB, 0x5B08, 0x73CC, 0x738B, 0x6B6B, 0x7BAC,
  0x842E, 0x7BCC, 0x7BED, 0x842E, 0x73CD, 0x948F, 0x7C0E, 0x7BCD, 0x6B6C, 0x7BCD, 0x73AC, 0x7BCC,
  0x7389, 0x6307, 0x73A7, 0x9449, 0xA488, 0xA426, 0x840B, 0x7B89, 0x6B4F, 0x9473, 0x6C17, 0x42B1,
  0x2251, 0x11AF, 0x214B, 0x294B, 0x012B, 0x3AB1, 0x2A2E, 0x114A, 0x092B, 0x5B73, 0x5B30, 0x2148,
  0x014F, 0x096F, 0x42AD, 0x7C12, 0x2169, 0x0044, 0x18C6, 0x2948, 0x2126, 0x2967, 0x2A2D, 0x324E,
  0x2A0B, 0x428D, 0x4B31, 0x5B92, 0x422A, 0x18E5, 0x3187, 0x3166, 0x00A6, 0x52EE, 0x4374, 0x4313,
  0x63B2, 0x7413, 0x7C32, 0x8412, 0x73D0, 0x39C8, 0x31A8, 0x62EC, 0x6B8F, 0x8412, 0x8432, 0x7BD1,
  0x6B8E, 0x7BAE, 0xA533, 0xAD53, 0x94B1, 0x8C4F, 0x842F, 0x8C4F, 0x8450, 0x630A, 0x73AD, 0x7B8D,
  0x632C, 0x4207, 0x4268, 0x52A9, 0x4AA9, 0x4A88, 0x4248, 0x31C5, 0x29A5, 0x4227, 0x4268, 0x634C,
  0x4AA9, 0x3A06, 0x4AA9, 0x31A5, 0x31C5, 0x52A9, 0x844F, 0x9D11, 0x8CAF, 0x738B, 0x5B0A, 0x7BED,
  0x844E, 0x842E, 0x8C6F, 0x7BCC, 0x5AA7, 0x5287, 0x5246, 0x4A46, 0x5267, 0x4A87, 0x62E8, 0x636A,
  0x6349, 0x6349, 0x6329, 0x6B6A, 0x6B49, 0x73AB, 0x73AB, 0x7BEC, 0x8C6E, 0x844E, 0x8C4E, 0x844E,
  0x8C4E, 0x7C0D, 0x8C4D, 0x7C0C, 0x738B, 0x6B8B, 0x738C, 0x7BEE, 0x73CB, 0x73EC, 0x9C65, 0x9C86,
  0x9C49, 0x5A82, 0x4245, 0x73EC, 0xC40C, 0xDCF0, 0xC42D, 0x92C7, 0x2907, 0x2127, 0x116E, 0x096E,
  0x5B90, 0x9DB9, 0x842D, 0x8C6F, 0x630B, 0x52EB, 0x630D, 0x31A7, 0x2168, 0x2189, 0x736C, 0x7BCE,
  0x62C9, 0x4207, 0x5247, 0x4A27, 0x2925, 0x4A49, 0x632E, 0x73B0, 0x424C, 0x322C, 0x52AD, 0x424B,
  0x526A, 0x2105, 0x2104, 0x2104, 0x08A4, 0x42AC, 0x5373, 0x4B53, 0x3B12, 0x3B33, 0x6391, 0x6BF3,
  0x8C10, 0x31A7, 0x3166, 0x6B4E, 0x738F, 0x8453, 0x8C52, 0x73B0, 0x9D12, 0xB5D6, 0xAD93, 0x94F1,
  0x736B, 0x6B8B, 0x8C4E, 0xA573, 0xC615, 0xC636, 0xCE57, 0xC636, 0x946F, 0x5B0A, 0x4A47, 0x5ACA,
  0x630A, 0x5AEA, 0x5268, 0x52C9, 0x632A, 0x52EA, 0x5AE9, 0x5AEA, 0x4A47, 0x4227, 0x6309, 0x73AC,
  0x83ED, 0x94B0, 0x8C6E, 0x7C0D, 0x7BCC, 0x842E, 0x8C6F, 0x8C70, 0x842E, 0x844F, 0x7BAC, 0x6B6B,
  0x4205, 0x4205, 0x4A46, 0x5267, 0x3A06, 0x4A67, 0x636B, 0x840D, 0x5B29, 0x6329, 0x73AC, 0x73AB,
  0x73AC, 0x736A, 0x73CC, 0x738B, 0x846E, 0x948F, 0x844E, 0x7BED, 0x842E, 0x8C6F, 0x8C8F, 0x73CB,
  0x7BED, 0x840E, 0x7BEE, 0x7BEE, 0x7C2D, 0x842D, 0x9C86, 0x9C86, 0xACCC, 0x8387, 0x4AA7, 0x6329,
  0xB3EC, 0xCC4D, 0xBC2D, 0x8225, 0x18C6, 0x2107, 0x096F, 0x092D, 0x3A8D, 0x63B1, 0x73AC, 0xB593,
  0xA575, 0x632C, 0x6B8F, 0x7BD0, 0x7C75, 0x530F, 0x840F, 0x738D, 0x73AD, 0x83CE, 0x736D, 0x732B,
  0x39C7, 0x4A29, 0x52CD, 0x632E, 0x42CE, 0x31EB, 0x52EE, 0x426C, 0x52AC, 0x4209, 0x10A3, 0x20E4,
  0x0064, 0x31C9, 0x3AF2, 0x3270, 0x3B13, 0x3B13, 0x4B10, 0x4ACE, 0x4229, 0x3166, 0x39E9, 0x6B2D,
  0x6B70, 0x8C73, 0x8C94, 0x7BF1, 0x94F3, 0xBDD6, 0xB5D5, 0x842E, 0x6B8C, 0x73AC, 0x842E, 0x8C6F,
  0x8C70, 0x94B0, 0xA533, 0xAD73, 0xB5B5, 0xAD53, 0x842F, 0x6B4C, 0x6B6D, 0x6B4C, 0x5AEA, 0x5288,
  0x4268, 0x3A06, 0x4A89, 0x5288, 0x6B6C, 0x83EE, 0x842F, 0x8C4F, 0x7BED, 0x842E, 0x6B8C, 0x840E,
  0x94D1, 0x842E, 0x7BEE, 0x5AA9, 0x2143, 0x3184, 0x2123, 0x3164, 0x5287, 0x52A7, 0x5AC8, 0x4206,
  0x4205, 0x52A8, 0x6B29, 0x73CC, 0x7BCB, 0x5B09, 0x6329, 0x6B8B, 0x7BAA, 0x7C0C, 0x840C, 0x5B09,
  0x52A7, 0x7C0D, 0x948F, 0x8C6F, 0x842D, 0x844E, 0x9D10, 0x94CF, 0x844D, 0x844E, 0x842D, 0x842E,
  0x7BEC, 0x73CC, 0x62E6, 0x5AE7, 0x6AE8, 0x5AA7, 0x842B, 0x7C2B, 0xABAB, 0xB40C, 0xBC2F, 0x7A88,
  0x10E8, 0x196B, 0x118E, 0x096E, 0x090C, 0x094D, 0x21EF, 0x32D2, 0x63B3, 0x6414, 0x6BB1, 0x8CF6,
  0x8410, 0x634E, 0xA4B1, 0x7B8C, 0x7BCC, 0xA512, 0xBDB5, 0x52AA, 0x41C8, 0x528B, 0x5AAB, 0x5AEC,
  0x4A08, 0x630D, 0x526A, 0x528A, 0x526A, 0x4229, 0x1082, 0x10A3, 0x1082, 0x2104, 0x62ED, 0x4A6B,
  0x31EA, 0x426C, 0x526A, 0x52AB, 0x5A8A, 0x41E8, 0x4A4A, 0x634E, 0x7BF2, 0x8CB5, 0x8C52, 0x8432,
  0x9470, 0xAD94, 0x9CB0, 0x7BED, 0x7BCD, 0x73CD, 0x7BEC, 0x7C0D, 0x8C4E, 0x8C4E, 0x94AF, 0x7C0D,
  0x9CD0, 0xC636, 0xC615, 0x8C8F, 0x62E9, 0x4A88, 0x62E9, 0x630A, 0x72E9, 0x730A, 0x5A66, 0x736B,
  0x8C4D, 0x842D, 0x73AB, 0x7BED, 0x73AB, 0x634A, 0x946F, 0x94D1, 0x738C, 0x3A07, 0x31A5, 0x31C5,
  0x2103, 0x18E3, 0x20E3, 0x2124, 0x4A67, 0x2962, 0x39E5, 0x39E5, 0x4226, 0x4A46, 0x52A7, 0x736A,
  0x842E, 0x6B4A, 0x52E8, 0x73AB, 0x73EC, 0x6B69, 0x6B6B, 0x738B, 0x5B0A, 0x4226, 0x52A8, 0x5AE9,
  0x634A, 0x73CC, 0x846F, 0x8C6E, 0x846F, 0x948F, 0x842E, 0x7BED, 0x7BED, 0x7BEC, 0x6B49, 0x4A24,
  0x2942, 0x4A25, 0x844C, 0x94AE, 0xA38B, 0xABAB, 0xA3CE, 0x8AC9, 0x08E9, 0x214B, 0x09AF, 0x118E,
  0x096E, 0x094D, 0x014D, 0x012C, 0x0949, 0x21AB, 0x19A9, 0x29C9, 0x29A7, 0x6B6E, 0xCE58, 0xCE16,
  0xB5B5, 0xB574, 0xAD75, 0x6B4C, 0x528B, 0x524A, 0x52AB, 0x630D, 0x4209, 0x5AAB, 0x73AF, 0x62EC,
  0x52AC, 0x4A6A, 0x31A7, 0x18A3, 0x0021, 0x2945, 0x52AD, 0x7390, 0x4ACE, 0x31EA, 0x2967, 0x3187,
  0x39C8, 0x3145, 0x39E9, 0x738F, 0x8474, 0x8454, 0x73F1, 0x8432, 0x73EE, 0x7BCD, 0x7C2E, 0x73AC,
  0x7BEE, 0x83EE, 0x7C2E, 0x8C6F, 0x8C6F, 0x840D, 0x94D0, 0x9CD0, 0x844F, 0x94B0, 0xAD73, 0xB594,
  0x94D1, 0x7BCD, 0x738D, 0x5AA9, 0x62A9, 0x838C, 0x6B4A, 0x7BAB, 0x844E, 0x8C6E, 0x8C8F, 0x9CB0,
  0x9D12, 0x7BCC, 0x52A9, 0x3184, 0x10C2, 0x18E2, 0x1903, 0x2943, 0x2124, 0x20E3, 0x18E3, 0x18A2,
  0x39C4, 0x3A26, 0x4A46, 0x4A67, 0x62E9, 0x52A8, 0x6B2A, 0x632A, 0x738A, 0x7C0C, 0x632A, 0x5AE9,
  0x6309, 0x5B0A, 0x5AC8, 0x73CC, 0x9CAF, 0x73CB, 0x6309, 0x5B29, 0x5287, 0x5B2A, 0x6B6A, 0x52A8,
  0x73CC, 0x94D0, 0x8C6E, 0x73CC, 0x7BCC, 0x844E, 0x7BAC, 0x39E5, 0x3184, 0x73AD, 0x9CCF, 0x6B8A,
  0x9B6A, 0xA3ED, 0xB3CC, 0x9B4A, 0x296A, 0x2149, 0x098F, 0x09D0, 0x096E, 0x098F, 0x118F, 0x11AF,
  0x118F, 0x016F, 0x014E, 0x016F, 0x08E9, 0x3AB0, 0x7BCD, 0x7BCE, 0x738D, 0x6B8D, 0x4A68, 0x4AA9,
  0x4A49, 0x4A6A, 0x5AAB, 0x52AB, 0x526A, 0x6B4E, 0x5ACC, 0x6B4E, 0x630D, 0x528B, 0x4A49, 0x18E4,
  0x0000, 0x2987, 0x6B4E, 0x630D, 0x8C52, 0x7BD0, 0x5ACC, 0x3A09, 0x39A7, 0x2966, 0x3104, 0x630C,
  0x8AC9, 0x82A9, 0x6AA8, 0x6AC9, 0x7C0D, 0x8CB0, 0x9CD1, 0x73CD, 0x7BCD, 0x73CD, 0x7BCC, 0x7C0D,
  0x7BCC, 0x73CD, 0x842D, 0xA551, 0x842D, 0x73CB, 0x9CD0, 0xADB4, 0xB592, 0x9CF0, 0x7BAD, 0x632B,
  0x5A47, 0x5A88, 0x5226, 0x5AC9, 0x842E, 0x636B, 0x7BAD, 0x73AD, 0x52A8, 0x52A9, 0x2964, 0x18E3,
  0x2103, 0x2124, 0x20E3, 0x10C3, 0x1082, 0x10A2, 0x0861, 0x0861, 0x4A88, 0x4A46, 0x4A67, 0x4A47,
  0x52A8, 0x5AC9, 0x5AE9, 0x6309, 0x73CC, 0x7BCB, 0x7BED, 0x4A46, 0x31E5, 0x5AE9, 0x3A06, 0x4A47,
  0x73CC, 0x840D, 0x8C90, 0x840D, 0x73CC, 0x6B6B, 0x4A88, 0x5AE9, 0x6BAC, 0x7C0D, 0x6BAC, 0x6B4A,
  0x73AC, 0x7BCC, 0x73AD, 0x4205, 0x2123, 0x8C2F, 0x842D, 0x6B4A, 0x934A, 0xA3AC, 0xABCD, 0xA34A,
  0x31EC, 0x1908, 0x09B0, 0x016F, 0x11D0, 0x094E, 0x098F, 0x094E, 0x016F, 0x096F, 0x0990, 0x094F,
  0x094B, 0x324F, 0x5AEA, 0x4A48, 0x4269, 0x5289, 0x4A89, 0x9CF2, 0x528B, 0x4A09, 0x52AC, 0x4209,
  0x4A4B, 0x6B4E, 0x52CC, 0x4A4A, 0x4A6A, 0x4A29, 0x3A09, 0x2105, 0x0001, 0x39E8, 0x6B8F, 0x5ACC,
  0x5AED, 0x7BD0, 0x6B8F, 0x5AAC, 0x52CC, 0x5ACC, 0x3186, 0x7B6E, 0xA3AD, 0x92EA, 0x7B4B, 0xA46F,
  0xAD94, 0x9CF1, 0x94D1, 0x7BAD, 0x73CE, 0x7BCD, 0x73CD, 0x7BED, 0x7C0E, 0x842E, 0x73CC, 0x8C8E,
  0x9D31, 0x842D, 0x842E, 0x94B0, 0xAD93, 0xB5B3, 0x5AEA, 0x2102, 0x4A06, 0x49E5, 0x4226, 0x3984,
  0x52C9, 0x4A67, 0x1903, 0x1081, 0x0881, 0x2123, 0x2145, 0x2944, 0x10C3, 0x18A2, 0x1082, 0x1061,
  0x0861, 0x0841, 0x0862, 0x0841, 0x5AE8, 0x52A7, 0x4A46, 0x4A46, 0x5267, 0x5B09, 0x736B, 0x6B8B,
  0x736A, 0x7BEC, 0x83EC, 0x5B09, 0x4205, 0x4A88, 0x4A26, 0x52C9, 0x62E9, 0x7BED, 0x8C6E, 0x73EC,
  0x842D, 0x846F, 0x4205, 0x634B, 0x8C8F, 0x7C2D, 0x630A, 0x52C9, 0x6309, 0x634B, 0x7BED, 0x7BED,
  0x7B08, 0x9C4E, 0xA46E, 0x9C6E, 0xA42E, 0x8B8C, 0xA36A, 0x9B2A, 0x3A0C, 0x1929, 0x096E, 0x098F,
  0x116E, 0x11CF, 0x116E, 0x098E, 0x116D, 0x118E, 0x096D, 0x096E, 0x092A, 0x4332, 0x8C2F, 0x73AD,
  0x7BCD, 0x9CF2, 0x8C4F, 0x9CF2, 0x4A09, 0x4229, 0x528B, 0x3187, 0x528A, 0x632D, 0x6B0D, 0x4A4A,
  0x41E8, 0x4A4A, 0x4A29, 0x3187, 0x7BAE, 0x73CF, 0x5AAB, 0x52AB, 0x5AAB, 0x528B, 0x62CC, 0x5ACC,
  0x4229, 0x39E8, 0x4922, 0xAC2E, 0xECAE, 0xCBCB, 0x834B, 0x8BED, 0xAD93, 0x7C2E, 0x8C2E, 0x94B0,
  0x9CD0, 0x7C2D, 0x8C4E, 0x842E, 0x8C4D, 0x8C6E, 0x842D, 0x7C0D, 0x9CD0, 0x94B0, 0x738B, 0x8C6F,
  0xAD72, 0x9D11, 0x5268, 0x10A1, 0x6AE9, 0x734A, 0x5A67, 0x4A46, 0x39A5, 0x2965, 0x31A5, 0x4A89,
  0x4A48, 0x31C6, 0x20E3, 0x0881, 0x1081, 0x0882, 0x1082, 0x10A2, 0x18A2, 0x10C3, 0x18C2, 0x10C3,
  0x52A8, 0x5AC7, 0x5AE9, 0x4A26, 0x4247, 0x5AC9, 0x5B0A, 0x6309, 0x632A, 0x6B2A, 0x5B09, 0x6309,
  0x4AA9, 0x52A8, 0x4A88, 0x52A8, 0x634B, 0x94B0, 0x8C6F, 0x6B6B, 0x73CD, 0x73AC, 0x636B, 0x5268,
  0x5B2A, 0x6B6B, 0x5B0A, 0x4A47, 0x4A68, 0x52A8, 0x5AEA, 0x7BCD, 0xACF1, 0xA46E, 0x942D, 0xACAF,
  0xBD12, 0x8B6B, 0x9B2A, 0xA34A, 0x31EC, 0x2129, 0x016F, 0x098F, 0x012D, 0x094E, 0x096E, 0x092D,
  0x096E, 0x094D, 0x014E, 0x116E, 0x010A, 0x42F2, 0x8C70, 0xA533, 0xAD94, 0xB594, 0x8CB1, 0x4A68,
  0x31A8, 0x4209, 0x424A, 0x31A7, 0x424A, 0x526A, 0x5AED, 0x83F0, 0x7BD1, 0x5AEC, 0x4A8B, 0x3166,
  0x9D34, 0x8C51, 0x39E9, 0x3187, 0x39C8, 0x4A09, 0x4A4A, 0x62CC, 0x632E, 0x39C8, 0x7ACA, 0xD574,
  0xD42D, 0xC38A, 0x8BCE, 0x93CD, 0xA573, 0xADB4, 0x9CF2, 0x8C6F, 0x8CB0, 0x94D0, 0x844F, 0x8C4E,
  0x7BED, 0x948F, 0xA552, 0x842D, 0x7C0D, 0x8C4E, 0x7BED, 0x7BED, 0x94B0, 0x9CD0, 0x632B, 0x18C2,
  0x4A26, 0x6AE9, 0x5267, 0x734B, 0x4A69, 0x4A48, 0x4A89, 0x4A48, 0x4A69, 0x52A9, 0x52AA, 0x39C6,
  0x2986, 0x2944, 0x2125, 0x2104, 0x2125, 0x2924, 0x1904, 0x2104, 0x5AC8, 0x5AC8, 0x62E8, 0x52A8,
  0x4A26, 0x5AE9, 0x6329, 0x5B09, 0x6309, 0x5AE9, 0x5AC8, 0x6B8B, 0x6329, 0x73CC, 0x5AC8, 0x2122,
  0x4A47, 0x6B8C, 0x736B, 0x5AE9, 0x7BCC, 0x7C0D, 0x7BCC, 0x73CC, 0x4225, 0x4A88, 0x7BCC, 0x52A8,
  0x5267, 0x5AE9, 0x5287, 0x6B6B, 0xACAF, 0xA4AF, 0xA4D0, 0xAD52, 0xBD73, 0x944F, 0x9AE9, 0xABAC,
  0x4A8E, 0x18E8, 0x11D0, 0x016F, 0x196C, 0x090B, 0x114C, 0x116C, 0x110A, 0x090B, 0x010C, 0x012D,
  0x016D, 0x2AD3, 0xBDF5, 0xA573, 0xAD93, 0x9D11, 0x4208, 0x2105, 0x39A7, 0x39E8, 0x5AAB, 0x52AB,
  0x4A49, 0x4229, 0x41E8, 0x39E8, 0x4209, 0x4A6A, 0x4209, 0x2146, 0x8410, 0x8431, 0x6B4E, 0x5B0E,
  0x630D, 0x630D, 0x4209, 0x31C8, 0x51E7, 0x730C, 0xECEF, 0xDC8E, 0xB40D, 0xA3CC, 0x630C, 0x8C92,
  0xAD53, 0x846F, 0x9CB0, 0x94D1, 0x7BEC, 0xA572, 0x94AF, 0x846E, 0x7BEC, 0x844E, 0x9CF0, 0x7C2D,
  0x73AC, 0x842E, 0x840D, 0x842E, 0x840D, 0x842E, 0x8C2D, 0x632A, 0x6A02, 0x72C5, 0x7AE6, 0x6AA6,
  0x5268, 0x39E7, 0x3164, 0x31A5, 0x4206, 0x4227, 0x4A48, 0x3A07, 0x4A27, 0x4A68, 0x4207, 0x3A07,
  0x39A5, 0x39C6, 0x39A4, 0x39E6, 0x4247, 0x5287, 0x5B09, 0x5AA8, 0x52A8, 0x6B2A, 0x634A, 0x6309,
  0x5AC9, 0x6309, 0x6B8B, 0x6B4A, 0x73EC, 0x7BEC, 0x7BED, 0x6B6B, 0x4247, 0x5AE9, 0x73CD, 0x8C6F,
  0x7BED, 0x73AC, 0x7C0E, 0x6B4A, 0x5B0A, 0x6B4B, 0x6B8C, 0x52A8, 0x5AEA, 0x52A8, 0x4A67, 0x5AC9,
  0xACD0, 0xBD31, 0xAD32, 0xB532, 0xCE57, 0x9C90, 0x932A, 0xABAC, 0x5B32, 0x2129, 0x0190, 0x098F,
  0x090C, 0x114C, 0x092C, 0x114C, 0x090B, 0x08CA, 0x010D, 0x118E, 0x018F, 0x2252, 0xBE57, 0x9D11,
  0xADD4, 0x7BED, 0x424A, 0x528B, 0x39E9, 0x2966, 0x31A8, 0x3166, 0x39C8, 0x39C8, 0x3187, 0x3987,
  0x3A09, 0x39C8, 0x2967, 0x2105, 0x634E, 0x632D, 0x5AED, 0x7BF1, 0x8C93, 0x6B4E, 0x5B0D, 0x52AC,
  0x4A08, 0xACD3, 0xE4F0, 0xCBEC, 0xA3AC, 0x7205, 0x4A8A, 0x8C31, 0x8CB1, 0x9490, 0x7C0E, 0x73AD,
  0x844E, 0x8C4E, 0x844E, 0x842E, 0x7BED, 0x948F, 0x7C2D, 0x840C, 0x73CD, 0x6B4A, 0x8C90, 0x840D,
  0x73AC, 0x7BED, 0x8C6F, 0x948F, 0x9BEA, 0x9BA9, 0x9C4C, 0x8B69, 0x52AA, 0x41C7, 0x4A48, 0x5268,
  0x31C6, 0x39C6, 0x39E7, 0x4A68, 0x4A69, 0x5ACA, 0x52CA, 0x5AAA, 0x4A48, 0x5268, 0x5AEA, 0x5A88,
  0x5287, 0x4A67, 0x4A26, 0x4A67, 0x5AA8, 0x4A88, 0x5267, 0x632A, 0x6B2A, 0x6B8B, 0x6B6B, 0x6B8B,
  0x5288, 0x31C5, 0x736A, 0x8C6F, 0x948F, 0x7BCC, 0x6B4A, 0x632A, 0x738B, 0x73ED, 0x840D, 0x7BED,
  0x6B6A, 0x6B8B, 0x6B2A, 0x5B09, 0x62C8, 0x5AC8, 0x6AE8, 0x7BAB, 0xA4AF, 0x9CD0, 0xA4AF, 0xAD31,
  0xAD12, 0x9CF2, 0x9B4B, 0x9B8C, 0x8390, 0x3988, 0x0170, 0x0191, 0x098F, 0x014E, 0x010C, 0x010D,
  0x016E, 0x016F, 0x096E, 0x016E, 0x012D, 0x09D0, 0xA553, 0xADD6, 0xB5B4, 0x31A5, 0x41E8, 0x422A,
  0x6B2D, 0x73B0, 0x736E, 0x5B2D, 0x4A4A, 0x3A09, 0x4A6A, 0x52AB, 0x39C8, 0x2125, 0x4A29, 0x4A4A,
  0x52CD, 0x73D1, 0x630D, 0x4A6B, 0x528B, 0x5AED, 0x62EC, 0x52AB, 0xBBEC, 0xE552, 0xC44D, 0xABCB,
  0x62EB, 0x528A, 0x73AF, 0x73D0, 0x6B2B, 0x8C90, 0x738B, 0x636B, 0x738B, 0x7BED, 0x83ED, 0x8C4F,
  0x7BCC, 0x7BED, 0x8C4E, 0x8C6F, 0x840D, 0x7BED, 0x8C6E, 0x846E, 0x840D, 0x73CC, 0x8C4F, 0x73CD,
  0x7B6B, 0x62E9, 0x83CC, 0x6B2A, 0x4A47, 0x52A9, 0x734B, 0x6B4B, 0x5267, 0x4226, 0x5AA7, 0x6B29,
  0x6AA7, 0x7309, 0x5247, 0x5A88, 0x49E5, 0x4A26, 0x8328, 0x7AE7, 0x5AE9, 0x5287, 0x52A8, 0x5AA8,
  0x4247, 0x4206, 0x52A8, 0x5AA8, 0x4A88, 0x62E9, 0x73CD, 0x6B6B, 0x2984, 0x2963, 0x5B09, 0x73AC,
  0x844E, 0x6B4A, 0x2163, 0x4206, 0x52C9, 0x4A47, 0x5B2A, 0x6B4A, 0x632A, 0x6309, 0x5AE9, 0x6B6B,
  0x6B2A, 0x83AC, 0x946F, 0xA4D0, 0xA4F1, 0xA4F0, 0x948F, 0xB552, 0xAD53, 0xA512, 0x82EA, 0xA3AD,
  0x9433, 0x520A, 0x0191, 0x01B2, 0x09B0, 0x11D1, 0x09D0, 0x11D0, 0x1211, 0x098F, 0x018F, 0x096E,
  0x018F, 0x010D, 0x6BCE, 0xADB5, 0x52CA, 0x0020, 0x0883, 0x18E4, 0x422A, 0x4A6A, 0x5AED, 0x738F,
  0x5B0D, 0x422A, 0x29A8, 0x2126, 0x18E5, 0x2105, 0x2967, 0x20E5, 0x31EA, 0x634F, 0x7BF1, 0x632D,
  0x424B, 0x4A6B, 0x526B, 0x7BD0, 0xE552, 0xCC4E, 0xABAB, 0x8A86, 0x52CB, 0x736E, 0x634E, 0x6B6F,
  0x31C6, 0x5288, 0x846F, 0x738B, 0x6B8C, 0x842E, 0x7BED, 0x840D, 0x842E, 0x8C4E, 0x7C0E, 0x6B4A,
  0x7C0E, 0x83ED, 0x7C2D, 0xA511, 0x8C6F, 0x7BED, 0x94D1, 0x73AC, 0x6B4B, 0x6B2A, 0x8C2F, 0x83CD,
  0x6B4C, 0x6B4C, 0x5ACA, 0x62C9, 0x7BCE, 0x83EE, 0x738B, 0x7B8B, 0x8BED, 0x7B4A, 0x5289, 0x734C,
  0x4A27, 0x49E5, 0x8B6A, 0x7AC6, 0x4A67, 0x52A8, 0x5267, 0x4247, 0x5267, 0x5AE9, 0x5AE9, 0x52A8,
  0x41C4, 0x3184, 0x3121, 0x3162, 0x5247, 0x630A, 0x7BCC, 0x842D, 0x7349, 0x62E8, 0x7287, 0x51E4,
  0x41A3, 0x5266, 0x6B08, 0x6B4A, 0x5AA7, 0x5AA8, 0x7B49, 0x7B8A, 0x9C2C, 0x9C4D, 0xA4AF, 0xB551,
  0xB531, 0xA511, 0xACCF, 0xB531, 0xAD34, 0x8430, 0x6249, 0x93F0, 0xBBAC, 0x92C8, 0x110A, 0x114B,
  0x096E, 0x016E, 0x094C, 0x098E, 0x014E, 0x014E, 0x018F, 0x0190, 0x09AF, 0x016E, 0x7BCF, 0x7C30,
  0x0862, 0x18E4, 0x20E4, 0x18E4, 0x18C3, 0x10C4, 0x18C3, 0x1905, 0x2946, 0x10C4, 0x18E4, 0x2126,
  0x2946, 0x2105, 0x1907, 0x29AA, 0x29EF, 0x21EF, 0x4A8D, 0x63B2, 0x7BD1, 0x6B70, 0x9AE9, 0xDD32,
  0xCC8E, 0xB3CC, 0x62CA, 0x4228, 0x62EC, 0x73CF, 0x83F0, 0x73AF, 0x52A9, 0x5AEA, 0x840D, 0x73CC,
  0x73AC, 0x7C0E, 0x8C2E, 0x73CC, 0x83EC, 0x842E, 0x948E, 0x844E, 0x7BAB, 0x844E, 0x7BEC, 0x9CF0,
  0x948E, 0x7C4D, 0x738B, 0x6B6B, 0x630A, 0x94B1, 0xB594, 0x9D33, 0xB594, 0xAD74, 0xAD53, 0xAD74,
  0xB573, 0xB5D5, 0xAD32, 0x94B0, 0xA4F1, 0xA512, 0xA4F1, 0x9CD1, 0x9CB0, 0x7BCD, 0x83AB, 0x736A,
  0x5AE9, 0x5AC8, 0x4A68, 0x5268, 0x4247, 0x4206, 0x31C5, 0x3184, 0x2964, 0x41E5, 0x736A, 0x7329,
  0x62EA, 0x734B, 0x844E, 0x94AF, 0x738B, 0x6AE9, 0x6246, 0x72A7, 0x62E9, 0x62A7, 0x5AA8, 0x6B29,
  0x6B2A, 0x7B8B, 0x83EC, 0x9C8E, 0x9C6E, 0xA46E, 0xB572, 0xC593, 0xAD52, 0xAD32, 0xA4D0, 0xACD0,
  0xAD76, 0x8410, 0x5209, 0x834E, 0xB3CC, 0xC40D, 0x5B95, 0x3A70, 0x1211, 0x09AF, 0x012C, 0x00CB,
  0x012E, 0x096F, 0x01B1, 0x09D1, 0x018F, 0x014E, 0x9D14, 0x4A49, 0x10C4, 0x2105, 0x18E5, 0x18C4,
  0x18E5, 0x18C4, 0x10C4, 0x10A3, 0x10C4, 0x2105, 0x2147, 0x2946, 0x2966, 0x2105, 0x08A7, 0x298A,
  0x2A30, 0x2A10, 0x1108, 0x08A6, 0x2147, 0x5ACD, 0xDD53, 0xD4D1, 0xB3CC, 0x8225, 0x52AB, 0x6B2D,
  0x5B0D, 0x5AEC, 0x634E, 0x62EC, 0x3A07, 0x4A27, 0x4AA8, 0x738C, 0x73CD, 0x7BCD, 0x73CD, 0x7BAC,
  0x73AC, 0x840D, 0x7C0D, 0x842D, 0x94B0, 0x8C4E, 0x7C0D, 0x842D, 0xA592, 0x9CEF, 0x73CD, 0x6B6B,
  0x52CA, 0x738C, 0x94F2, 0x8C70, 0x94B1, 0x9CD1, 0x8C70, 0x9490, 0x844F, 0x83EE, 0x842F, 0x8C2E,
  0x94B0, 0x9CB0, 0x9CD1, 0x9CB1, 0x8C6F, 0x9CB0, 0xA4B0, 0xA4B0, 0x49C4, 0x5A87, 0x5A46, 0x4A05,
  0x5206, 0x5227, 0x5246, 0x5AC9, 0x7309, 0x7B6B, 0x8BAA, 0x83AA, 0x72E8, 0x734A, 0x7B4A, 0x8BEC,
  0x8B69, 0x8BAA, 0x9389, 0x8B68, 0x7B48, 0x6AE7, 0x7B08, 0x8BEC, 0x838A, 0x8BCC, 0x8BCB, 0x9C6E,
  0x93EC, 0xAD11, 0xC593, 0xAD11, 0x9C8F, 0x9C8F, 0xACAF, 0xACD0, 0xAD32, 0x9CF1, 0x8B8D, 0x93EF,
  0xBBAC, 0xCC4E, 0x9451, 0x8C52, 0x8C93, 0x8473, 0x8411, 0x632E, 0x428D, 0x29EA, 0x2169, 0x218A,
  0x31A9, 0x530E, 0xA514, 0x2145, 0x2105, 0x2146, 0x20E4, 0x18E4, 0x20E4, 0x2125, 0x2105, 0x2105,
  0x2105, 0x2146, 0x2966, 0x29A7, 0x2946, 0x1905, 0x2148, 0x3A4C, 0x39C9, 0x10C6, 0x5124, 0x9BCF,
  0xCC8F, 0xD4F1, 0xCCD1, 0xABED, 0x31AA, 0x10E7, 0x31EB, 0x4ACF, 0x632F, 0x6BB1, 0x7BF0, 0x4AAB,
  0x39C5, 0x4247, 0x4A26, 0x73CD, 0x7BCC, 0x7BED, 0x7BCC, 0x844E, 0x842E, 0x7C0D, 0x948F, 0x842E,
  0x9CD0, 0x844E, 0x8C4E, 0x842E, 0x94AE, 0xA571, 0x7BEC, 0x6BAC, 0x630A, 0x5AEA, 0x8C6F, 0x9D12,
  0x8C6F, 0x94B1, 0x9CD1, 0x9D12, 0xA512, 0x9D12, 0x9CB1, 0x94B1, 0x9490, 0x94D1, 0x94B0, 0x94D1,
  0xA511, 0x94D1, 0x946F, 0x94B0, 0x6B0A, 0x6288, 0x62C9, 0x6AE9, 0x6B2B, 0x6AC9, 0x630A, 0x83AD,
  0x8BED, 0x838B, 0x7B6A, 0x836A, 0x734A, 0x7B6B, 0x8BCC, 0x7B2A, 0x6266, 0x8349, 0x8348, 0x7AC6,
  0x7B6A, 0x7328, 0x7B6A, 0x8BAA, 0x8BCC, 0x940D, 0x942E, 0x93EC, 0x8BED, 0x9C6F, 0x9CB0, 0xA48F,
  0x944F, 0x944E, 0xA4AF, 0xA46F, 0x9491, 0x9470, 0x836D, 0x8B6D, 0xBBEE, 0xC3ED, 0x7BD0, 0x83D0,
  0x7412, 0x73D1, 0x73B0, 0x6B4E, 0x4AEF, 0x4AAE, 0x4ACF, 0x52EF, 0x6370, 0x6B70, 0x632D, 0x20E4,
  0x2126, 0x2125, 0x2126, 0x20E4, 0x10A4, 0x1083, 0x10C4, 0x18E4, 0x18E5, 0x20E5, 0x1905, 0x18E5,
  0x2125, 0x2105, 0x1128, 0x10C7, 0x0885, 0x4A2B, 0xB492, 0xDD96, 0xDD53, 0xC44F, 0x9B4B, 0x5943,
  0x10E7, 0x2949, 0x1949, 0x1108, 0x1907, 0x2148, 0x2987, 0x39C8, 0x4248, 0x4227, 0x3A06, 0x630A,
  0x7C0E, 0x6B6B, 0x6B8C, 0x840E, 0x7BED, 0x73AC, 0x7C0E, 0x8C6F, 0x7C2E, 0x7BCC, 0x73CD, 0x7BAC,
  0x73EB, 0x94AE, 0x6BAC, 0x6B4B, 0x634C, 0x7BCE, 0x9CF2, 0xA4F2, 0x94D1, 0x9490, 0x94D1, 0xA512,
  0xAD74, 0xAD53, 0xA533, 0xA512, 0x8CB1, 0x94B1, 0x9D12, 0x9CF2, 0x9D12, 0xA512, 0x9D12, 0xAD53,
  0x6A87, 0x6AC8, 0x72E9, 0x6AC8, 0x72E9, 0x732A, 0x7B49, 0x940D, 0x942D, 0x942E, 0x9C4E, 0x8C2D,
  0x9C4E, 0x8BEC, 0x836A, 0x6AE9, 0x7B29, 0x7329, 0x7329, 0x6B09, 0x7B4A, 0x83EC, 0x9C6E, 0x9C8F,
  0x9C6E, 0xA4B0, 0xA48F, 0xA4D0, 0xA4AF, 0x9CAF, 0xACAF, 0xAD11, 0xB4F0, 0xACF0, 0xB4F0, 0xACF0,
  0x9C90, 0x9470, 0x732D, 0x6B2D, 0x836D, 0x732C, 0x5AEC, 0x632D, 0x6B2D, 0x5AEC, 0x528A, 0x52AB,
  0x62CB, 0x630C, 0x6B0C, 0x6B4D, 0x736E, 0x630D, 0x2125, 0x1905, 0x2105, 0x2125, 0x2105, 0x1925,
  0x20E4, 0x10A3, 0x18C3, 0x18C4, 0x18C4, 0x18C4, 0x18A3, 0x1083, 0x1062, 0x18E4, 0x2945, 0x1925,
  0x51E7, 0xA4B3, 0xB3AD, 0xBC2F, 0x93AE, 0x6AAA, 0x216B, 0x114A, 0x21AC, 0x198C, 0x216B, 0x198B,
  0x2169, 0x1108, 0x4226, 0x31E6, 0x6329, 0x636A, 0x4A46, 0x5AE9, 0x7BAC, 0x73AD, 0x7BEC, 0x8C6F,
  0x840D, 0x73CC, 0x738B, 0x7C0D, 0x8C6E, 0x7C0D, 0x738B, 0x7BED, 0x7BCC, 0x94AF, 0x7BCC, 0x6B8B,
  0x630A, 0x73CD, 0x9490, 0x94B1, 0x9CD1, 0xA532, 0x9CB0, 0x94B0, 0x9CD0, 0x94D0, 0xA4F1, 0xA532,
  0xA4F1, 0xAD73, 0xA4F1, 0x8C6F, 0x9CD0, 0x9CD1, 0x9CD0, 0x9CF1, 0x5A47, 0x6AA8, 0x6B0A, 0x7B2A,
  0x734A, 0x7309, 0x83AC, 0x838B, 0x8C0D, 0x9C8F, 0x946F, 0x83CC, 0x8C0E, 0x83AC, 0x7B4B, 0x9C2E,
  0xA4B0, 0xA48F, 0x83CC, 0x838B, 0x944E, 0xA48F, 0xA4B0, 0xA48F, 0x9C8F, 0x9C8F, 0x8C0E, 0xA4B0,
  0xA4D0, 0xA4AF, 0xA4AF, 0xACAF, 0xACF0, 0xB4F0, 0xACD0, 0xACCF, 0xA512, 0x9C70, 0x7BAF, 0x732D,
  0x62CC, 0x628A, 0x5B0D, 0x630C, 0x52CC, 0x5ACC, 0x632E, 0x630D, 0x5ACC, 0x62CB, 0x630D, 0x6B2D,
  0x6B6F, 0x62CC, 0x18E5, 0x18C4, 0x2146, 0x2126, 0x1926, 0x2105, 0x18E5, 0x1083, 0x0863, 0x2925,
  0x2126, 0x2966, 0x2987, 0x2105, 0x0883, 0x18A3, 0x2167, 0x1905, 0x2083, 0x2062, 0x5943, 0x8248,
  0x51C7, 0x38E3, 0x21AC, 0x29CC, 0x19AD, 0x196C, 0x198C, 0x216B, 0x1149, 0x1949, 0x73CE, 0x5B0A,
  0x73EC, 0x948E, 0x52C9, 0x52A8, 0x630A, 0x73AC, 0x7C0E, 0x842E, 0x7BED, 0x840E, 0x636B, 0x73AC,
  0x73AC, 0x8C6E, 0x73CD, 0x7BCD, 0x8C8F, 0x9CF0, 0x842E, 0x73AC, 0x634B, 0x9490, 0x6B8D, 0x5AEA,
  0x8C70, 0x736C, 0x7BEE, 0x73AC, 0x6B6B, 0x8C4F, 0x9CF2, 0xAD53, 0xA553, 0xAD53, 0x94B1, 0x73AC,
  0x840E, 0xA512, 0xA512, 0x9CD1, 0x62A7, 0x62E9, 0x6AE9, 0x734B, 0x93ED, 0x8BED, 0x93CB, 0x7B4A,
  0x734A, 0x83AC, 0x940D, 0x83CC, 0x83AB, 0x8C0D, 0xACD0, 0xAD31, 0xACD0, 0xACF1, 0x9C6E, 0xA4F0,
  0xA46E, 0x942D, 0xACAF, 0xACF0, 0xA4AF, 0x9C8F, 0xA4AF, 0xA4D0, 0xACD0, 0xA4B0, 0xA48E, 0xA4AF,
  0xB4F0, 0xAD10, 0xB4EF, 0xBD51, 0xAD12, 0x9470, 0x8431, 0x6B8F, 0x6B2C, 0x630C, 0x5ACB, 0x5AEB,
  0x630C, 0x630C, 0x62EC, 0x52CC, 0x4A49, 0x5ACB, 0x630C, 0x6B4E, 0x738E, 0x52AB, 0x738D, 0x2965,
  0x2105, 0x2146, 0x2104, 0x2105, 0x20E4, 0x10C4, 0x18C3, 0x2966, 0x3187, 0x39E9, 0x39A7, 0x2987,
  0x10E7, 0x1948, 0x192B, 0x112B, 0x218C, 0x194C, 0x08A8, 0x08E9, 0x192B, 0x29EE, 0x320F, 0x21CE,
  0x298B, 0x218B, 0x2149, 0x1129, 0x2104, 0x4229, 0x6329, 0x73AC, 0x73AA, 0xAD92, 0x9D0F, 0x6349,
  0x62E9, 0x6B6B, 0x7BCC, 0x7C0D, 0x7BEC, 0x73CC, 0x842D, 0x7BEC, 0x736B, 0x842E, 0x7BCC, 0x7BED,
  0x8C4E, 0x73CC, 0x7BCC, 0x5B0A, 0x632A, 0x9D12, 0x6B4C, 0x0881, 0x6B6C, 0x7C2E, 0x738B, 0x6B6B,
  0x73AB, 0x94D0, 0x9CD0, 0x9CF1, 0x8C4E, 0x844E, 0x9C90, 0x840E, 0x83ED, 0xA512, 0xAD53, 0x842E,
  0x62C9, 0x6AC9, 0x5AA8, 0x62A8, 0x734B, 0x732A, 0x7309, 0x8B8B, 0x83CD, 0x838B, 0x7BAC, 0x9C4E,
  0x9C8F, 0xACF1, 0x9C90, 0xA48F, 0xA4F1, 0xACD0, 0x9CAF, 0xA4AF, 0xA4AF, 0xA48F, 0xA4AF, 0xA48F,
  0xA4D0, 0xA4D0, 0x9CB0, 0xA4AF, 0xA4B0, 0xA48F, 0xACF0, 0xACAF, 0xA4D0, 0xACD0, 0xACF0, 0xBD51,
  0xA4F2, 0x8C0F, 0x73F1, 0x73B0, 0x6B8E, 0x62EC, 0x5B0C, 0x630C, 0x5AEC, 0x62EC, 0x634E, 0x4209,
  0x39E8, 0x528A, 0x5AED, 0x632D, 0x634E, 0x39A7, 0x8C72, 0x39E7, 0x10E5, 0x18E5, 0x18E5, 0x18C4,
  0x18E4, 0x18C4, 0x18E4, 0x3187, 0x31C9, 0x39A8, 0x31A7, 0x2946, 0x08E7, 0x31CB, 0x2A0F, 0x29CE,
  0x29EE, 0x320F, 0x29ED, 0x29ED, 0x2A0F, 0x29EE, 0x21EF, 0x21AD, 0x196B, 0x194A, 0x1949, 0x10E8,
  0x2986, 0x5AEC, 0x632A, 0x6B4A, 0x7C0C, 0x7BCB, 0x9D30, 0x844C, 0x52C9, 0x4A67, 0x6BAC, 0x7BED,
  0x73CD, 0x8C4E, 0x7C2D, 0x9CD0, 0x6BAC, 0x6B6B, 0x7BED, 0x7BCC, 0x844E, 0x738B, 0x6B6C, 0x4A47,
  0x4227, 0x8C4F, 0x52AA, 0x0861, 0x2123, 0x738C, 0x94D1, 0x7BCC, 0x73AC, 0x83ED, 0x842E, 0x94B0,
  0x8C90, 0x9CD0, 0x9490, 0x9470, 0x844F, 0x7BCD, 0xA553, 0x840E, 0x6AE8, 0x7B6B, 0x8BEC, 0x83EC,
  0x7B69, 0x6B08, 0x734A, 0x7B8B, 0x7B6A, 0x62E9, 0x6AE9, 0x7B8B, 0x9C4E, 0x944E, 0x940D, 0x9C8F,
  0x9C6E, 0x8C4E, 0xA4B0, 0xA4F1, 0x9C8F, 0x9CD0, 0xA4AF, 0x9CB0, 0xACCF, 0xAD10, 0x9C4E, 0x9C8F,
  0xA4AF, 0xA4D0, 0xB4F0, 0xB511, 0xB4F0, 0xACF0, 0xB4EF, 0xBD71, 0xA4D2, 0x8C50, 0x7BCF, 0x73AF,
  0x6B2D, 0x630C, 0x6B2D, 0x632D, 0x6B2D, 0x6B4D, 0x5A8A, 0x31A7, 0x4A49, 0x5ACB, 0x62CB, 0x632D,
  0x5269, 0x31A6, 0x20E3, 0x18E4, 0x2105, 0x2125, 0x2925, 0x2125, 0x2104, 0x18E4, 0x18E4, 0x31C8,
  0x31C9, 0x29C9, 0x3187, 0x2146, 0x28C5, 0x41C9, 0x29AC, 0x31EE, 0x21AE, 0x21EF, 0x3230, 0x2A10,
  0x29CE, 0x2A0F, 0x29EC, 0x21AC, 0x2149, 0x196A, 0x1926, 0x1947, 0x52A8, 0x4AC8, 0x5B09, 0x73CC,
  0x842D, 0x7C2D, 0x73CA, 0x8C8D, 0x6B6A, 0x4A87, 0x5AA8, 0x6B8C, 0x8C2D, 0x73AC, 0x83ED, 0x844E,
  0x7BAC, 0x6B8B, 0x840D, 0x73AC, 0x842E, 0x846F, 0x5AC9, 0x4247, 0x6B4B, 0x5ACA, 0x738D, 0x2965,
  0x18C2, 0x10A2, 0x4226, 0x7C0E, 0x7BCC, 0x844E, 0x83ED, 0x94B0, 0x9CB0, 0x842E, 0x840D, 0x7C0D,
  0x8C2E, 0x73AC, 0x840D, 0x8C6F, 0x83ED, 0x8BED, 0x946F, 0x9C6F, 0x8C2D, 0x7349, 0x738C, 0x7B8B,
  0x946F, 0x9C4E, 0x944F, 0x6AE9, 0x8C0E, 0xACD0, 0xB552, 0xB531, 0xAD32, 0xACF1, 0x9CB0, 0xA4B0,
  0x9CD0, 0x9CAF, 0x9CB0, 0xA4B0, 0xA4D0, 0xA46E, 0x944E, 0xACD0, 0xA4F1, 0xAD11, 0xB531, 0xB511,
  0xB532, 0xBD31, 0xBD51, 0xCDB2, 0x8C51, 0x6AEB, 0x634E, 0x5AEC, 0x5B0C, 0x6B4D, 0x6B6E, 0x6B4D,
  0x632D, 0x62EC, 0x3A08, 0x39A7, 0x4A8A, 0x5ACB, 0x630D, 0x62EC, 0x3A08, 0x39A7, 0x2986, 0x20E4,
  0x1905, 0x2105, 0x18E5, 0x18C4, 0x10C4, 0x18A3, 0x10E5, 0x2967, 0x29A9, 0x2988, 0x2987, 0x18C4,
  0x524B, 0xBD57, 0x6BD6, 0x31CD, 0x21F0, 0x21CF, 0x21F0, 0x3231, 0x2A10, 0x29EF, 0x198C, 0x196B,
  0x194A, 0x1108, 0x1127, 0x52ED, 0x4A88, 0x4246, 0x4267, 0x4A67, 0x636A, 0x7C0C, 0x846D, 0x9D0F,
  0x94D0, 0x4A46, 0x52A9, 0x630A, 0x8C90, 0x840D, 0x844F, 0x8C2E, 0x73CD, 0x7BCC, 0x634B, 0x73AC,
  0x844E, 0x73AC, 0x3A07, 0x5288, 0x7C0F, 0x5ACA, 0x5ACB, 0x5AAA, 0x5ACB, 0x5AEB, 0x3A06, 0x6B2B,
  0x846F, 0x9CD0, 0x842E, 0x738C, 0x8C70, 0x946F, 0x842F, 0x738C, 0x7BCD, 0x7BAC, 0x73CD, 0xAD33,
  0x7B6B, 0x7BAC, 0x83CC, 0x738B, 0x8BEC, 0x9CAF, 0x8BEC, 0x946E, 0x942D, 0x9C8F, 0xA4AF, 0x7BAC,
  0x942E, 0xB552, 0xA4D0, 0xA511, 0xB531, 0xA4F0, 0x9C6E, 0x9CD0, 0xA4AF, 0xAD32, 0xA4B0, 0x946F,
  0xA4D0, 0x9CB0, 0xACD0, 0xACF1, 0xB510, 0xB531, 0xBD51, 0xBD51, 0xBD10, 0xB531, 0xBD30, 0xBD51,
  0x8C30, 0x6B6D, 0x630C, 0x52AB, 0x5AAA, 0x632C, 0x6B2C, 0x632D, 0x6B2D, 0x5B0C, 0x41C7, 0x39A7,
  0x4A49, 0x52AB, 0x62EB, 0x4A69, 0x41E8, 0x39E7, 0x3166, 0x1904, 0x2104, 0x1925, 0x2105, 0x2125,
  0x2925, 0x1905, 0x4103, 0x5A07, 0x4964, 0x3903, 0x3966, 0x2925, 0xB3CD, 0xF5F6, 0xFE57, 0xC491,
  0x41CA, 0x39CA, 0x29AD, 0x29CE, 0x29ED, 0x19AD, 0x216A, 0x196A, 0x2169, 0x1948, 0x5AE7, 0x8C8E,
  0x6328, 0x4266, 0x31A5, 0x31C6, 0x73CB, 0x8C8E, 0x842B, 0x740A, 0x6B8B, 0x52E9, 0x52A8, 0x6B6B,
  0x7BEC, 0x842D, 0x9CAF, 0x8C6E, 0x842E, 0x842E, 0x738B, 0x73CC, 0x7BCC, 0x632A, 0x5AA8, 0x5AC9,
  0x4206, 0x4A68, 0x5AA9, 0x52AA, 0x6B2B, 0x7BEE, 0x5AE9, 0x844F, 0x8C4E, 0x73AC, 0x7BCC, 0xA532,
  0x948F, 0x842E, 0x8C4E, 0x840E, 0x8C0D, 0x7BED, 0x738C, 0x842E, 0x734B, 0x732A, 0x736B, 0x83AC,
  0x9C8F, 0xA4D0, 0xA511, 0xACF1, 0xA4F1, 0x9C8F, 0x9C90, 0xACF1, 0xB573, 0xB512, 0xA4F1, 0xA4F0,
  0x9CD0, 0xAD11, 0xAD32, 0x944E, 0x9CB0, 0xAD32, 0xA512, 0xA4D0, 0xA4F1, 0xACF1, 0xA4F1, 0xACF1,
  0xAD11, 0xB4F0, 0xACD0, 0xA44E, 0xACD0, 0xB4F0, 0xB531, 0xBD30, 0x94B2, 0x736D, 0x6B6E, 0x630C,
  0x52CB, 0x5AAA, 0x52CB, 0x528A, 0x5ACC, 0x5AAB, 0x4208, 0x39C7, 0x4A6A, 0x5AAB, 0x4A6A, 0x4208,
  0x4249, 0x39A7, 0x1905, 0x20E4, 0x1926, 0x2105, 0x1905, 0x2105, 0x1925, 0x10A3, 0x93AE, 0xDDF7,
  0xBD34, 0x93CE, 0x4A49, 0x3145, 0xCCB1, 0xED94, 0xE5B5, 0xEDB5, 0x7392, 0x2928, 0x29EE, 0x194B,
  0x198D, 0x198C, 0x196B, 0x194A, 0x1128, 0x1908, 0x52C8, 0x6B6A, 0x848E, 0x6BAA, 0x2985, 0x39C6,
  0x5B09, 0x7BCC, 0x846C, 0x8C6C, 0x636B, 0x5AC9, 0x5B2A, 0x738B, 0x5B2A, 0x7BED, 0x8C6E, 0x8C6E,
  0x8CB0, 0x738C, 0x6B8C, 0x6B4B, 0x5B09, 0x5AC8, 0x5B0A, 0x5288, 0x52A9, 0x62EA, 0x5AEB, 0x5AAA,
  0x4227, 0x4207, 0x52C9, 0x83EE, 0x7C0E, 0x6B4A, 0x73AC, 0x8C6F, 0x8C6F, 0x8C4F, 0x842F, 0x8C2F,
  0x844F, 0x83ED, 0x6B6C, 0x5AC9, 0x732A, 0x6AE9, 0x7B4A, 0x8C2E, 0x83AC, 0x8C0E, 0x7B8B, 0x736B,
  0x8C0D, 0xA4D1, 0xB532, 0xAD32, 0xA4D0, 0xA4D0, 0x9C8F, 0x9490, 0xA4D0, 0xA511, 0xACF0, 0xAD11,
  0xB531, 0xA4F0, 0xA4CF, 0xA4D0, 0xACCF, 0xA4D0, 0xACAF, 0xACF0, 0xBD10, 0xB510, 0xBD10, 0xB4F0,
  0xB4CF, 0xACEF, 0xBD10, 0xC592, 0x8410, 0x6B4D, 0x6B4D, 0x632D, 0x62EC, 0x5ACB, 0x5AAA, 0x5ACC,
  0x5ACB, 0x52AA, 0x4A28, 0x39C7, 0x4A49, 0x528A, 0x4A49, 0x4229, 0x4A49, 0x31A7, 0x3165, 0x18C3,
  0x28A1, 0x1881, 0x1861, 0x1881, 0x1040, 0x2903, 0xDCAF, 0xED72, 0xED11, 0xF532, 0xCC6F, 0x7A47,
  0xDCD2, 0xED95, 0xE574, 0xDD33, 0xC40E, 0xB3AC, 0xCCB2, 0x932C, 0x4188, 0x2906, 0x2127, 0x1906,
  0x39E4, 0x5B29, 0x73A8, 0x73E9, 0x5B08, 0x7C0D, 0x52C8, 0x2983, 0x39E5, 0x52C9, 0x6B8B, 0x7C2E,
  0x7C0C, 0x4AC7, 0x5288, 0x5B0A, 0x4A26, 0x5B0A, 0x8C2D, 0x842D, 0x7BCC, 0x632A, 0x62E9, 0x5AE9,
  0x4A45, 0x52C6, 0x8347, 0x7306, 0x82C7, 0x8B29, 0x72C8, 0x5A87, 0x5AC9, 0x4A48, 0x5288, 0x738C,
  0x8C2E, 0x73AC, 0x7B8B, 0x6B6B, 0x83ED, 0x7BED, 0x8C0E, 0x842E, 0x8C0D, 0x840D, 0x83ED, 0x844E,
  0x83ED, 0x838B, 0x736B, 0x7B6B, 0x734B, 0x838C, 0x83EE, 0x83AC, 0x7B8C, 0x83AC, 0x8C0E, 0x9C8F,
  0xAD52, 0xAD11, 0xA512, 0xAD12, 0xA4F1, 0xACF1, 0x9CD0, 0xA4D0, 0x946F, 0xA4D0, 0xAD11, 0xACF1,
  0xA4D0, 0xACF0, 0xA4AF, 0xAC8F, 0xACF0, 0xB4F0, 0xB531, 0xB510, 0xACCF, 0x9C2C, 0x942D, 0xAC8F,
  0x7BCF, 0x6B4D, 0x5B0C, 0x6B4D, 0x630D, 0x62EC, 0x632D, 0x630C, 0x528A, 0x83EF, 0x4A49, 0x4A08,
  0x4249, 0x526A, 0x4A6A, 0x4A49, 0x424A, 0x3186, 0x2965, 0x41E7, 0x5A89, 0x6289, 0x4A49, 0x3145,
  0x18C2, 0x5248, 0xE532, 0xE4F1, 0xE4D0, 0xE4D0, 0xB3CE, 0x8247, 0xD4F3, 0xD4B2, 0xCCB2, 0xCC91,
  0xC44F, 0xE532, 0xDD96, 0xE575, 0x9C95, 0x628C, 0x29AA, 0x31A9, 0x6BAB, 0x8C8F, 0x9D2F, 0x94AD,
  0x5B09, 0x2983, 0x636B, 0x6309, 0x3A26, 0x39C5, 0x634B, 0x7BED, 0x8CCF, 0x52C7, 0x31C5, 0x31A4,
  0x39E6, 0x52A8, 0x844E, 0x8C2E, 0x5B2A, 0x5AC9, 0x52A9, 0x5268, 0x3A24, 0x4A86, 0x7B67, 0x8347,
  0x7AE8, 0x82E8, 0x732A, 0x6267, 0x5AEA, 0x5AC9, 0x5AC9, 0x738C, 0x73AC, 0x8C4F, 0x7BEE, 0x7BAC,
  0x7BCD, 0x83ED, 0x842F, 0x8C2F, 0x842E, 0x83ED, 0x840E, 0x946F, 0xACF1, 0xAD52, 0xA4B0, 0x946F,
  0xA4D0, 0xA4F1, 0x940D, 0x8C2E, 0x9C6E, 0xA4D0, 0xAD11, 0x9CB0, 0xACF1, 0xB573, 0xACF1, 0xAD11,
  0xB532, 0xAD12, 0xACF0, 0xA4F1, 0xA4AF, 0xB552, 0xBD51, 0xB531, 0xBD51, 0xACCF, 0xA46D, 0xB530,
  0xBD10, 0xB530, 0xB50F, 0xB510, 0xBD0F, 0xB530, 0xA48E, 0x8C0D, 0x83EF, 0x6B8E, 0x736E, 0x5B0C,
  0x62EC, 0x6B6E, 0x6B2C, 0x4A8A, 0x730A, 0xA4D1, 0x6227, 0x59E6, 0x5228, 0x5269, 0x5248, 0x4A69,
  0x4A48, 0x31A6, 0x61A4, 0xB44E, 0xDC4D, 0xC3AB, 0x8309, 0x59C5, 0x3922, 0x7B2B, 0xF511, 0xDCD0,
  0xE4AF, 0xD48F, 0x8B2A, 0x59C5, 0xC44F, 0xBC0E, 0xC3EE, 0xBBCE, 0xCC4F, 0xE513, 0xDCD0, 0xCC8F,
  0xC46E, 0xC48E, 0x83AC, 0x5247, 0x5287, 0x5B09, 0x8C6D, 0x846D, 0x8C4D, 0x4AA6, 0x52A6, 0x7C0C,
  0x7C0B, 0x4AA6, 0x5AC8, 0x5AEA, 0x8C6E, 0x848E, 0x5B09, 0x10E1, 0x2103, 0x2144, 0x5287, 0x844E,
  0x6B6A, 0x4226, 0x39C4, 0x4A47, 0x4A65, 0x52E7, 0x7B06, 0x8BA9, 0x9B28, 0x7224, 0x7264, 0x7AC6,
  0xACCF, 0x9C8E, 0x7BAC, 0x8C4F, 0x7BAC, 0x7BED, 0x83ED, 0x8C6F, 0x948F, 0x94B0, 0x948F, 0x8C6F,
  0x944E, 0x8C6F, 0x9C8F, 0x8C6F, 0x9CD1, 0xACF1, 0xA4F1, 0x9C90, 0xA4F1, 0x944E, 0x83CD, 0x942E,
  0xA512, 0xA4B0, 0xA4F1, 0xB532, 0xA512, 0xA4D1, 0x8C2E, 0x9C90, 0xA512, 0xACF1, 0xA4D1, 0xA4F1,
  0xAD31, 0xAD11, 0xB552, 0xB4F0, 0xA4CF, 0xB4EF, 0xACF0, 0xBD51, 0xB531, 0xBD30, 0xBD51, 0xBD10,
  0xA4AE, 0xAC8E, 0xB511, 0xA48F, 0x73AF, 0x6B6E, 0x73D0, 0x7BAF, 0x738F, 0x62EC, 0x52CB, 0x528A,
  0x83CE, 0x942F, 0x6248, 0x59C5, 0x39A7, 0x3144, 0x4208, 0x4207, 0x4208, 0x3165, 0x7227, 0xBC4F,
  0xBB6B, 0x9225, 0x6227, 0x5164, 0x3923, 0x7B0A, 0xDC90, 0xDC90, 0xDCB0, 0xCC0D, 0x72A8, 0x40E1,
  0x92CA, 0xB3AD, 0xB3CE, 0xAB2B, 0xCC71, 0xE4F3, 0xCCB0, 0xC42E, 0xBC4E, 0xA36A, 0x41E6, 0x5247,
  0x52C9, 0x52A8, 0x6BAA, 0x842C, 0x7C2D, 0x842D, 0x5B29, 0x5AE8, 0x846D, 0x5B28, 0x31E6, 0x5AE9,
  0x6BAB, 0x73AB, 0x6BCC, 0x31C4, 0x0881, 0x10A2, 0x18E1, 0x4A26, 0x4A88, 0x4205, 0x39E6, 0x5288,
  0x4AA7, 0x5AE7, 0x6AA5, 0x93CA, 0xA38A, 0x6182, 0x6A85, 0x7AC6, 0x6B29, 0x5A66, 0x5AEA, 0x83ED,
  0x840E, 0x83ED, 0x73AC, 0x7BAC, 0x8C6F, 0x840D, 0x8C4F, 0x8C4E, 0x8C90, 0x8C4E, 0x7BED, 0x8C2E,
  0x9C6F, 0xACF1, 0xAD11, 0x9CD0, 0xA4D0, 0xA4D1, 0xACF0, 0xAD31, 0xAD11, 0xAD52, 0xB551, 0xAD52,
  0xAD30, 0xAD31, 0xACF0, 0xA4F0, 0xB510, 0x944E, 0xACAF, 0xAD31, 0xBD31, 0xB551, 0xB510, 0xA4AF,
  0xACAF, 0xBD51, 0xB4EF, 0xACEF, 0xB4EF, 0xBD50, 0xBD30, 0xB510, 0xB4CE, 0xB50F, 0xBD72, 0x942E,
  0x5AEC, 0x6BAF, 0x6B4D, 0x5B0C, 0x62EC, 0x5AEC, 0x5ACB, 0x632D, 0xC511, 0x93CD, 0x7226, 0x6A06,
  0x51E5, 0x30E2, 0x2943, 0x39C5, 0x41E5, 0x3184, 0x8A47, 0xBC0E, 0xA2E9, 0x7A06, 0x6268, 0x3964,
  0x3984, 0x5AA8, 0xCC0D, 0xD490, 0xCC0D, 0xBB8B, 0x5A26, 0x28E2, 0x59C5, 0x836B, 0xAB8A, 0x9B09,
  0xC3EE, 0xCC91, 0xCC2E, 0xCC6F, 0xB4B0, 0x6247, 0x39C5, 0x4227, 0x5247, 0x4227, 0x4A47, 0x6B6B,
  0x7BEB, 0x8C8E, 0x5286, 0x4245, 0x6328, 0x6349, 0x31C4, 0x4A87, 0x73AC, 0x73CD, 0x6B6A, 0x6BAB,
  0x4A46, 0x1922, 0x18E1, 0x2964, 0x4A25, 0x5287, 0x6A86, 0x72E8, 0x72A6, 0x6AA6, 0x7AC8, 0x5A05,
  0x8B27, 0xAC8D, 0x9BEA, 0x93EA, 0x83CB, 0x7BCC, 0x5AA8, 0x5AE9, 0x840D, 0x8C4E, 0x840D, 0x73AC,
  0x946F, 0x7C0D, 0x8C0D, 0x9CD1, 0x7BCC, 0x8C4E, 0x946E, 0x8C6F, 0x8C0E, 0x942E, 0xAD53, 0x944E,
  0x946F, 0xACF1, 0xAD52, 0xB531, 0xB573, 0xB552, 0xB573, 0xBD93, 0xA511, 0x9C8E, 0x948F, 0x9CAF,
  0xA4F0, 0xACF0, 0xA4F1, 0x942D, 0x944E, 0xB511, 0xACF0, 0xACAF, 0xACF0, 0xACD0, 0xACCF, 0xB4EF,
  0xBD51, 0xBD30, 0xB531, 0xBD10, 0xBD30, 0xB4EF, 0xB552, 0x9C4E, 0x6BAF, 0x6B6E, 0x634D, 0x630C,
  0x5B0D, 0x5AAB, 0x52AB, 0x62EC, 0xACB0, 0x832A, 0x7268, 0x7226, 0x5A27, 0x3903, 0x2964, 0x2943,
  0x3164, 0x39A5, 0x9B2B, 0xA34B, 0x8A67, 0x9AA8, 0x5A48, 0x3943, 0x3164, 0x49E6, 0xAB4B, 0xBB8C,
  0xB36B, 0xAAE9, 0x62A9, 0x30E2, 0x4143, 0x7288, 0x9B09, 0x92C8, 0xA32C, 0xBBEE, 0xC44F, 0xD46F,
  0xA470, 0x59C5, 0x39E6, 0x4227, 0x3A06, 0x41E6, 0x3A06, 0x5268, 0x5B29, 0x842D, 0x6B8B, 0x5AE8,
  0x5B09, 0x6308, 0x636B, 0x4A67, 0x4AA9, 0x738C, 0x636B, 0x840D, 0x73CD, 0x52C8, 0x4A88, 0x5268,
  0x5AA8, 0x734A, 0x6AA7, 0x8329, 0x7308, 0x72A6, 0x7B0A, 0x6226, 0x4961, 0x7AC6, 0x72E6, 0x9BEA,
  0x8C6E, 0x7B8B, 0x632A, 0x7BAC, 0x842E, 0x8C4F, 0x844F, 0x946F, 0x94B0, 0x946F, 0x73CD, 0x9CD1,
  0x8C6F, 0x948F, 0x9CF1, 0x9CD1, 0x9C2D, 0x8BCC, 0x83AC, 0x8C2E, 0xAD11, 0xB573, 0xB531, 0xB552,
  0xACD0, 0x7B6B, 0xACAE, 0xBD51, 0xACCF, 0xA4AF, 0xA46D, 0x942D, 0x9C4D, 0xA48E, 0xACAF, 0x9C6E,
  0xB4CF, 0xA48E, 0xACAE, 0xACCF, 0xBD10, 0xB510, 0xB50F, 0xB530, 0xB4CE, 0xBD50, 0xBD30, 0xBD51,
  0xBD2F, 0xBD50, 0xCD72, 0x940C, 0x7B4D, 0x7B8E, 0x732C, 0x62EB, 0x5268, 0x5AA9, 0x5A88, 0x738C,
  0xA40D, 0x7AE9, 0x7247, 0x7267, 0x5A26, 0x4184, 0x4A25, 0x4246, 0x3984, 0x41C5, 0xA34A, 0x9B0A,
  0x8AA8, 0x82A8, 0x3984, 0x3144, 0x3164, 0x2984, 0x7246, 0x8B0A, 0x9AE9, 0x9AE9, 0x82E9, 0x5184,
  0x2902, 0x4A47, 0x9328, 0x8B09, 0x8AA7, 0xABAC, 0xC44E, 0xC46F, 0xCCD0, 0x8B29, 0x39C5, 0x4226,
  0x4A26, 0x39E5, 0x39C5, 0x4A68, 0x62E9, 0x738C, 0x8C6E, 0x5B29, 0x5B08, 0x4245, 0x5B27, 0x6BCA,
  0x6328, 0x52C7, 0x738A, 0x73EC, 0x8C4D, 0x73AB, 0x4A25, 0x5287, 0x83CB, 0x736A, 0x7285, 0x72C7,
  0x69C2, 0x69E3, 0x9389, 0x9C2C, 0x948F, 0x6B6B, 0x736A, 0x7BCC, 0x738B, 0x5AE8, 0x5AA8, 0x73AC,
  0x83ED, 0x8C6F, 0x946F, 0x8C6F, 0x8C4E, 0x9CD0, 0x944E, 0x8C4E, 0xA4F0, 0x94B0, 0x944E, 0x948F,
  0x7B4A, 0x72E8, 0x7BCD, 0xAD11, 0xB553, 0xB532, 0xA511, 0x944E, 0x8C0D, 0x9C4E, 0xBD72, 0xACCF,
  0x9C4E, 0xA46E, 0xACF0, 0xB4F0, 0xAD11, 0xB510, 0xA4AF, 0xB4F0, 0x9C4E, 0xA48E, 0xB510, 0xBD10,
  0xBD72, 0xB4EF, 0xACEF, 0xBD10, 0xB530, 0xB4EF, 0xB530, 0xBD30, 0xBD51, 0xC571, 0xC552, 0x8329,
  0x5A8A, 0x6ACB, 0x528A, 0x5269, 0x83EF, 0x8C2F, 0x9490, 0x9470, 0x93ED, 0x7287, 0x6A48, 0x7268,
  0x51E6, 0x51C5, 0x52C8, 0x4205, 0x39C5, 0x5A88, 0xA34B, 0x92A8, 0x7A88, 0x69C5, 0x3144, 0x3123,
  0x2964, 0x2943, 0x59A4, 0x7A67, 0x8A68, 0x92A8, 0x7AC9, 0x61C5, 0x2964, 0x3164, 0x82C8, 0x9329,
  0x8288, 0xAB8B, 0xC44F, 0xC44F, 0xC511, 0xBC6E, 0x4206, 0x41E6, 0x4227, 0x39C5, 0x3184, 0x39A5,
  0x4A88, 0x5AA8, 0x5B29, 0x6329, 0x636A, 0x5B08, 0x5328, 0x6BAA, 0x73EC, 0x5AE7, 0x52E9, 0x6B6A,
  0x844E, 0x8C4E, 0x7BCC, 0x7BCB, 0x8C4E, 0x944E, 0x8B69, 0x8B49, 0x82C7, 0xA3AA, 0xAC8E, 0xAC6D,
  0x94D1, 0x6B6B, 0x8C4E, 0x7B8B, 0x632A, 0x738B, 0x52A8, 0x5AC9, 0x5AEA, 0x7BAC, 0x8C70, 0x840D,
  0x8C6F, 0x8C2E, 0x8C4F, 0x83CD, 0x842E, 0x946F, 0x8C4E, 0x948F, 0x9C4E, 0xA4B0, 0xB531, 0xA4F1,
  0xA4D0, 0x946F, 0x8C0D, 0x8C0D, 0x9C2C, 0xA48E, 0xBCEF, 0x9C2C, 0xAC8E, 0xACF0, 0xACCF, 0xACF0,
  0xB50F, 0xB510, 0xB4CF, 0xBD31, 0xB4CF, 0xB510, 0xC571, 0xBD50, 0xBD0F, 0xBD51, 0xBD10, 0xACEF,
  0xBD10, 0xB530, 0xB4EF, 0xBD51, 0xB4CE, 0xC571, 0xB42D, 0x9349, 0x8AE9, 0x7267, 0x49A3, 0x940D,
  0xC592, 0xB511, 0xACF0, 0x9CAF, 0x834A, 0x6A88, 0x7267, 0x7288, 0x49C4, 0x4A05, 0x4A66, 0x4245,
  0x59C5, 0x832A, 0xB36A, 0x9AE8, 0x7AC8, 0x4984, 0x2903, 0x2124, 0x2903, 0x2124, 0x4984, 0x5A47,
  0x7A05, 0x8287, 0x7AA8, 0x51A5, 0x2924, 0x2124, 0x4184, 0x7B6B, 0x8AC7, 0x934A, 0xC46E, 0xCCD0,
  0xD511, 0xCCF0, 0x5A67, 0x3984, 0x3985, 0x31A6, 0x39A5, 0x39C5, 0x41C4, 0x52A8, 0x736B, 0x6309,
  0x5267, 0x5AE9, 0x6B6A, 0x73CC, 0x7BEA, 0x6389, 0x52A7, 0x5B09, 0x738B, 0x7BEC, 0x7BAB, 0x842D,
  0x6B6A, 0x6B8B, 0x838A, 0x83AA, 0x8AE7, 0x9B8A, 0x7B6A, 0x9CD0, 0xA4F0, 0x6B6A, 0x736A, 0x948F,
  0x736A, 0x6B6A, 0x5AA8, 0x5AC9, 0x5AC8, 0x5AC9, 0x944E, 0xA512, 0x9CD0, 0x8C6F, 0x9CD0, 0x8C4E,
  0x7BAC, 0x8C4E, 0x944E, 0x842E, 0xA4B0, 0xB4F1, 0xA511, 0xA4D0, 0x9CB0, 0xA4D0, 0x9CD0, 0xACF1,
  0xACF0, 0x9C0C, 0x9C2C, 0xAC8E, 0x9C4E, 0xA48E, 0xACF0, 0xACCF, 0xACF0, 0xBD30, 0xBD51, 0xBD51,
  0xBD51, 0xC571, 0xBD71, 0xB4EF, 0xB4F0, 0xB4EF, 0xA48E, 0xA48E, 0xB510, 0xBD30, 0xBD51, 0xBD51,
  0xC592, 0xB4EF, 0x9B8B, 0x9B8A, 0x7AC9, 0x6A06, 0x5226, 0xB4F1, 0xACF1, 0xB4D0, 0xACF1, 0xACF1,
  0x9C0E, 0x6A67, 0x7288, 0x6A06, 0x4A06, 0x6287, 0x52C8, 0x39C4, 0x51C5, 0x9BCD, 0xAB8B, 0xA2E9,
  0x7B0A, 0x51A4, 0x2145, 0x2944, 0x2104, 0x20C3, 0x28E2, 0x51C5, 0x69E5, 0x7A46, 0x6A68, 0x4922,
  0x18E4, 0x2104, 0x28C1, 0x49C5, 0x8AE8, 0x9B6A, 0xBC4E, 0xCCD0, 0xC4B0, 0xCCD0, 0x5A89, 0x3123,
  0x2965, 0x3145, 0x2964, 0x39A5, 0x4206, 0x4A26, 0x6B8B, 0x6309, 0x39E5, 0x4A67, 0x52A8, 0x5AE8,
  0x6389, 0x5AE7, 0x3A26, 0x4226, 0x52A8, 0x6B4A, 0x6B6B, 0x6B4A, 0x73CC, 0x52A8, 0x5225, 0x7B29,
  0x9349, 0x7224, 0x6309, 0xA4D0, 0x8C6F, 0x6B4A, 0x7BAC, 0x944E, 0x73AB, 0x6B49, 0x5B0A, 0x5288,
  0x6B6C, 0x5AC9, 0x630A, 0x9CB0, 0x8C6F, 0x736B, 0x6B4B, 0x6B4A, 0x73AC, 0x7BAC, 0x842E, 0x944F,
  0xAD10, 0xAD51, 0xB510, 0xAD11, 0xB510, 0xAD11, 0xB510, 0xB531, 0xB4EF, 0xB531, 0xB530, 0xB551,
  0xB50F, 0xB510, 0xB4EF, 0xACEF, 0xC530, 0xB4CF, 0xACAE, 0xB530, 0xC570, 0xBD50, 0xBD30, 0xB50F,
  0xB4EF, 0xACEF, 0xBD10, 0xB530, 0xBD0F, 0xBD51, 0xBD30, 0xBD71, 0xD592, 0xA44D, 0x9329, 0x936A,
  0x82E9, 0x6206, 0x6A87, 0xB511, 0xACD0, 0xACF0, 0xACF0, 0xAD11, 0xAC4E, 0x6AA8, 0x7288, 0x59C5,
  0x734A, 0x7B8B, 0x5A67, 0x41C5, 0x8287, 0xAC0D, 0xBBCB, 0xA34A, 0x8B2A, 0x59E5, 0x39C6, 0x39C7,
  0x3985, 0x2965, 0x28E3, 0x3165, 0x61E5, 0x6A47, 0x51E6, 0x28E2, 0x20E3, 0x18E3, 0x18C2, 0x18C3,
  0x59C5, 0x93ED, 0xBC4E, 0xC4AF, 0xBC6F, 0xBC6F, 0x62A9, 0x2944, 0x3165, 0x2945, 0x3144, 0x3165,
  0x39A5, 0x39C5, 0x4A06, 0x5AC9, 0x41E5, 0x31A4, 0x31A4, 0x3A06, 0x5AC8, 0x6B8B, 0x6B6A, 0x5B09,
  0x4A66, 0x52A8, 0x6B4A, 0x6309, 0x736B, 0x5AC9, 0x51E4, 0x7B6B, 0x8329, 0x72E8, 0x6B2A, 0x840D,
  0x83EC, 0x6B29, 0x83CB, 0x946E, 0x7BAB, 0x738B, 0x83AB, 0x5AC7, 0x5AA7, 0x738B, 0x5AC8, 0x5287,
  0x4A26, 0x5287, 0x62E9, 0x7BCC, 0x83ED, 0x7BCC, 0x83ED, 0x840D, 0x9CAF, 0xA4CF, 0xAD31, 0xB511,
  0xAD31, 0xAD11, 0xACF0, 0xACCF, 0xAD10, 0xB4F0, 0xA4D0, 0xACF0, 0xACF0, 0xB510, 0xB510, 0xB4EF,
  0xBD10, 0xA42C, 0x942D, 0xB4CF, 0xB530, 0xB4CF, 0xA48E, 0xBD30, 0xACCF, 0xB4CF, 0xBD51, 0xBD30,
  0xB531, 0xBD10, 0xB530, 0xC550, 0xC572, 0x93CB, 0x8AE9, 0x9329, 0x7AC9, 0x61C5, 0x6AE9, 0xBD32,
  0xAD11, 0xB4F0, 0xACF1, 0xA4B0, 0x9C2E, 0x72A8, 0x6247, 0x6206, 0x8C2E, 0x8BEC, 0x736B, 0x6B2A,
  0x8B0A, 0xB3ED, 0xB3AC, 0xAB4A, 0x834B, 0x59C5, 0x39E7, 0x39A6, 0x3186, 0x3165, 0x2924, 0x3124,
  0x59A5, 0x61E5, 0x41A5, 0x30E2, 0x2145, 0x2104, 0x2145, 0x2104, 0x30E2, 0x834B, 0xBC6F, 0xC46F,
  0xB46F, 0xC46F, 0x5248, 0x2903, 0x2945, 0x20E3, 0x2104, 0x2903, 0x3185, 0x41C6, 0x39C6, 0x41E6,
  0x5B0A, 0x6B2A, 0x4268, 0x31A5, 0x39E5, 0x5288, 0x73AC, 0x842D, 0x634B, 0x4A26, 0x4247, 0x5AA8,
  0x5B0A, 0x630A, 0x5226, 0x5205, 0x6A87, 0x7287, 0x6B8B, 0x738B, 0x8C4E, 0x7349, 0x840D, 0x9CAF,
  0x738B, 0x734A, 0x7BCC, 0x7B8B, 0x73AC, 0x62C8, 0x52C9, 0x5267, 0x3A06, 0x630A, 0x94B0, 0x7BAC,
  0x840E, 0x7BAC, 0x738C, 0x7BAC, 0xA4CE, 0x94AE, 0xA4AD, 0xAD0F, 0xB4CE, 0xACEF, 0xB4EF, 0xACCF,
  0xBCEE, 0xB50F, 0xBCEF, 0xBD0F, 0xB50F, 0xACEF, 0xB4EF, 0xACCF, 0x9C0B, 0xB4EF, 0xBD30, 0xAD10,
  0x9C6E, 0x8BEC, 0xA46E, 0xACF0, 0xACAE, 0xACAF, 0xACAE, 0xACCF, 0xB4CF, 0xB510, 0xC551, 0xBD51,
  0xCD51, 0x8BAA, 0x8AE8, 0x8B09, 0x7287, 0x59E5, 0x93CB, 0xC572, 0xB4EF, 0x942D, 0xB4F0, 0xB511,
  0xACD1, 0x732B, 0x6267, 0x7B4B, 0xA46E, 0x8BED, 0x83AB, 0x734A, 0x9B29, 0xAC0D, 0xAB8A, 0xAB8B,
  0x7B0A, 0x51E5, 0x4A27, 0x3A07, 0x3185, 0x3185, 0x3144, 0x3165, 0x59A4, 0x59E5, 0x3964, 0x2923,
  0x3164, 0x2944, 0x3144, 0x2965, 0x3123, 0x6AEA, 0xBC2E, 0xBC6F, 0xB42E, 0xB44F, 0x6A87, 0x5A26,
  0x4A28, 0x39E7, 0x41E6, 0x2964, 0x3163, 0x31A4, 0x3984, 0x39C6, 0x4A26, 0x6B4B, 0x6B4B, 0x5AC9,
  0x41E6, 0x3184, 0x4A47, 0x632A, 0x7B8B, 0x6B8B, 0x5AC9, 0x4226, 0x41C5, 0x4206, 0x4A06, 0x4A47,
  0x7B8B, 0x7BAB, 0x8C0C, 0x7BAB, 0x7B89, 0x7369, 0xA4CF, 0x948F, 0x6B29, 0x8C6E, 0x9C8E, 0x8C6E,
  0x9CAE, 0x83EC, 0x944D, 0x842D, 0x736A, 0x632A, 0x8BED, 0x736B, 0x7B8C, 0x7BCD, 0x7BAC, 0x948F,
  0xA510, 0xA4CF, 0x8C2C, 0x9C6D, 0xACEF, 0xB4CF, 0xACEF, 0xB4CF, 0xB4EF, 0xB4CF, 0xB4CF, 0xB4CE,
  0xACCF, 0xACAE, 0xB4F0, 0xB4CF, 0xB510, 0xB4CF, 0xACF0, 0x940C, 0x8C2E, 0xA4AF, 0xB511, 0xB510,
  0xACF0, 0xA46E, 0xA48E, 0xBD10, 0x9C4D, 0xACCF, 0xB530, 0xBD30, 0xC572, 0x8B8A, 0x8309, 0x82C8,
  0x6267, 0x6206, 0xACD0, 0xB510, 0xACF0, 0xACAF, 0xB532, 0xACB0, 0x944F, 0x83AD, 0x5227, 0x6268,
  0xA490, 0x838B, 0x736B, 0x732A, 0x9B4A, 0xB3ED, 0xA36B, 0xAB6A, 0x6268, 0x5A06, 0x4248, 0x3184,
  0x2145, 0x2944, 0x2965, 0x3145, 0x6247, 0x61E6, 0x2103, 0x28E3, 0x31A6, 0x3986, 0x2945, 0x2924,
  0x2923, 0x5A68, 0xABEE, 0xBC4F, 0xB44F, 0xAC0E, 0x8BCD, 0x836B, 0x73AE, 0x4A48, 0x4A68, 0x41E6,
  0x4227, 0x4A27, 0x4248, 0x39C5, 0x31A5, 0x39A5, 0x39E6, 0x4A47, 0x5ACA, 0x39C5, 0x31A5, 0x4206,
  0x4A67, 0x5AA8, 0x52CA, 0x52A9, 0x39E6, 0x4A06, 0x39C6, 0x5A88, 0x7BCC, 0x734A, 0x738B, 0x7B8A,
  0x6B49, 0x6B08, 0x7BAC, 0x8C2D, 0x6309, 0x946E, 0x9CF0, 0xA4F0, 0x8C4E, 0x83EC, 0x7BEC, 0x7B8B,
  0x8C6F, 0x7BCC, 0x7BAC, 0x7B8B, 0x6B6B, 0x7BCD, 0x73AD, 0x83CD, 0xA4CF, 0xA4CF, 0x942C, 0x83EC,
  0xBCEF, 0xAC8D, 0xAC8D, 0xBD2F, 0xBCEE, 0x9C2C, 0xB46C, 0xAC6C, 0x8B69, 0xACAE, 0xBD0F, 0xB510,
  0xB4EF, 0x9C8E, 0x93EC, 0x9C4E, 0xACAF, 0xA48E, 0xA48D, 0xACCF, 0xB4EF, 0xACCF, 0xB4CF, 0xBD51,
  0xB4CF, 0xACAF, 0xBD30, 0xBD30, 0xC510, 0x93CB, 0x82E8, 0x8309, 0x5A05, 0x8BAC, 0xBD10, 0xACCF,
  0xBCEF, 0xB4CF, 0xC572, 0x7B6A, 0x3186, 0x3A08, 0x18A1, 0x3186, 0xAC8F, 0x83AC, 0x838B, 0x7B4A,
  0xA34A, 0xABEC, 0xA36A, 0x9B4A, 0x5A47, 0x5267, 0x4A47, 0x31A5, 0x3984, 0x31A5, 0x39A6, 0x2924,
  0x41A6, 0x3986, 0x1061, 0x18E3, 0x3985, 0x31A6, 0x2944, 0x2944, 0x3143, 0x4A27, 0xA3CC, 0xB44E,
  0xB46F, 0xA3ED, 0x8329, 0x8BCB, 0x7B8C, 0x39C6, 0x5267, 0x52A9, 0x4205, 0x4A67, 0x52A6, 0x4A86,
  0x5266, 0x3A05, 0x41E5, 0x4A67, 0x62E9, 0x6B4A, 0x62E9, 0x4A68, 0x4A46, 0x5AE9, 0x5A88, 0x4226,
  0x6B0A, 0x630A, 0x5A87, 0x7BCC, 0x8C0C, 0x83EC, 0x83EC, 0x842D, 0x7BA9, 0x7369, 0x5AA7, 0x738B,
  0x736A, 0x5AC8, 0x738A, 0x9CD0, 0xA510, 0x8C6E, 0x83EC, 0x6B4A, 0x734A, 0x948F, 0x9CAF, 0x8C4D,
  0x738A, 0x73AB, 0x83ED, 0x7BCD, 0x7BAB, 0x8C0C, 0x948E, 0x7BAB, 0x9C4D, 0xAC8E, 0xB4EF, 0xB4CE,
  0xACAE, 0xB4CE, 0xBCCE, 0xBC8D, 0xACCF, 0xBD10, 0xACCF, 0xACAE, 0xA4D0, 0x9C2D, 0x9C6F, 0xA48F,
  0xAD11, 0xACAF, 0xACF0, 0xACAE, 0xACCF, 0xACCF, 0xACCF, 0xB4CF, 0xA4AF, 0xBD31, 0xB531, 0xBD10,
  0xBD10, 0x93AA, 0x82E9, 0x7A87, 0x5A67, 0xAC8F, 0xA4AF, 0xBD11, 0xB4F0, 0xB4CF, 0xB532, 0x7B4A,
  0x1904, 0x1904, 0x10A2, 0x4A28, 0xB532, 0xA46E, 0x7B8C, 0x7B2A, 0xA38B, 0xABAB, 0xA38B, 0x92E9,
  0x5268, 0x5A68, 0x3A07, 0x39E6, 0x39E7, 0x41C6, 0x39E7, 0x3185, 0x1882, 0x1841, 0x1082, 0x18C3,
  0x3186, 0x2944, 0x2945, 0x2924, 0x2964, 0x3985, 0x936B, 0xB44E, 0xB490, 0x9BAC, 0x7B09, 0x8B6A,
  0x5AEA, 0x4A07, 0x4A68, 0x5AA9, 0x52A8, 0x5267, 0x52C7, 0x5286, 0x52E8, 0x5AC7, 0x5AE9, 0x6B6B,
  0x8C6F, 0x9C8F, 0x634B, 0x5288, 0x52A8, 0x5288, 0x4A68, 0x5AA8, 0x4A68, 0x41C5, 0x7BCD, 0xA4D1,
  0x8C4E, 0x8C2D, 0x8C4E, 0x840D, 0x7BEB, 0x6B48, 0x6309, 0x5AA7, 0x73AC, 0x83ED, 0x52A8, 0x6309,
  0x8C6F, 0x9CB0, 0x8C6F, 0x83ED, 0x5AE9, 0x738B, 0x9CD0, 0x8C2D, 0x6B6B, 0x6B09, 0x73AC, 0x7BAC,
  0x8BEB, 0x6B07, 0x7B8A, 0x7349, 0x838A, 0xAD10, 0xB50F, 0x9C4D, 0xAC8E, 0xA46E, 0xAC6E, 0xA46E,
  0xAC8D, 0xACAE, 0xB48D, 0xACAD, 0x9C4D, 0x940D, 0xACCF, 0x942D, 0x940D, 0x9C8F, 0xACCF, 0xACCF,
  0xB4EF, 0xB50F, 0xBD10, 0xB530, 0xACAE, 0xB530, 0xBD50, 0xBD50, 0xCD51, 0x93AA, 0x82E9, 0x6A46,
  0x93CB, 0xACAF, 0x9C0C, 0xACEF, 0xB4EF, 0xB530, 0xB4F0, 0x7329, 0x2104, 0x2965, 0x20E3, 0x31A7,
  0xACD0, 0x9C8F, 0x8B6B, 0x838B, 0xAB8A, 0xABAB, 0x936B, 0x7288, 0x5247, 0x4A68, 0x5268, 0x4A47,
  0x4A06, 0x4A27, 0x41E7, 0x2965, 0x18C3, 0x10E3, 0x20C3, 0x18E4, 0x3144, 0x2945, 0x3144, 0x2944,
  0x2944, 0x2124, 0x8B09, 0xB46E, 0xBC90, 0x8B6B, 0x6A87, 0x8BCC, 0x734B, 0x5268, 0x6B0A, 0x630B,
  0x62C9, 0x5AA9, 0x5AA9, 0x4A68, 0x5247, 0x5288, 0x62A7, 0x4A25, 0x5246, 0x5AC8, 0x5A67, 0x4A26,
  0x5A66, 0x5246, 0x5A46, 0x62A8, 0x41E5, 0x52A8, 0x7329, 0x7BCC, 0x8C0D, 0x5AC8, 0x5AC7, 0x6B6A,
  0x9C8E, 0x7BCB, 0x5AA7, 0x5AC8, 0x6B2A, 0x840D, 0x734A, 0x738B, 0x7BAB, 0x8C4E, 0xA4CF, 0x8C4E,
  0x7BCB, 0x5AC8, 0x7B8B, 0x9CD0, 0x946D, 0x6B49, 0x83CC, 0x8C4E, 0x8C2C, 0x8BEB, 0x944E, 0x83AB,
  0x734A, 0x8BCB, 0x838A, 0x940C, 0x9C2D, 0x8308, 0x7B2A, 0x9C0D, 0xACCE, 0xA42C, 0xB4AE, 0xAC6C,
  0x9C8F, 0xA48F, 0x944E, 0x8BCC, 0x7B8B, 0x944E, 0xA4AF, 0xB510, 0xB510, 0xBD10, 0xB510, 0xBD10,
  0xB510, 0xBD10, 0xB530, 0xBD30, 0xBD10, 0x938A, 0x7AE9, 0x7287, 0xACF0, 0xBD31, 0xB531, 0xB4CF,
  0xACCF, 0x9C0C, 0xA4B0, 0x9C0D, 0x31C7, 0x2966, 0x2986, 0x3166, 0x944E, 0x9C4E, 0x8BAC, 0x8B8B,
  0xABAB, 0xB3AB, 0x8B4B, 0x6A06, 0x5AEA, 0x4A47, 0x4227, 0x5268, 0x4A68, 0x5268, 0x4229, 0x20E3,
  0x10E4, 0x18E4, 0x18E4, 0x20E4, 0x2945, 0x2924, 0x2945, 0x2904, 0x1904, 0x20E3, 0x934A, 0xBC6F,
  0xBCD1, 0x7267, 0x5226, 0x9C0D, 0x7BAD, 0x62A9, 0x6B4C, 0x6B2B, 0x6B2B, 0x6B0B, 0x5AEA, 0x5289,
  0x5AC9, 0x6AEA, 0x840D, 0x8BCC, 0x5A88, 0x5A67, 0x5AC9, 0x7B8B, 0x6B09, 0x5205, 0x7B6B, 0x5A67,
  0x39C5, 0x83CD, 0x738B, 0x6B09, 0x6309, 0x734A, 0x6309, 0x5AA7, 0x6B6A, 0x9CCF, 0x7BCC, 0x62E8,
  0x5288, 0x6B4A, 0x8C2E, 0x734A, 0x8C4F, 0x736B, 0xA4F1, 0x9CAF, 0x73CC, 0x736B, 0x6B6B, 0x946F,
  0x94AF, 0x8C2D, 0x7BCC, 0x944F, 0x8BCB, 0x944D, 0x8BAA, 0x7328, 0x938A, 0x9C2C, 0xB44C, 0x9BA9,
  0xA3EB, 0xA40C, 0x8BAB, 0x940D, 0xAC8E, 0xACCF, 0xA46D, 0xACAE, 0xAC8E, 0x9C2D, 0x8349, 0x7309,
  0x8BEC, 0x8C0D, 0x9C2C, 0xB530, 0xBD0F, 0xACCE, 0xBD10, 0xBD30, 0xBCEF, 0xBD30, 0xB50F, 0xBD51,
  0xB553, 0x8C4F, 0x7B6C, 0x736D, 0xBD30, 0xB530, 0xBD30, 0xBD51, 0xB4F0, 0xA46E, 0x940D, 0x7B8B,
  0x39C5, 0x3A06, 0x39C7, 0x2986, 0x5A88, 0x83ED, 0x8B8B, 0x836B, 0xBBCC, 0xB3CC, 0x830A, 0x51E6,
  0x5288, 0x52A9, 0x5247, 0x4206, 0x5A88, 0x5288, 0x41C7, 0x1904, 0x18C3, 0x2104, 0x20E3, 0x2944,
  0x3144, 0x3164, 0x3165, 0x3165, 0x2924, 0x2103, 0x7B4C, 0xAD13, 0xB534, 0x5289, 0x49C4, 0x9C4E,
  0xA46E, 0x838B, 0x6B0B, 0x6B6C, 0x62EB, 0x5ACA, 0x7A82, 0x8B66, 0x8B06, 0x82E6, 0x730A, 0x734C,
  0x7B2A, 0x6287, 0x61E5, 0x6246, 0x8265, 0x7A45, 0x938B, 0x6A87, 0x5247, 0x5AEA, 0x736A, 0x83EC,
  0x7BAB, 0x6309, 0x7349, 0x738B, 0x62E8, 0x738A, 0x8C2C, 0x6329, 0x62E8, 0x6308, 0x8C2D, 0x8C4E,
  0x83AB, 0x7BCC, 0x736A, 0x842D, 0x7B8B, 0x6B4A, 0x6B4A, 0x7BED, 0x83EC, 0x83EC, 0x7369, 0x738A,
  0x7329, 0x7309, 0x6AE8, 0x836A, 0x8B8A, 0xB4AE, 0xBCEF, 0x9369, 0x8B6A, 0xAC0C, 0x8BED, 0xA44E,
  0xA4AF, 0xB4CF, 0xA48E, 0xACAF, 0x9C4E, 0xA46E, 0xA48F, 0x93EC, 0x83EC, 0x838B, 0x7B6A, 0x9C0C,
  0xACAE, 0xB4CF, 0xBD51, 0xBD30, 0xBD31, 0xBD10, 0xB510, 0xB4CF, 0x5ACA, 0x7B8C, 0x736D, 0x4A27,
  0x940C, 0xBD30, 0xB531, 0xA44D, 0xA4AF, 0xBD10, 0xACF1, 0x9C2E, 0x4A68, 0x4A48, 0x3A09, 0x39A7,
  0x39A5, 0x62C9, 0x7B4B, 0x8B8B, 0xBC0E, 0xBBED, 0x6AA9, 0x5185, 0x4227, 0x5289, 0x62EA, 0x62C9,
  0x5289, 0x5248, 0x2966, 0x20E4, 0x1904, 0x2945, 0x2124, 0x20E3, 0x3144, 0x3164, 0x3186, 0x3165,
  0x2966, 0x2945, 0x2944, 0x49E6, 0x41E7, 0x3145, 0x28E1, 0x72E9, 0x942E, 0x8BCC, 0x630B, 0x62EA,
  0x5AEB, 0x5AAA, 0x7AC3, 0xC4CB, 0xA3EB, 0x7A84, 0x6B2C, 0x6B0B, 0x6AA8, 0x6267, 0x6A88, 0x6206,
  0x69E4, 0x7A25, 0x6A87, 0x7287, 0x4A68, 0x5AA9, 0x6B29, 0x736A, 0x7BCC, 0x5AA8, 0x6B4A, 0x8C0D,
  0x7BAC, 0x5AA7, 0x736A, 0x840C, 0x6B4A, 0x6B4A, 0x5AE9, 0x944E, 0x7BAC, 0x7BAC, 0x8C4E, 0x83CC,
  0x842E, 0x6B4A, 0x6309, 0x840D, 0x6B6A, 0x7B8B, 0x83EC, 0x83EC, 0x7B49, 0x83AB, 0x9B68, 0x9368,
  0xAB67, 0xB409, 0xB48E, 0x9BEB, 0xA40C, 0xB4EF, 0xA44D, 0x8BCB, 0x9C2C, 0xACCF, 0xAC6D, 0xB4EF,
  0xB4EF, 0xBD50, 0xB4AE, 0xA48D, 0x9C2C, 0x940C, 0x93CA, 0xA48E, 0xC530, 0xC571, 0xC550, 0xBD50,
  0xBD0F, 0xB4EF, 0xC572, 0xACAF, 0x3185, 0x2986, 0x3186, 0x10C3, 0x838B, 0xB552, 0xACAF, 0xACAF,
  0xACAF, 0xA48F, 0xACF0, 0x9C8F, 0x6B0A, 0x41E6, 0x4A49, 0x4A8A, 0x39E6, 0x52AA, 0x93EC, 0x8BAC,
  0xCC4E, 0xBBCC, 0x6226, 0x5A06, 0x5226, 0x5288, 0x5AA8, 0x5AC9, 0x5AA9, 0x5248, 0x3985, 0x2924,
  0x2103, 0x2945, 0x3144, 0x39E6, 0x41A5, 0x39A5, 0x3164, 0x31A5, 0x3165, 0x4A28, 0x18C3, 0x18E4,
  0x20C1, 0x5AC9, 0x2922, 0x630A, 0x8C0E, 0x6B2B, 0x732A, 0x736C, 0x734C, 0x6B4C, 0x7AE5, 0xA46C,
  0x9C0B, 0x6AE7, 0x62CA, 0x6B4C, 0x734B, 0x630A, 0x82E7, 0x7AE7, 0xA3AB, 0x7A87, 0x7286, 0x8308,
  0x5A66, 0x49E5, 0x4A27, 0x52A9, 0x62C9, 0x52A8, 0x5AA7, 0x632A, 0x6B49, 0x738B, 0x62E8, 0x632A,
  0x738A, 0x948E, 0x6B49, 0x738B, 0x83AB, 0x83EC, 0x8BEC, 0x8C6E, 0x9C6E, 0x7BCC, 0x5AA7, 0x5AE9,
  0x7BAB, 0x6329, 0x946E, 0x9CF0, 0x9C6E, 0xACAF, 0xAC4C, 0x9BA9, 0xA367, 0xA347, 0x93AB, 0x938A,
  0x93EC, 0x9BEB, 0x9C4E, 0x93EC, 0xA48E, 0xB4EF, 0xB4EF, 0xB4AE, 0xACCF, 0xB4CF, 0xB510, 0xBD0F,
  0xB510, 0xACAE, 0xACCF, 0xBD10, 0xB510, 0xC551, 0xBD51, 0xBD10, 0xB4F0, 0xB4EF, 0xC5B3, 0x9C0D,
  0x2145, 0x2945, 0x2966, 0x2125, 0x9C8F, 0xACF0, 0xA48F, 0xAC8F, 0x944E, 0x93ED, 0x7B8B, 0x942E,
  0x5AA9, 0x41E6, 0x31C7, 0x4A28, 0x31C6, 0x39A6, 0x730A, 0x7AE9, 0xD4B0, 0xAB4A, 0x5206, 0x59E6,
  0x41E6, 0x5A88, 0x6B4C, 0x62EA, 0x5AA9, 0x5A89, 0x4A49, 0x49E7, 0x3A08, 0x2924, 0x4228, 0x5289,
  0x4A27, 0x5A88, 0x4A48, 0x4A48, 0x39E7, 0x39A6, 0x18E4, 0x20E4, 0x2924, 0x8C0F, 0x4206, 0x5247,
  0x5268, 0x62C9, 0x62EA, 0x62C9, 0x738D, 0x736C, 0x7B27, 0x7AE6, 0x7B6A, 0x8369, 0x736D, 0x7BAD,
  0x7BCD, 0x7B8C, 0x72C7, 0x6224, 0x7AA8, 0x7246, 0x8309, 0x8B29, 0x7BAC, 0x5205, 0x2123, 0x2944,
  0x3184, 0x4A26, 0x4A67, 0x4A26, 0x52C8, 0x6B29, 0x632A, 0x6B4A, 0x7BCC, 0x83EC, 0x6309, 0x5AA7,
  0x6B6B, 0x944E, 0x842D, 0x736B, 0x9CAF, 0x944E, 0x6B6B, 0x5AA8, 0x6B4A, 0x8C2D, 0x8C6E, 0x8C2D,
  0xB46C, 0xB4CE, 0xBCCE, 0xAC4C, 0x9B69, 0x9369, 0x9C0C, 0x942D, 0xAC4D, 0xAC8E, 0x9C0C, 0xACAE,
  0xAC6D, 0xB50F, 0xC54F, 0xAC8D, 0xBD0F, 0xB50F, 0xBD2F, 0xB50F, 0xB4EF, 0xB4EF, 0xBD0F, 0xBD30,
  0xBCEF, 0xBD50, 0xBD10, 0xACCF, 0xB4EF, 0xBD30, 0xCD93, 0x8BCC, 0x4207, 0x4A8A, 0x4207, 0x2965,
  0x8C0D, 0x9C8F, 0x93EC, 0x8BAB, 0x836A, 0x72E9, 0x62A8, 0x8C0E, 0x838B, 0x49E5, 0x3984, 0x3164,
  0x2102, 0x4206, 0x8B8B, 0x8BCC, 0xD532, 0x9B8C, 0x5A26, 0x5227, 0x49E5, 0x5267, 0x736C, 0x7BEE,
  0x7B8C, 0x5288, 0x5AA9, 0x4A48, 0x3984, 0x2944, 0x62C9, 0x5A88, 0x49E5, 0x6B2A, 0x62C9, 0x5AA8,
  0x5268, 0x20E3, 0x2924, 0x5269, 0x7B09, 0x9C2E, 0x3163, 0x31A5, 0x4A48, 0x5ACA, 0x7B8C, 0x736C,
  0x7B6B, 0x6B2B, 0x6AEA, 0x5ACA, 0x6B0A, 0x7BAD, 0x83AC, 0x83ED, 0x8C0E, 0x840E, 0x6B09, 0x5287,
  0x5A06, 0x6AA9, 0x93A9, 0xAC6C, 0x9C2D, 0x62A7, 0x4A47, 0x4227, 0x4A05, 0x4205, 0x41E5, 0x4A47,
  0x5287, 0x52A8, 0x62E9, 0x5AE9, 0x944D, 0x73AB, 0x736A, 0x5287, 0x62E9, 0x6B6B, 0x8BED, 0x8C2E,
  0x8BEC, 0x8C2D, 0x7B8A, 0x6B49, 0x62E8, 0x7BCC, 0x8C0C, 0x8C2D, 0xA44D, 0xBCCE, 0xAC8D, 0xBCAE,
  0xB46D, 0xABEB, 0xA4AF, 0x9C2D, 0x9C0C, 0x93AB, 0x940C, 0xB4AE, 0xA46D, 0xBD0F, 0xACCE, 0xB4AE,
  0xB510, 0xB4EF, 0xB510, 0xACAE, 0xA46E, 0xB4EF, 0xACCF, 0xBD30, 0xBD51, 0xBD10, 0xB510, 0xB4EF,
  0xACF0, 0xB4CF, 0xB532, 0x8BAB, 0x4249, 0x5AAA, 0x4229, 0x31A6, 0x6B2A, 0x8BCD, 0xACB0, 0x93CC,
  0x838C, 0x832A, 0x732B, 0x838C, 0x8C2E, 0x8BED, 0x52A9, 0x41C6, 0x4207, 0x5AA9, 0x838C, 0x72C8,
  0x934B, 0x8268, 0x39A5, 0x5227, 0x41E6, 0x3964, 0x4A89, 0x7BAD, 0x8C50, 0x630A, 0x3165, 0x3985,
  0x31A5, 0x62CA, 0x7BAD, 0x5A88, 0x5AA9, 0x5A88, 0x5268, 0x5247, 0x39A6, 0x3165, 0x2965, 0x20E3,
  0x49C4, 0x72E9, 0x39C6, 0x3144, 0x39E7, 0x4A28, 0x62EA, 0x6AE9, 0x7B8C, 0x62C9, 0x62EB, 0x6AEB,
  0x5ACA, 0x5AA9, 0x736C, 0x7B8C, 0x7BCD, 0x83CD, 0x7BCD, 0x8C0E, 0x836C, 0xA44F, 0xB4EE, 0x9389,
  0x7B8B, 0x732A, 0x52AA, 0x62EA, 0x6B4B, 0x62E9, 0x4A68, 0x41E5, 0x5288, 0x6B2A, 0x4A67, 0x5267,
  0x6B6A, 0x7B8A, 0x6309, 0x6B09, 0x630A, 0x62E9, 0x5AA8, 0x83AC, 0x842D, 0x83EC, 0x73AB, 0x6B29,
  0x5AE9, 0x736B, 0x8C6E, 0x83EC, 0xBCEF, 0xB4CF, 0xB46C, 0xA40B, 0x9BA9, 0x9389, 0x9C4C, 0xA48E,
  0xA46D, 0x8BAB, 0xA44D, 0xACCF, 0xACCF, 0xACCF, 0xA48D, 0xA4AE, 0xBCEE, 0xAC8D, 0xACAE, 0x8BEC,
  0x9C0C, 0x9C4D, 0xB4CE, 0xB510, 0xB4EF, 0xBD30, 0xBD30, 0xBD51, 0xBD0F, 0xB50F, 0xACD0, 0x7B6B,
  0x4A49, 0x52AA, 0x4A28, 0x4A48, 0x7B4A, 0x83ED, 0x942D, 0x942E, 0x836A, 0x7B6B, 0x940D, 0x83CD,
  0x9C4E, 0xA4D0, 0x8BCC, 0x732A, 0x83AC, 0x734B, 0x41E7, 0x2103, 0x18E3, 0x10E3, 0x4163, 0x6B0A,
  0x8328, 0x6265, 0x41E5, 0x6B4B, 0x8C2E, 0x8C2F, 0x6B0A, 0x83ED, 0x8C0D, 0xA4F1, 0xA4B0, 0x7B8C,
  0x734B, 0x734B, 0x734B, 0x5288, 0x49E6, 0x4206, 0x3963, 0x41E6, 0x6AE9, 0x734A, 0x5268, 0x3164,
  0x4184, 0x4A06, 0x5226, 0x5A88, 0x730A, 0x62E9, 0x7B6B, 0x83ED, 0x8BED, 0x732A, 0x7B8B, 0x8C2E,
  0x83AD, 0x7BCD, 0x8BEE, 0x840F, 0x834A, 0x7309, 0x8308, 0x9BEC, 0x8BEE, 0x83EE, 0x6AE8, 0x6B4A,
  0x7B8A, 0x7BAB, 0x7329, 0x62E8, 0x5246, 0x6309, 0x62C9, 0x5267, 0x6308, 0x6B4A, 0x6B29, 0x840C,
  0x6B49, 0x5AC7, 0x5A87, 0x6B4A, 0x736A, 0x7BCC, 0x7B8A, 0x83EC, 0x7B8A, 0x5AC8, 0x9C6E, 0x8C4E,
  0xB4CF, 0xB4AE, 0xBCCE, 0xBCAD, 0xAC8D, 0x9BAA, 0xA48E, 0xB4CF, 0xA4AF, 0xACAF, 0xA4AF, 0xACAE,
  0xA4D0, 0xAC8F, 0xACF0, 0xACCF, 0xA46D, 0xB4AD, 0xACF0, 0xAC8F, 0x9C4E, 0xB4D0, 0xBD72, 0xB4EF,
  0xACF0, 0xBD10, 0xB510, 0xBD10, 0xB4EF, 0xBD10, 0xAD32, 0x838B, 0x52CB, 0x52AA, 0x4249, 0x4A28,
  0x7B8C, 0x9C8F, 0x83CC, 0xA48F, 0x9C4E, 0x8BCC, 0x8BED, 0x838B, 0x8BED, 0x8BED, 0x7BAC, 0x838C,
  0x83CD, 0x7B6B, 0x39C7, 0x2924, 0x2986, 0x3186, 0x41C5, 0x6288, 0x6AA7, 0x72A7, 0x52A9, 0x5AA8,
  0x7BCD, 0x8C0E, 0x83EE, 0x9C90, 0xA4D1, 0xACF2, 0xA4F1, 0x9C90, 0x8C4F, 0x942F, 0x7BAD, 0x5A88,
  0x5AA9, 0x5A89, 0x39C5, 0x62A9, 0x736B, 0x6288, 0x3185, 0x3144, 0x4A06, 0x62A8, 0x5A88, 0x6AEA,
  0x734B, 0x6AEA, 0x83CD, 0x942E, 0x9C90, 0xA4B0, 0x9CB0, 0x9C6F, 0x8C50, 0x734B, 0x736D, 0x7B8D,
  0x6AE9, 0x836B, 0xB4AF, 0xB48E, 0x9470, 0x83CD, 0x7BCC, 0x7B6B, 0x7BCB, 0x7B8A, 0x7BAC, 0x62E8,
  0x630A, 0x5A88, 0x5AC9, 0x4A26, 0x6B6B, 0x7BAB, 0x5B09, 0x736A, 0x73AB, 0x6309, 0x4A88, 0x5AA8,
  0x736B, 0x7BAB, 0x6B49, 0x7BAB, 0x840D, 0x5AA7, 0x840D, 0x944E, 0xACAE, 0xA48E, 0xC4CE, 0xC50F,
  0xA46D, 0xA46D, 0xB4EF, 0xACCF, 0xACCF, 0xA4AF, 0xA46E, 0xACD0, 0xA46E, 0xACF0, 0xB4EF, 0xB510,
  0xB50F, 0xACEF, 0xBD0F, 0xB530, 0xBD30, 0xBD50, 0xBD0F, 0xBD30, 0xBD30, 0xBD30, 0xBD10, 0xBD30,
  0xC530, 0xBD50, 0xACF0, 0x734A, 0x62EB, 0x52AA, 0x5A89, 0x4A69, 0x7309, 0x944E, 0xB4CF, 0xACEF,
  0xACCF, 0x940D, 0x7B6B, 0x83CC, 0x8BED, 0x942E, 0xACCF, 0x9C6E, 0x9C90, 0x6B2A, 0x3186, 0x39C7,
  0x39A6, 0x39C7, 0x3143, 0x5268, 0x6AC8, 0x6AE9, 0x8BCC, 0x7329, 0x6B0A, 0x738C, 0x7BAC, 0x7BCD,
  0xA4B0, 0xAD32, 0xACF1, 0xA4F1, 0x944F, 0x8C2E, 0x8BED, 0x7B6B, 0x5A26, 0x6AC9, 0x8309, 0x836A,
  0x7B8C, 0x4A26, 0x49E5, 0x49E6, 0x5A06, 0x5206, 0x62A8, 0x6B0A, 0x6AC8, 0x736B, 0x8BED, 0x83CD,
  0x940D, 0x9C6F, 0xA48F, 0xA4D1, 0x9C90, 0x83EE, 0x8BCD, 0x8C0E, 0x8BAB, 0x8BAC, 0xAC6F, 0x8B8C,
  0x6AE9, 0x736C, 0x944E, 0x734B, 0x8BED, 0x7BCC, 0x83CB, 0x7BAB, 0x736A, 0x7BAB, 0x5AC8, 0x52A7,
  0x62E8, 0x7BCC, 0x734A, 0x7BAB, 0x944E, 0x83EC, 0x62C8, 0x6B6A, 0x9C8F, 0x8C6E, 0x62E8, 0x83EC,
  0x944D, 0x6B49, 0x944E, 0x9CAF, 0xA4AF, 0xACAE, 0xAC6D, 0xB48D, 0x9C6E, 0x9C2C, 0x9C4D, 0xACAE,
  0xA4D0, 0x9C6E, 0x942E, 0x9C4E, 0xA48F, 0xA48F, 0xACCF, 0xB4CF, 0xB510, 0xBD10, 0xB510, 0xB4EF,
  0xB4EF, 0xB4CE, 0xACEF, 0xBD30, 0xB510, 0xACAF, 0xACF0, 0xBD31, 0xB510, 0xB4EF, 0xA4D1, 0x732A,
  0x52CB, 0x62EB, 0x630C, 0x4A49, 0x5AA8, 0x9C4E, 0xB510, 0xB4CF, 0x9C8F, 0xA46E, 0x8C2E, 0x7B6B,
  0x7BAC, 0x940E, 0xA4B0, 0xACAF, 0x8C2F, 0x5226, 0x31C7, 0x41E8, 0x31A7, 0x3186, 0x39A5, 0x736C,
  0x83AC, 0x8BAC, 0x946F, 0x83AC, 0x5AA9, 0x7B8C, 0x83EE, 0x83ED, 0x8C4F, 0x9C90, 0x9C90, 0xA4B1,
  0x946F, 0x944F, 0x8C0E, 0x8C0E, 0x5A47, 0x7B4B, 0x9C0D, 0x9C0D, 0x5AC9, 0x49E6, 0x62A9, 0x6288,
  0x62A9, 0x6288, 0x732B, 0x940E, 0x7B8C, 0x732B, 0x734B, 0x83AC, 0x9C70, 0x942E, 0x944F, 0x942E,
  0x9C90, 0x9C90, 0x83EE, 0x9C90, 0x93ED, 0x8B8B, 0x838C, 0x8B6B, 0x734B, 0x732A, 0x7BAD, 0x8C2E,
  0x7BAC, 0x9C6F, 0x8C2D, 0x83CC, 0x6309, 0x6B09, 0x6B8B, 0x5AC8, 0x52A8, 0x62E9, 0x738B, 0x7BAB,
  0x738B, 0x6B09, 0x62E9, 0x83CC, 0x7BCC, 0x7BAB, 0x632A, 0x944E, 0x8C4D, 0x6B08, 0x7BCC, 0xAD11,
  0xB4EF, 0xB530, 0xB4AE, 0xACAE, 0xAC8E, 0xA44D, 0xA48E, 0x9C6E, 0xACAF, 0xA48F, 0x9C4E, 0x8C2E,
  0x9C4D, 0xA4AF, 0xB4EF, 0xACEF, 0xB4CF, 0xACEF, 0xB4CF, 0xB530, 0xB4EF, 0xB4EF, 0xB4EF, 0xB530,
  0xB4AE, 0xACAE, 0xBD0F, 0xBD30, 0xBD10, 0xACAE, 0x940D, 0x62E9, 0x5289, 0x5AEA, 0x62EA, 0x3A07,
  0x7B09, 0xA48F, 0xBD10, 0xA48E, 0x93CC, 0xB511, 0xA46E, 0xACAF, 0xACAE, 0xA48E, 0x9C2D, 0xA48F,
  0x83CE, 0x41E6, 0x41E7, 0x4229, 0x3985, 0x3185, 0x6AE8, 0x7B8B, 0x8BAB, 0x7B4B, 0x72E9, 0x8BCD,
  0x6AC8, 0x6B09, 0x83CC, 0x946F, 0x942E, 0x9CB0, 0x9C4F, 0x8C2E, 0x944F, 0x840E, 0x62EB, 0x528A,
  0x8BCD, 0xAD12, 0xA48F, 0x942E, 0x5A67, 0x5AA8, 0x7288, 0x72C9, 0x9C0D, 0xACD1, 0x7B6B, 0x83ED,
  0xA4D0, 0x944E, 0x7B2A, 0x734B, 0x8BED, 0x9C6F, 0xA46F, 0x9C90, 0x940D, 0x8C0E, 0x942E, 0x9C90,
  0x942E, 0x946F, 0xA4B0, 0xA4D1, 0xA4B0, 0x9C70, 0x8BED, 0x9C90, 0x8BCC, 0x944E, 0x8C2D, 0x83ED,
  0x736B, 0x6B2A, 0x7B8B, 0x5AC8, 0x62C8, 0x8C2E, 0x9C6E, 0x8C2D, 0x7BAB, 0x736A, 0x7329, 0x8C2D,
  0x736A, 0x6B4A, 0x7BAB, 0xAD52, 0x9C8E, 0x5AC7, 0x7B6B, 0x738C, 0x9C4D, 0xBD10, 0xACAE, 0xAC6D,
  0xAC8E, 0xB4CF, 0xA4AF, 0xA46E, 0x9C8F, 0x9C4E, 0x946F, 0x8BED, 0x8BEC, 0x9C6E, 0x944D, 0xA46D,
  0xA48E, 0xACAE, 0xA48E, 0xAC8E, 0xA46E, 0xB4CF, 0xA46E, 0x9C0C, 0xACAE, 0xBD0F, 0xBD51, 0xBD10,
  0xBD51, 0x9C0C, 0x8C2E, 0x62C9, 0x4228, 0x4A28, 0x4228, 0x39E6, 0x8BCC, 0xA48F, 0x9C4E, 0x834A,
  0x940E, 0xA46F, 0xA46E, 0xBD10, 0xB510, 0xBD10, 0xB531, 0xACD0, 0x62CA, 0x5227, 0x4A49, 0x5249,
  0x2985, 0x5269, 0x83AC, 0x7B6B, 0x7B6B, 0x7B4A, 0x730A, 0x93ED, 0x8C0D, 0x62A8, 0x6B2B, 0x944F,
  0x8C4F, 0x942E, 0x9CB1, 0x942E, 0x9470, 0x7B8C, 0x5ACB, 0x528A, 0x5A88, 0x6AC9, 0x6B0A, 0x730A,
  0x5AC9, 0x62C9, 0x7B2A, 0x7288, 0x6AC9, 0x6AC9, 0x630A, 0x83CD, 0x8C2E, 0x9C6F, 0x8C0E, 0x6AC9,
  0x7B8C, 0x9C4F, 0x9C90, 0x9C6F, 0x944F, 0x940E, 0x9470, 0xACD1, 0x9C90, 0x9C6F, 0x9CB1, 0xA4B0,
  0x9CB1, 0x9C70, 0x946F, 0x8BED, 0x9490, 0x944F, 0x8C2E, 0x736B, 0x736B, 0x734A, 0x6B2A, 0x6B2A,
  0x632A, 0x9CB0, 0x948F, 0x7BAB, 0x7BCC, 0x7BAB, 0x7BED, 0x8C0D, 0x840D, 0x83CC, 0x738B, 0x83EC,
  0xA511, 0x6B08, 0x52A8, 0x6B09, 0xAC6C, 0xA44C, 0xACEE, 0xAD0F, 0xB50F, 0xAD0F, 0xACCE, 0xA4AE,
  0xACAE, 0x9C6D, 0xA4AF, 0xA4AF, 0x940D, 0x942E, 0xA46D, 0xA48E, 0xACAE, 0xACCF, 0xA44D, 0x9C6D,
  0xAC6D, 0xB4CF, 0xACD0, 0x7B8B, 0x838B, 0xAD11, 0xBD0F, 0xBD30, 0xBD30, 0xACEF, 0xBD30, 0x9C4D,
  0x6287, 0x5225, 0x49C4, 0x6AE8, 0xAC6D, 0xB4CE, 0x9C0B, 0xA46D, 0xAC8E, 0xA48E, 0xBD30, 0xBD30,
  0xBCEE, 0xBD0F, 0xBD31, 0x8BED, 0x5A8A, 0x5AAA, 0x62CA, 0x4228, 0x49E5, 0x944F, 0x836A, 0x8BAB,
  0x8BCC, 0x83AC, 0x8BAB, 0xA48F, 0xAC8E, 0x8BCB, 0x732A, 0x736B, 0x942E, 0x8C4F, 0x9C6F, 0x946F,
  0x9C4F, 0x840E, 0x5247, 0x39E6, 0x3164, 0x31A6, 0x5267, 0x630A, 0x836B, 0x83AC, 0x7B2A, 0x7B8C,
  0x83AC, 0x7B6B, 0x9C4E, 0x732A, 0x7B8B, 0x7BAC, 0x944E, 0xA4D0, 0x940E, 0x8C2E, 0x8BCC, 0x83AC,
  0x942E, 0x8C2E, 0x838B, 0x9C70, 0xA4B0, 0x9C90, 0xA46F, 0x944F, 0x942E, 0x9CB0, 0xA4B0, 0x83CD,
  0x8BED, 0xA4D1, 0xA4D0, 0x7BAC, 0x7B8C, 0x738C, 0x7B8B, 0x83EC, 0x6309, 0x5AE9, 0x5A87, 0x52A8,
  0x6B09, 0x6B4A, 0x8C0C, 0x948F, 0x7BAB, 0x83EC, 0x8BED, 0x7BCC, 0x8C0C, 0x7BAB, 0x4A25, 0x5287,
  0xBD30, 0xB4AE, 0xAD0F, 0xBD50, 0xB530, 0xB50F, 0xB510, 0xB4EF, 0xACF0, 0xAC8E, 0xA4D0, 0x942D,
  0x83ED, 0x942D, 0xA48F, 0xA48E, 0xACF0, 0xB4F0, 0xACEF, 0xBD51, 0xB510, 0xB4CE, 0xAD32, 0x5A46,
  0x5A87, 0x942E, 0xB4EF, 0xB4CF, 0xACCF, 0xB4CF, 0xA48E, 0xA48E, 0xA4F1, 0x942D, 0x83AC, 0xA4AF,
  0xBD50, 0xC550, 0xB530, 0xB4CF, 0xA4AF, 0xACAF, 0xB510, 0xBD30, 0xBD30, 0xC550, 0xB532, 0x7B4A,
  0x630C, 0x62CB, 0x4A69, 0x4A08, 0x62C9, 0x944F, 0x83AC, 0x9C0D, 0x9C90, 0x940E, 0x8BED, 0xA48F,
  0xACD0, 0xA46E, 0x7BAD, 0x6B0A, 0x7BCD, 0x946F, 0x9CB1, 0x9C90, 0x8C2F, 0x9C70, 0x7BCE, 0x5248,
  0x4A69, 0x630B, 0x842F, 0x8C4F, 0x9C70, 0xA490, 0x942F, 0x83AC, 0x8C0E, 0x944F, 0xA4D1, 0x838C,
  0x630A, 0x7BAC, 0x83ED, 0x946F, 0x9CB1, 0x838C, 0x6B0A, 0x8BCD, 0x8C0E, 0x8BED, 0x7B4B, 0x7B2A,
  0x944F, 0x9C6F, 0x9CB0, 0xA470, 0x944F, 0x8BEE, 0xA4F1, 0x9C90, 0x840E, 0x7B8C, 0x8C2E, 0x83CD,
  0x840E, 0x736B, 0x83ED, 0x83EC, 0x5288, 0x41E5, 0x5AC8, 0x62C9, 0x736B, 0x732A, 0x946F, 0xA4D0,
  0x7BAC, 0x6B29, 0x5288, 0x732A, 0x6B29, 0x62E8, 0x52A8, 0x4205, 0xB4CE, 0xA48E, 0xACED, 0xAD4F,
  0xB50E, 0xB550, 0xBD0F, 0xACEF, 0xACAE, 0xACEF, 0xA46E, 0x83AB, 0x83AB, 0x6B09, 0xA46E, 0xACD0,
  0xACAE, 0xB4EF, 0xB4EF, 0xACCF, 0xB50F, 0xACEF, 0xBD30, 0xA48D, 0xB4CF, 0xB4EF, 0xB4EF, 0xB4EF,
  0xAC8E, 0x940C, 0xAC8D, 0xBD30, 0xBD0F, 0xBD0F, 0xBD2F, 0xBD30, 0xC550, 0xB50F, 0xBCEF, 0xB4EF,
  0xBD0F, 0xBD50, 0xBD2F, 0xBD30, 0xC550, 0xBD30, 0xB4F0, 0x62C8, 0x5268, 0x5AA9, 0x5246, 0x5288,
  0x8B8A, 0xA46E, 0xACAF, 0x940D, 0x8BCC, 0x8BED, 0x8BCC, 0x8BED, 0xA48E, 0xA48F, 0x9C2D, 0x7B4A,
  0x732A, 0x8C0E, 0x944F, 0x946F, 0x946F, 0x9CB0, 0xACD0, 0xAD52, 0xB511, 0xA4F1, 0xACF1, 0xACF1,
  0xB511, 0xB532, 0xA46F, 0x83AC, 0x9C2D, 0x944E, 0xA48F, 0x9CB0, 0x62C8, 0x62C9, 0x8BED, 0x840D,
  0x9C6F, 0xA4F1, 0x942E, 0x8C2E, 0x8BED, 0x9C70, 0x9C2E, 0x942E, 0x9C2E, 0x8C0E, 0x9C4E, 0x9C70,
  0x940E, 0x944F, 0x9C6F, 0x946F, 0x9C6F, 0x944F, 0x83CD, 0x736B, 0x7B8C, 0x6B2A, 0x5A68, 0x5AA9,
  0x5266, 0x5AC8, 0x7B8B, 0x6B6A, 0x5AA7, 0x6309, 0x83AC, 0x9CD0, 0x7B8B, 0x736B, 0x738A, 0x4A66,
  0x5AE7, 0x6B89, 0x7B89, 0x5AC7, 0xA4AE, 0xA46D, 0xA50E, 0x9CAD, 0xAD0F, 0xB50F, 0xA4AE, 0xACAE,
  0xACEF, 0xACAE, 0x9C8F, 0xA48E, 0x7B8B, 0x732A, 0xA48F, 0xA46E, 0xA48E, 0xACAE, 0xA48E, 0x9C0C,
  0x942D, 0xA46D, 0xB530, 0xC550, 0xBD51, 0xC571, 0xB4F0, 0xB4EF, 0xBD51, 0xBD10, 0xACCF, 0xB4CF,
  0xACAE, 0xBD10, 0xB4EF, 0xB4EF, 0xBD51, 0xACAE, 0xA46D, 0xBD0F, 0xBD30, 0xC530, 0xBD50, 0xC530,
  0xBD51, 0xB4EF, 0xB552, 0x8BCC, 0x4207, 0x4A07, 0x5268, 0x83ED, 0xACAF, 0xAC8F, 0xB511, 0xACD0,
  0x83CC, 0x93ED, 0x942E, 0x940D, 0x940D, 0xAC8F, 0xA48F, 0x8BCC, 0x734B, 0x734A, 0x73AC, 0x7B8C,
  0x9470, 0x9C90, 0x8C4F, 0xA4B0, 0xA4D1, 0xA4D0, 0xA4B0, 0xB532, 0xACF1, 0xB511, 0xB532, 0xBD52,
  0xACD1, 0x940E, 0x9C6F, 0x9C4E, 0x83EE, 0x5A88, 0x6B2A, 0x8C0E, 0x8C2E, 0xA4B0, 0xB574, 0x8BED,
  0x7B8C, 0x7B4B, 0x8C0E, 0xACD0, 0x944F, 0x8BED, 0x83EE, 0x940E, 0x8C0E, 0x8BCD, 0x9470, 0x9C90,
  0xA4D1, 0xA4D1, 0xA4F2, 0x7B6B, 0x4A47, 0x5227, 0x4A27, 0x4A06, 0x5AE9, 0x5AC8, 0x6309, 0x6B09,
  0x5AE9, 0x6B2A, 0x5AE9, 0x734A, 0x7BAC, 0x732A, 0x73AB, 0x6B4A, 0x4A86, 0x5AE7, 0x73AA, 0x6B29,
  0x9C0C, 0x9C4D, 0xACAE, 0xACCF, 0xB4EF, 0xACCF, 0xB4CE, 0xACCF, 0xA44D, 0x9C2D, 0xA46D, 0x9C6E,
  0x8BCB, 0xA48E, 0xA46D, 0x9C6D, 0xA46D, 0x9C6E, 0x93EC, 0x940D, 0xAC8D, 0xBD30, 0xBD0F, 0xBD30,
  0xCD71, 0xB50F, 0x9C6E, 0x942E, 0xB4CF, 0xBD51, 0x9C2D, 0x8BEC, 0xA48F, 0x9C6E, 0xB4CE, 0xB4EF,
  0xBD0F, 0xBD0F, 0xBD0F, 0xC550, 0xC530, 0xB510, 0xB4CF, 0xBD51, 0xBD30, 0xBD51, 0xC550, 0xC571,
  0xB4CF, 0x8BEB, 0x8BAB, 0x9C6E, 0xA46E, 0x8BEC, 0x942D, 0x736A, 0x836B, 0x944E, 0x9C0D, 0x93ED,
  0x9C0C, 0x9C6E, 0xB4EF, 0xACCF, 0x8BAB, 0x7B4A, 0x7329, 0x7B6B, 0x83AB, 0x83ED, 0x944E, 0x948F,
  0xA4AF, 0xA4F0, 0x942E, 0x944F, 0x9C6E, 0x9CD0, 0xB511, 0xAD11, 0xACAF, 0xA4B0, 0xACAF, 0x838B,
  0x942D, 0x83CC, 0x62A8, 0x7BAC, 0x9C8F, 0x8C0D, 0xA4AF, 0xB552, 0xA48F, 0x8C2E, 0x9C4E, 0xB553,
  0xA46F, 0x8C0E, 0x8BCD, 0x8C2E, 0x9C4F, 0x944F, 0x9C4F, 0x944F, 0x9C4F, 0x9CB0, 0xA4B0, 0x840E,
  0x942E, 0x944F, 0x732A, 0x5AA8, 0x736A, 0x6B4A, 0x83EB, 0x6B29, 0x62C8, 0x6B29, 0x6B09, 0x5AE9,
  0x5A88, 0x7BCD, 0x8BEC, 0x5AC8, 0x6307, 0x52C6, 0x62C7, 0x6329, 0x9C6E, 0xB4CF, 0xA46E, 0xA44D,
  0x9C4D, 0xA46D, 0x9C4D, 0x93EB, 0x940C, 0xAC8E, 0x8C0C, 0x940C, 0xACCF, 0xB510, 0xACCF, 0xACCF,
  0x940D, 0xA46E, 0xA48F, 0xA46E, 0xB530, 0xBD10, 0xBD50, 0xC551, 0xC571, 0xBD0F, 0x83CC, 0x838B,
  0x9C6E, 0xA42D, 0x83AC, 0x9C2D, 0x944E, 0xA46E, 0xACCF, 0xBD10, 0xBD51, 0xC530, 0xBD51, 0xC550,
  0xBD31, 0xB4CF, 0xACCF, 0xB4CF, 0xB530, 0xC551, 0xBD51, 0xBD30, 0xBD72, 0xBD10, 0x9C8F, 0xA46E,
  0x83CC, 0x8BEC, 0x62E9, 0x7B4A, 0x6B2A, 0x6AC9, 0x940E, 0x940D, 0x942E, 0xACD0, 0xBD31, 0xBD30,
  0xACD0, 0x93EC, 0x736B, 0x7B6B, 0x738B, 0x7B6B, 0x7BAC, 0x83CC, 0x83ED, 0x8C0D, 0x83CD, 0x8C0E,
  0x8C4E, 0x944E, 0xA4B0, 0x9C4E, 0x940E, 0xA46F, 0xACD1, 0x9C2E, 0xA4D0, 0x9C4E, 0x6B2A, 0x62A8,
  0x738C, 0x8C0D, 0x8C2E, 0xACF1, 0x9CB0, 0x8BED, 0x734B, 0x8BED, 0xA4D1, 0x940E, 0x8C0E, 0x838C,
  0x8C2F, 0x942F, 0x8C2F, 0x8BED, 0x9C90, 0x944F, 0x9490, 0x9C70, 0x8C2F, 0x944F, 0x840E, 0x6B2A,
  0x6B4A, 0x736A, 0x73AB, 0x736A, 0x5AC8, 0x734A, 0x5AC9, 0x62C9, 0x632A, 0x6B0A, 0x8C2E, 0x736A,
  0x6B69, 0x5AE7, 0x52A7, 0x5AC7,
};
